class_id,seed,group,origin_event,probe_boundary,source_event_label,tangent_source_family,center_alpha,A,B,gamma,derivative_container_key,direction_sha256,noJ_prediction_sha256,scalar_prediction_sha256,full_prediction_sha256,noJ_prediction_norm,scalar_prediction_norm,full_prediction_norm,delta_sha256,target_used_for_prediction,inherited_extra_directional_prediction_calls_full
123,107,qkv_all_blocks,4,5,4,actual_local,0.015625,1.4066579140176396,-0.40863726144826584,0.7104727807120789,60120c468bd410c230da2de2defd782b3b1abee371090f1c937fd09e00d61eca,5d1c204f4d82c8b285ab1601d786beaaee5bf97cd63b9001ed5a75812dc10845,5c6d6cec2a9324ce00c7daed71ef72f7541ee744330515fe49f761e5b1578674,3ab5363cf6d54f460eb8078863e6fbb8ed9819c16ffc1eec58bf4da94b66c38e,83713d8365669ab6e0e3a629620319a1be0f2c862bdb332497c2bce18fe6b8e2,1.6338944796755364,1.1608375543651936,1.160182859937488,128aedd88dfea6854eaec55087f63943804c7587a92133003ebd0990a03b23f5,False,2
123,107,qkv_all_blocks,4,11,10,accumulated,0.015625,1.2095169873690828,-0.23951168425582248,0.8313170135908687,33e48fbe0acb27604f8f251b8e91678361259abc11d38aa1c93d15dab3215324,4a77d7687657995742b78d62c98f1d4b5206eb5851aed4aa297e9463f357dad5,4550583c20cefdcca9f2cf160de3701833ab23610fb5c42265dc0d7e84137941,cf8ac7bb449dcc532eb105a62ec9b5121a0bef68ae149e5ccfdee4748417b95d,e0eec1f8c84467dc3c7a6f2ff8c8b2a42b021216e577082b2124c28ce9a1f953,1.367836703566818,1.1371059234891454,1.1237662623840938,7c0bcd493b15ca36349d3b6888959f0d51011e05d8849e39f4de15a3a252c9e1,False,2
123,107,attention_output_all_blocks,4,5,4,actual_local,0.015625,1.4066579140176396,-0.40863726144826584,0.7104727807120789,e79c9b965a5b97e84f7fe51b0aeb021756e318be3318946a17d8b6b95dbfff15,0896630ef9e333df72c7b7d275c096d642744be6e6836ab795b9ce8a304ca932,e908f41cd57ab5d820677bd472ba95711d6ed30623a85313687d27ad242cabc0,9c1a2ab19e7c04b7457d347d2299a052c11a6151e41903bad56ddbb1740dc1c1,a367f9435cf504bf17d7069cf74647d9fe78709b9ab7b127ff04e674ff4679c5,0.17356245554246436,0.12331140041647122,0.12405680252112339,5608c7f7a71c78821ccf6dd70b9938cd6e8f11050f1f00f7c045639eb40411f3,False,2
123,107,attention_output_all_blocks,4,11,10,accumulated,0.015625,1.2095169873690828,-0.23951168425582248,0.8313170135908687,bc13d6bd2903217af142d9efcbd59279ddcd6f37493cc57aebf3a1abb8f181c7,a2f95f08e01577629f31d078d5258c7484e3c2472a9b7f7a51af75fd58bfdff6,6982d3352bae35c60047dab3a8fed3569b748e6df1c0180661c524828207050c,03df0e68783137256bd6160d2786b6104f783e56f973f78dd1f33b360df93542,1d72f4cd07f052bd3ea67c3290134f5dfb3863199a45ec6645801e5dffdb6e12,0.1704575666516486,0.14170427525281498,0.14913888711158566,407070c1883983c7287d1184555df6b85056c5688bb829a9c43d0363ae5ff8d5,False,2
123,107,mlp_down_all_blocks,4,5,4,actual_local,0.015625,1.4066579140176396,-0.40863726144826584,0.7104727807120789,cacb9137caefa40d7458cca0167e532de3b63c3234acc6b9622c1699f6c9adb0,0d425232ae20da04363d7a3324bc9f0fef4f97fa9cf41fad04b4755be70e3b8b,e789660c269992ca09a04aa768bb4cade8fb600973d61aeb840af13acbbf45d2,441be1d20bcc1460ec24694ea05f3884f199badce120b872e4592f5db5a40bb6,5f90279b2523434e9b8873f677f944dc74707e9d583fe681e60c551e034ed795,22.078233093215815,15.685983658946482,15.688403001766135,a2a4b528c22b2e963339db39b8c88398a8c6cfd5f02d31441b4ba2ed18002efb,False,2
123,107,mlp_down_all_blocks,4,11,10,accumulated,0.015625,1.2095169873690828,-0.23951168425582248,0.8313170135908687,f656a86db18157a18bef881bc83936a1a9a412a9d4e3cd85475a6c69edfefbd4,df807839031231287ddd417c0ba6b7339662d7bef8d4da0d3e7510a570e7a589,491eaefc64dcc4eadbcec6f6c362127f0ee65b8b6bcbc268b8f5578f51371238,f8a9ee43a7f6750e5670c99124189afc05d6ef5dc23a1dcb6ba27567da353abf,71a733b146301946678a64db8a3a73610d5044067a7de6042ff937b62c11959d,19.256960778705846,16.008639125390236,16.3845829585576,de1e7d2e76536867ee7049871d6014d650a29b1635216e2427c39f3b5c0fb4a8,False,2
123,108,qkv_all_blocks,4,5,4,actual_local,0.015625,1.4066579140176396,-0.40863726144826584,0.7104727807120789,a2bcb8f39d6cc7b9fc1a386595b16170885bb5a44546d41c46ccfba8a9d4c9c1,9eba6e10828bfcfb971bdd9078832eced13a9448f33ee769c31a399e508714b3,0d7ebef967cb356d10a4557cf4bc5689f282ff98cb000afee34ca1e2e75e1b87,1cb4d5fa2ca12519897e281f16b8c56123843b79cd529d02228bbffc6051808f,25fc0250f8adfe74ecfb1e7229737079372371a75a0e47527e022912065d396e,1.6579375966552663,1.177919534542768,1.1767267622345567,2a583c878abe0b1a7ac2ae71e7632b9e34c16a25ce8a1d2bc1e6d79d809fc685,False,2
123,108,qkv_all_blocks,4,11,10,accumulated,0.015625,1.2095169873690828,-0.23951168425582248,0.8313170135908687,e766cb670226897c081f27b9b67c129234ee630704c3bdbb686a7571f7ab3398,0e43e2b27f3b9e79ea501cc4e20a9c86f9f2ddb7266167deb3317b1f1c969bca,c988f9050f1ecd256251b99f77e12e3e0a427dedecf7d4ca164d4c471b176405,eb2e2efa80151449b8106690d7910dcfb13d452d69feb420c1e9ab8b541773e0,586478f4646faadcee192f0fe5eada7903c2f59e6eb9036b6087cf6b81b66a4c,1.3631843744329746,1.133238363127357,1.105317579865204,50da57972c787f1146155ffcc764402a56798d17417e68b880f662abea915d9c,False,2
123,108,attention_output_all_blocks,4,5,4,actual_local,0.015625,1.4066579140176396,-0.40863726144826584,0.7104727807120789,423c494b01241768678649247b13c9e9e7835ed72e77353ac4a99b4af60862b6,37e46a60acc87e8909df3bd0c0f573d64b2125484991506f71c134327fded86c,73b850a399ef1a9b1157d3eaf38c25069b664eca696232c81abb4b6bcf9024e7,79b45766a95e15dcebfa14afe4b9c55c500425153fa0e273da82f0b62ee6e8a0,ff3f1e696babc298aa12a5c0312441131c822cbfa1db677e397590b293463041,0.173876970602605,0.12353485480582517,0.12410109455276416,39cbc50adf95b971b0229fd17528af3e220ef9488f70b8cabea18e1129336881,False,2
123,108,attention_output_all_blocks,4,11,10,accumulated,0.015625,1.2095169873690828,-0.23951168425582248,0.8313170135908687,f1003b9f3eb44b21b921e18013205f9c68fad087e62abdf29ab3af9ed882fdcc,e1b55a9d769c9fdb8a995f82ea5ffb8bd35061cadb69c8e4939d8b2cfbbdb8f2,e2d9c4faf43ecbcda74cf6aea8b10db3166d455ea476ab69c5eb9caf6734a8bc,f441215ca3cd1811f6f173676e82c0dd04c5ea0e67133f5839e62349e210c525,b089de2b7cd1245d570a07b7b92f539a65c1c442b6370c27776f3e9c8a4f33d3,0.1613421530316542,0.1341264768245957,0.13817475867338036,33dbce560dd51e4d00dc2c141953dddc21e1ce17fb245c5d3733e4d17de1d1be,False,2
123,108,mlp_down_all_blocks,4,5,4,actual_local,0.015625,1.4066579140176396,-0.40863726144826584,0.7104727807120789,55d4b250a17bfcbe4913a2e40e23aa263527e380fb356fc70610b66d1b3585a6,cf054fdc5be3f5ee59a6d5b651a96d443bc7386ebc34d8e5fe6bb8bee4ba189f,64e44f03e3e69f04e6e6ca281c88eada101f167fa604ca78418e60c13f2630fc,60e47d4608f8b2702098015cd290d89bd577fe88abcef1e9a6d557d4feb56fea,74428191d41a5a9e9d7bac44676afbd8626a0aeaf65e98bbed69bbd09fb2153c,22.30650300381743,15.84816321708451,15.851070892935766,ecf18a1e44ce2cd4b21e73a7fa037b535fe22fe1c6f718846fc8c58d9cc02c04,False,2
123,108,mlp_down_all_blocks,4,11,10,accumulated,0.015625,1.2095169873690828,-0.23951168425582248,0.8313170135908687,8aaa7990e3041fe668d6e282dfc5325e9b5a378fd72ddc46d195240fbb4b69e9,9da860d1ff1879b6c1c5a873608b394673f818c14b0f31c9cc96a7934a905b8f,99598e785c610a2e50034902b56d13f71495d33a1a6eefbda7e684d2f4ab78ce,3042ff434ce278eedeacf419f99f195ee8d5c7a492e6f4eb961f5d903a8e42f7,010df46630ff5264cc7464119077e2114ca5616d342d3132bb83ac3ebd28db39,19.10883038668073,15.88549581026987,16.774008800327007,9a0a99bf5390bf651ca66588bdf1aca4d8db52fe04932a427992a5577be0a35c,False,2
123,109,qkv_all_blocks,4,5,4,actual_local,0.015625,1.4066579140176396,-0.40863726144826584,0.7104727807120789,14186996a4f732e096d7648f375a1e1d4460a5c4da02d2ed5a70e7d7064c70c5,c5bf7135651f95b37d72bf7353266250d439a750edad063e8feb5bb84273440b,79ee04058087dea32575b348e682c4d3217d24baec494b9c1fab45bac90a6adb,d42b7296b5a0d3f3e9b4555dacca1b543c719266c1170f430763ba7683166cdb,6d8ed595d18c254c973ee47a4106d1f8b5db924a1036d56bc888631336602958,1.621027218212926,1.1516957153337033,1.1505485757335325,df1a6da7696e18c07aff47a314eee962571b73a33d37c37b0c53b691c6bb4828,False,2
123,109,qkv_all_blocks,4,11,10,accumulated,0.015625,1.2095169873690828,-0.23951168425582248,0.8313170135908687,a6926b30accfff75b4e6b180c5ac8f1e843c5ed6292861664edc664ad67994f9,963ba2cf4f411283290f57b630004be91eeeeec232536be045b0a0991d6801d5,1b8614c3c84ca710dda190e63d125ec32066de14b787e51dd1fafa66516424b1,3f43f2d9490f0a9e13c18cda20146dfd8bfce53a332615c09cca6e626599bf6b,9293a02c44ec63c43b7f126ff75d79f9c6e12289e8445f34a607214ea65f13db,1.3230198623598457,1.099848920898389,1.0660141350145906,3cbc1ab56d0f11dde66ae2de6f0c298846b52b77305c87e33904a851e8d914ef,False,2
123,109,attention_output_all_blocks,4,5,4,actual_local,0.015625,1.4066579140176396,-0.40863726144826584,0.7104727807120789,4437f35dcddc84f2e58f0a9beead647ebb5f9ea07a65d2c81fadb41dfd6e671b,ee41c785819e479222d88695013d70466737883ed5a45e86c791d6209e874688,e040e39c4178ec277dc4a8af472f322c624fa5b86baf4dc46b3056e728297719,e7c005eaca15ab6984790e94f48771f8d7a7b11966863a68f1588aac93006341,11bf7bdccad2630d144d6f7fae86b57b88200e653d14519c3646078e488c52bd,0.188398075294973,0.13385170443562308,0.13413655832942556,ede952bf2507cb5521ca18b3dfef329f4385b5484799322718196d5a98270362,False,2
123,109,attention_output_all_blocks,4,11,10,accumulated,0.015625,1.2095169873690828,-0.23951168425582248,0.8313170135908687,9af138edbf3a29a8178216d0bc7c083f7b19fcffb56de5c25d3dc5d03b73869d,47ecaa26e5a4140fd70f8ee80038492e896a0265074d9ae5515ad36ca36b3c64,26d952d2b60c69f10f9b8e12f52f3e458163c2b3bbd4abeee4b53087f2813817,40eaedbedc7721db7c724fe5ae1cf993a93ca1775d2d1f61ec5c8366fdd4f4ca,fbd0f96c5ed5a3802ced149557eb68b090b1f85abc21370c72745a89e59d3bbc,0.16623421741193625,0.13819333317550603,0.13939110515398195,69e36fff8045d565138378c236a31e9c5d3d2b180dcbd0eb2366e7215f870cf5,False,2
123,109,mlp_down_all_blocks,4,5,4,actual_local,0.015625,1.4066579140176396,-0.40863726144826584,0.7104727807120789,a6ce375f62de264a29cbcc750c5339365873809da84dbee4c9426b8684a17bdf,12c99347cbe0f2da33ee3f5f388566386c4e5676163762f756881ac75e8e0263,52805a63ef36193146f408f02a607745637972ef9f7b6f1edf15e24148a9b00d,202fb44c9bcfc9b4d6258e2e4e17e6e0c4355123f3bcfcccd7e9f588dd725c84,7474dbe07c4f5a0a13148734461ba8e9e9e896df733099c06320446613993afa,21.99231252383597,15.624939433098818,15.619493155082038,71a09dd04dd0ce2b2787348db29b753e4ecb9911e492b0c07268703fe9ed4c77,False,2
123,109,mlp_down_all_blocks,4,11,10,accumulated,0.015625,1.2095169873690828,-0.23951168425582248,0.8313170135908687,470c15448bce6d0d9ee56cdf41670cb5909276f49f099ad0ec6c0cf81691f560,1e1b2aa19d3f6f190e22f8c644a49fbd9e73e5760853824d4c97a59b0156e7b4,cb2e0d12f0974fa7a279c983b252fff13201c727bf1f53471c97fdea7b0785cc,f9e9e34b489b39c607722a9ed9160136513145aef7dfcf0f3289806a06aeebf4,b863656a8a9a4c3db2dab602954c8555c7035b46c919a86c4a54988e092b71aa,18.87070021830818,15.687534149852512,16.207294986369917,5e65c0da30d116d429221943620852f57500357b69c574906b2eb72f7b0b1e44,False,2
123,110,qkv_all_blocks,4,5,4,actual_local,0.015625,1.4066579140176396,-0.40863726144826584,0.7104727807120789,2dcf4b18c3c602ec27a65a042fbc0b8b8200397a0f04991517fc25ba379ec645,44be23891d987dd3a291bfc067aa41de1a60ab58fae38ce951989187e6055d4e,4296d189b3f2be61c50f76d13209b30bc21b6a89b67fb6b517bedaa7c8ab6efb,8613b530a045301ba683f734537ac6128e97133aa13122a00eb31b0f3434d3d2,5bd358ad0db51bc45d9ff8de245390914d5a1328274b6ef189e06df6d33f5a86,1.6044386935083579,1.139910020058938,1.1390409602693328,097c8590509319757ffb74b1f31d4320045499cb359fa02c1cb45dedecf66728,False,2
123,110,qkv_all_blocks,4,11,10,accumulated,0.015625,1.2095169873690828,-0.23951168425582248,0.8313170135908687,0787a514a4f3f517d24ba43d65d54db27f0647d1c2f7dd8fe91b88b43bfa29ed,e68e9ace2eb393af1697d0a36ce4dff8693492c3c1743a4c658137b57251c8a0,44b0e77a3eb8aab5ed65ad440e4191c757a1a95c9d22c3128e5bc9c9528aab04,c8c5865d79fad93297084c83818a13f92ee9406698a472707ba9bf0d07d64680,162642a221fb64833045b0002f1c4f2317a068d820282c10d352f60c5e12a06a,1.3484239832642106,1.1209677988215072,1.1790495549534286,5597d5e56b9fb7931de99e502466ba099c6c995c2a9819550fa678a76cd66d81,False,2
123,110,attention_output_all_blocks,4,5,4,actual_local,0.015625,1.4066579140176396,-0.40863726144826584,0.7104727807120789,a2efcb48fc0ff8b6b84a8962a1122c411de922beb28829eae3e755eff527159b,e53089a32cf4c15a93f75109fc5e83980bcaf54492129c53c28eab5d51130a0d,cd6ca75684df87fb103faa3bfd46be3f433a77c7f2e04853b7fc26c8678bd03c,c4737e3b58d80b6418733141e847efa31521312ff35dae41ef5c09c603455dc5,4d7bbb08a5e0984178ec82118335335b1266c8690ac0a0b832f41cd62054be84,0.17334354393348902,0.12315586967691237,0.12347224684364434,2fbc55d2f1cf71a7815a1ef4cd1e283a3585810af6b2d089cf59ea55d2e54846,False,2
123,110,attention_output_all_blocks,4,11,10,accumulated,0.015625,1.2095169873690828,-0.23951168425582248,0.8313170135908687,000ac6593b9c0bb3bb6515c43f5221c392e1b3e0aea539b9e7196897c1588acb,873d632525b18da07824de037b592c16253a63b07069d3363336a4aec15c6bee,e26dc43ae94bb937d3ede6c522de1e07c08e39fc85b0dc6e21088f91f5d8ff85,5253428f63bfd342dee5d07a4eefa43033dcd8022d3ba9312ba8730db7822494,2f17c7f3a68828e547ceba3c40e41d4f7841bb04892417edc2135a7bfca76996,0.1571328183854785,0.13062718531733233,0.1346010716236305,bb6cbb7215b55e2a53ae8841817082656390967ed804f2f232c88965f60a4fd0,False,2
123,110,mlp_down_all_blocks,4,5,4,actual_local,0.015625,1.4066579140176396,-0.40863726144826584,0.7104727807120789,0c24a046a9c4a7a11db84a1ce2f91027c334a199ba6dbe531edb69fa93668f20,672414c85a7ecd6462e3fcdcfc71856b52594f999abdf5ff600e1f850d7f47fc,4aaecb0e5909be1b3aca117f74cae0389cb94ab432e06b1790e2a62eeda17e0c,3fde077d149084e6aafb415ef8a8df44f21e10c0aebd9a5160f813c1628507ab,fafbd8b4b88c3a83a20c2590c049433d5045e02f36df2be3f4f9ef02f8e042f4,22.46581984902944,15.961353499116562,15.962726430588612,40290b8e93c73addab94e7a356a294923b7882f2594c826d56b814eba05b31f7,False,2
123,110,mlp_down_all_blocks,4,11,10,accumulated,0.015625,1.2095169873690828,-0.23951168425582248,0.8313170135908687,689fd640bec6c9aad6200b06223f73f33977652382dae147d2f865d8763ebe7c,a2d4d0434b1041e3898b4d6b661bbe7b52a1ed059706ef62f38374f32a885ba3,4b585d09ada074404750088504315953b90551e9d315a59ae819ff6ce2cdb9c1,a26122b6d8d14ee929609ef899f6bf23d294c5b18dfb06c286c1d612e4410418,b2211f90932d1c117de66d93ac9912c8e40334b6348dff22ad814379e1f177e0,19.84298812191327,16.49581362622802,19.74070910856577,aa625049b11eda4f4c8070ed44a1631de56b2e8826342bb90e6d4dfb433430e5,False,2
206,107,qkv_all_blocks,4,5,4,actual_local,0.015625,1.4066579140176396,-0.40863726144826584,0.7104727807120789,fe1acd9045c0bd1e7e9dd0a23c03deade7379e7381de7ed031136c62aaa0e454,c2640346b143f30260e501e4b879f4751711525c171366e7c3bda8ccfdd9294d,239f08c2029f3cfe38afcdb13b49f49d976ed28a50aacf0a59ca2877760f7349,2084abfb0ddf6d95f457cdd8a3b4de45a0700c7afe6a36f87922c7500a1d51bc,84e707395bfd5d483eb71c0cf5013c9649e2941f4222323b7b51372b4e3b1958,1.6215143849360345,1.1520418340301406,1.15112221323315,953a5359a3814db5dd2a88a1ef1b4e37897c59f315c9010a12b81af1df8bba74,False,2
206,107,qkv_all_blocks,4,11,10,accumulated,0.015625,1.2095169873690828,-0.23951168425582248,0.8313170135908687,acd7de0f93f67babb72c39ca48744fb0d688d88bb4656a141a1458b2f2392c02,a877305a679bc936671677a7e034b912917d716c60a60be9d11eb8e9c080c2a1,a99023d6992370c260ff035fb92e621b3e2b483ff9521d9449b52590a403b1b3,c12584ac0203f44f93e01fe6645b78ce9e09dfb0ba31b744cc1c91aad960a55a,2b8e5ebe46fd3a9728adcaa8897dbc4b895cf214660bfc33f2626a2db9ed87c2,1.386477761860471,1.1526025523999983,1.2812377280901084,864446b5a130f99e350da3140236e87496f6a9492eaa359f06d77fa9595a9788,False,2
206,107,attention_output_all_blocks,4,5,4,actual_local,0.015625,1.4066579140176396,-0.40863726144826584,0.7104727807120789,1ff78ac2d3104586f82bc4b548b805778884acd24067cc27dda8613e728585c9,5eee2f0dff6ba94225c93907e676017284fd2e8cd021ae5b2ec60348bc6eabaa,936a6346744cfecfc2e97df594950150195378dae15212a74675f8c9e17792ed,70e4a1de9827824756c831c51104e8dea6f3f54763b8480ff60b351d3c02b5fb,523efce3f1405caf5c44c36380ed12aa39c697c4efea416dd17d010881b0fc46,0.17791475407453947,0.1264035900570437,0.12865988761936425,b1b18e830862fea45a6584cdbb45507f44c9f7994893ebf6346a54bb08343250,False,2
206,107,attention_output_all_blocks,4,11,10,accumulated,0.015625,1.2095169873690828,-0.23951168425582248,0.8313170135908687,d377f63b80bbc2ae5c0e9aad276590d830e444ed8d607dcd69a5ed374ab2e15f,efe9060ecb0604814631f1920fcbef234548563b3bc5a0b0a84039aa36eadb7f,4d55cbbda051919008a30e39db1cb830feae688c24ab11c560cf3c653781d0d9,6cb542ca5baa7cc4461f1e0f90e4b7a84bf9669fd60beae37ff48ee2c7f940f2,859b98fbcf64707849b7129508e99b5d5897d81f7d26dfc0f50ac073075e044e,0.2232000801267502,0.18555002404421256,0.21353870732966507,88df1d2c77d323eb9ff8d5f595f1f8593160c7fb9248e7960f4c52df43adc31a,False,2
206,107,mlp_down_all_blocks,4,5,4,actual_local,0.015625,1.4066579140176396,-0.40863726144826584,0.7104727807120789,3259b493280e2e6b9095afa0e4fa9b91bd5383be62997c4964f5a28595409d33,dd63c4db1db6de8e60d2254d8cfceb87fbdefb44b530b541e36e2444c6854d14,74ebc500ea09482d664e229097dc5dca6b7108b5688cf8d555177a8c20f6ef61,62d5cbd597398d5f54a0463c4f9373bbc0d16a240cc7ba7f12da48f28bd3b7cd,cab64cfb9b4797971d7ffd0f7dc7e97c43ab49b33636d232e15c90fd5fa6dad3,22.17088201694127,15.75180819741569,15.77465448528245,d1e66828b646a4ed07419a69445237e663778716f1ea024c71484169d25221bd,False,2
206,107,mlp_down_all_blocks,4,11,10,accumulated,0.015625,1.2095169873690828,-0.23951168425582248,0.8313170135908687,8231e19329472ffa74001b866bca3cb4ae5ffdfb6a79c39d54af178bcddb9fe8,909187f8bffe55d0b881eeca8e1aee0b81b68eeb95c12540b385e7f9913d7506,348a2ab302784d98db3459a519a9980671ef6dd501d6323457210346b19132be,42130ecb3e066ada68f0c15344d6f013c64cb2656e66394d7fec659379fb5c5f,2f9d5f924593e6e6b90e9aee2f36a8b7f3e06899231e28f87f43c61d198f26a6,19.50629156216601,16.21591204769261,18.341989963893976,9dc01512d640a6f0e0eac19a3f9e1170e3c4ccf7e7448454f4e2093777564e1f,False,2
206,108,qkv_all_blocks,4,5,4,actual_local,0.015625,1.4066579140176396,-0.40863726144826584,0.7104727807120789,ecde4fd29961b93cae27fde5a826be35ea0acc81446983d4f10567565df02861,c9f4c8564dbd2ff2b2d46b3664506590fb27fd0ea3338c84fd78f33049f2b302,07a0890f4d596647f470d75d0afa55403cc4065f98439545344b46e4158adebd,9771e315a063c4ff696b552780074ef3e0a8c13feac0718a02c556fbe6c905c5,ec6d4438fdcf801a9841d94eaefe00f1674c294872fb773cb7bceab42bd72060,1.6507720953534963,1.1728286409077038,1.1731235123463335,ef85c364701fd4d4da41ad4bfa3e025769ea9219a572c107f80ace0a44fa89d4,False,2
206,108,qkv_all_blocks,4,11,10,accumulated,0.015625,1.2095169873690828,-0.23951168425582248,0.8313170135908687,ffad6c9be66c73b46efead5c996aadf453b7bd0e8ab394f00079593f434f0aed,ad1a525012b650d479150912a1629487c3a0a1b1d47a3f62f224c8d516850b33,b875303fd1b7dae7c127652b41b5e3fbbec8981ec10e6cd9a85fd0ef35651832,e6d44d36ea31604a8bb20380f93a831a51709d4ca6192135fc1ff7a02fc9f8a0,94bd7b59cd4696b0fafcff53f845fb97b9cfcd4bb0eb41d023a76718098ed679,1.603511940045743,1.3330267572561272,1.4871921317738555,9337266dc3ef11a4b3d756055168ce813677bb7ee8360be981b144d683c6a3c8,False,2
206,108,attention_output_all_blocks,4,5,4,actual_local,0.015625,1.4066579140176396,-0.40863726144826584,0.7104727807120789,8fb65e48d375a21a220eafdd798380642f7bc97390e80b13de95e5f4ae3a71c2,f3dcc18df30a99f20615ac39b2128fced00c7140e10423080f1333be4069d5eb,ab7b50a58ee9a2635c48b9a75c5b2ce9e9f3c54463cff1eac4879972dc97068a,3aff807993a273367a06a2cdac5c33f4444ea9600344a21c49bc1b8fdf454b6c,5f6215f630e09b16ea55552986d25a56aa9e10d768c20cdcea04d695e900f324,0.18020622697255645,0.1280316191788242,0.1285985764077037,4b87d52e61747eca993cb7d1fc5a682503dafb634159fc1771c8585077d8a591,False,2
206,108,attention_output_all_blocks,4,11,10,accumulated,0.015625,1.2095169873690828,-0.23951168425582248,0.8313170135908687,930d39eb0e4a21d45e3ef9f619bd165d25f059dce1404b76a510eb2fb3b181b5,4acd88db875e686a86f92b5e7dcd5963ee91de24f564d1411c607531a87615dc,2ca589010c30d5b666fa6ea568fadd5da6809c2a3b3ee28cab05f0383770d216,c89302b7ce47a7928ca6e3ee2c06bfd8edbeec46c6e22522d04773dedd7f7875,bb20408ce31bfa0254c0f9cd36fd38246c86eb3e5c66847b88bf957748ac8d1b,0.2266996884270546,0.18845930796515944,0.22034720499509047,51a8d96d0eea1fdda2fb429a7b54ea36deacae1cc8de1f76d891d9ab336625af,False,2
206,108,mlp_down_all_blocks,4,5,4,actual_local,0.015625,1.4066579140176396,-0.40863726144826584,0.7104727807120789,11729bf411ffa55b39b927ec62f114b6046fb0475f8363fa6ad8b9ca9a6da813,b464c209cea7bb8ce630c1924a25712dfb237fb9c9f50e39ecd1c2632649b130,2016a4bcfca8efebbc88108f74b121eee2ed4927d24a09ddd2f66e64ddd0d96a,b428b976c1857c18754f7858910fa90b7fe9faada39739c6eb31b22c79febcd3,719d084c9a73933231f53d252d051a03c7b192b8b5be175f48a9905eaff81eab,22.48260319995938,15.973277613121422,15.994544247948339,b7016512882a6fb6de9a46a4177630cfdb80549a5f3800a8a50f7d375ab52a01,False,2
206,108,mlp_down_all_blocks,4,11,10,accumulated,0.015625,1.2095169873690828,-0.23951168425582248,0.8313170135908687,f5db5fbae95268b609d16771a622c03bee8fa5bf6ac501cad515ae86bc4a5b1b,c5a2bf263f137facb0f332f94f05b06bf2b1da9648943e8bc8a7bba4dbdbf276,91e69c61baceade33eb435be5cea518453efb0209bafc64ed03e40cdca0bfafb,7f0c86cc906e4fdd216ec61264ad43774f6017f63ee705dbd9f7f926624c5811,68043411e963758590a51a2754056b1a103fee37d4d1e6f98a9d8870a772411f,20.70167069246104,17.20965105639832,17.851788329635397,460fa3a855b8f8e210ddaf0d27a9dbf870cbea6ad8dce2c0343550344d646117,False,2
206,109,qkv_all_blocks,4,5,4,actual_local,0.015625,1.4066579140176396,-0.40863726144826584,0.7104727807120789,791c89981b250449d517eabb812d96cbe1049dce4b01c00bdc60910e3109f361,c025dcf0cfde46cd97270ebabc38c19207b27bc3435783d37f1ccfc1b558e187,8a27febacf2a6432094c2deb069fd79c049ddf4340d0bbe03ad468b3b22d3349,b12e85c6c0ecdb3ddaa73a60e9262035c594396a1c0b7780468c8a4523866de1,9b40f4e7a66b415a678a6c015ad7b3254f1dd97deb35064ee422af6eb1dcba29,1.6142186575972628,1.1468584183404464,1.1458716386218513,36482d63fe8d6840828f46d443375d31becccdde0b604157c38bbe27c5ab4001,False,2
206,109,qkv_all_blocks,4,11,10,accumulated,0.015625,1.2095169873690828,-0.23951168425582248,0.8313170135908687,220d4bd75e7bc1a679c4a0772362fe38dc9401eca37a62d7400bc32db5c687bb,99a494bcd9002e26a6e5e4aad3448386af061ed1e24417d36e3cee0a20e08f0f,4d73c24b9c7cab516d7fd2f41d0f3e104d725ba94bcc4dbd6c7e83c2a09cfd54,ff2e55c8f7d032e8191f9c28b0c4ca6c22ed19b41ca0cffd3de4c966dea416c9,22cb46b311aa04f32c4a5ab43d7e9237033bd5eec19f03201499a6b6d359c552,1.3411224905982928,1.1148979437437205,1.0929764473489127,730191a600544dba28150bcf09f33b88a8da056f8b459448f5494e4af5517cdf,False,2
206,109,attention_output_all_blocks,4,5,4,actual_local,0.015625,1.4066579140176396,-0.40863726144826584,0.7104727807120789,d9bbf736d7f9e5e26e33d790f6f462d9bce74e468b1a9900025e5dce437bce11,a49e40982e29078c6017817b23f02094f06148a23c82b20d9bbcd5c9ba11dfd0,1e91e69eec5c92c03156ffe0b3d8163451574f25de55ed201f4a0555f69af2df,6745dbf31a8edeb278200ebb1860ab1f88d7d97ce4b36e0c183a8457f9278dfd,aa4787b9664f0c93acb22f7e5cb660e850b6edf12b752eb5d2a563a6f8dde3c5,0.1961136350718427,0.13933339964504596,0.1420791156530865,5ea859089d9c2a0bdbe0f6454f396bd8d9092f3458141a894c35a9a2f6844001,False,2
206,109,attention_output_all_blocks,4,11,10,accumulated,0.015625,1.2095169873690828,-0.23951168425582248,0.8313170135908687,147ee5e2903e5eac5d77c0596af978b59650c108508c74c38643dc1feaa27ac9,2bd0a7d668c9709edc3e24e8418ca2140f9b23effe20a926fc839db18255f3fc,76d05cbbb4929e1b134c5034adaf8e6254111eb56d5e5c7463ab925e6fdac3ad,6b8ec2e999e5043739a4d0a2d76c4a3527c7611b225e0854d310e0af3dd52321,1ec4035dfba59d0ec8c9094b47fec7dcacbdaa669b82a1764a261fce305c1337,0.2777333967117166,0.23088449792883226,0.26361015912706875,46b687c89e2ae90ba458d1b7c87affd8ddd36e4b39ed8dea04eac8b83334bde3,False,2
206,109,mlp_down_all_blocks,4,5,4,actual_local,0.015625,1.4066579140176396,-0.40863726144826584,0.7104727807120789,82be4185737c2178084af83dee7efeaf0f83d20ed282431ce3edb9db3b0f1800,2e696df59fbd6f972e0616f028f3435424e3e1414d8ff87609b6396d8d043181,a5eae2485621008b4d131791c3f23658af10099108b61a13885835f34cff07e8,dcdcde2caca650f98b8abfd981f94f179800c285cfe7dcdbf9168590c2e75438,3a1588a39abd018552f5d9beedae0f6a8589c0839d667ea4fa3b9cdb568efbf8,22.610938181048326,16.06445612399832,16.100438849816324,a02874283860867d148ad2ba861b59bd1920581bb93e5443c9d2472a98652d34,False,2
206,109,mlp_down_all_blocks,4,11,10,accumulated,0.015625,1.2095169873690828,-0.23951168425582248,0.8313170135908687,254f7a6aef028f358a73c1c9022f3aecd8cbf016a5eb2ee7b4a4dfe7734a39e9,e48391446dd1af0286a744436d3a3fd6cc7af8a3ed3117e74b9c8b3065c44509,a01604cb96beeb010c1bea453e38916c6cab2b3f9ce836ab898bffdc5aaa0f8c,fea7a9f0b36f5dbd70b3b6b4a8c052cc34346588093fde9bf6eab86479eed849,a44a07aa3193c9805aa93ad4069bc74ad0887d37764694795e991b80b9e7e96e,20.509662545191695,17.050031416825256,17.4268897579364,f74d70419f22b12258c1648f59f0f8ed6134f4a9a5bd40888f7c113c3cdcbb36,False,2
206,110,qkv_all_blocks,4,5,4,actual_local,0.015625,1.4066579140176396,-0.40863726144826584,0.7104727807120789,b8aae0defc1a00f2666a92ba9eb1380eb4bc4ffb4c798e657f23a48d889d2212,dd7baa7921d33f95c189a24550907aeb39bf6d6e270390eb649fdb90090339d5,93dbe9ccc707bf86aa7cfa9f2d994a72b80d9817871449ace4420d0f122ecbe1,cfe28fd66920c43c1fdf61fe1adec73634844860341683049b92c05ffe959b5a,b4d91f41ca406fafb2a050bdfbfdaca7e2279e0c4c958842a7b549b4d2423eaa,1.598253587775266,1.1355156707897496,1.1343812830283455,e078ac8d2bfa8dcee1d57008c284d05b3d5e848705b1f072cd11d5d506af214e,False,2
206,110,qkv_all_blocks,4,11,10,accumulated,0.015625,1.2095169873690828,-0.23951168425582248,0.8313170135908687,caf20bcff33326c21377e3bffd97180eb8e37f11981735d84edb3618737a0098,f5facea7cb033729c51aeabb29fe871cf2d34f50df49af0be44959f3ef139c0e,7bc9c9bde802d20b444c12050d6c4a1ba9f7ac0eafa6c3fe397aad6f703474b7,b881c1f168bbfee39ecd1011e62ca2a80930120b76a238a1e7a4442b713b1836,b8b2fe09920cd4dc5eb4db7311a8b66015ad5cea6b737e71347feb14df24a338,1.3203390438764155,1.0976203108827647,1.0734757630861675,891d5425e9314d8818b08ee6fbfc210b4f7173be85b8861f0a7346ab4b8a6582,False,2
206,110,attention_output_all_blocks,4,5,4,actual_local,0.015625,1.4066579140176396,-0.40863726144826584,0.7104727807120789,68a64bfe3a8abb6017f5bf09d7175f9fdd5fd49d29c511eeb583b46630d65beb,2b7da3a6c6833dd3961941c7dc519732bbdaf80fcb1b229339908aeafd57dfbe,7016ba2753bfb36ef3459f51f6d950db7bbb01296a20295ccd480ba6e066a527,aa7709fbcf10099379b4b09c67a5acd8c29ccf4f36ee3b615b6bc4dc9680873c,f93f778678aa318b562aa64bbfd37056e87e520f1a7ddc6da5ccfb439e9aa09b,0.17529849675317113,0.12454481044287283,0.1253573111355262,8f16caa9238f41df90238ede6c3ee02df6b7f4147b9cdf78f4ceceec4e21ee35,False,2
206,110,attention_output_all_blocks,4,11,10,accumulated,0.015625,1.2095169873690828,-0.23951168425582248,0.8313170135908687,3b0fd7f67968db28cc29c4a12c7d0e89449b2bb4647ef7d956a3f943ef46328f,b59da9980dfddfa11bf088091440e821d2508d01f24d3e3b8cd8a40712da86f9,97da461a0704aba4faa7b3d3b3cc9f583a3921e08b342af4de93c7cf069a44ed,8acb9fde30cca3dad2907c1f865fc041dc6e9553d8beb96626ed1426f0d0c937,b7ff25f5489ad43a8068e1a8cb416408528f375179002fa2f9f9f0c2ddc8d930,0.18012417558306465,0.14974029172123057,0.1594869886669102,9249ae387a88d0beb234d286402a3ee6a301fcde3832e0550446d26e64de3418,False,2
206,110,mlp_down_all_blocks,4,5,4,actual_local,0.015625,1.4066579140176396,-0.40863726144826584,0.7104727807120789,fa81735f3e828625c7e0b35fda8ad8dd207feadaaf9fc9592ae1d628c0cbc5e1,e906d5d2b165875dd7fb5dfe435352ac48532dcfe97bbde040dfbd3f0cc7b228,2693987e6c78276c054022cf1606b4d1cb88e817e3953aa25648a9e99c8e4e74,42734676ccb3088502e0701f7225960799572adecd31545f119ea607a5c6e5ce,06b7323531b57ab4ba7448d90e7862553ef0046e7b3a7d24c570910e0fe9039a,22.55603429846298,16.025448409866016,16.039319122513106,7e72fdac0ab74bfc6e8d056e4091f42c25785762c1b98c59669820ca601b5548,False,2
206,110,mlp_down_all_blocks,4,11,10,accumulated,0.015625,1.2095169873690828,-0.23951168425582248,0.8313170135908687,7a8b94eedfc24a6a09c69b0ae13c5926aa3bfbeed28c502aa0ab6ff5a16f0705,e7e43a961b80adeaf4a81c2fefa7adde7344cd55085bfa58487b89baace7497d,c94aee771d421a130103fb06c743b3d1c7e21646cdd25d43d8f77713f0aae0f3,952ce5e600e9c43ba15924bb45e2011cee03c7e530e93a349e5dce1e0a06e527,b0d72690533ff226db4fe4bc093745123eabb8efc736a113d105bd833aecab3b,19.939540729937367,16.576079451985024,17.66449273861392,4d4ca4085607f7190fb25d07e0d34c940e0608e753211247d1261648200d0e3d,False,2
325,107,qkv_all_blocks,4,5,4,actual_local,0.015625,1.4066579140176396,-0.40863726144826584,0.7104727807120789,c867664ff17ec831854162f817c108f70849a0ee07ab7ad752853b345add552d,03067565af7446fd37edef9811ce48c172df79036a7263fc5e5c93b6a06787c7,6347e823ca1a95549629ecc98d0a99c1606ff655b199c5b16638e3ba69b2dcba,395868e3cd4dd8f79d14bc1192efa07eee3bcdba5bee3e161985105ff09a60fe,ffb3b19242a97430c8c3ccb6b04662314df505e4b5c5d176ded8dd5e5a0439b5,1.6349777855078031,1.1616072136722058,1.1599163578436273,863cfb1315467658c21c523675694b7afc050f2cbdc96008657a5b66e43737a7,False,2
325,107,qkv_all_blocks,4,11,10,accumulated,0.015625,1.2095169873690828,-0.23951168425582248,0.8313170135908687,edb7918a39f32025e77e7ee972cce4e3faa0303ea17ac3b6144ea8d888e16c75,2a7cbb3f2f7d9832ddeb5cfdf7b86f4029a8fae3abe04b8f3375f058b2a0d4c1,1fd357d7b9f3f569cc5a99e00c72b4d642220d1fecee77b0adae0ee19a845ff4,5089552d7339c2b6c7ba4ebcb2e5d05a79c97ca9e572c5460a387cd8da9412d7,a15bde1cbb72047e7b83248b59dfcecf67d24d9546c0701047ab382d177d55ae,1.3477663072798516,1.1204210615862793,1.0991179405804714,ce223fdd0d4e129dd0b87eed3fc7c72dd62a54d7c96df4a58bf067c22ea95a8d,False,2
325,107,attention_output_all_blocks,4,5,4,actual_local,0.015625,1.4066579140176396,-0.40863726144826584,0.7104727807120789,a9d7953f8501ad198affc472abf3933fc9cd25532f78b8deeb7b74331818880b,6ed11a1d21c0defb4d58ba0688fde8c8a445f2bdaed03ff2c3bb5ced91e98d72,f23b6156c8dc09926cf277f2ce830dddb3f7538a46f754f515bebc192931d994,2e2032d0a3673d82360587179ca22cd46da944d065cff6845ce98ebfd6505b71,1eba59404c9f62e0994fd232c938bb40fb11d225dfd6cb6aec655b3c4690c732,0.1814042186854779,0.12888275968237353,0.13304237346771486,f7d9e22a52a54b02f969f270a69563a7908b3959981de87f6780c7e9cc159886,False,2
325,107,attention_output_all_blocks,4,11,10,accumulated,0.015625,1.2095169873690828,-0.23951168425582248,0.8313170135908687,22ccf90fa971aab1e1f6e2c5096ce59f818e2c93d1ec18999ea71969c6e63534,8d461f9f8f6c3cb80fcf36c84328edea6278028828a7465ae58224da4d63e6c7,833de10bd6b0290a1df351f604de74ebeffd88f4b1be5642433393c05954c629,16a13ff6fbf249503076fffcc9d906e33efb6ec278e671a803320dff6576b616,fa0540f8f5b4b4cfc23135e7d37563ddcdba20c6d53c9971d290def8b4b1eb39,0.25212273487609477,0.20959391901555746,0.23966560992542985,504c179e8db7fd64fa293a8b77b0eab7a56c6db6b70239e715c28e7065d9ba49,False,2
325,107,mlp_down_all_blocks,4,5,4,actual_local,0.015625,1.4066579140176396,-0.40863726144826584,0.7104727807120789,7745dde9ebd85ba7a6a63bc5c56f130ce1b5fe2e849f029b215748b6a74e68db,cf73e6910ce923697700c1a18eb0c27ba9c6b09bffe3e00c41450c1de07c73a9,03c1f620f6ba7208859a9f50e574d4fe7bac13d1569d87f7a411e545ddbdbb96,e3dd9c89fcaccfe697df18d6dabce3debc6903f223eb4f495d04044dfd012665,772c784d67d0b73d6f522e90ba5957a427c99b1a8af7ad27fb94194abc19f333,21.83170939303842,15.510835280170019,15.527050632102336,04fd93d2135dda624f158cc33faf56fa06e9df5dd795e5e5e979ac6282944cbe,False,2
325,107,mlp_down_all_blocks,4,11,10,accumulated,0.015625,1.2095169873690828,-0.23951168425582248,0.8313170135908687,ddd1e00dbf2b78e2ea967146717942ac0cae56fde5b14b5e2cc88b321b8c0670,23d5ce0d93786486195d5355781def6def063adb5bf5f0585f12f1466e97b4ad,fbbb155a7220cafd7b0be758199c33396f3fe22f101a1cde4ef793fba72cfadb,5d884d180c97b85192bc8c43a175feda7f7772365c8b500cc35c4d7b867b7101,0e2ac43a98813e5649307e411c8edeef6df152d414dc4264aefa4276482fb719,19.439424696270105,16.160324484427846,16.687516186010242,cb33274ed34deebe3dd8e15481b0f6b3597fab7ab29118892c821403fa99fbd1,False,2
325,108,qkv_all_blocks,4,5,4,actual_local,0.015625,1.4066579140176396,-0.40863726144826584,0.7104727807120789,eeac5266269a27300b0fe9bbb6fe43caf80fc29b195ff2c054c3120eb698f056,0c49c09c4ccdcbfb78757f8a20d98536e7430aaa50057fd5fd06c147618d8b02,b4aa12422e8eadee38b53045f85e70ddec180142a1863c299bd3438a3a77f304,55e567720bf74f094f2448e00aa024966f48c92782473ecbdffb3b1b900d7ba3,33997ba41db0b29ad050512713772b85ae5cf5a81213389a4f7d64518d37d8cf,1.657505191615646,1.177612322531875,1.1757891486969425,aa58093d3a974ba25a470d2e141457f5ce3226b2871de254b17decf72bba11c8,False,2
325,108,qkv_all_blocks,4,11,10,accumulated,0.015625,1.2095169873690828,-0.23951168425582248,0.8313170135908687,38e9873219d62fda43b20ac7e019344822f6a4b9f7aadfec88211d19bb516776,2ac9908f9de9f74fee79a23bbf35bf2cc45eb67aa68dcdc8b8953ab6a6d30dc2,16cfb20de6c5a1adf3cca972e3b04c9bcfd34e68ccf3a6a4941e5ed30390ebab,15bb33b3b4a57dc811721b16530fca189c374bebdac165adb47d6f80f05eccf3,3074316d4b5a6ef896afedd55d917bf273d6bd32eee75b7db74b99f623bbf9be,1.3396236568660584,1.1136519377615706,1.0743469870180105,f34498f4865235e3386ff2d7ae9c749bebe209b00f6dba1e751a80df5963e27f,False,2
325,108,attention_output_all_blocks,4,5,4,actual_local,0.015625,1.4066579140176396,-0.40863726144826584,0.7104727807120789,ae039c3fd96f0a3a2b7eac276f27d2ea6d920da7ca8425415c8b5ca18e4854e7,3dc6cc47df8f023ecce9bc7c1692f5036011d78479afc25a237f37a67cebcb2b,709d0cf82d0ffb0ba67c328a5b7c5f046bf5bfec988bd253f7c15513843c36be,02b50d725560c8988aeb84d84ef2644bc34efbf0b8fa8b54504a51406e4d48d8,8764bdf3dcfac1ee373189cb9574305e0f5dcb56451bd648e91272b394253ba4,0.17920922913186396,0.12732327935058346,0.12792119915971534,544903c8cb33beeee6d152f729265ef4c9f0b3d43a490e49dae8b1e14974d537,False,2
325,108,attention_output_all_blocks,4,11,10,accumulated,0.015625,1.2095169873690828,-0.23951168425582248,0.8313170135908687,d4d4018f1793d75c0f5b49ed08a6a3c3eb3bf686b725c03eed19758396520096,c68225e0d79ff7d82ee8f6195fb4bed4dc882cf1c88e6c2f8092ab6b446ad81c,0e5971f06216f0c9159602f8e4688dc0e2702dfa4a9e6777177313478a9d471e,1843b60f10a4f784be379d03e115c62cd98ba6dbef768d1458398d7180b6677c,80d31419c4b7e7138d8b63e7cf5f31eac52cc9f2045c305c51a9659d042a5aa3,0.17265810352541,0.14353361899500688,0.15110543585855787,daa05dcf5bd8c2f1075512f8a3c404b59009667606faf4117125d4ba35926f30,False,2
325,108,mlp_down_all_blocks,4,5,4,actual_local,0.015625,1.4066579140176396,-0.40863726144826584,0.7104727807120789,0ddee309aad2c2027e304178ca4a69a9ebd3bb125b78b84a3bdb21a7e5c95ed9,3ec8ab0ec009be95bb570579cdaf076d32c7ea2b175832ef1e32897d7a701b0f,6bd205648f6ffd90eed367bf661e298a3a7f5835beaf1aaa5d08c4fc03d19561,c9b8cfcc2e892b203c1e8470c6fea4ba90df7c186d102e8efbec3538c0c13561,865323dd69e4da445e8ee532188126f61480f5f06a7be5c56c1ade9954b4d81a,22.152275370885544,15.73858868185275,15.760771676570679,b09f77aea2f122b4960c9c90b4cac30c5c4ba77782332dcddda9b236642525cd,False,2
325,108,mlp_down_all_blocks,4,11,10,accumulated,0.015625,1.2095169873690828,-0.23951168425582248,0.8313170135908687,f3d5267a511ecd708e67a361de0e0368b154aa107366156c9615c8f32013a24f,e589fdbe361055fbeb8d2048b8293c71c00444d3f38ce46a553a71e4dc951e0d,af7bb07b60cc39aa3edd7781fec390c58b3faa362228ca22bd18abbac2cf94c2,587efa940bddc5c7837b691d5a151190e7d7cf19760b0bc1e64bbabb8330d7cb,805f509191f51f2daa65b3d3de3f010ce93c689a7488e8a23a55330947bfb59d,19.38801511825656,16.117586827563656,16.634422926010757,5b024f2ae8373003fc0819743b9105a669a9eef0f8287e4fdb5bff9c0504f352,False,2
325,109,qkv_all_blocks,4,5,4,actual_local,0.015625,1.4066579140176396,-0.40863726144826584,0.7104727807120789,f1c8712c439d3e88c7ea2c0f2dacd5cd405d580243b270542eea0514ba4596d5,f8077a829518b8fd05fc21228c7f665ca2d5ee8f01058b9d80a0e73a095dd73f,be2a4ec6a6c042292c9db0dc990b8a4cf23cd1e77a9ce907583baae4134508fa,44d5e4f0d0ac1053e4f95eccb92a82273e39b07a5285964c1bb8238f93eecca3,4994c66a703611dc4b5fc0fc0e74839b965093b4663892a2ddd69a466856197e,1.6241961106241938,1.1539471271369144,1.1526770792077794,60969feb1e4202a161b2c7bef5d0c7278c7f6a0500fb56269353648dcaaaf88c,False,2
325,109,qkv_all_blocks,4,11,10,accumulated,0.015625,1.2095169873690828,-0.23951168425582248,0.8313170135908687,cce4f96bcd0dc66b16ddbe46f4426979c15b31b357b9125f775b0e02be8c0f5d,04c22a2aff8499f535b99e7d3623c3b5df15ba98eaa97cc04b79e3851b3c91be,1a2d7f8d4cd350ffe6f61ac20ae8578bc887ef49c837548e62a22c53ad51cc6e,1a1a75fba151cdef8c1aaf5e0e173c3db4d2db37c99b88d21ee53163e741b9eb,96a2162ebdb62e84ec4e949143b5a3617c1caf3219926bd61e31d7760e21365b,1.3284551190669487,1.1043673422722378,1.0739178395469235,d45ecb4f45296b2cbc881c342bdff71c10a78c46ab89e5575b6130be70c27c04,False,2
325,109,attention_output_all_blocks,4,5,4,actual_local,0.015625,1.4066579140176396,-0.40863726144826584,0.7104727807120789,2d5f5a039ea35822230df2c303e13be4290ead60160f61b9f835f90f43688111,e73440516ba45d888290b008f7ed3f757cc5251c5c444430ef24cf218943aa38,e324d4a6f5fce48a9b2564436ee6ccc458ef836f50812a6884814e5df99cf770,472b8e8c933da9b976328d214e7980188cb25f9c9abc292a447492032b24572a,f6a4ba4f3b8a53beb41fce9fd9fc9ceed8e561e6ba0c4416952d60b8a25fc1d9,0.18945087993223308,0.13459969347380382,0.13776638146210596,c9ac5463a82a1490f1cc560fb1d4c0e1c61fc83f5e9abaee792ded7cc4a464c9,False,2
325,109,attention_output_all_blocks,4,11,10,accumulated,0.015625,1.2095169873690828,-0.23951168425582248,0.8313170135908687,932bcb5340badc2f4f3e562e686bb5ddb9976663cc209d4503b1c50c69df0fdb,72f8025d3ea6ad7241cd792f4ad6cdda6d097bd92ab4acfa6db84756cf8a51ae,a5f64464eb215d5242b0a6d3f02fbf263e1ccf10434541cd7bfb8b6f44a6de1f,2ac5af5408716de08a6c5376ec61c4bb43c642dc9ce9d9e6ab9a755b89498fab,1e1f935895912594ee262119c67eb44ab564bcb88ba9aff3493e50b6b704f452,0.2605408872671263,0.2165920723212226,0.25556501938251436,360be9efe1556c6a0d509839bec294076f66143651c622fdece97971859f61c1,False,2
325,109,mlp_down_all_blocks,4,5,4,actual_local,0.015625,1.4066579140176396,-0.40863726144826584,0.7104727807120789,c9f1c8a4978276dd768e485d32429eae080e7433de5ef6f283426d47ff788ad0,8fbf647e4d93e90825dc1bbc800598da58972c7e9800389266584443c7f4ecb1,fa857dc2ea9974cd5cacfbac000345cdb0a9accbefca98ba2b44c3d40a48ceb3,817d28a009853cb50afbf2ce1ba433b1a20c24a368d253d19178fbcc4ede3863,46da79bc4e75cfec6d47afe88b2beee1849e0a8e1b1635d82034978820ac291a,21.816625047552517,15.50011826328743,15.523268322782165,49bc3af804f3451d92217fe69c7e8512cd5f0f0c3b08618190573759e371b640,False,2
325,109,mlp_down_all_blocks,4,11,10,accumulated,0.015625,1.2095169873690828,-0.23951168425582248,0.8313170135908687,91ad1ea28b472dbd5d28ed9a6d8e757d3abd1edafee10ab1d2bd8a96686d9b02,86552424314595032cf59021c524d515932fd560446e33da9206da7a264a81a1,22c63bdb90ffe6d2a5f6be87ac0fd236b16baaa29edd8c1de076e7757f9f8530,fb0345dbdec6cc59cdb9231b94c6b20fbf31e0758495b89ee5a3d889cb7f749e,463050e947355fe838c4cdc8c4402270fba23ad8445ed396cfd931f45dd73281,19.502089050100714,16.212418427912908,16.65519349507632,29e1ff916d48430f5e0e60bbab1b0d4728c3c41038252aeb6218a8b2e664358c,False,2
325,110,qkv_all_blocks,4,5,4,actual_local,0.015625,1.4066579140176396,-0.40863726144826584,0.7104727807120789,b97b319fb1e066cc06e87a883fa3f0167c930037dcaa49f2c3804e58f7df5928,94c6eca969eca5553826f22d5cd467e28e3bc56f39de354fa8fc919d9b726680,e5d60e00ab31a88a8cb89d0888dd9cd848097f7c80adff4e18b97d8cf884e639,5387d7ef2d13e2155e95bf016f3add95a91f51db7a511233e3bc76315befa9e5,5f81e9e9bbede16a679edca808d1c66c567a201a7f02d7b1a6001a3ae4e792ca,1.6095894431543742,1.143569487482695,1.1422057134424775,5d8d6bb708275f7900ad2bf54aca98190d4bf7816dc0c505bc9124e77d334b4d,False,2
325,110,qkv_all_blocks,4,11,10,accumulated,0.015625,1.2095169873690828,-0.23951168425582248,0.8313170135908687,9fecd3e6bd64a559d8d7b5e312d0ee1092b4780905ae279e67a705ee2826f074,221cb9b3ba36fb3cacef7281ee94cfa11075d71df430f06f5220bfcdae5e0b4a,3b68d9cca8b45cf07b94d43ea17f1e3e5fa57b70d6d4c119cbb4119d17ed9c66,c665155fb7102d6bd3e2790e0ab4f0da1494c55281c73efad8f52f04fe7c4a68,956cf06d40a378daa4438e0a69a0b05c724b9b439a038a65748a634a44d495b4,1.3196948991971889,1.0970848224517096,1.0721538092413443,618a42af574e76bcb2d7109b1dd71d1e96b0e4c215835686c6551c1f9b1cd4ea,False,2
325,110,attention_output_all_blocks,4,5,4,actual_local,0.015625,1.4066579140176396,-0.40863726144826584,0.7104727807120789,c1d6f25e2b493d035a6bea6c4e2973e738e90ca442f005186a5c4c7838175086,f4f724bcb0e497e882b4596190d33a05be252afbeacae29e8b59b03e5699fe4c,38f04ef5dfb30b370c187b972c0cc98463be8517829028de511f25a4cbfd40fd,1ced0060d4614636548120ac9988decead454e227fd9fae9b184a748e076f5aa,50ceb114ae08227ea936465db0eb904fb04e9f9670f6fdcd071d53768c618eac,0.1749160979868572,0.12427312652802888,0.1258208531218543,4da51ca436c2747d669d4474f04910e976b4be129ada14eb668b73e5115ec383,False,2
325,110,attention_output_all_blocks,4,11,10,accumulated,0.015625,1.2095169873690828,-0.23951168425582248,0.8313170135908687,c285fdaedb7da5ecbd2847d5be1ae1734b487485ffd88f8e946d895a5eb1d4b0,807d20e607b6c3fff989b89e94ce782fb4b8faf889045236c5830af1dba1a2bd,8edcbb4a477c54ea9d1f8251cb1dd692e5985631fb5de50c9edd8370bd6bb996,4b077f423decb658758fe137956f7d05409452509afc18487805367f5f403542,5b1bbf2d4a866162a09e87a018b6a7e8c15e9c1441188883278dc667b758c437,0.20029343334650423,0.16650733885147762,0.1838070949650107,3d3d2409ecbb2e26715b4165bc1cfbcd8ef977fecf3779dd72bbfb337ab51e46,False,2
325,110,mlp_down_all_blocks,4,5,4,actual_local,0.015625,1.4066579140176396,-0.40863726144826584,0.7104727807120789,383690241e8812b7ca35f1c68786e7144524c96a8ae2ca6c821f4993414f79e6,05c29f332863679d6cdab48d8b0dc4fee220c87e95a63d08c5f9b3d52de83f17,a65e16030af096dfd5313021ba8e0363bbc33738c83f90537c132cf629862d6e,9350142daf7d43ac334343842b14ebc0c96e7104d10b36c76fe79b8b38ba916c,3221d482bbaa57705cce6801ad012a816dc9ca0fbe20dff5779f05d11fe55f53,22.14367788228415,15.732480400218977,15.750269574112714,e5ac94efa60fc7201e38dfc544dde4af2099a1793a89705365db4d41bdb6cadc,False,2
325,110,mlp_down_all_blocks,4,11,10,accumulated,0.015625,1.2095169873690828,-0.23951168425582248,0.8313170135908687,edfe9b38a8368b9bf10979556a2eb363bc1f2756b669b4a317e151b9b52237f0,34d07bc5ba944c11a4f36cee48ac78213ce5fc31d402ef8525424d20715a3628,a58ffd951d46b32c183640527b11a39a54278725f4df7f0f3e5c8af180eab79f,b3bc27073e98a2957267b7bad41933498e89088d2d02b16a4ddbc092ccf04408,ded27827cb1bca37f9e2f6e2b6f704b30add4ba2b5f67dbf68751f24a22c99b5,20.201844202478533,16.79413679143246,18.57134950596102,af97364787153ef4ea7623b563fb9d39264e152d1e727813ceaada129eec483d,False,2
408,107,qkv_all_blocks,4,5,4,actual_local,0.015625,1.4066579140176396,-0.40863726144826584,0.7104727807120789,74fd21eaa8762348e27553d73c316bdc69610db241fb9810c03e8c9ef36ddc08,c237e78b0dfd3574bc5145ca8837947c43dc829f68202db04170948138e1ee9e,1096298572da3f314ce6bac13a7f07a9c0020bc8095306d77b1c951c9fa6bd03,76706c9b7e49f99231a7aa8d593b60622f877053f5e1ee657ff6a0b202c3348d,e8da7a66a3b1a6d54940ec65e1472ca9cb1c2cf490f840826e05c17367311e60,1.640381501820036,1.165446407026737,1.1643080385854505,161b29f013dd60d39dbdea4cc724c353ce210e4ec2ab5ed2a0567b18d904ee31,False,2
408,107,qkv_all_blocks,4,11,10,accumulated,0.015625,1.2095169873690828,-0.23951168425582248,0.8313170135908687,564a00a36ad380ea7a7db1ed61ab3ddf85a32f2f6cd536ad5fda3262f23e572d,62d278ef5cec61bee06be652c12d0e88f6146dccc48e55a8ba5c0227310c17b6,b0c2b021f8300a03d736c84f76f5de79e79aad0944f2e0442d4829d13814b17f,103fea3f1445148e6938eeff65e15ecf4bdbf731407b02b1937a836f50ab920e,5f1615a623b064a1fe44dc2f37216666fc0eeec755b65d106944cd36d4ba4369,1.3422773638605245,1.1158580095351551,1.085610078471754,4f488a6db0954c8afb602baa50e8263ed47d5c58193ab9ae9505390abba51811,False,2
408,107,attention_output_all_blocks,4,5,4,actual_local,0.015625,1.4066579140176396,-0.40863726144826584,0.7104727807120789,51402375261795e160f601ec00bdd08ed1ea93fdd5e2806fbf4ec2b119178dd3,e10555cd15c1e71d35ab96917f3e6a48e995ffaaf0f23ac4a4dc72b411c89b0d,1f41e9493750415da5152ff413ff3867fdb9594d066b344af8cb881fa093af7b,5177358f34ece0d4a1c2ebe15e32bb422d9eba0a367456a75089efc4d821941c,d83b69d0c3dd4684953458b3e9062aed6bc80c1eb01fb7fc54ea4f54622355af,0.17513776705141118,0.12443061636472041,0.1249093765260945,fa3888da833820819e103efe1cf05c75a040e42fa575db69beba3b42ff26eeb9,False,2
408,107,attention_output_all_blocks,4,11,10,accumulated,0.015625,1.2095169873690828,-0.23951168425582248,0.8313170135908687,a081da873a6b3164df1f81571bff236787a3afaee339864b1f6826ec51ed5edd,99f0a266ccb9191e6c817eb369973c33c73a74ce664ac0bd9cd81d5e6d7031be,3205dc274e136d21f21476ad0f0ebcd90b6b4c6dbb1a49002345febd9418d02e,9f497abce3974c494f8463f8c3bf7c052dc030e0307dd1e206b9e07b6ee1d6db,a6b53aaccdd6ad094654c8774e0102dd0903b051292cbfd747682d1c0ac2b2db,0.1751752062261879,0.1456261292951191,0.1582479722916577,662828d28f21f2a7ecb2b152bf5c8a6fa61b033aab93d40420b3a28153a2d1cd,False,2
408,107,mlp_down_all_blocks,4,5,4,actual_local,0.015625,1.4066579140176396,-0.40863726144826584,0.7104727807120789,b88fc479c223f96101f0b946b953c80334e4122be62d562b94e3fbdfe6bc6d36,6fc31ce2b87593a8f638ee4b23e94450da4a6ae22e28ff38d4bcabce8a87d658,6e2d7e2ddbd5c191118a93b774b5f05d5d85cb139f086f6489877b1ddfa2cf5e,1c723fa3d9106d7b3fda75b79fa57616d632309698fdee9a9ab63e8c875981dc,320163e43ed3bf62598ca50c6aaa1d31d6452ce776b08f04c2afd743ed847f1d,21.840725956304524,15.517241302946154,15.518606478463346,4721063469d64a1a66198e3d95622d541c8607f3542e2243b9debeacd1a1a889,False,2
408,107,mlp_down_all_blocks,4,11,10,accumulated,0.015625,1.2095169873690828,-0.23951168425582248,0.8313170135908687,c6978035339982deac08e43108c450a3cd5d9c352b55d957d5fa0645a0477969,6f42872aece143736b0d3da60e6b5c5c9166486ac2b05008b7d5c7c42517ea7f,d04a4f4d77078e8d0c9015014f520aa2bc3eb89681eebdf08b28620f345b9951,89fd4158d848ecb58b27c771087b1978f964f09f574bc354e98e64fd9698b7b4,561ebec339c90eaa1687c618760ed9bddfd6c60cea80c1c4b76a839c131f6bd4,19.228398563877793,15.984894870257836,16.452879649429388,7f23b1bd72b67ef037d68ab27491f05b56d9f3e6b718042624c8495dfba558af,False,2
408,108,qkv_all_blocks,4,5,4,actual_local,0.015625,1.4066579140176396,-0.40863726144826584,0.7104727807120789,bc2e8a40a1623c5dbff481babeea028509c75d31b461330fb497dcc5fef2097f,495fc00e8dadf7b5502abf5cd407635ddb500ef249244889f3e7cd44e802ff96,c28154ad046376485ae98ec60c49bff4a4f78e545893a471b6c6d336e909ed9e,532d58978fa489fedf828de95b2624e96a8bf4fcbff50dd9371ff900c92360ef,59c46cc9a0415dbab618a808e4e437a372e4c0bbe4b748aad5e30285b159f40b,1.6688482373408953,1.1856712477700373,1.1844536702860362,8d27ccff01ddcd8c63517cada70c41f19a43ea0d95752ec4f85a9274c9b4a7f8,False,2
408,108,qkv_all_blocks,4,11,10,accumulated,0.015625,1.2095169873690828,-0.23951168425582248,0.8313170135908687,fbeca54620258f5504ac0068e775102838bb32da048cb61f48885bcc7e4a23da,2b883e177ef3dc4c8bac83f103fbe50b4de19f166f223ca20bc64d8f8b070525,85b506a2bf481c77f3586bd07591412e7bf84da80e6a9f66cff2193824343717,3d946606ed47373b465b3749f6d618c657da9cee8c946c7e8bb1f6411da4445d,cae4733f77961c2cd9cac9ea12656da1269754eb06e03010d28ff2f81d7ac2ca,1.4059809719104932,1.1688159027342182,1.1931659001538624,ef1bc0ea74ea2b69ec08c1fb08eeb378b94a1eb4968280ba2fa049ba7c5f27c0,False,2
408,108,attention_output_all_blocks,4,5,4,actual_local,0.015625,1.4066579140176396,-0.40863726144826584,0.7104727807120789,c267a8a8fcb2cf757acda113a7355de10b7a0a3b32d19e540c9f1958aa9daa97,13d659102c36bd639bd1dd8b641d371ac1426d180e735650e564a7e11750ec91,b2b467399e7187a30872f34fa08f94fa1279a2766f605a3ccc5719fbeaee5745,de5eda92aa49627e5493053c2b57acb87cba544914ba64ced8b49c97c09724c0,db9222765df1980add3ca65023c0a4a990c456a4dad7c3b22fc8400c68a7d4f5,0.17762129354381273,0.12619509433774906,0.12665334798192512,b7a6866f6d89cdc82e4ba240ccc014470cac6e230901d1f8691f7e4764491026,False,2
408,108,attention_output_all_blocks,4,11,10,accumulated,0.015625,1.2095169873690828,-0.23951168425582248,0.8313170135908687,d35dca5ba10c06e98878ae34e3249d20da9648b2f301eaacc462a0e2ed93324e,8efd298353e6fa93bfd52d881d754d5db07e3ce64d6e14f2459cbc846013015a,1b80e4f095cb5f2d5d779661642012d6bad94611eaf90fd811dc20d5e9a42f79,92bba50438284288ad5f84ecc200b1ac0fdd8315f1d43fba569e8304f8880d09,10c6b5f61ed3cb1f45a0486ffbb0c6d81e6ec373b72f5ed201cec5c2b63371b0,0.18300986584831436,0.15213921513468623,0.1883688575672779,c29ad2eb5870d985d918176a875ea3f92de5d882e5cdf8ffcd843115f08c1cd7,False,2
408,108,mlp_down_all_blocks,4,5,4,actual_local,0.015625,1.4066579140176396,-0.40863726144826584,0.7104727807120789,ba0a6bb37d01f49fe160d2a1eb730db26f468b37687c289b9f8cd37b51eae4ad,bd67274d6f193213e74f3fefca689a599b10b1238d84a6ebfe8cb36215bce792,127b7c201fbd867118def87529697540e9d9b8bbedef1adb820e430e6800fc0e,9dcf638bfb955fef9529124974273b4224685d8668e16eb09d8a64fbb126fd5d,7e85edc485917ae462c93ebf6635cb3265901233a982d8ae805d0d2bdd013fb5,22.377355730914864,15.898502151126458,15.896920649607537,dccd12b4eea700e3d38408fc7e6ce62e2fa330ac609c73dcffd599e00794108d,False,2
408,108,mlp_down_all_blocks,4,11,10,accumulated,0.015625,1.2095169873690828,-0.23951168425582248,0.8313170135908687,d46f5691bdf83521446cf2be5d917cc4a8252175b2b1492e1ed2d94c18e3802d,4415571f183795d813bc900b5534524fdaa4369f9f0b0af4ec5c9d7c10232782,ee1fb9c634a16054854a3b36ea73102194b93e42539cf78ecefffc168c8706ab,7db6da23e7f0ba08c1eecbb66992c60ba7cd34adb6726a917989c416534707de,315d6e3d7b9019eabed8c37aa187a8f80d74b4bc7522644b2d47e5b48c94f1f3,19.3704569200218,16.1029903986431,16.658313405841476,b3fb9ebbb185e89e381c159f5caa3fde78495957e09f72fb30082a782631a181,False,2
408,109,qkv_all_blocks,4,5,4,actual_local,0.015625,1.4066579140176396,-0.40863726144826584,0.7104727807120789,592e3f0ec7e07f48aea4d41014aec393196c5bdedc22f20656bcacbec1158e48,8922256546992f715184d5fbe4002d45ca19ff8c9754c0f8c1d7ced3cc675f8d,f9a9f14122f5f3cd95a2a700471b6af4b9d8afcc0137949ec2303fd50e5eb7c0,755c2b05b9823c4d2c36e5d59bc22f36f0bcf603b536195bd2604c453c776f3e,6be4115ec13c11f0f007b6317ba472b6cc3e277a4fcda93add76938de56c5312,1.6346318609877604,1.1613614437165345,1.1598626344930931,9493af67bb7f11e180275ec598076ad48a8aa645fe933567fea0fe7e23b3a9f5,False,2
408,109,qkv_all_blocks,4,11,10,accumulated,0.015625,1.2095169873690828,-0.23951168425582248,0.8313170135908687,59b016407475e53e31f79fee51f665f3601c0c591c91b73be7877bfd8c4131f9,3e43b49afd46680b64391cf543d9712be7822e34d9aa4f2db939cdd00fabf559,edb50edb5850f23e3c61517ed85f21db72be0b9f7d3f7c24bc13530e059b367c,86c48e119f966a97ff57bf32e45fb951df8908f5821d392c347502ca086d5c30,f9e01deefcff169f3c917306c0efad7717963afc3057e96c739bf5cd7051d043,1.3286381003869487,1.1045194577567232,1.0709601315691588,54d6a5c7ee466421b13d952b3e73bc19f54d8d21dcdbf28cc7c4fae56ba804e8,False,2
408,109,attention_output_all_blocks,4,5,4,actual_local,0.015625,1.4066579140176396,-0.40863726144826584,0.7104727807120789,ef4511d8b796b062e160cb488f63f25a54c04565c65de5f2c05b08637b2a1696,eb4cd2cb6654b3aa1568ac454a0838d1e4c2e9dab246d028c02fd281a6ff03c7,72c3771cdf3bbbd77d85adf8beefbf2faca17812255b49011d16c8e4ef57d458,6713c8a295c52cb503b4e18f3c41f8d99d119083e768e5c761d2021651bca4b5,b97da3fcf8b94439acbf26d0fabe3068e22316ebd3531b8d2a6ae2beaf8f5bd9,0.1879356781386071,0.13352318384214643,0.1341442105531708,f8388802b038e64b259ded7e30f6e69d12a162b0f3bfb43aa7e10438e8a24b2e,False,2
408,109,attention_output_all_blocks,4,11,10,accumulated,0.015625,1.2095169873690828,-0.23951168425582248,0.8313170135908687,133023182b2e097ecb94856ec3b6f4c1bfafafff73a06b9e7b3c424740de3636,317f6c07e25210dac48aeea0c341c558461268498d930119c81e6349c4692e64,0cb754cb0e5458ad181f29a06597995422a677106986cacc0952f20f3e006caf,3625824050a3d0781fb68c9fb5b50fc9e64e3dfac2b912df0af2d7b16d8cde83,72b9427e0638dac343d247127037efa0059ea480f058488967a2a7a40c59e1f3,0.17942519046346483,0.14915921349906042,0.16070089226575113,d4907d6ce2042149ab40fdac2e0e2e1a606aaca9bbe32933802379bd3fb75bf2,False,2
408,109,mlp_down_all_blocks,4,5,4,actual_local,0.015625,1.4066579140176396,-0.40863726144826584,0.7104727807120789,9cc77b7773b0c5398f50ad9fc9acfada305bccc06901d0728fc23c85e9828a4f,1388ffcad29c2c91ac2438d74c641b2fcfa4875df280dc38b92f1ad70a3f7b43,fc4eda0ebbbf0da57593e9c3bb5b2e2c4ed2b2b4fdbd19366939b824a80f3e3e,03fca095ab517089370fc250dba2894ae6fc6fe88c8ff1169e87252a1882f7a3,2d7ad7c28d2e99575374d3cde5d61eb28f536e86b24f3fefe6ed6b01500ded85,21.836259532362064,15.514068030307913,15.517982638974999,310a1cb10e23fba6d22467cd7b9919c6252eec1a11d10e9c31ccaea666ec7024,False,2
408,109,mlp_down_all_blocks,4,11,10,accumulated,0.015625,1.2095169873690828,-0.23951168425582248,0.8313170135908687,f5825155149b0e2ee3cc79fe065b883d8af70daef4e25e8964d1531c3ba0cc20,2ecb8573ef8101680a838b264d0963dd785e1b0f0283a62d4d91548aee6b5d8e,076a220c9c7a3aea59264228e7504b3a8b6056769d0981e5c4a11794a6440154,9b6b7b99965b66b73e72c7ad12db7f23b8f318122693c3204aa8cface16f709e,91de69c35559e173200ad6afb08147c7a97157a2c7d07900caa60a93d8933741,19.120775961442394,15.895426369806364,16.910042636598302,eec0d6e7a2d4559b62492d36667673106444152b8e3c7ebdc10dfa19ab42af62,False,2
408,110,qkv_all_blocks,4,5,4,actual_local,0.015625,1.4066579140176396,-0.40863726144826584,0.7104727807120789,49d243735f131dd4047759a2804304d3c26ec0a5c6bf1330dcf47e62c88251b1,1f309806409d067d2e9d65bfee362625202c69468fa008832fc9928cb0a873ab,d2baa92840c8a1a223c6357ec7fd23b385c3c3c45678a1c52ec8a9c5f4f0edef,dc3617f3b0621cae8da508accda2284a41405a1f666849ccf1dd84db5ab6f9d0,56db093468f0c1b7eba330577db59ce5034c92fc3211b3c247e46a0150452d59,1.6148814337234805,1.14732930273783,1.1459990645863896,235dc247b5276e1c07a852c42afa70f93bffa180833204d6c273966546c565b4,False,2
408,110,qkv_all_blocks,4,11,10,accumulated,0.015625,1.2095169873690828,-0.23951168425582248,0.8313170135908687,46ccaba7f860c895c636c97974549fa22c9c648c0b44ab8034c87857fdf0dc87,08b7daeb96287cfef567a045ce0de9b808defe45676fdf11f0f02be4fab30f2b,822d101877a3cbf6d3155eeff258371056ac5d19bc379807af9c1aab0dd4fbba,ae9225269dc6dac9201ec433a66b101e03e5f8e93af5a7b431947785664d4421,44464b95cc22b3907fc6db3ded4c1e30497052ceade79043b12d38f4430b2141,1.3247756983239187,1.1013085772083975,1.0891027946085163,d6609e8c1cc6528dac86718a361d8d9a88e79d8fec5adb6f6460aae415b4134b,False,2
408,110,attention_output_all_blocks,4,5,4,actual_local,0.015625,1.4066579140176396,-0.40863726144826584,0.7104727807120789,784c4adc2b9186796e7c84d0dad94655f04d2a5bfd50d83a6e915b7102b7aadd,2b7a4ba59a7e9164d5fa9777cd89d4758723f82220a0acf7a647163b2df4fc5b,14d1aceef6a2f2a1dff93f4a089d490946dc7264c6920b28208524b682de3219,96418c01065dd3a56ad057ac69c2ad49d8b36dfd073004f6dc5960022afba169,de3374a1ae87088bf39b0d3297da59e2064ab0590a1df4d00cd6e7e6a99f9233,0.17270412352855077,0.12270157888377184,0.12294811983920612,6596179054817c3fd0b4c3774d22b04554226f1cac021b2c4338fad40bbd52ba,False,2
408,110,attention_output_all_blocks,4,11,10,accumulated,0.015625,1.2095169873690828,-0.23951168425582248,0.8313170135908687,8f5d8825b87fbebd18284157c5fc0a93cadc653ffded5cc50da301700ef7bf6d,b769353343403421f91f1068b4b66a19acf0ca39264c64ac7ce35f991a7e4b68,28eca65f8d204302e066173827b93ba17f6de5f88aa12ff02fece8cb592edc40,4247ec6e968a1aba27281ee712bce7b77b1796297fe0e34d0e3190c0fd04c093,2844c944b10a78eb7b34d7552cc86854aa63dcd123687bea71a581e0f647fa88,0.15938764828747917,0.13250166377761893,0.1380876117328163,09ee38d50db8843e073bfbc7c850e7ca34e5bfb533e39443c9e691e2063c2bdc,False,2
408,110,mlp_down_all_blocks,4,5,4,actual_local,0.015625,1.4066579140176396,-0.40863726144826584,0.7104727807120789,df49f9aef237685621a543679743884e019ede42d20296e4638314c28cf2580d,50c69936e1af1563d6cd3852febde339c7854eb790809a9b8868e9b9aba2be14,85b0bd46bef4d4fd8e8fc5fb3b14c97f3ba6659b1acc59b717b148e76b904e01,75169eec817bc4b9ef807d6cd8c929a7ee900f6329942584135656fd2ee42efd,1b01eecddeb4e101fa11fd6df18de26778d32a20e5610adfe5dc2a245157cb2b,22.230532265023676,15.794188075040958,15.788617232237327,cf957b18d3a80351bf56dac5f51e5d1a62106a880d3f65ef45f0c71440813cba,False,2
408,110,mlp_down_all_blocks,4,11,10,accumulated,0.015625,1.2095169873690828,-0.23951168425582248,0.8313170135908687,05f8b716b6c04c807e8901f241284c45e125717b5a9ae1c1c25e2be4de5b5812,2544f7c437fa5267bb7734f5110ecb9b9447703403fba2c1fb4210b6ac016c1a,9a0ed40e165762e2e5af954e430e1bfb51757e0a4f68cc2a53f5b8c505f64c2a,2b041206c32d87180b6f7c9f78e4e2dd10c17d9632be09dd71434e925c793426,72ad5983a7ff83a53a1b8d15a68f9068092e94ee5e2cd929d222e4708b18edc6,19.849668079407166,16.50136678854276,17.244747539386307,b6b8eec61f3b0be405b16df3632bf9250025b85e01a23dc3535334d6a72dca0d,False,2
569,107,qkv_all_blocks,4,5,4,actual_local,0.015625,1.4066579140176396,-0.40863726144826584,0.7104727807120789,176f1aa04cef7039906d7ad44b6b862fdf08d14bf8a2fec48980e0a41e8b2cf2,d54a3ec904906d81f7c3b71fe65d7d14e5e62d191d369af7e38cffc08e1b27e3,fdc4b5ba4ce57477d627758046f40cf3aab2cbc0d3a39d613c210a62c971cee8,4faf4554023dc79d43a16023a9a9b2daaf74bda959e737fb1dd723be5ff2efbc,1f095c94f323de2c48d190dea7c399bf6806308a802acea47bc825bf121cef5b,1.6218747830295936,1.152297887065835,1.1508224247033816,eb177b0e68c40323052f3d466c5dd99d0e7e49a7d6fd61ea0b7cc04e8013ea09,False,2
569,107,qkv_all_blocks,4,11,10,accumulated,0.015625,1.2095169873690828,-0.23951168425582248,0.8313170135908687,eca5fa2386c413f7b5f84518439339df26681b8c422e1692e4aec56728d6cb67,45786819115ef227cab4b1b1883b45143f4d22e2d63c8fd0f35e8ffcf76b6f30,d307ce0d101fb6526396ac0962fe53d41857a0422bcac12b974282a15527cf90,195caefc19e5390455573d25497d04a8a5f4e7226177fd2ab836d4cd28941bb5,1bc628995a8ef292b246d1a6802d3983e6b5bff38153b26cd9c522b77361e401,1.320276188335664,1.0975680580023397,1.0622360641087039,2d9461b603fd11f4defe46d8dacf4202cb65810924409e9dfeb62eabd8db2099,False,2
569,107,attention_output_all_blocks,4,5,4,actual_local,0.015625,1.4066579140176396,-0.40863726144826584,0.7104727807120789,5ced847c84c5c043226ec44ad27490c3886f29f105bb13e5ea28a27f1f62c694,b60f2414f40fa69249976b146b2a32fbecf8567d2af91197384bd4140d2b8f18,0411b3a90858d2ced1114e0bda01c10b9b363dc085f8b136b0d39956c0da382e,ebe773ee8729681944aa5fb1d353029c733e2cc92f26a785d893637e17deb9cd,31ef87147948441989f8589ce97a5e45e90becfc4803f8557d045a49099c1f12,0.1703493664400402,0.12102858806719624,0.12155589198624508,c0d4f3779a45de3fd8414701d9d4360a626d9e8fc55486dda9eaaa902c37fdad,False,2
569,107,attention_output_all_blocks,4,11,10,accumulated,0.015625,1.2095169873690828,-0.23951168425582248,0.8313170135908687,ecc5d9fe991a7e8101cf829aad2c8cc0e2ad7a5f3276c0623742b5c1f98df00b,d0ac242dad39f4319b69781534feb3ae919f170ac92e38ca63e7710f0fe501f6,dc007cf31ee8a42ca2e6e08ef19e1a749b116e5b4fea8c9e67975125cadea8aa,29bbf2b8866a6a674666533ae9ef46f98f680fdc33abb0dce8ec06b302198276,a63b88e38276f0eb49c2e16e1d67e11ed80f753843b6f91b76c72f53a19de8a6,0.16025642114609276,0.1332238894359304,0.13853296036637378,3592583de585afefc6010910bbc5dc3089633644d4e6bdb2c35f28941297dd14,False,2
569,107,mlp_down_all_blocks,4,5,4,actual_local,0.015625,1.4066579140176396,-0.40863726144826584,0.7104727807120789,6f2a62cdfa0eb977d423016703270f6dccbaae459e1cf7e765c23ab48d68b4bc,c36be8c6732e24097852a6232bc2ca4df7d225d2dae23b33d5f189a756136349,b2cf96f667b4c85ec75770f4ed654e3dd5c9f25ccebfe1ad9ed4f49180d1fcf0,6b46e05dbcf63234a8794b134522680180e8024ffa428ad0db291914a88b7013,26d1d962b566fbd6d4f80085dc88a47ca741083a43eae4dbdfedc4601ed74371,22.695816730495714,16.124760023047013,16.10995412929045,b824224f6ff8044ff8e97e7fa2671db2838aa851a8ae71ae04b9ebcba085fe2b,False,2
569,107,mlp_down_all_blocks,4,11,10,accumulated,0.015625,1.2095169873690828,-0.23951168425582248,0.8313170135908687,1e405eac71c5d45f0850bff800b74fb802c6091f29e749c94c2b763e31093344,3eafffd7c5eba6fde0b0401927fcc3516519da558ea477d53913dad81392f040,29c2af677c366f781a954c879a78cc0e2b5422375908fdf1dceda74620f97080,305afb3351f6ef262610b62cf623cef47a6eddd3c6b344ca39584b38e47c82f6,413a57834b7a7a6dd752b093a9d6c7a6820421408b7ffefd08d502503e14ebc0,19.695671102203928,16.373346481352144,16.41100387923211,5f67b10d500197d8b1d05e38658f30071be0e12bddc0f9254483f608511757d2,False,2
569,108,qkv_all_blocks,4,5,4,actual_local,0.015625,1.4066579140176396,-0.40863726144826584,0.7104727807120789,35ed9c31539638a64dfe00d587a8bcb3c4cb3ff409720412b18562118cbec8f9,fbfd9dfe6e30b34a53e3765faa95cfad60acf968896039073fd1058695d6a133,e466f9bae7c5c6a102221996c43578a5c2c972e02d638c0d472e114fcdc44cd3,6335db1796bb5b1a27b0c5f9d8db4c1a7c84b1942179f9d028058abc57200266,8e117740b89ec4368bcd7801c198cefb4ff1272aab38370cea55a00845e68a4f,1.6507205433524468,1.1727920146141666,1.1715073034429924,590cc853a3ecb7dbc1785a3a5defac4201d39fbf0ce57c2763dc742119594e8a,False,2
569,108,qkv_all_blocks,4,11,10,accumulated,0.015625,1.2095169873690828,-0.23951168425582248,0.8313170135908687,468d7bf971e80724f1234df166b36b22dd6510ee690056f19a22d595abdaa88b,f874a8326d65e09f680799adf456842c36dbd0b7952f80c2f9fb60c0b9498f96,861ebbee4666fd90221cf75f6bed51351972069fd605db6dbcbcb1aed5f96769,a6e00904c56ca07bd92c89a989c4b3a3f77365ce2c28db81fcd79db76137a191,bc9719f2c18b34c503e7821bbdd89cf8ada58c8866893245f09f86241309bbd1,1.3679131849364654,1.1371695037529561,1.1278498014123728,8228cddc1bf9e6a767bcb6729a57e586ee45dcac4390737264d49f953e23caa3,False,2
569,108,attention_output_all_blocks,4,5,4,actual_local,0.015625,1.4066579140176396,-0.40863726144826584,0.7104727807120789,d7b90db883398a0435be19395f4a1bef63281392328c6e1d38115de125b0084f,d776fb1a071ef208b49ae2b1617aaa116d4e7e82248c25d40b4d88e90d40927b,582abf3af19ab58647af3a1c176a4d7f0b15382eaa9e458cd8fa7b1a73a59376,6497e084d530f26cc19d58c3135b021280a59ed54870056baa98b7815798b961,429d5747c4c28d0cabce9a223d86e5c646eba6fb6dbe50dd9417e6d0e4e3b0f5,0.17406097409502233,0.12366558427874366,0.12407799493694294,752df7670b0ada258e51c541d5e7d05cd895c66c8d35d7e2cd9b5a8923929ef7,False,2
569,108,attention_output_all_blocks,4,11,10,accumulated,0.015625,1.2095169873690828,-0.23951168425582248,0.8313170135908687,9025c58ab4d2cba4ba0656e18ba644a29bd84efafd0fd331a43bc6fc8f250067,37202ff47cfa4949e72d4b5eae4374030bb0b9c7959bbe78a59382cf9da33cf9,732517b5af21f2a225a5b8813398fcc4bd82b19f464835b5130491c791bc51a8,a9374a7e877cf8ebad6032c1d04db15d6996cf7299d3270ca02276012697903e,ca1c656197094c937779ee4ed6d1f52ab94df0536910477f6a9f5ea451eacd59,0.16153985395775347,0.13429082896806468,0.1405374369794977,33b67e1a56868a784cc69776f208ab0cd34c6947af92300268b796dbd0792561,False,2
569,108,mlp_down_all_blocks,4,5,4,actual_local,0.015625,1.4066579140176396,-0.40863726144826584,0.7104727807120789,0f8dad253ff5e3c32378edd32be49588c76cde15388c122dd386150badd3a962,4d5ce71b3faa9f25e834a47f785a58f269a758a37026d1d9213b034f058d13e1,603e20655870d2ab9507945efb2cefcffddb25280e14622945151e98d9a671a8,1ca02459ce6be9a7ec5375c191c3ce2990f70ab142185db432f33b27a9e3e496,2bfbc44855d47b9669743a63003296f1fd5acdddb92ca6072cd3ae910d64edb0,23.080290618888345,16.39791825564451,16.38669109842765,8c1294ba5c67b8521517239914497d149f0e4232e9767c3058ab0ef16909a42b,False,2
569,108,mlp_down_all_blocks,4,11,10,accumulated,0.015625,1.2095169873690828,-0.23951168425582248,0.8313170135908687,a5c28570278c064bc1578a9da9e9bbd380cbb7aeca34a5320f0fcc3a3b1149d4,33fe213d119f2887989729865eed1303915a9dc62c367127a902fbcbb3acd7b8,25b64fde2c9df3ae2ed9d33885fe0856308f2da79ab2c70deb19599c53ec85fe,f3bd40f91ea88415f738c9c891ca746d13df183b60d7c038197de3b968bb3f3c,2ab5a82e4bcc731242d35070ee385ae21ca5c0cd8ae2ede10a123d02ffef6d55,20.160242486039277,16.75955257676192,16.991258244411984,390f114dd043e44b87c61e487b45daab581f0adacb825db9db1452c493bdacd0,False,2
569,109,qkv_all_blocks,4,5,4,actual_local,0.015625,1.4066579140176396,-0.40863726144826584,0.7104727807120789,fe01cda73960596b8e6bbfaf1c1ba09f2cfecfa5dadfb4c824ece63a0d6eee93,920dee2bc13175e9ce74e001bdbaa2b385f85099aecd41fa914be0ce7c76ec72,036e4860b2e7e4aa725a4bd922785c2641333833cfa10c43cbb110829125cbf7,6502e991e6c1c2d09a75fa859b2c6e7bdf8b66ae83d8dba94c6507249786546b,b2c220d8fdefee65d9a42bc1b760adad9b9bb818aeb0de85941294eaa5946a84,1.6145976615180815,1.1471276903099712,1.1457754163610168,671da1f6932090b55d17d44ae4abe23a47e1ed6cdd0f4d9a5b7f433dea4c39da,False,2
569,109,qkv_all_blocks,4,11,10,accumulated,0.015625,1.2095169873690828,-0.23951168425582248,0.8313170135908687,caac48bb4ba6c5da8a2a0f67542c80a35a502bf241ae758b8d42a1ebd52ffd7b,4cba318e428b16f970e107b0d6f7a14f3672d7d6bc4609c8f32ed6e43714305d,efea093821d187f6ebe2967da3b7ff3d58aceaecfd7588c8e32bc5c78d332f2a,869bdde0b0289d2d1c438bf7f7965471048f3ac3ae28e0b22f656a18b4e6692f,d68e97f065bddf295a793cab6fd7c9adc2c90a8bbe5b393e79d5303f06d2ffd7,1.325376362098445,1.1018079192236092,1.0775086660900732,897f989709e33a8147584c2fb526f66e220271d41e848e28eac1cdff45c74e6c,False,2
569,109,attention_output_all_blocks,4,5,4,actual_local,0.015625,1.4066579140176396,-0.40863726144826584,0.7104727807120789,fc1243f262caeaa1c75e63267eaad750fba937ce061387938b28393e62e408ef,2defaf041e0f741d060b4a23ed010a1f5404fb54bdc1822322fee14a3edd4f95,019e6d3b27f3ac6bb43848b87c454cf92dafe23e56467016daf9445c57cb469f,59bd172dd25f02bb88a46a496f6748d13ee9e03edbc42348cb57df54bdb4b590,c4e10a71841698f75d54c5522e4473b219b3db40452cbeb70ab7c446e92de32c,0.18425620170261955,0.1309090159871058,0.13133638568369133,25aea56a6a765a239ea217902ce65147de512666c91ea55144d8817135267898,False,2
569,109,attention_output_all_blocks,4,11,10,accumulated,0.015625,1.2095169873690828,-0.23951168425582248,0.8313170135908687,a928110032da4b6b64f3e6e1bd135423dfca982a75a7a8dda3b5a80735a5f8e2,9bc172f83c2707cb89c38acc3eda864366c5e61b4755c8e2d2b749176250f139,951deb52c87bd621c8ab4698b519acf8f8ac5c6c10a778cd691f5902e30ab83a,d4c4dc777d1f68995bd5ebfb912646478b5f428cf7fd781e3ff5e58fbe912bc9,2a126b9e9386612c4e3ffcedf249b5ec082a7b147c0d15ed62b39320d8b71bbb,0.16856752781319337,0.1401330538100596,0.1495754534897005,0dd3f4e1ceb363995e85ce5a15cd8fff36e8e1c2e7ff7b1d5660862aabd326a3,False,2
569,109,mlp_down_all_blocks,4,5,4,actual_local,0.015625,1.4066579140176396,-0.40863726144826584,0.7104727807120789,0972b086c05555751fb8d9c2aa8ab552a2bd76137fc949d8c68fd17857d61fa9,fc185ded0e66296b12c8e9e7205974df0a523e5955ff7730fb857784cfb09899,9c63aca11b1485702aa25882aa96efef0bbcec3c1c0eab61372780179e3409e3,6057373d7e168e2cbf5115b837503ee7de0ca6d983d0a7207a474b2cf5f4b5e8,85c8b0791cc76a2f3cd93dabd3edaededa0e71e8e84fc01dfef386529690e569,22.959645539630706,16.312203210705107,16.30659955247456,c5ece0f2aa235b7cd57065618a6a4fb626539fbde7cd45d10184b3a560662b76,False,2
569,109,mlp_down_all_blocks,4,11,10,accumulated,0.015625,1.2095169873690828,-0.23951168425582248,0.8313170135908687,31c882a8a0de2f80effe031ccb40a5081d723fb328221a4d6edd560a54db934b,33dd70ae7259126abfb3c5896aa98efd91a5ec51f264b4a1a0ecf6b6077fd32c,cc48c4458313a0645683b3b26e39e87e64528f11194c3b3033a5ef00e9a92ac3,288197e8fab4d2408495f8622a7f57f6f5aed17607c25e044bece0f0d6600354,8b2be0f11a3549a6ec0d4b6c43debbb54cb159ab7e9335697292cdfba568844b,20.24430348871372,16.829433918464698,18.89262000040273,0d10c28f5a46e4fb80ccf0b48af064510d99daf3a2267993e33063e02890e6b9,False,2
569,110,qkv_all_blocks,4,5,4,actual_local,0.015625,1.4066579140176396,-0.40863726144826584,0.7104727807120789,ff860bb99433a544aca2ff3b5aee4555054b8c0a868ba5aa376fa3871eab27a5,4dbbeefd247c16d3d78487bfc8a1871b686bdebb1c04533efb65afa61719af4e,53e265d538cdc32c20436c49d10cd18fd4621caef8507c4ca02ff7fa96d973ab,732cd62f5948703b2cde6c92ce6b5cc95a272dac3593c830410a89291f9c8c0e,2354c5b3b31007daac7177b7751112a975b7bab1eaf1a581fc9e997842ce1bc6,1.5972017773830904,1.134768388135639,1.1334704902241943,51479efa3d67bd0b6e3931b33ee053120668bdcfc06b3258f7fbbec351dce7d7,False,2
569,110,qkv_all_blocks,4,11,10,accumulated,0.015625,1.2095169873690828,-0.23951168425582248,0.8313170135908687,3136cfe560d976814905eb7dd6286ca4bca2127701c2f76ed70e3e07394b76aa,57fb5cd4f4e099fb25967bfaf8bb1842fd53121baf7714dfdda7e92df41e764e,b898431e3e731c1ca3ce85f54b32f48b20d07d6fff5b54f2f7fadee1c58d0307,e052825c09417e38889056fb5aa3a585653329dd49c80fed7794b9ba085cbeb1,37af25e4da46d967a8bd18ebfcbf88d7a2323356c2aa0cbaa90bb75f4f96b9ea,1.3125944710374142,1.0911821157187092,1.073475682691526,ebe651712640a74e3a5ad7b22a8e20c3f45b422d8be8706763e8caab2bdd5cb0,False,2
569,110,attention_output_all_blocks,4,5,4,actual_local,0.015625,1.4066579140176396,-0.40863726144826584,0.7104727807120789,7c67742425bb503cb1c075469f158fb6d50b403ac6cb23881a75c05610fbe27d,5d404aeda97d397cf8023b6e78429fef3ef3b3229e832eb7517c1a1700b17351,854330e1284c963626e57f6651cb277b390e16cc986ad07016ae98c2dbf73b52,16c9dcda215c6443536ff4ce3d7d9603b047a8dbacb05754793805aec5bafef9,562228b978216dee91773462a80387d0694374458919884b5192e4c11bac5f59,0.17168773418976868,0.12197946192396121,0.12219899103230998,6d4cc2208dbcced0f108b364bbfd2eebde3084b20d89260cda6e539699d7ffb3,False,2
569,110,attention_output_all_blocks,4,11,10,accumulated,0.015625,1.2095169873690828,-0.23951168425582248,0.8313170135908687,3209499caf693c1f4849ad4df07e2ceafd6a4e4921d33bf57a7cfa75dd352959,d46fdd678bfb5235c24c3a2dfd352da8faed3201be50d91d219406b38f7584d0,a2b8f118e9786a704680d7bd48bd6e7a0c07de2b3d49d7223ed579d26519d752,56da0247cbcf30040effc234d2f53adcb6c2a5fbcab6909a08824356ba75db04,164a560c076afbcb7670f5b997e811bce6c50dd7b96011adbbac8b76685b4070,0.16083989502241633,0.133708941196304,0.14617986794979956,81e65f4b7a7cc1df3bfc297a8ea82e2c2a600cdc7d30749e84cab121153068e0,False,2
569,110,mlp_down_all_blocks,4,5,4,actual_local,0.015625,1.4066579140176396,-0.40863726144826584,0.7104727807120789,a6a2ee7f3428376f884f33ee496e6680a40e577221ee2fcd292b05c1eecddc95,f246b6e99414c4e505b1e9351c0a15f8f1b775c3de0936dc1c881437dba1a02a,2de6bb5107f541dd6c7cd57020eb40a7c18484f9908d8fd3530ea125892332d1,2257efb0d9460d201d649cf1a06111a1e41ef3a4cb3ce899387e8b2e4385bb19,28cbd6db8f8ecbeb57112bf5accd53497069d57d51e01707490b3514c2109c11,23.110541398872975,16.4194106114189,16.40386309234426,ded4df93186f54f4079647c829a58c7327e9c2a961c8e9586bb5fe0abe756faf,False,2
569,110,mlp_down_all_blocks,4,11,10,accumulated,0.015625,1.2095169873690828,-0.23951168425582248,0.8313170135908687,a9c0c0a37a6cd96fafeb5c3e7a758527b289699c33f5d0557d86886accfd2ccf,1551109c52fcfe664d20b62fdb0ea31a547a9c8d6be2b8597fa4590991d827bf,1f9b6c9322960a8b0ae16445ffd543e815846469c01b098d0228fa762ed5b298,9fa1c1ac1259e486d64bc207de127c5864e1e31635ad3812442aa79c8ccfa7c3,5595c9b5c6dc1006e6b8dc9b3544fd3aae63b3451f570a7417797243abbb627a,20.424829613962626,16.979508357781746,17.510900321784312,a6b81c03b625f0806d7e0db1369ed53a45c1d147d8e69f1824b5c551d5a604f7,False,2
701,107,qkv_all_blocks,4,5,4,actual_local,0.015625,1.4066579140176396,-0.40863726144826584,0.7104727807120789,6f4046b1a2deebb2499a8dbafae4e754f4d968cb490ee94d904353ccf64dbf3b,b551d9a48db9c9ab5eba17e27e99ec3cce1d4b5f1701ae02b4e01d639703f68f,6aa3ba4379f24bcfc113caff0aa1ed7a1546a5495674b243f84879ef143ed19d,d96a8a3f32d87afea74b43e2f07d9c410085667530c163535d7f3d653cf358cc,1eedd8648556a17afc415af2440f4665ffee32892c817d07d0aa2af0a7efd0eb,1.6365034134104282,1.1626911307705154,1.160565220300632,ad9f9c2b1e5d33d6e37ef559340ca258bff193e5f0d2c01f85a9cf8ce582ab09,False,2
701,107,qkv_all_blocks,4,11,10,accumulated,0.015625,1.2095169873690828,-0.23951168425582248,0.8313170135908687,3dfeb34085c67b248c87848acc37ecd9bc6bbacaacea99e3ceec21731c9a141d,82ed9a07679519bebd3525af182db831a148bef252f96bf698ce36a7598ca6e4,fd50d09eb6aac87e57dd098b6f32890cc9ef9c7a862a13f4682195da25c05596,328f632c2a85d64b614851476a3b9a2a42ecbc220803abbef3c92862a2436120,9eb7425d7af4cf2269b2164ad3b7441f31064cf3276399e31eb931657d5c42ed,1.319694727716759,1.0970846798971106,1.064375950496129,36b06d55b423140d2ab3bb628bebee982ed2283b60ce20b3f80d09b1bcce409e,False,2
701,107,attention_output_all_blocks,4,5,4,actual_local,0.015625,1.4066579140176396,-0.40863726144826584,0.7104727807120789,44bea0b0887949cd883e412111e509919c18b3a66471b6d093a2a3d2b44e7a5a,484476f9543882bc7f2d543beafe946fa5925233838666193a60d775c8cd1872,af1c8c3d7d85d33cf89c30a88eae0cf0e1bf01a7c5df503bcc86de05d8ea111e,47d66fac14c77449a129612c311e69730bb25dff1d8b08f0b793a083e36ff967,c99822142e67f5cd953c521841ef97636a462b059e65737c3fc20d2a1fbb5a3b,0.17301643531661884,0.1229234679082897,0.1246995344293341,f0175587cb0f634af87d078d442806135c8bed0b0eaea30f05a2e9c8eab19233,False,2
701,107,attention_output_all_blocks,4,11,10,accumulated,0.015625,1.2095169873690828,-0.23951168425582248,0.8313170135908687,ca414c4d9e74fbaf0eeaf1f1cc358a84dad70e3f515c566c6609f7486505e023,d7f0eef0cabeee7dd8604bb907d8337d47bfa499bd7534b064936adfa5c103ff,d1b7cc02f30fb28feb2a336dca812e554a9491c95e4dbd4740f0f1a83989d3d3,947aa8a4814301bbd23bc67008e54d339a97b47587c590f18c6e8a2b2c897abe,abeccc429c1ac207633224985647c30bce5c94f080bd3a89a52eaee93827e5d1,0.20138153511687246,0.16741189636570308,0.18627215300827815,d4484562486842bdeea8495758973bef3e398e2f5e66d651ecec1217f4ba8a83,False,2
701,107,mlp_down_all_blocks,4,5,4,actual_local,0.015625,1.4066579140176396,-0.40863726144826584,0.7104727807120789,074734b957bb6fdf6831778c0c01c8854bf8e1f3ac04d243a7d4c9e19e98f6de,fc279093c292113f815362df71c84b2e99a98a2337e0bd4fa2927d59637d1731,bb5733924dd4adbfa513609458fc8dc1330e4398f10b7432825bf6c627045cf3,c4647f4087b8316a38ea4d469183a08f33e2a83b26eba1e5c3db3a98c38180bd,4d4dddbbec998cc6be600fa33f736789f423e51d75f731aeb56c22d3adfb2e10,22.4023209054243,15.916239228081139,15.921034140915657,4b1c511adbca751eb0419589bd703dd9f9884e394d3611e97580f5736367b9a1,False,2
701,107,mlp_down_all_blocks,4,11,10,accumulated,0.015625,1.2095169873690828,-0.23951168425582248,0.8313170135908687,d402e4b6e78c13dceaf94bbd933b28bff98afa52806a1e5d3f810a5fc2f5b72f,29bac8c4b958d7a1457449f5fcea6834a107797d88fc89f18bc49a7c6356661e,d3eafe76ba5f00ac2067caadd697e4d0f754ddc3f10c6ab3faa34c5a9776025e,99f57ce71141c9e5ec47703411a600478c1dfbab73b840215288c59ec13f37d2,d79bf3fa2f81de0bece02d7da4305aa2f67316494f4d717a6c6f75c78420c0b4,19.278939990882503,16.026910818418013,17.184814437284846,7646d1978ba5e92dbad103a241962a20c64451ef261a0595328c0cf5625ccc65,False,2
701,108,qkv_all_blocks,4,5,4,actual_local,0.015625,1.4066579140176396,-0.40863726144826584,0.7104727807120789,e4a6e9d929a2cd999aa1d96f4b304683498c652a8f6bc13cacd6f1bb70fbdbe0,df7dcc7f98112a9ec4b2afbbe525ecc847c170084e70ae2d7ea506e6e2a1ac68,02a2ca363cc71b1cf48c0101a83b66702bf29ca00320e774baecaa6337b9d397,5db0cf11f8b0ca7ed3aa2a2ca4c77dc34d4ec05513e0897f98b84ad48a51ee81,456fe53b42be826ad16e8809a34a5b038b3f84107730857b80343df41e1bb3e6,1.6685928006846795,1.1854897669785998,1.1844588258786102,33b7651bd9e90427224cc7022595ac0de35abd3925d4e18bee6395ef3e1e9928,False,2
701,108,qkv_all_blocks,4,11,10,accumulated,0.015625,1.2095169873690828,-0.23951168425582248,0.8313170135908687,4ff42f019891b7b716e057f86c14204a3d0fae412000cf3c74e3d7fa03c1c73d,51b6f1dfbb37b5edcf41043208b4ebdb2170920e685f64163aebee7001a1a15b,ebe962fcbd2296362d2a25b487de453744164c3cc680dc1ee6268ae463a333a6,7d291c8cda0acd5d1f6b44897f10053c5c0f68b88852a9b91a47ec3167888e4f,b1d6d169d637aa8d83b535fe5a3f1512b7bd08c5d9ead5b2d65bc94e573ae316,1.3964811241332953,1.1609185176505104,1.1505991321043147,127de28bdc1fecf6a6f562803f2a1cda49a07dcca66981f29dfc1ab0d1fe119d,False,2
701,108,attention_output_all_blocks,4,5,4,actual_local,0.015625,1.4066579140176396,-0.40863726144826584,0.7104727807120789,7fe165ff809415cc069af8f073ca1eb81e337ce11d165dab2672f66d9cc9001c,cc62a6335816b5029b780ea2a3ca619082748c0d033374c9425c789002dbc9a6,dcb461cdb504301cb7480acf7792869b90921886069a5ba20fe85217fe59ec0d,47c88f528abd0c8152c832478d52ff83620de140a974956efee4fa3f7e850cff,83bbebe72e7bf27778c8ac85ae6a27831695d2f6ecc5ba6b4d1cf4a03a53a272,0.17928993375119687,0.12738061778589724,0.12806298600930072,6cdf4863d7af72c2af4be24cbeb0efb653f4a20520810ea2c841a11323f33653,False,2
701,108,attention_output_all_blocks,4,11,10,accumulated,0.015625,1.2095169873690828,-0.23951168425582248,0.8313170135908687,97033196b4510c86077c5e9bf08c6700095bc519cd10c29336c7ed7b367ae9b3,9682d46089fcf9592e948029c10d61cc5343a506da5a9f133b009bceda4bd925,4a70e32e2f4fdcbb28e0b48edcde227006d5f6ae0666242f69167dac44139f71,a97ef6d6eacb34d81472965873493e885642a50245aa831cc45df5d0b6f4a01e,18a0e3c2e53f5881cfd32895ef0ad34ce08ad24645d8cf885afaf446438e7171,0.19863778828011355,0.16513097293931922,0.1978722185539534,f195eab1793e18c8ddc0d1e8b40fc1933ecd43decd63d100c933d778ecf1e0d8,False,2
701,108,mlp_down_all_blocks,4,5,4,actual_local,0.015625,1.4066579140176396,-0.40863726144826584,0.7104727807120789,8b8720aa319ca323cb4a2dd8de834c0774a3b0930a304b903bb033dcd14e5584,d3772bdaf63ab4c89165ee3b030f0cda60131cdfa6937759969ad1eefaf59227,302bd8d655ba8509daa0e4e5cdc2c90872d1281e2e9ab7dc278fc9e6dd8577cc,dc29237f24424060c32e2ecedc30c3dffc6e99b93b90969639989695a775be49,2a5569d389902b4097ac44fe9b96f4870328b611363cb4354b35870c6ad5aa40,21.983279277700007,15.618521557597745,15.636705898781265,8ce45a8496afb4758d3b5b023bfcaffc3cf043dca81ce233b0c64c0258adbc37,False,2
701,108,mlp_down_all_blocks,4,11,10,accumulated,0.015625,1.2095169873690828,-0.23951168425582248,0.8313170135908687,0faf17c8f1de431791eafbe41969b70e6581a6dffee5aafa527e79d2d2585643,6b6c0c65ed515766fbd26646a3c26d96019f178b076d86ca0f13700824579499,4210f978756214e1db39da6f79232393ce541f673631e00b110155672c9ced43,c6c41b2f81d4f86b9a684540c0fd64430b3cbc2d6eca53ce2eaa9274f3caa875,66debd198bacf20252bc45ad5db22c29ee2694cec6a31504049dd2ed2a533969,20.40739284410764,16.96501287433923,18.319082095127598,694e87ebc34523f9243a198931e5d48213774c8cad10249df80de13829571be3,False,2
701,109,qkv_all_blocks,4,5,4,actual_local,0.015625,1.4066579140176396,-0.40863726144826584,0.7104727807120789,361d2eba196aa4d12bff0eeed26a49b6fa6632c448ed7d26c4ef8bd7c4625223,0b6a3765c782a83462f61521edce7ed3d4e4c719337461a06b585e2be7532952,b4556ed209c0f9ab36707a5e99b700d62e8d852be5745ffc9ee27286ecc53665,7244b976b5aa527ebd674fd802ce61ee785be13917d3b87844b5953aec892bcf,c436b76879ee9a41ec307972aabeb415a0ef41f04fca4e8c7cc99460ae4689d9,1.6301535567195253,1.1581797304302066,1.15924703941461,f8f73c6730bcf5f7b619d6961d54e5044355cd9188506aaae5ae4fb4a05e1fc7,False,2
701,109,qkv_all_blocks,4,11,10,accumulated,0.015625,1.2095169873690828,-0.23951168425582248,0.8313170135908687,866fff1e1e6e3d33b2fd821722ff48b51b889d14a873977a3dd5006c3a520e6a,a97cd62a49fb0505ee63142dc2f71488d625f16ae2371f9daf6c0d1e57780710,1d919a2fba1fcb7a32ccf95a425e684857e492f81ff61265bbfb56d86d36b679,179dfbe65d3478da5d343fd1ba6c5ec7769aa1538127c7b357d27bfbafec10fe,4772eb46bf27728bd7fea36f2908000547e0b0474bac7f116a3a6d49b6839733,1.4940550296548973,1.242033365393126,1.2888562423754248,e9b7791c95e130b3a26bbc852b9d34412bed194426972afb77c8a566468dc67f,False,2
701,109,attention_output_all_blocks,4,5,4,actual_local,0.015625,1.4066579140176396,-0.40863726144826584,0.7104727807120789,4201923d0b28fada16a0d61fe7420a8278a794614f8877889f989ed703fe0d19,cab4b3d9179e1fe09e96d20385a4dc910857f17cb534a9a88eb4939105beecf6,b1e92193b81b46676c48296a5b69fba7c3f90808827ce6c7fbfec32a167a6703,5e32a0d750bc7505d2bc6ff29df1f52a3ae90c28ac04beb9620360a77f6f0d0f,1385f33270702e379b2f2af31b5b510e7afa825758b297023ed6d625262b0f98,0.18770153590628103,0.13335683215926358,0.13536548372738846,55707547681f206d023fe25a4e7a23d82c934efada0e297ddfdc84a57a78c563,False,2
701,109,attention_output_all_blocks,4,11,10,accumulated,0.015625,1.2095169873690828,-0.23951168425582248,0.8313170135908687,adfb80a3ad3abd492f21d97b293cdc61461cc900bd2051fbb3d02bbe4ad28498,42c700c11043e812daa44f766d31840da9e48c45351cf325a93c10e841865c81,1a3928eead4e1b8b4b0a76074f816bcfcc9ec0c00337da9d33166515d0c5efc9,2486e1024d21005ac1d4fecbd967242e0104b86ff4571355ebb079b8007bb44e,188d7ec7d3be7f3e91d7bfc0ebd934499fc86c522118397a07764824a16810af,0.2218845213248599,0.18445637762982195,0.20513115637319898,88fce6c99f94c4754da8fbe928911b854e344e9cf2d72615b5a9e754991d8b5b,False,2
701,109,mlp_down_all_blocks,4,5,4,actual_local,0.015625,1.4066579140176396,-0.40863726144826584,0.7104727807120789,ba4716076932d24975c6f1fd71f9da99da793e3cfb47feb5f7a5e742a6ed88b2,57c765896b07fd438721057384427916604f8fdc3badaa865c310619895e9e76,2737223fb082a281fb4a3d3c5ba14d6e101896072a3b7b42fe99b9d409e65a4f,d0b1169d36ae189c757e0e0fbc453d78504ce47d6941ec92690dd556153ce095,cddc1eee067f59a0b6177b08ca946373144061368af65b0e7dd1591e0083c66f,22.67114272268963,16.10722981210971,16.12271764462264,b60cf1c4330d43021d66d6814501d4ec0b0ee8302c84aa12f261b0651032cb03,False,2
701,109,mlp_down_all_blocks,4,11,10,accumulated,0.015625,1.2095169873690828,-0.23951168425582248,0.8313170135908687,5af3179e41c5f58c63305dfc7f71715817036df5276c1cab97bb57a042ab4334,6c6e96bca8a2fa7023996bc772a3641806d26988ddd78e53fce5162e4b0bd1a4,cd3f442fabc27fdf7087e4a758896fafb95588fa57f4a112ceb65e7db203cb6f,4d400ff4c0ebe99376cc0d38da87581c3deed1a2ffd7e24b10cf1132b537a730,6232da812682a967452164549f202b5748c8aa22134a4a2f82501abc863d8247,19.99982795744378,16.62619724991333,16.94447386023298,7bdea2be42781ff27bb5412f7a01e0e78085e973b1829d7d30c60b8176d19a61,False,2
701,110,qkv_all_blocks,4,5,4,actual_local,0.015625,1.4066579140176396,-0.40863726144826584,0.7104727807120789,5b0d3072173d1671c2565dedb95fbf325e8d694738dddd3603aa9c06240a3bb9,e83b9c20df3ee73f8ade021a03f533910800c68e0471eb70e273ba7023eece96,f35ef4f12203cdf0379e3bdd282c4ccee0e484186fde5bf5278516f2619c04ab,bd0c6438a48d43131a472785227b2e0e04abef057b7176636a756973e64c0a48,369a624ab5bb167bd1bf14cb7d7ced40a5d1fc43328e3833b4f184b12296e559,1.615588429975605,1.14783160433103,1.1474305429657705,39f2dc3017e9b92ff93eb734ba9a7d77c334195a002dc17d717792b662c71638,False,2
701,110,qkv_all_blocks,4,11,10,accumulated,0.015625,1.2095169873690828,-0.23951168425582248,0.8313170135908687,9513af837c01353ef73c102da6c2b18538db35e229cbab9d2fbb98b4f4294bc3,419bcd7b0edb16a4a7bb6730dd997e70c8ce79366b48a034096bf571a035f98c,078adf04cb7ef2303fd0a6f05ab0afc4d1e41dcf83a60bdd19f4bf6f8d95d61a,4dbd35c438db0085462869b6d697f901caef091b555f9efb7a3c18ed02180abe,5dbfede29e006f41ae5ac76ed7940af4f6cd12a573e41b7df1f2953ada7376c0,1.4088963493381823,1.171239505590895,1.216936823007933,3cfc26b897c50bf41aa71f3108e57f14fb2ddfe5ae86bbb47fa72841b8cb9af3,False,2
701,110,attention_output_all_blocks,4,5,4,actual_local,0.015625,1.4066579140176396,-0.40863726144826584,0.7104727807120789,c781deef7399199a0513ce4025fbb9e6c1f7fd22aa094981e88ab082a71999e7,20d8ceea231960b817ca40f4585f5370c6c01839c79a6688b45719a2ab46f9ee,fa7ab431cbf618b643097a2660361ee6c43eda36f0c3bec944765c2f75fccac4,f32c36661bec4627d4cb5d14b2a2b78919a5afa68b1947e51fcb19091cdb051f,3417cc060f3ee9b9604954d355a10598be4e868ca4fe9b78a19caf3206a222c8,0.18144313943831408,0.12891041181786847,0.12965668143899528,ff5e8c87c490f3c75944f36941dcb0d37eb99ec763bcd7b83d6541837fa91f73,False,2
701,110,attention_output_all_blocks,4,11,10,accumulated,0.015625,1.2095169873690828,-0.23951168425582248,0.8313170135908687,0b545a33dcdb25c3089e269dc8f48bac52510ccc9f66fd34b87eb7e43b55c481,76b892d3396adabd583ba0f2cc71be1592b4f025c1a4bb6256619fb437ee693a,be907abdab2200add12ea2b12613199219adb0da988587f4eab84cfc919c768f,9b1f1497706a76980a90b6d930af1ff5c2831bcbe5bda320de1bfbe1af1623c9,3d7eb57fb67cf161d55de49ea1c39928ee8bceab7a30fa2f2ad2599dadeb8772,0.1763420676233289,0.14659616102706483,0.1531325691794632,96170c7f57128b995466eb48883df355edb2192eb27f903230ae85bfe86a6f2e,False,2
701,110,mlp_down_all_blocks,4,5,4,actual_local,0.015625,1.4066579140176396,-0.40863726144826584,0.7104727807120789,7a7b0eb1d0bbc2a1e54e8c334b03f67e14343abefe001f098cfb617851da4e73,6553ce6b37567c7fd0830f6bfa3bbf3792207192e75cf8c929e32baff56c915c,8ae58af779d21c8d6b21cb3a57ec84f467cb65306ab83b752e16900622d64c7f,007a5d381c63529b07d6551f9a49d3e2d6eb07675ae183e870757cee8836f540,808aa85f2e84142a627c0ac84f109e693a9bfd89808ace9cc519c4addbc3b50a,22.75008819830669,16.163318423696,16.167957508649714,6e1812b1a78ecefa75a991504f4ee9d28cb7d1163dfaa56f1d7489ae840d82ad,False,2
701,110,mlp_down_all_blocks,4,11,10,accumulated,0.015625,1.2095169873690828,-0.23951168425582248,0.8313170135908687,69879591f113b6a3de3a0825700aa6337f06907248c5a6a92bb6889b077ed3af,07b7473c994f79f2b91ef8a603e8e6b9294685ddd96401dc69e0d2a98c7a8b71,ee9bc49679d7a10fc5d35c8ecc1ce9049b52505445561ead63cfa660da53a7aa,83167ae194e45fe47c3b2548929f0a7afceea9fbae6b21ebde49a878753e332c,fc4bc83025456dee890f5cee4242eb7ef87a3c1f8e80c62c658997934561ea2e,19.63526864495277,16.32313289097656,17.12781214541153,004a9d8c12cf3e47472bf13d44d888a9015a3917da2fc292f59839f1ee65eba2,False,2
789,107,qkv_all_blocks,4,5,4,actual_local,0.015625,1.4066579140176396,-0.40863726144826584,0.7104727807120789,85be75283e7fc8e181c4fb4e40c20ee618788356ab5c0257e0714e427dcb8881,e807cc7465dd9ba4b8d0e1a455a92ee135fc48cc7ee9203d552031fe23374b47,440630067f76d7a9c0e69884658be00d0890c5063981add2303b27f20ffbe4f4,87ea05361c7db84d06c12c56724a69a23c44188f7b319bd10bfe6a853df75475,dfdf4ee78ffbd4976c6d1a8172001af3303dda600229619f24902c23c68d4df5,1.6221401953470367,1.152486455293044,1.1513238737888922,98e3b0c5ada182892c40dafe33f80874969106d0e8320b9ec5275253d8b34b66,False,2
789,107,qkv_all_blocks,4,11,10,accumulated,0.015625,1.2095169873690828,-0.23951168425582248,0.8313170135908687,c005f6abb5a42e32d3a0a8e3d24cc6b2dbfd9b6a197b9c5171e37d05116429e4,e3095f8a996cf49e3d18d34b6222aac5954ddb8ae0d1348cbc8d75ee1a1101ab,da53ebfc5a44fb278bc405b9e4f106a3aea2a5730ab4315384404d063e76d852,e17aa7c7f678db7fada899c42437a098ec94c92e3e714c3b6c4bf2f0b8dacfb2,bad9724fe391cc57f8a53f4541a2032df3fb65345830907c500030ae77dc7c0f,1.3668828163487163,1.1363129408156907,1.1430732649502795,8035533491134449ea99e5c6bff53ce3ec26966ccaf19872f843720cb8ff8639,False,2
789,107,attention_output_all_blocks,4,5,4,actual_local,0.015625,1.4066579140176396,-0.40863726144826584,0.7104727807120789,7bd3a55da3e74d38525f0fa6e0fe78eb5c7353f2c48c7b6e3438658ca2952254,04b56d6d9cc223e55c3f7d031f2e8f6244aac190126cbbd91de4fea9b8766733,e4edd03953f5453d6e737f80abaddf64aa0a6c370277df0a55198de46e7a773d,2d93e151ab16f3defd636a855dc10743baef3154f7668a0e66a738e238969986,2eec078dca0c651bb156c7dbac8f6c36934333866f4846bee22ac5eaccf086cd,0.16452843210660395,0.11689297266497739,0.11783737053713246,fab943049d00c25d836255b594b462c5994b10d961e8804d6a4b62c9acd9060c,False,2
789,107,attention_output_all_blocks,4,11,10,accumulated,0.015625,1.2095169873690828,-0.23951168425582248,0.8313170135908687,b6b2dc84d5832eb8cdee0320bd304418f1ab0f148fbea434cd608a65f6d016d0,8d4e494f4bf34ae94894e196aa0706bff72d59fb37d2ec32bd81a38d3dae0c59,7de4d48d67fd85e9e84acf5faf49f2f5727b911dee6f14ca17b61eed81df0b4d,0ed567e48b1b36edaf22d42e4f7076ec7d8b9f891142778bb942407468c47b24,7d12184a9cbda4db388a7285c67447930aa8e8c13241bc2aac34c65d6bde1709,0.18556298622857914,0.15426166754454593,0.17505112510823975,6c4bfe9a9c39fb75c2ff1643de9403f170124131521644ffd75a94a311d8fb24,False,2
789,107,mlp_down_all_blocks,4,5,4,actual_local,0.015625,1.4066579140176396,-0.40863726144826584,0.7104727807120789,116badd95aff3bfe84e78b58b6a75db169325f62b9acb73cdfcc87ec891869a4,d6406e659214e8d9774517108e0c70f0e6226f1e6f596d373be40675d17d0cf5,8ee8e63d5ec6d9ac64c53e12973bf11661d591511ae8fa2361de86fb54be3cd3,6d8ef0b3134cfd24af1e113bc44ca32c0e3a282b58846825b3ac6b9235e2b236,6ffeed4f32babf5bc6e4c5e8137207a6485489ad32407e56a9f63e19d8eddbe4,22.249803118169567,15.807879491662215,15.820319836746998,4eed2fcc84fa9f50abcdb7d786c4a4e89cd37d6a484126391b0cb7c8d9604db2,False,2
789,107,mlp_down_all_blocks,4,11,10,accumulated,0.015625,1.2095169873690828,-0.23951168425582248,0.8313170135908687,2e3ff95fe6c089d7e79ae32507234139a0ebe142c5b37cc5882e6cbeccfcbf89,3cf9bbdd8c01417e047d5598bd510954f9b3073a92eb32bcfa87fdfc48e74f1b,938e92107ca2789dd68f504266d9c2be80d6dd1004945bda6769b62a1fb53777,53409130a7eb541d4f238f8bd2a78aaaa5b2626abbe23e5667dfcb9d9daf9c71,2f28d85f682fb55887cc954c77354d30e0fe5a3af8ce4e02def5c0ffebe5c1ec,20.807673055441327,17.29777262422467,17.756261029547648,ece967f8083670ef76ffd12eb925c91ba9b5319c5a28145941b23b646db09079,False,2
789,108,qkv_all_blocks,4,5,4,actual_local,0.015625,1.4066579140176396,-0.40863726144826584,0.7104727807120789,db74242d6a0cb6bdbd46bc967435cad7ebcace547382aaef401afbdab852b0b5,a57cb46bf5c6ecc802edb598e8524f57233798ff8ee142838903817d4b5d2742,b3ddaa7a4c23bdd93577d04e80ff7b89f324afec9761a9a4b4450f12478a5711,fba126c5ea5db09259df38509acf4812fe45fab08b65600af1b5857ee872fe37,4ebbae914b4208aba881c7557898550d02218f937423d8eab01d3f4dee7cdc45,1.6515573385999494,1.1733865348605463,1.1718390787671382,b92c65e83d564909f6db77158a91f38e30b604e0981ad385134075a101838caa,False,2
789,108,qkv_all_blocks,4,11,10,accumulated,0.015625,1.2095169873690828,-0.23951168425582248,0.8313170135908687,f61d1f7b0e32812a5765389345753852912a6b7f97207b8319d0fb88896a0c36,123f755b8a840a696e6769999d002c5ff12544d98d98f9781707c80b215bae5e,3abf44527df4c586284c788de3411f64a4926f8083451e632e0a107d5d6ab087,ef6e645d8d03d98ee4c9922f19985e1425909d9a2bec4f15331132f09aca2778,3e6abb81a6ac5f24d9cbd8754ebf95b991ac0f18e7bf412ed2bc222319fa2afe,1.358139616328381,1.1290445698855578,1.1111979740970241,01a86ad8ad8d7fa7216a536c60bf1bf77e2caf92806857da78f75b220b919adb,False,2
789,108,attention_output_all_blocks,4,5,4,actual_local,0.015625,1.4066579140176396,-0.40863726144826584,0.7104727807120789,049a87270891141abddb75800245a7f038adaf4f2e3c826fd5d2db1b6a3fd1ad,9e80e0702d222f8110ed79c3e0e53a5386be9236e53a9526f9a4a881e56357c2,2d873b7742d05e66bcdadc09fa655657a25e87099de0560dc75f9c99a7bb97a0,342d5548e9f264b38a0d67bb9f9d1392a915de3127cb8873f75d669d1c98d9df,37a04c23de55cc36731612ba87cc9fdaa0528de5c366b5759b2cac55582d62bd,0.16915239191224862,0.12017817024599464,0.12074595811039718,dc7c6ef465417bd3156962ec4b55034cf88b1a14b79539fd92ea76c3d755ba49,False,2
789,108,attention_output_all_blocks,4,11,10,accumulated,0.015625,1.2095169873690828,-0.23951168425582248,0.8313170135908687,3a5cd5b3010f23c1feaf2d6e65f7ad870194456216f75c753a82dd824b48408a,b239cfeda19ec8f024b36738f299df268e3203cc166d8976dbc05d5199ffd538,8d2d6ea2b21b251b2f5aa1bf7331a9b5fbcf62a1ba583df57e25f160dfac1da3,f3d96b10bbb5fbeae1a224b296bfe4e3523b2902d9ce7abe66b9e2a4e706484b,6a91ea5f7285502bec198ecb91f370cf2a8b16cef29eccc2d96ac40f4f4bf198,0.15792991888571742,0.13128982852472276,0.13707988862745257,edea43b8fb0ceb79adc1ef48c1a66d15e69f2b205039228555ac42f2d36d8ca0,False,2
789,108,mlp_down_all_blocks,4,5,4,actual_local,0.015625,1.4066579140176396,-0.40863726144826584,0.7104727807120789,948758ca07610a5823a6011b8e0dc01710c7cc86191b8ef29901e2690247215d,79babc1093fa07ab2ee5ca374678612a4aefde1c24e05008bff4c38d7fa45c72,616f64b01981a5e9b5d7a97619ec01444e3004cf702761b99c53b78aa694a76a,d0cf371586ff778b48f1590a3e74d38438f756d33b7c599b6443ec119c9ecb5e,0a9260be5a348b0cfc2ccac1a1f3a5b8d24f8efbe7aecae27df3bbd78698f304,22.13214689184075,15.724287945374291,15.738222845241058,60a3465c583072c578de634dbc3bf3fbeaff46b035bdeb54d2127c02cc4c31a0,False,2
789,108,mlp_down_all_blocks,4,11,10,accumulated,0.015625,1.2095169873690828,-0.23951168425582248,0.8313170135908687,5e068d698489891d8f2576b4d24bac5f46e4d293032ef40c1ce44d635d924c51,b8003bad40ba21a17d428fe129a1db4b945e6639b71965c736ea649c7f4dd30b,eb3c252f15ed920bda9c7390eda48913d1524c4963dba62b38d53242062bc632,63745bbc1c0bf731517a8455084230e5ad7d26be0055c5f4a84ee67e205998e8,4837d2431a70be3a6c9ce5419a8be4f3877364409e770c2541154b1cfca40279,19.929587369320505,16.567805053961823,18.339588399263654,1695cdbaa61451f5ac514d231b46c9c71dd6af2d61c7ae0266fe0eb97d70d9b7,False,2
789,109,qkv_all_blocks,4,5,4,actual_local,0.015625,1.4066579140176396,-0.40863726144826584,0.7104727807120789,e959a72aa0bb803b1c28122cb98c56500f1444bebe8e42a33a3dac6bb5c86db2,46598628ac640be8d6771fa6cd9a086e5e6fb49263ab8f682179947c35976fd5,236c789248678230dc5f796ab3d53b504e22908fe166e3a74c0437f68392fe9b,ac78f596772a2ce3b757a64308b0f77fd99111186d295e4427528dc4902a9421,79d4b078f2ccec12a5cd439704fb7ac65a3307b1e7a539ebdb6d474593823301,1.6133659357117496,1.146252582651272,1.1443140352097758,fc7f93481fea3acb69dd5cdad339cd8f80cd9ac6f8cbeea54aa5a7fefd9dded4,False,2
789,109,qkv_all_blocks,4,11,10,accumulated,0.015625,1.2095169873690828,-0.23951168425582248,0.8313170135908687,47f3d8c344137fb16282f0d326c0f3a22e53bbf24b084d143f477aa69a09ceb0,2c96642ad8d747fa3618f9b353081ae5da826330b200c5422062b299eb4f3379,45bf7aa7f73759b63dbfbc5ecc90615a04abfdc9ed90c1319124b2cc4b664e9f,90879680c1a4a855139e5c79d2c9f79ad37ad06130cb1d5bb6f7cb9b08c9eb61,0515ee2b84a7cca8dcf55c6d1991ad09673d1e114ec7f97d2e5158b389d2b9f9,1.2925034361700065,1.0744800966127859,1.0322345613675317,39cfa5860c0c71428c5dc3d0aed3ece1272b2f0d052d6256f80f95aa40ad6688,False,2
789,109,attention_output_all_blocks,4,5,4,actual_local,0.015625,1.4066579140176396,-0.40863726144826584,0.7104727807120789,ef655e45066b4bdddcf25e13c3d33d7477c504964607dca4253bcc5285d84e46,87568c3e1f489e95690e4961761c219ed799e39f7179e86967ed9659cda17bcd,253f439a1b94b30f4a1cc46d1fff9288d7a9cb77c1e5c84bf4a920a311c55bfd,5fb774cfab77ce7a0ca0d09347c8bac18e1f988196297f36adb1680a4f4dd007,336c60fb48aa5649194c86df50853aecdb0a52c58c431e03db95f3ef71c7387e,0.18014060550614294,0.127984996913107,0.12864151513949335,472c6711159cad4ec64618c609094e46aa54bef7657c4384050c0c85451ffeb6,False,2
789,109,attention_output_all_blocks,4,11,10,accumulated,0.015625,1.2095169873690828,-0.23951168425582248,0.8313170135908687,98973f24c289bb8efcf5aaa139f78fdb0b827d211dea922d316a22f262c0541b,48c7038d281e7973fce1c5517b3b79330f70496cc48d4b0cc6c4864bb0d341e6,4e0c8b5a80811fe4119835f2f6517b0a235125f253af2945521d3f861aacd22f,8efe581b3bb241e042f33835a37ac51a3c33b64275238410944ddc3edd76b57a,3c28e577bf68e7320261037f7758b2ca96ed191eb49a37da1b00e1493c631514,0.17670219269978268,0.14689553913014156,0.15878174112605567,3a401c2d2b05f9d27b59ea890516feeb660d3797d3bda7936d4e34241fcb1507,False,2
789,109,mlp_down_all_blocks,4,5,4,actual_local,0.015625,1.4066579140176396,-0.40863726144826584,0.7104727807120789,1b617c6e95acbc7e768f8573862612c44212aa64c4c886a322bfad10dd7ecc7c,489fd805fcdab431f3604640b480031f51c09b1d2e959bf1b8fc47a03d9e8a89,74212c1842ec8a82951c743387b187a0c91c766d9bc1dabaa1eca042cb1b62bd,201297cbab023a886c00e08bbece7569ac29f3efc0b7df7f5780e05abb2a0ed7,5256a9b1d19b59e1cf3ec6a8957811d9dd91b360552db65a97985a2b06dce226,22.462437811440616,15.958950653466358,15.961603206527807,4cd89cd67383b47602d894260b6025775100d6e9e20ff98a7687d9a7722db4ef,False,2
789,109,mlp_down_all_blocks,4,11,10,accumulated,0.015625,1.2095169873690828,-0.23951168425582248,0.8313170135908687,96b2d867a3d6259f8f87e4eccd6647d8b2998f2962829d28a13015d091684148,75d642d46c9ee45b9a9f06a11e30abd1efc6d8c4b32e483ab0afcac852f0af1b,ead3c48c6699ed21c462e216d3d666d2aeb43fd23cb5d666ad270bff94f7c08a,4d82b8d0213712c7eb4f2e68171bb69b4e85b1812900c322a7a2762a503c71ca,c6dbaf9574f84f43c5971ed970f05ecf1fe12492a8d3e46a1c0a4c62e3b49030,19.358263411867213,16.092853727858834,16.299462105360863,3d7dcd2eefb7bfb82e1de253c43d81da9958d874db0bba6c0bf6ccc1b0ba70de,False,2
789,110,qkv_all_blocks,4,5,4,actual_local,0.015625,1.4066579140176396,-0.40863726144826584,0.7104727807120789,d1931e20ea9c3e988c1274ab7d3cedeff6e367c251dd3c62409a92ac3646fabf,25fe420f2619611acb5051627994d48f9fd41156a7332359f3cf14a19003bb8f,b3a6b4fb050c1d4bc6370d3f1bfad473bfe9126dab02626fb0e4ab338d9f217e,0777a758ccf73dda2090f65a842015f46016d9bc78250d89d15db53a48199704,85bdeffde06980b14dfc93220b402b6aa6bb64ad4ae91a1d8b87b8ec7d95842b,1.6015618740678441,1.1378661181514296,1.136800090442729,a5b0df52455b5e34a5895e2684b68ad9de83ea12f91e02dc2cbc35898cb79630,False,2
789,110,qkv_all_blocks,4,11,10,accumulated,0.015625,1.2095169873690828,-0.23951168425582248,0.8313170135908687,ff71432b343fd721cb542463e6981314e1c37ff492fd282894cb8230264ec100,654ce3598444430e184b3f6a8ae62038a9a296b66c33dbf774f13589d1fadf1f,afdae87b2ec734276d550ea2fc70547a3a7c5a0ac6c8c29eecddc0736af48815,4b3997d4278556f2ba71ad2e207ee72d362800df3b91cb3dab441e05b4669023,aea82c3b4e368ec0dcd822e850bac97f72ae78b8f7609efe463de8bc2c894bfd,1.3277730087189332,1.103800292334786,1.0911681060184075,e2a14b6f2fa9dbddc726e3697b50a6eee25aa0a601b01792bbb950a502d42bab,False,2
789,110,attention_output_all_blocks,4,5,4,actual_local,0.015625,1.4066579140176396,-0.40863726144826584,0.7104727807120789,8f814816afc69f86ba1938ffd77ce39b2355276159e82d992d92b234418dc733,a3310f651bc08de44fdd68ace2495568f6eb3145970172b236fe1e80ac307617,6dd9420a9e1415e6bfee2a726d00b9fb3c6bc3217486cfb0b565398cd7101cc0,fd6fe1b9f896c2edea5ab2bee0060a4bf03a639f28b77a86805fd4135eae0c47,6ec22cdd4770ca47642c67dbac8e1901f193ba5362ba316ff8c6074d8216470e,0.16878529506288106,0.11991735792663383,0.12054910904493006,e9f8e1d4c56c0a6f9342969cf87ab6f52cf96c9db1a5a216d052e1d821e0baa8,False,2
789,110,attention_output_all_blocks,4,11,10,accumulated,0.015625,1.2095169873690828,-0.23951168425582248,0.8313170135908687,1980b4b45f1ea3533215aa8ddb8dabaa43a392b1d20efb9499517a9c894c03f1,4733f3e9f9d447464b1d5e5a070094bd57abf7d6c307cd94d8d498af177dc6c6,728020d7ccb5a6c9a76993c9dcd35d32fac22a858447f0156e93dcc1805ab328,656957fc1ec0df7fa309e6481482a6eee19135b370d9f4a4607335f9c3e3defe,ad91cc61ff7363956a9303ca9c9b5e23d440d641ec72fc5463e7b70d71b435f4,0.1746909809834016,0.14522358461238066,0.1600587560838912,880651ca8536557d70be1cf5147e43ed78c2054653fd5cedfaee79e10d19a5a9,False,2
789,110,mlp_down_all_blocks,4,5,4,actual_local,0.015625,1.4066579140176396,-0.40863726144826584,0.7104727807120789,6ed3370da2de06841137d28e7fe919a0268ce50348be1333f31d7695b5b51966,e2a9a216ed5795198b6e567ea1a8b455aee08995ff0b4ca61733166076cdbf4e,93805000a228cd451bc398102b57c9d7c9ebbad12fd68932b57af252576c6078,8103b01796d34b811cea4735960c98cd1a54e4b5fedfa6f36ebeaeefd66f8c5b,f120f2852126b34a0d4fedb8ddc086656f89c3fb5a7691c70984c4e84eecac95,22.44891028286145,15.949339712620555,15.958310551210692,479b71506a16aab3ea5f76bf5e1a3398db211b7d0f044ccb2accfd9561990da7,False,2
789,110,mlp_down_all_blocks,4,11,10,accumulated,0.015625,1.2095169873690828,-0.23951168425582248,0.8313170135908687,22eedd6936c10389dea143a0b6fd2877458075d6e2ae00c28e2d13fb2be5fd52,5d4c3a3f66408df4f4c72dfa0bd496a16a666b265eef3a2eafb35af68ae5f08d,2e803ca77afc6ef8ca6575d77af8ae34bcfbff365bdca76467dc30edd5085554,49ba20ea6be66cbc247e50faf205753fbc3e15da60f8790cc4b1bf9598e4cbb8,17f19bfac119954a5e89dd609eb99bcb8f776d91cfb269880c6c2a88f039d0b3,20.272157052363095,16.852589059815557,18.194026922806373,59cbe3ebb013c6cee9423837c736b3dd70f0e606a3bfef1e66e6e2579191f549,False,2
887,107,qkv_all_blocks,4,5,4,actual_local,0.015625,1.4066579140176396,-0.40863726144826584,0.7104727807120789,e6bbccf034441baa3870d19b32bce59edf6314b2733f44b52751bfb9abeae773,8255a1cae795ffa01ad199762c2d92d09332131fb7087d02500e1de6ada63ab1,dd9e418ffcd1817f8d6557e9fada030d1a74ef6e7379059d5eb37c5b0d5e2cb2,81d1e83ec7a1c73b79b1aa04e8395517dd346abcd212fc46d00e634282d54a79,71a812b11963e0bb29f7c52bc33b9d243e218bffed4a09c51867523ba5af1735,1.6225984326953804,1.1528120204561478,1.1513882762395116,d18b96070e6ebe68d16dae4a43adc960fffa1d986d8bd83bf52fce40ad88f367,False,2
887,107,qkv_all_blocks,4,11,10,accumulated,0.015625,1.2095169873690828,-0.23951168425582248,0.8313170135908687,ba24719c6fa7400118afb17ade7467435276ab62e48530bc363e4c9e06015442,9d7c9641ab50b69b4f9369213c9665e908158741ec7144efbe94e7ad7b0c856a,558a3283d837aca6893e0ed37aeb54b1a74e99d7e33f82fe08a2a344f751eec9,41d726613adea94a6d58f15f8286d6f801500c2d830306427a2acc32a13abe76,308e7597be7559c8b31060e6b7b900f47147db792fce343050dc13525242de3e,1.3312319552704623,1.1066757734521737,1.0790647817503183,48c2c6329b8cd3a838c4585c4b80ffc0ccb8d74a63a8f37616c69672107edfc6,False,2
887,107,attention_output_all_blocks,4,5,4,actual_local,0.015625,1.4066579140176396,-0.40863726144826584,0.7104727807120789,bd4389b021ca96889ebb4f426cc2cb77a23a469502f4c1fa67c8b51cd89bc9a5,65f834af4660ef03159b39ceaf397beb9fcda98486ede0d5903c6ce676c8d68b,937b5ad4fad423d8d1f940e55a90d2d269311805912d8ea633c9856782480c47,189e91a375b20d3c28b5fc0c66495bb26c9883c7f870795db8692932ee4c47ab,7237c579d3e7a4911e9ee03034c521c3ba0a5c3dd57b46f25b0eb96fefa545bf,0.1816696387565352,0.1290713334183144,0.13097856853859807,4fa726ee8c9d221445e5854c9ce7d208414f0a5a3d331f6ec1aaa4fa3880a70c,False,2
887,107,attention_output_all_blocks,4,11,10,accumulated,0.015625,1.2095169873690828,-0.23951168425582248,0.8313170135908687,07f3d703db1b300b433cdb73dc52ab973e950a4775336e08f1d415e674229403,aa5e704b9b3cfc4dcd5569fedb2a70fdae8ba732a5832e8395ccaa8d982007f8,ff637c37cfb23505cfc7f06e84d6ea3d89d95391a3e438e5776637945416a188,a66cadac5f3eae5428bd6ad1afde70d46518fb56983760fb725d75210009bd6c,78c21600a3eaf7a651eb4fdc6b5b0cce62ab0221f2acc1628b633a0f1a6331cb,0.23548178664627437,0.1957600156298229,0.22723567747176715,322d42a51df0c243eb903aa442d9ef927520510e2a470b8f70844dc5879b7a49,False,2
887,107,mlp_down_all_blocks,4,5,4,actual_local,0.015625,1.4066579140176396,-0.40863726144826584,0.7104727807120789,0c01fa44e86c2e8c864118f8847ad2a9fd587e54b1cb4e8dadbd5c8581d84fdb,cdc4969841143a019b57d2cc860b823673a33514045ab75b0d801909e00abd8a,640035faa448140f05ef1cfd7cc0d0b332131554ee0ad0eaf07228e28d066adb,4a875a044a176883c4cba49e514691c21f7bdceb2922407935863e71f653b9a9,8839d0e09d0e33d09d64c5ec739cd3297b3d6941102ecfff7075f9bcd1fc231f,23.262141704544252,16.52711850214597,16.518111141684518,0b04f638ec7de3e508bc8c0b63aeca10170df57eded3e1e257e41fdd951cc49a,False,2
887,107,mlp_down_all_blocks,4,11,10,accumulated,0.015625,1.2095169873690828,-0.23951168425582248,0.8313170135908687,ad264d34b35d65486c02746f63a8721f487e47ca29bc1fb115a4a19c0b520175,ab6342c5f2a2feafb5dfcc0f2b7c25d997156ad410994ad4239f3be7468925e7,20b64461b57aad82613f3e4a53fd9be9931ed68e8cd667fec0b172694723545d,a2a59989cd93c03c8e896da32eb4f6c7e5b43d6482ebe5a116c847f3f9e60017,4dbc80105f956fd6b70f8aba9ab161458c119e39b7243efe12a5956b96bbb55a,20.005642112073733,16.631030655576854,16.982507514924908,2d0f7f4fb9ab549a9cd806eb9b55dbd8a791588f2cf6ce2800760d60ed6df5f3,False,2
887,108,qkv_all_blocks,4,5,4,actual_local,0.015625,1.4066579140176396,-0.40863726144826584,0.7104727807120789,e5e6373a2b5673bf108aabe0b7a1f52845ed4d01b60fc562ed09520e79fb4f7d,3a20d3563b89e9f974d6d772e8273085da172f36e01ade84e8861978eb48d875,ec11e45c567b3c3eeb55f7a9c2000531bc1248248d750614ffd8127fc3a9bc26,8090d30a23e81ac7db3736b4da21a124af62b861f86627f390e4e1a7382bcca5,8b704d41d18d84c5de11dc51dca9c14c09d07315f4898d0e065b766bf65af0d8,1.6539876895101848,1.1751132330298475,1.1737418136623723,45e61f1dbb7be1b1891a94f42f5d45f1f32d80ba2b50894dc744c05b66e88082,False,2
887,108,qkv_all_blocks,4,11,10,accumulated,0.015625,1.2095169873690828,-0.23951168425582248,0.8313170135908687,675e612e38e7e0dc807107063bd3f1c0aa340be5aed3de177288bb65cf1d5492,d11715aa8320fc7486337cd9fd4ec7cca99bd79dfab25c9645e840bfb5cdf09b,f47c85c48da8ca2908c97fb45f357595859d621868aebd99e6531167e21919a1,77511df9ac688780f99d74651a3b7aec308963b18beae291edeef9e7ea5ac40d,0955f86730db7235f313624c5c1b18c05606d6ff99ee4dbb0a3ba18e88f95ad5,1.351410830300031,1.123450815579378,1.0933703144995623,6bfc522c055d5af49a69b98f11bd742e6efbbbe855c93357ccbbe7998c470814,False,2
887,108,attention_output_all_blocks,4,5,4,actual_local,0.015625,1.4066579140176396,-0.40863726144826584,0.7104727807120789,0afe2ff395782333a2fc9a6c6fd575b46df89212edb4d340d5a83dd567c8fcad,fdb2e6bc2602835207a0e587c002e635dbb4dd1347f00196f0379e63f2dbe569,6cc8dc0b6d0fafd1a80ba23342304781560fc94b5ffb3ad345ecac7e04786c93,4922c53c6002aff65f61510cca501f81b4bca12b189f46d45a014e1212102094,dfa53637a543d7b4c733ba9eeeec8a1aa4776c00e30de230ed64f5ae1697607b,0.18249677211988646,0.12965898915899432,0.13024814466400242,bed4aa985a24df31c6fffffda27b08c47b65bd51b655a0e852f1c9249c383289,False,2
887,108,attention_output_all_blocks,4,11,10,accumulated,0.015625,1.2095169873690828,-0.23951168425582248,0.8313170135908687,7b95efb3a79389f9f026c19869db90555b14b4373e3127ae12e1a2bcb6705e69,cf00c59f812bd475e979d5a9050920ce32c3d41859cc1b059f3bafb5c0423a75,2c5c6c67d4e02dc892f4ff04f1e54acfca4e75c6de47001dfc766e47091307d9,12cceadce7dd05d8d004f3778d902a419b7b1b6ffd02c2f32b431b8dad1e0db4,d9fc5e31365fd4a97285b0ab7764f74b48b6b53e79ecda7ba707d494076e7c58,0.17056794505269535,0.1417960346955381,0.14726973758202114,1410209d363c48fe26c9f06c8682fdc7231343bda80acdf18d99b24f50bda074,False,2
887,108,mlp_down_all_blocks,4,5,4,actual_local,0.015625,1.4066579140176396,-0.40863726144826584,0.7104727807120789,7b5d285ce8cecaa4708bb4e2d16e56c999d0f9788a4c8c457979b3136ee23315,0ab892bd309dd0d7151e877fc6a4eb7217c041d083b75b2897e225ef74a4ded7,02725df73335300bd37a21e9d09b43a4cfa9e6be96ee58a67559d045c190281d,5c85e71e9a65dc9bc034502dd672465983981af0f63fb3cc4064da459c77ed4b,a20cd49a8bcf90d25768c56c40d99b0c14826983e8b036e8ebe355960c0390ee,23.01560557462645,16.351961292377275,16.35831388884522,56e96cbea45a63893fd0580633f2c6f469b8a08378434be2c99589764d42612a,False,2
887,108,mlp_down_all_blocks,4,11,10,accumulated,0.015625,1.2095169873690828,-0.23951168425582248,0.8313170135908687,af22b1241b0ca1a11ca49d406fa535e0155eb14e7824cae22195889be7515297,a4b21f90e2f324da56385ee4b73a45c0176f03be38addea56649879252a3c557,538080e27468c1c0af61f423ae836a624fbe2c72b781553a3be7a506f9e8d4b6,6b7a762143280fc3c644cad9b85af995288af7e0ca6004ec29773b7ead84a497,bba76c4ad6dc61b04e9275468ac0f564439a4bb2cdc67b67348b4741ac04f8d9,19.729286671004317,16.40129167561744,17.411305875470628,b40d9d7539060d5cf9b801b1d9e49aba04064400f176378f9f6cd90b2e2ef853,False,2
887,109,qkv_all_blocks,4,5,4,actual_local,0.015625,1.4066579140176396,-0.40863726144826584,0.7104727807120789,c1ee49a34025518d9b34644af0d0621b8609a3ea7fbe36b97cd099e58d92fd8d,f71bbd20087cdd99ad97dc653e6098ed576bccee70eca121b65458c0f3a642c7,bd199d58fd54405539ce5d874a6612296f594373739535e14c462b4442b66e57,c757fc36c89683345e7cf8abd63adea5cb0f39552aa2593e61410ff46ddee000,1160d8572610750adf32d3cb56381a998ea06c6b197b3fc0e02eacce4c536312,1.6145611943882823,1.147101781406858,1.145782540584795,3b6497a2a4ff27cd62886d2d7eb9e6a9bc17f5498932bd6edfe3216f859ce677,False,2
887,109,qkv_all_blocks,4,11,10,accumulated,0.015625,1.2095169873690828,-0.23951168425582248,0.8313170135908687,a7369256746a9383281b6e1716a23b41b07194667b661ae38446a705c8990d95,823d9f2e4d9500fc8f94a8b62f6eaef0ff71e977d0cc5cb0356d4ded6fbde57f,79443d8b0e4c2048168bbbaf648da20bd75244f77ea9b872386429060e1dca18,082e0ef32255e57c41e7fb5a2621bab03f8e13c8abe83fd80b24c38f70a8b2eb,9791299716e9ac098dc8589e68e482c3a4de7371d16bb4435d1f67d353485f86,1.3272141615044206,1.103335713137364,1.0787490863535136,2c710bb7dc1d7239b1aa57fd40bdcb245b72918c287001b9d07f3a108867d10e,False,2
887,109,attention_output_all_blocks,4,5,4,actual_local,0.015625,1.4066579140176396,-0.40863726144826584,0.7104727807120789,4fef47490be81766df8bacb43c3a3daed04dd9621a3f1a8db09ed36a62206e26,cef66058e82b5cd0e29bbb335a8ead42f4ea27a36bbf220a6425fdbef615afd6,7cbbded1917363f901ea7dbd86c66c2052793d13b29562c8da7df8e481fc8595,feab30eb81189192a6ecdbf863af6f864b307d2b6477861fe53b43b7984d7249,919375dce93b79edc48300b5347da1104ab0538aa9ee847e921e7e1c9a650434,0.19798421803990032,0.14066239792791452,0.14317141178876638,b203f345157fdd30f98e150c035176d0f8543754737b21b781811330eaa784b6,False,2
887,109,attention_output_all_blocks,4,11,10,accumulated,0.015625,1.2095169873690828,-0.23951168425582248,0.8313170135908687,e83b430827883ef0fd0cbd1daab72189d9b8ef44815271eec5134ba02f05b3e5,4bbdca07f923dc194b12a65819a56cde1a985f93d227b9d039303d821c9b2514,a3b05900dbc74d4703785425431d576644e914a90ada8a6fe87e53b31d927f95,53ee4a1f04ccbea70b97d3c2541121b00f0c59f6dcb3b1951faadee769f6a18f,fb5b678958b373a699acb49378b7896225da60e6e4e3141d2f69a02df55b031c,0.25733930115435805,0.21393053931520212,0.2510629633809015,48c32270f85ce0bb899b95685d7fd0498b22a65f2757b0f3482a71da99dce0b6,False,2
887,109,mlp_down_all_blocks,4,5,4,actual_local,0.015625,1.4066579140176396,-0.40863726144826584,0.7104727807120789,9bafe1d5a96d67fe6b0321bbf44090812799147c00f16c6a404e05a43300e514,6a37bc9d4777cd45519d5d2ffcebf290da3b3d0174e843f02e818cff7914bb69,54e578ffd9bff5d9fb29e36c449fc63cbc3fc8cf43e5149704e40e29209967b4,59b6a8236ccab4c892f2d6b43f17abd6db504d201813fdcecc02f0b8b4fca139,add4cbc388b750256748ff008455ef4fcb74d7ed3f7c36099035a59e1f4811a0,23.43115529068532,16.64719805466974,16.63427765275553,1706f3cd6eb989a57a399cf08a6a70ce842c6ff671ea5cc31c18726c06fcb4b2,False,2
887,109,mlp_down_all_blocks,4,11,10,accumulated,0.015625,1.2095169873690828,-0.23951168425582248,0.8313170135908687,d2692263fcb0e29b5a7c2c1bd71e0e28899f23947516d11ef24e717930805d1f,bbf33888dac018d4dae7b9c65adc8a2aa96cd0f83ec09deab568fb5e170bdff0,19aa5810279a73f2c820519a1a3f99d0c04fe6c8e6d18a786363435f0caddfdc,8673a1c4ec778bb70636e90855f802e9c9d9fd58bf10d5fb162f53b9b70352cc,3fb58d68584603ee47818e938256f0272b999f11edbbc3dfb657d8a31323c1b4,20.239888383899135,16.825763566715544,16.99940511769009,555911d83e8607ddf6c9a59c9ad86b1a17c336676651f0fce9add6382c855c07,False,2
887,110,qkv_all_blocks,4,5,4,actual_local,0.015625,1.4066579140176396,-0.40863726144826584,0.7104727807120789,0627e59ed8780c3dff7550d23b5871cc3d75c7d6c52bab0253f08aeb861e3a62,c465a8f516ba31283475255b7e6785b3d3f5eaa1fb2de317b2b9212959643979,b2159256324405fa864166b14ad9476c7908ade90105f661c75be561924f58ee,492749255eadb28cb9f5402ed685e7cad59f520e5a21dae1a1d474f92e86551e,9f10e9495882cfe453e4596eb79e08012fe331441531b2f2f5398edb990d2e1a,1.5993858206386136,1.136320091420586,1.1352778793983176,f20d171ea1594890a8b054c2f67bdd134c9af7380aa02d385dfdb66def6d8f6a,False,2
887,110,qkv_all_blocks,4,11,10,accumulated,0.015625,1.2095169873690828,-0.23951168425582248,0.8313170135908687,5b2728a30ceb85ce53d7d28ffc547b024220c7f3162492fa25a5a383a537f25c,dce46835969f93e22a085da18205fa4a040256aa8aec4295ccb7e4cbd55f19e8,f8093d1800a953cd399efb01864a7e2fea107758255e840e1cec9c3b7ee2296a,cbeac2b26a9db5c2d55fc3002fe269e5df74ed37425a69fa2e774efcffaebbee,c684c26efd05f1fab67e3fec40eae63ad027c796d044d74d63765ca26b949353,1.3101319573662544,1.089134986207674,1.0599959435548796,3ac3ddebf8e948ba79fc5c01c44e6dd45f90eb7a9c687f1a138d8b3376071841,False,2
887,110,attention_output_all_blocks,4,5,4,actual_local,0.015625,1.4066579140176396,-0.40863726144826584,0.7104727807120789,45b2095ebec880007086199cfb65ed50532f082102d33bb53cab58d8b4b57c77,cdf363b10828adf8cd25b05e9fd668dac6d7f7ee8aac2af227667b900a3b5ebe,b28e41b84aeba6c1c60b85a676464a98b71bad55d3fa44757aad2772eaacaefb,513bb9349f38e15217970bb53639b744118dd822978676e1c95ada93d243a60c,ffa5495fd1fbd204b8945e3220c2fa0586039487ae2150c75dd7aad9de7b8f6c,0.17662861359770668,0.12548982225608196,0.12588011463457954,af1bf4b5c8fe11d0ad9497974d1df5e7580e104f1d1df8a1eac8714916a599c8,False,2
887,110,attention_output_all_blocks,4,11,10,accumulated,0.015625,1.2095169873690828,-0.23951168425582248,0.8313170135908687,8756614964c4dff627ee7c7396fe0ed6c4f125859807df944f340f26802efbb7,36f998f37f64ee1b539666d435180b31d8e12189e7200dfa60bc0659d93393ed,809bdfbad17d9fbbd600217ed914b4a8c2fdd0730e425411d1c39ee16e627421,e8b1544b121ceff61a98e717ffef22891ea194ad1a96393875c279fc3d845297,6e854a8a0675f04c5bcbf20f2e0698e60700fda38bc0d7d55b9e80353ecfc2e8,0.16109239439765335,0.13391884822285957,0.13709574540892028,30f55e8c77e5917210148458f61e83f6e6ddbeb224300a68d0f2699069553c92,False,2
887,110,mlp_down_all_blocks,4,5,4,actual_local,0.015625,1.4066579140176396,-0.40863726144826584,0.7104727807120789,067feb0c5378cc5989eacabfd81f0cbae8827e322ab5600d9ac7f5cbc34b1217,c4a251410c406dc20a36ccc7afc94e120f78f721f1e9b98881ba35209b927775,9d74ddfb9c4fff8fbd1a1a8222e8743d62db465c8b27b3e5240abc5ce2451c7b,7b7e1cc59b65faa5776bf3cf36098041667154c17316bddf7742fa6c50af7663,93292ba4b613735f54f92dea4e0f5807aa472f62e5ddcdc071bd76614da63937,23.528950583523738,16.7166789483132,16.714347122126878,e639be45cff2cb09f32b080d73837c4434431644f4040143081406897c9f0eca,False,2
887,110,mlp_down_all_blocks,4,11,10,accumulated,0.015625,1.2095169873690828,-0.23951168425582248,0.8313170135908687,db848faf344860ece7afa17d1d91a8998eafada024723324a7c7573b1ec98fe5,33868e1d371d5683659a3ca21565709743e58af183013e4739f8ce409dc95182,528fe0a6eda362aeb0087c9c4ea4a96531f4f4ad34ca2e735cfd28b8fdd9163b,d6b846b3ab16e313835932c6d764b5a09070d0c3d6e88ef985422668386b314a,034f0c4df0be05060c3fef89b44969399b17fb7812e0b0344ede408ebe54374b,20.795593430352895,17.28773062637086,18.60700423082888,fe8f9e2a6c489c7b046a3b73881f5ac9d65e21f10082c16b94e954341ab6139c,False,2
