class_id,seed,group,origin_event,probe_boundary,a_norm,b_norm,cos_a_b,two_dot_a_b,remainder_norm,scheduler_difference_norm,lambda_oracle_projection,projection_resolved,parallel_mismatch_energy,perpendicular_energy,remainder_energy,scheduler_energy,two_dot_parallel_mismatch_perpendicular,two_dot_parallel_mismatch_remainder,two_dot_parallel_mismatch_scheduler,two_dot_perpendicular_remainder,two_dot_perpendicular_scheduler,two_dot_remainder_scheduler,cos_perpendicular_remainder,perpendicular_plus_remainder_norm,scheduler64_closure_norm,scheduler64_closure_tolerance,scheduler64_closure_pass,scheduler64_energy_closure_error,scheduler64_energy_closure_tolerance,scheduler64_gamma_oracle_diagnostic,scheduler64_err_oracle_scalar,scheduler64_full_minus_oracle_scalar,operational_closure_norm,operational_closure_tolerance,operational_closure_pass,operational_energy_closure_error,operational_energy_closure_tolerance,operational_gamma_oracle_diagnostic,operational_err_oracle_scalar,operational_full_minus_oracle_scalar
123,107,qkv_all_blocks,4,5,1.6338944796755364,0.474050759238242,-0.9994920833042278,-1.548311024555817,0.0002862325761594934,4.559726249446417e-06,-0.289988115411879,True,5.670927858489263e-07,0.00022822429316531403,8.19290876549002e-08,2.079110346989069e-11,-2.116523576951683e-19,9.90898878382031e-09,2.9157467272690543e-12,1.2300911297770759e-06,1.8756156966326834e-09,-9.116573328226468e-11,0.14223526834404662,0.015150455880360368,1.0654655581942011e-16,2.5169486318177633e-12,True,1.0842021724855044e-19,1.0230113315157379e-12,0.7100078578973953,0.015150454451831953,-0.01486422187567246,1.0654655581942011e-16,2.516954591654582e-12,True,1.0842021724855044e-19,1.0230115123314191e-12,0.7100078567125307,0.015150514027999969,-0.014864404410851075
123,107,qkv_all_blocks,4,11,1.367836703566818,0.2710424433148378,-0.9192255057331544,-0.6815906412299004,0.008220784438564012,4.01569061131754e-06,-0.18214829765975848,True,0.0003392355045016807,0.01138871857765229,6.75812967853362e-05,1.612577108582384e-11,-2.710505431213761e-20,-1.0844868397401702e-06,1.4758391614213127e-09,-0.00017526602524972783,4.86696653056088e-10,4.6371971507457137e-10,-0.0998888586495313,0.1062122113939254,5.67503667985749e-17,1.177923228567315e-11,True,1.734723475976807e-18,2.161918486684984e-12,0.8178732256664418,0.10621220731371234,-0.09799142287514832,5.67503667985749e-17,1.1779233418583689e-11,True,1.734723475976807e-18,2.161918730923114e-12,0.8178731963761209,0.10621221187486193,-0.09799139825145321
123,107,attention_output_all_blocks,4,5,0.17356245554246436,0.04971900052156698,-0.9969355230051082,-0.017205814735028493,0.00024151349110747723,4.449167456246065e-06,-0.2855838702750578,True,4.684270921902233e-07,1.5127431231050684e-05,5.832876638692148e-08,1.9795091053719082e-11,7.940933880509066e-21,-1.0886501618068669e-08,-4.5642550407072965e-11,-2.014129868599062e-07,-3.134735610570705e-10,4.659936920256075e-11,-0.10720955288948385,0.003870962026496476,6.2395830665696184e-18,1.3929616724459253e-12,True,0.0,1.001544188760115e-12,0.7143703069318921,0.003870953856417812,-0.0036294403653103348,6.2395830521963655e-18,1.3929579478709988e-12,True,0.0,1.0015441594879498e-12,0.714370114816076,0.0038709218731362164,-0.003629270966150172
123,107,attention_output_all_blocks,4,11,0.1704575666516486,0.028159964053435585,-0.7923159218171109,-0.007606357955409728,0.000221813403371816,4.071159383802179e-06,-0.13089232889808317,True,4.149554425889386e-05,0.0002951766218827637,4.920118591538795e-08,1.657433872832054e-11,3.5575383784680614e-20,-3.630568755523829e-07,-2.472303620999102e-10,-1.1429025019695814e-06,-6.73355727201411e-10,-2.454740468528045e-11,-0.14995136492247507,0.01714884604183936,1.1781130938684022e-17,2.830888876884807e-12,True,5.421010862427522e-20,1.033521540795005e-12,0.868942350242942,0.017148822887986383,-0.016927009484614567,1.1780756766302694e-17,2.8308863410678874e-12,True,5.421010862427522e-20,1.0335214479390897e-12,0.8689422376646145,0.017148802991253303,-0.016927007561071725
123,107,mlp_down_all_blocks,4,5,22.078233093215815,6.393442380533774,-0.9995985678379737,-282.1984932457507,0.06150176649596916,4.21975198228365e-06,-0.2894650047471394,True,1.8867416123986404e-06,0.03281137969696853,0.0037824672821247145,1.7806306791986793e-11,3.1509625637859973e-19,-7.288501292797476e-05,3.09120188468566e-09,-0.004027056361757724,-1.1489648031211026e-08,-7.918419116681677e-08,-0.18074149737666867,0.1804627125401132,1.4531163669649128e-15,1.9026589346301726e-11,True,5.551115123125783e-17,4.2495792346019886e-12,0.709333318356728,0.17850182582746876,-0.11700005933149961,1.4531163669649128e-15,1.9026565058598624e-11,True,6.245004513516506e-17,4.249570478118888e-12,0.7093333693222935,0.17850173913202208,-0.11700061625007907
123,107,mlp_down_all_blocks,4,11,19.256960778705846,3.4881082055719146,-0.8526295943930055,-114.54287856053723,1.6812312695653262,3.685413144501528e-06,-0.1544410002540165,True,0.07521710434105326,3.3218404853462657,2.8265385817642383,1.358227004566464e-11,1.4224732503009818e-16,0.07634813942225763,-5.038310169797666e-07,-2.8747433045613855,7.574078160844442e-07,6.971764208496036e-07,-0.46908573876194143,1.8093191433655695,9.525395091287617e-16,1.8607298577351664e-10,True,4.440892098500626e-16,3.4352010063124303e-10,0.8527870707688339,1.8039572381563271,-0.12272596859100093,9.525142351706103e-16,1.8607301145978126e-10,True,4.440892098500626e-16,3.4352019570792325e-10,0.8527870230698803,1.8039577121975798,-0.12272623528720472
123,108,qkv_all_blocks,4,5,1.6579375966552663,0.4814288231657404,-0.9996786567324657,-1.5958449132187666,0.0002961286965482436,4.672462071542712e-06,-0.2902848214706902,True,1.5776795442726814e-06,0.000148933910440323,8.769220491936174e-08,2.1831901810005205e-11,2.8023555664316493e-19,5.476629323325589e-09,-2.367527863290825e-10,2.0609839497063064e-07,-2.608569685319382e-09,1.1620454705418196e-10,0.028514602556711,0.012215879053110055,1.1042638065177896e-16,2.2280507205071358e-12,True,2.168404344971009e-19,1.015081085721381e-12,0.7097138635898009,0.012215878858577098,-0.011919750162028854,1.1042628745557375e-16,2.2280396977613824e-12,True,2.168404344971009e-19,1.0150808149927787e-12,0.70971392043418,0.012215777754864186,-0.011919416081619776
123,108,qkv_all_blocks,4,11,1.3631843744329746,0.268943200649721,-0.9667731422220269,-0.7088751315148647,0.0018897782334346314,4.05114268097564e-06,-0.1907350671324497,True,0.0009036668392760509,0.004726772276710188,3.5712617715633162e-06,1.64117570216225e-11,-1.5178830414797062e-18,2.037172243886871e-05,8.782152087484265e-09,-6.492603516677442e-05,2.041347754939628e-08,4.3034784785618505e-10,-0.24985940688062636,0.06830386155492951,5.559788008457229e-17,8.476266491391204e-12,True,8.673617379884035e-19,1.5589456065029897e-12,0.8090163684364071,0.06830302109970225,-0.06641324286626762,5.559788008457229e-17,8.476286315691191e-12,True,0.0,1.5589485707419136e-12,0.80901626128147,0.06830317307836004,-0.0664132766443806
123,108,attention_output_all_blocks,4,5,0.173876970602605,0.04993166010828623,-0.9977746010197762,-0.01732528991791448,0.00023664959045509038,4.589121834855886e-06,-0.2865275491638567,True,2.720389722107692e-07,1.1084251802767177e-05,5.600302866256201e-08,2.1060039215151056e-11,1.2281977735187355e-20,-3.2829878538707054e-09,4.2922666597498296e-11,-1.4481262573469947e-07,-3.9799519810287263e-10,1.028112545453638e-11,-0.09190041736870348,0.003315937605820568,6.309220579994966e-18,1.3356217840077123e-12,True,1.6940658945086007e-21,1.001126419819005e-12,0.7134543507078734,0.0033159361123000705,-0.00307928652184498,6.309140661405067e-18,1.3356169611131879e-12,True,1.6940658945086007e-21,1.0011263874458685e-12,0.7134545873538208,0.003315880863982638,-0.003079165064283438
123,108,attention_output_all_blocks,4,11,0.1613421530316542,0.02801552531549546,-0.8543971821339452,-0.00772389606914599,0.00017593278813087362,3.73941822459842e-06,-0.14835791785216462,True,1.0753745012663791e-05,0.00021191908944065817,3.0952345939502865e-08,1.39832486584588e-11,2.795208725939191e-20,1.8337400651720774e-08,7.728027743379023e-10,1.382574637300586e-07,8.337261531029802e-10,-3.229576359717951e-11,0.026991484138119748,0.014563251671598885,1.0930908069185916e-17,2.4928509023463902e-12,True,8.131516293641283e-20,1.0222860381663643e-12,0.8516594114096399,0.014563251403208178,-0.014387318615077305,1.0930908069185916e-17,2.4928562217442633e-12,True,8.131516293641283e-20,1.0222861969880055e-12,0.8516601417258856,0.014563279375673022,-0.014387398639307256
123,108,mlp_down_all_blocks,4,5,22.30650300381743,6.4567412053306015,-0.9998559322462538,-288.0131347990547,0.05236032567356287,4.235326364271178e-06,-0.28941385371000605,True,6.394776862776578e-06,0.012011361967149588,0.002741603704641567,1.7937989411890515e-11,6.4679435852338374e-18,-0.0001290751359113639,5.77475434516922e-09,-0.004607660912685268,-3.146263106274244e-08,-5.3340331042706736e-08,-0.40146903005850443,0.10072390361332252,8.10375815514543e-16,1.1011305808962838e-11,True,1.734723475976807e-18,2.0022624400057306e-12,0.7094420346430157,0.0974370396114462,-0.04507671393788334,8.10375815514543e-16,1.1011266348363496e-11,True,0.0,2.0022545389787534e-12,0.709442085829975,0.09743690359443867,-0.04507708711033978
123,108,mlp_down_all_blocks,4,11,19.10883038668073,3.0973245909796403,-0.7888102956580673,-93.37344713537212,1.7998798979891746,3.7513101243946113e-06,-0.12785719884052227,True,0.6086075757822005,3.624185923481064,3.2395676471855217,1.4072327649385515e-11,3.226585665316861e-16,-0.7190544749774761,-1.4868501369153187e-06,-4.254209389524595,3.1676894870055146e-07,1.954632182453557e-06,-0.6207834139686748,1.6154083635855025,7.968501619892844e-16,1.590853339796806e-10,True,4.440892098500626e-16,2.5090972819467154e-10,0.8480254828629064,1.5482758175234952,0.2516040804656794,7.968199498090765e-16,1.5908535879428502e-10,True,0.0,2.5090980665117826e-10,0.8480254329934748,1.5482762674033355,0.25160417357928067
123,109,qkv_all_blocks,4,5,1.621027218212926,0.47078405312413313,-0.9995396168360096,-1.525604841740663,0.00034811638160911967,4.64134906232331e-06,-0.29028958106636144,True,1.52722436144654e-06,0.00020402948513173824,1.2118501514462623e-07,2.154212111832947e-11,3.703122166277394e-20,-1.7511215042162203e-09,-1.0951241365852704e-10,3.931231370311272e-06,2.1112392159834455e-09,7.010355201321009e-11,0.39530078930785834,0.014425044246628643,1.0696768183407212e-16,2.4477823550421396e-12,True,1.8973538018496328e-19,1.0209607374757136e-12,0.7097108559971566,0.014425044229229715,-0.014076927847620593,1.0696768215266908e-16,2.447789584606865e-12,True,1.8973538018496328e-19,1.0209609468129612e-12,0.7097108833304288,0.014425120583044555,-0.0140768725955159
123,109,qkv_all_blocks,4,11,1.3230198623598457,0.2673968643220815,-0.9688411437535256,-0.6854965031970408,0.002087903705629308,4.347245928366152e-06,-0.1958134501501906,True,0.0012883894589513006,0.0043863653708297685,4.359341883980595e-06,1.8898547161696086e-11,4.119968255444917e-18,1.0452916484710494e-05,-8.203555223211798e-10,-7.550296031327364e-06,6.13961366434206e-09,-2.561527413150609e-10,-0.02730053242377125,0.06620554672142225,6.441033414614928e-17,8.537915356461918e-12,True,2.6020852139652106e-18,1.568201679211844e-12,0.8040764928830643,0.06620538660202004,-0.06411748289639073,6.441033414614928e-17,8.537918727422305e-12,True,4.336808689942018e-18,1.5682021874122389e-12,0.804076501520447,0.06620543120326393,-0.06411758431477176
123,109,attention_output_all_blocks,4,5,0.188398075294973,0.05437472545539302,-0.9985182691917116,-0.0204578292627363,0.00023830596136514837,4.488252865183732e-06,-0.2881884895293422,True,6.361195721064611e-08,8.755311210792286e-06,5.678973122216758e-08,2.0144413781829976e-11,6.6505321249263425e-21,-1.5612987316896735e-09,9.01274403068202e-11,-1.1500739073606867e-07,2.3813350730211435e-10,-3.0422726244140904e-11,-0.08155020444948008,0.0029490835103940993,6.857994310621242e-18,1.2959585141494894e-12,True,1.6940658945086007e-21,1.0008759144209756e-12,0.7117950815069396,0.0029490818861312262,-0.002710775924766078,6.857994310621242e-18,1.2959638861819546e-12,True,3.3881317890172014e-21,1.0008759462192393e-12,0.7117960298843492,0.002949120699535219,-0.002710836304515937
123,109,attention_output_all_blocks,4,11,0.16623421741193625,0.030732317130773408,-0.8953645646077549,-0.009148410158736867,0.0001685353241326759,4.364943483909372e-06,-0.16552926452557523,True,2.7484486651846004e-07,0.00018731051364942147,2.8404155480506125e-08,1.9052731617722882e-11,-5.69100261436483e-22,-9.317726319446071e-09,-2.0202537234056214e-10,9.220811870817413e-08,1.4287322406691758e-09,4.80942502805113e-11,0.019987899064157634,0.01369054878095141,8.189804901310903e-18,2.370024281039607e-12,True,2.710505431213761e-20,1.018769665306381e-12,0.8344172771039432,0.01369054589677731,-0.013522010572644634,8.189804901310903e-18,2.370029003042123e-12,True,2.710505431213761e-20,1.018769794691766e-12,0.8344161180285603,0.013690600402077164,-0.013521865988093518
123,109,mlp_down_all_blocks,4,5,21.99231252383597,6.374766653323534,-0.9997830627670643,-280.33089360874357,0.07709015783196088,4.0868289201113445e-06,-0.28980052562355485,True,3.612777335046132e-05,0.01762972615838143,0.00594289243455664,1.6702170622258455e-11,-5.3176728428624975e-18,0.00034153175381711144,-1.1801499009451567e-08,-0.0043071951818236575,1.4453271442693396e-08,-6.057419234156207e-08,-0.21039859659696217,0.13879994024175377,7.906669536929658e-16,1.501537831750609e-11,True,0.0,2.964308293828198e-12,0.708907631792724,0.1358611824154635,-0.058771024583502585,7.906669536929658e-16,1.501535765956911e-11,True,3.469446951953614e-18,2.9643025032564243e-12,0.7089076764318499,0.13586121802975779,-0.05877145296936555
123,109,mlp_down_all_blocks,4,11,18.87070021830818,3.3154040218663474,-0.8344960956854575,-104.41881978225251,1.4929313010287233,4.04041243948516e-06,-0.1466130922467366,True,0.17345088969567174,3.3373207996921774,2.2288438695913166,1.6324932681146424e-11,3.5778671692021646e-16,-0.12026058543111712,-7.010188129082819e-07,-2.7463235175609353,1.084467893497827e-06,5.558430236269409e-07,-0.5034807831205562,1.6792382653222735,9.337722414730474e-16,1.7050019044199075e-10,True,4.440892098500626e-16,2.8830314559871134e-10,0.845735928282852,1.6730199514394717,-0.1800886504107484,9.337722414730474e-16,1.7050021815017057e-10,True,8.881784197001252e-16,2.883032395295542e-10,0.8457358836840292,1.6730203690387573,-0.18008888184630556
123,110,qkv_all_blocks,4,5,1.6044386935083579,0.46559228987576723,-0.9997033670485739,-1.4935853924472835,0.0002831290169094584,4.517917714251065e-06,-0.2901040605315191,True,8.565621172462959e-07,0.00012858684200074005,8.016204021611638e-08,2.0411580472743567e-11,-9.478828075367655e-20,1.8667700881707033e-09,-2.639607351987643e-10,-8.732896000223934e-07,2.398452616131112e-10,-1.6465164300563565e-11,-0.13600211000970752,0.01130458820306754,1.0301806278223303e-16,2.1342492818083173e-12,True,2.168404344971009e-19,1.0128652143328268e-12,0.7098953108917804,0.011304588158081469,-0.01102145914117201,1.0301812334512868e-16,2.1342491928990338e-12,True,2.168404344971009e-19,1.012865212315921e-12,0.709895399772339,0.0113045989527631,-0.01102146296664991
123,110,qkv_all_blocks,4,11,1.3484239832642106,0.3819236387820114,-0.5572433303323858,-0.5739550514667349,0.1143595150637366,3.806196403870669e-06,-0.1578319601616358,True,0.00021408910405133834,0.10057144045165867,0.013078098685612997,1.448713106483801e-11,3.7947076036992655e-19,-0.00040421064441799434,-4.570469555979859e-10,-0.05186890604473805,-3.8056764979772564e-08,-4.775109378203836e-10,-0.7151011105859891,0.2485571022773914,5.971635017425181e-17,2.581743571607811e-11,True,6.938893903907228e-18,7.159051155216695e-12,0.8319244070959781,0.2481730056873717,-0.13381349062363512,5.971635017425181e-17,2.581742786336473e-11,True,0.0,7.1590472575331204e-12,0.8319243955133514,0.24817292721135348,-0.1338134141720388
123,110,attention_output_all_blocks,4,5,0.17334354393348902,0.04995402606984899,-0.9988207569212909,-0.017297993203390757,0.00023567067163819962,4.554929188599584e-06,-0.2878394949020827,True,8.55890869913116e-08,5.881907345324826e-06,5.554066547040011e-08,2.0747379913156462e-11,3.225177208344255e-21,8.307426404503994e-10,-1.3516135176668053e-11,-1.350965310183176e-07,-6.358789478209982e-10,2.9520534992227265e-11,-0.11818152037316433,0.002408807065702214,6.333845279771928e-18,1.2426679070130343e-12,True,8.470329472543003e-22,1.0005888771309409e-12,0.7121686957718804,0.002408806647272376,-0.0021731359756341764,6.3338368974340275e-18,1.2426555621089404e-12,True,1.6940658945086007e-21,1.000588817218224e-12,0.712168562510084,0.0024086851014551575,-0.0021729078052934924
123,110,attention_output_all_blocks,4,11,0.1571328183854785,0.029869895081417897,-0.7952934770765171,-0.00746548476370898,0.00031204426936806196,3.7896772775978057e-06,-0.15117995695167236,True,7.56415200934967e-06,0.00032789479957446834,9.73716260454476e-08,1.4361653868341117e-11,1.7999450129153882e-21,-1.0245667110754559e-07,6.02958011409902e-11,1.9984343691812607e-06,-1.903648776171e-09,-8.80535763844218e-12,0.17683833564734397,0.018165643549560666,1.0885412940161197e-17,2.8369874820148803e-12,True,5.421010862427522e-20,1.0337452300907936e-12,0.8487015035127465,0.01816563400008396,-0.017853589730715897,1.0885412940161197e-17,2.8369824798055596e-12,True,0.0,1.0337450463111257e-12,0.8487015732733211,0.018165581767198114,-0.017853528594899422
123,110,mlp_down_all_blocks,4,5,22.46581984902944,6.504557237532844,-0.9998401051216494,-292.2136912475738,0.05020034485761761,4.24658259487402e-06,-0.2894849703170564,True,9.009004690397409e-07,0.013528987820207238,0.0025200746238237346,1.803346373508696e-11,-8.267041565201971e-19,-4.757785915794102e-05,2.00111500577244e-09,-0.003972723039012401,5.384021137778631e-10,-5.0423584217612626e-08,-0.3401879607179273,0.1098923992140429,1.4932207335530306e-15,1.1967981786240227e-11,True,6.591949208711867e-17,2.2029662446329736e-12,0.7093994149982736,0.10699614705506234,-0.056795802197444734,1.4932207335530306e-15,1.1967959965415676e-11,True,6.765421556309548e-17,2.20296145802961e-12,0.7093994619207987,0.10699616094636369,-0.056796318135125916
123,110,mlp_down_all_blocks,4,11,19.84298812191327,7.371209128840132,-0.19957809788757833,-58.38330551847558,7.179547614788781,3.717222436069401e-06,-0.07413862710731793,True,3.519535831836068,52.17049496253266,51.54590395301928,1.3817742639217731e-11,3.0531133177191805e-16,-5.150299185081377,-3.7592911623479794e-06,-98.9769963233425,3.393627824390164e-07,4.163982524464897e-06,-0.9543215166001247,2.177016902141421,1.2799244470455825e-15,1.7731333582472197e-10,True,2.6645352591003757e-15,3.118639238964119e-10,0.8566858111237672,1.6897440575755363,5.489803557213245,1.2799244470455825e-15,1.773133569254491e-10,True,3.552713678800501e-15,3.118639983032081e-10,0.8566857606313455,1.6897445762297467,5.48980332854919
206,107,qkv_all_blocks,4,5,1.6215143849360345,0.47063139438571644,-0.9996391913324043,-1.5257204601371446,0.0003841588213464994,4.493900306349369e-06,-0.29013716490584096,True,9.781914051816065e-07,0.00015980500993067228,1.4757800001833165e-07,2.0195139963406956e-11,-1.8454730338303069e-19,1.739450499074261e-08,-3.4517126947409814e-10,-6.828386455767674e-07,-3.588416119263338e-10,7.370578083713975e-11,-0.07030433280804778,0.012620211935031593,5.894906443037221e-17,2.2659594590479033e-12,True,0.0,1.0160265335195286e-12,0.7098574119724474,0.012620208871349322,-0.012236050050002823,5.894906443037221e-17,2.2659570493635456e-12,True,2.710505431213761e-20,1.0160264725083325e-12,0.7098575195872263,0.012620198495044156,-0.012235917476856773
206,107,qkv_all_blocks,4,11,1.386477761860471,0.5268558746874037,-0.3821680279757119,-0.5583275809447472,0.2543526056408716,3.895276376682024e-06,-0.14522228642637733,True,0.001058053791686195,0.23703630875277698,0.06469524799630073,1.5173178050737036e-11,-1.3552527156068805e-18,-0.0012078751367904906,-6.303623875274166e-09,-0.17442227019547685,1.2188458929565119e-07,-6.206567667226478e-08,-0.7042523589461535,0.3568042692480023,7.642944775853085e-17,3.665942585186933e-11,True,0.0,1.3715946520849658e-11,0.8413863357327527,0.35632086484607095,-0.10196825920519936,7.642944775853085e-17,3.6659433357662675e-11,True,2.7755575615628914e-17,1.3715951873895853e-11,0.841386265846217,0.3563209437580355,-0.10196846009452332
206,107,attention_output_all_blocks,4,5,0.17791475407453947,0.05009317353034701,-0.9879374641791367,-0.017609619069517884,0.00025956193461714827,4.578755078864736e-06,-0.27816087028691566,True,4.0894594193669565e-06,6.01725514423778e-05,6.737239790219675e-08,2.0964998072229612e-11,7.623296525288703e-21,-1.8280172561889573e-08,2.1530440720828182e-10,-5.992011504929559e-07,-1.099222692924581e-09,-1.3208115850864746e-11,-0.14879982724099913,0.007722740620387755,1.1609030123115549e-17,1.798197356150671e-12,True,2.710505431213761e-20,1.006371190193659e-12,0.7218137255214995,0.0077227392977732515,-0.007463177363156104,1.1609030123115549e-17,1.7981918677560465e-12,True,4.0657581468206416e-20,1.006371102577519e-12,0.721814024732811,0.007722668662705896,-0.007463091786261906
206,107,attention_output_all_blocks,4,11,0.2232000801267502,0.049063920559762005,-0.30256239508874333,-0.006626764541257981,0.002970516575685395,3.919618591630635e-06,-0.06650937270531156,True,0.0005200752663211293,0.002186897324342202,8.823968726421684e-06,1.5363409903856523e-11,-6.776263578034403e-21,-1.2236959360152049e-05,3.811967902988065e-09,-1.563205621399971e-05,5.2237889546600914e-09,-2.5763501188940434e-10,-0.05626520891241999,0.04669142573165467,1.0144023715341345e-17,6.184522681805531e-12,True,8.673617379884035e-19,1.26879275438156e-12,0.9322885951663219,0.04669065490398132,-0.043720138328295924,1.0144023715341345e-17,6.184531162314348e-12,True,4.336808689942018e-19,1.2687936337300856e-12,0.9322889696145615,0.04669070873010321,-0.0437202329340699
206,107,mlp_down_all_blocks,4,5,22.17088201694127,6.39940527264658,-0.9996467257199364,-283.660673122665,0.07408250408169433,4.0724319022530994e-06,-0.28853811600584256,True,0.0004808938550567609,0.028929739695392816,0.005488217411014256,1.65847015984888e-11,-2.3649159887340065e-18,-0.0009064944422681736,5.1621861329275134e-08,-0.012002669980909764,-4.175381661058115e-08,-5.170086379635355e-08,-0.476277376661292,0.14971735746231066,7.770188916933574e-16,1.5828919899401265e-11,True,1.3877787807814457e-17,3.1989686538285886e-12,0.7105296443547805,0.14828383974879358,-0.07420133566709924,7.770188916933574e-16,1.5828905799839553e-11,True,3.469446951953614e-18,3.1989644722051515e-12,0.7105296974427457,0.14828368873642306,-0.07420153348473534
206,107,mlp_down_all_blocks,4,11,19.50629156216601,7.91825500445766,-0.34561856324301,-106.7655769882603,7.62294163507218,3.6568839227094384e-06,-0.14029811403724055,True,0.3065655249678074,55.20925776784341,58.10923917171692,1.3372800024170769e-11,4.163336342344337e-17,0.01742713902832492,-9.185362426990101e-07,-108.66682432715531,1.6943630092293896e-06,5.981768484449894e-07,-0.9592646287710062,2.1567736581303647,1.1138381411624103e-15,2.2406199309611596e-10,True,8.881784197001252e-15,4.985665276401168e-10,0.8605086745231794,2.1567162411827883,5.466225393889392,1.1138381411624103e-15,2.2406202389510764e-10,True,7.993605777301127e-15,4.985666650418156e-10,0.8605086319995883,2.1567167787268424,5.466224895581518
206,108,qkv_all_blocks,4,5,1.6507720953534963,0.4791852374026923,-0.9977225709174861,-1.5784482273226503,0.001142950986266638,4.70174971342073e-06,-0.28961837212588754,True,2.264199171239997e-08,0.0010446887035852215,1.3063369570078806e-06,2.210645036765192e-11,-1.2328299849490324e-20,1.54290182800622e-08,-2.789673620547996e-11,-4.127726080935686e-05,-5.177431732865488e-10,-5.335661551012906e-11,-0.5586757462265549,0.03169728347560517,1.1214544704880173e-16,4.1697884010496115e-12,True,4.336808689942018e-19,1.1004755850742864e-12,0.7103505705620807,0.03169724201360842,-0.030554291027341782,1.121452890016967e-16,4.169787491067485e-12,True,2.168404344971009e-19,1.1004755273852791e-12,0.7103506267158569,0.031697233503449815,-0.030554296188089632
206,108,qkv_all_blocks,4,11,1.603511940045743,0.33610196991369834,-0.4383340926292173,-0.47247463923906635,0.07979394770828582,4.145543940686683e-06,-0.0918764296877083,True,0.01516844244494596,0.09125989269423189,0.006367074090872652,1.718553456416407e-11,-3.2526065174565133e-18,-0.004587417044222316,-1.3076553361063396e-11,-0.022690956978854517,5.0282531409533555e-08,1.3919490241966325e-08,-0.4706660663351597,0.2737444242468694,9.546927669943231e-17,3.024329584827498e-11,True,1.3877787807814457e-17,9.551703520697366e-12,0.8965092035541119,0.2731101696792232,-0.19331622197093737,9.546921513539986e-17,3.024330682619603e-11,True,0.0,9.55170994131043e-12,0.896509203521005,0.27311028724572767,-0.19331625220833637
206,108,attention_output_all_blocks,4,5,0.18020622697255645,0.05189390911354674,-0.9960678976871131,-0.018629668188681576,0.0002400965499201512,4.658731411481685e-06,-0.2868372409870635,True,2.3498337710913583e-07,2.1136491212106613e-05,5.7646353283559654e-08,2.1703778364326133e-11,8.612604537902124e-21,-4.201133489074124e-09,-4.910259158302364e-11,-1.4786691130809418e-07,2.964487911440365e-10,-5.967689624305906e-11,-0.06697899695061679,0.004587621459327488,1.2021480643253587e-17,1.46127055940849e-12,True,1.3552527156068805e-20,1.0021277052897701e-12,0.7131387127206763,0.0045876194127963555,-0.004347522862876204,1.2021480643253587e-17,1.4612728289286486e-12,True,1.3552527156068805e-20,1.0021277262270784e-12,0.7131384316690811,0.004587647535593326,-0.004347630077549789
206,108,attention_output_all_blocks,4,11,0.2266996884270546,0.043019845673666554,-0.2404780277221698,-0.004690565105561298,0.002698081023137627,4.241001892350514e-06,-0.045634503127445984,True,0.0007781339719075629,0.0017436813177964736,7.279641207415383e-06,1.798609705092064e-11,1.3552527156068805e-20,5.6558558810023506e-05,3.7668562760400967e-10,0.00011237407873943182,-1.7119852470493137e-09,4.93314827956788e-10,0.4987094573427709,0.04316636465748906,9.91633308180122e-18,6.194254102814867e-12,True,4.336808689942018e-19,1.2698027568460907e-12,0.9588373777628784,0.04315445863420235,-0.04045637761106472,9.91633308180122e-18,6.194253309631918e-12,True,4.336808689942018e-19,1.2698026744462214e-12,0.95883740754605,0.04315444456411231,-0.04045626878993814
206,108,mlp_down_all_blocks,4,5,22.48260319995938,6.4916346666804925,-0.9996081809821122,-291.78332159289437,0.08314336005116517,4.254823468281177e-06,-0.2886272138082583,True,0.00040943361742324226,0.03301707210990405,0.006912818320597688,1.8103522746236264e-11,2.7159264420761886e-17,-0.0013862481508331308,4.273600184021025e-08,-0.012376383845596108,-1.0425228159004302e-08,-8.546525069044372e-08,-0.4096065793492426,0.16599248954367074,8.063273156347053e-16,1.7302359354245557e-11,True,6.938893903907228e-18,3.657669205149576e-12,0.7098491803142197,0.1624196021317832,-0.07927624208061804,8.063273156347053e-16,1.7302343057095285e-11,True,1.0408340855860843e-17,3.657663891512228e-12,0.7098492272847591,0.16241952970716766,-0.07927668351189648
206,108,mlp_down_all_blocks,4,11,20.70167069246104,3.56412940786054,-0.8306460938135722,-122.57584132897014,2.6271245979853832,3.884098218156842e-06,-0.1430092389385548,True,0.2824810520196217,3.938279545621785,6.901783653339862,1.508621896828915e-11,4.597017211338539e-17,0.6928399722969473,-9.812526527518294e-07,-3.4060661259392604,1.080382277637036e-06,1.696650245411477e-06,-0.3266548711041309,2.726535727442864,1.0224160085127196e-15,2.909882428192384e-10,True,0.0,8.419318097338956e-10,0.8884757020142945,2.6474829031709985,-0.020358305185614878,1.0224160085127196e-15,2.9098827378247406e-10,True,1.7763568394002505e-15,8.419319893133914e-10,0.888475657422927,2.6474836549044873,-0.020358734006130863
206,109,qkv_all_blocks,4,5,1.6142186575972628,0.46863080034763804,-0.9995701935958492,-1.5122948893716504,0.00031038066726776423,4.697497964035735e-06,-0.29018954626984395,True,1.1430615619478486e-06,0.00018874314798618383,9.633615861358257e-08,2.2066487122119872e-11,1.1812139147257235e-19,2.1775391739728868e-08,-4.080629623443283e-12,-2.6353325006789847e-06,1.7279345642372909e-09,8.58732750720476e-12,-0.30901187045291795,0.013645664206777127,5.90198165721481e-17,2.3688279241665337e-12,True,2.710505431213761e-20,1.0187368988597806e-12,0.7098041450456672,0.013645660406828493,-0.013335279739560729,5.90198165721481e-17,2.3688343329474e-12,True,5.421010862427522e-20,1.0187370743105555e-12,0.7098041462278918,0.013645724845743085,-0.013335294801404248
206,109,qkv_all_blocks,4,11,1.3411224905982928,0.2699668465263282,-0.9347852814694911,-0.6768941185524868,0.004220880776655707,4.531419458553642e-06,-0.1881715028915539,True,0.0006831159925840146,0.009196006430132464,1.781583453074169e-05,2.053376230935859e-11,3.733721231496956e-18,2.2939699763260763e-06,5.725021681591925e-09,-2.752552116710244e-05,-9.498313388475327e-10,1.1785184665872656e-09,-0.034001872665456866,0.0958451706842661,6.545905418294595e-17,1.093564628298353e-11,True,5.204170427930421e-18,1.9871706706056445e-12,0.8117957749410696,0.09584516063762688,-0.09162427986097117,6.545905418294595e-17,1.0935649289452107e-11,True,3.469446951953614e-18,1.9871712680299017e-12,0.8117956932769155,0.09584516188754029,-0.09162413907512022
206,109,attention_output_all_blocks,4,5,0.1961136350718427,0.0550961754624583,-0.9860921751212636,-0.02130967130691875,0.0002594599416748156,4.708964453745024e-06,-0.27703279011036386,True,6.004106935910665e-06,8.384970134475879e-05,6.731946133389873e-08,2.217434622663417e-11,-1.1858461261560205e-20,6.536038134088692e-08,2.5002016885033306e-11,-2.2822227294173144e-07,-3.127704032942092e-10,-3.841217676163774e-12,-0.04802937712915791,0.00914815820442295,7.137823452763951e-18,1.9474083905602827e-12,True,0.0,1.0089758265850402e-12,0.7230352167276555,0.00914814848238497,-0.008888688540710154,7.137829081652643e-18,1.9474069685997913e-12,True,0.0,1.0089757996415143e-12,0.7230352427420096,0.009148132382206567,-0.008888637113535923
206,109,attention_output_all_blocks,4,11,0.2777333967117166,0.038484627262766184,-0.42693638055125077,-0.009126590189583306,0.0014363151571386691,4.3392959771479235e-06,-0.05915920686875119,True,0.0009252797467736886,0.0012111056170381095,2.06300123062628e-06,1.882948957729215e-11,3.1170812458958252e-19,2.5674570206126062e-05,-3.3585206799635323e-09,2.0048174487175402e-05,-1.2674687350711115e-08,1.849096356119852e-10,0.20054141970124287,0.035117186572331094,1.2354109921962413e-17,5.673511645150492e-12,True,0.0,1.2184171109735726e-12,0.942360320591379,0.03511465063049939,-0.03367833547336072,1.2354109921962413e-17,5.673494709814938e-12,True,4.336808689942018e-19,1.2184155280266821e-12,0.9423601218202077,0.03511447371877737,-0.03367808763914854
206,109,mlp_down_all_blocks,4,5,22.610938181048326,6.523077184612819,-0.9986275280713613,-294.5809302269304,0.09695991090714723,4.256550054702886e-06,-0.28809615913011954,True,0.001047015103617557,0.11671868073809666,0.009401224323121928,1.8118218368191145e-11,-1.0936889414947526e-16,-0.0017622305669555297,8.078063802220765e-08,-0.03380467508001475,-2.0982625820096987e-07,-3.3813846207401766e-08,-0.5102516026908206,0.3038342146322626,8.166781586288209e-16,3.1265494299261954e-11,True,1.3877787807814457e-17,1.0160001451786572e-11,0.7106995325726471,0.30261151274774456,-0.20565160184059733,8.166781586288209e-16,3.1265467397104176e-11,True,1.3877787807814457e-17,1.0159985167651756e-11,0.7106995877781319,0.30261122253620837,-0.205651485906028
206,109,mlp_down_all_blocks,4,11,20.509662545191695,3.7680539423266404,-0.8485082229459844,-131.14800159465375,2.0739616133672585,4.125390018632991e-06,-0.15588870599520166,True,0.0688571050099478,3.9759843810597295,4.301316773720921,1.7018842805836703e-11,3.2959746043559335e-17,0.2604552594258277,-4.4345620143259895e-07,-2.2983833798506152,1.9305854199874595e-06,6.371696378489324e-07,-0.2778877664924287,2.4451825647444068,8.55724427854766e-16,2.5216190275130924e-10,True,8.881784197001252e-16,6.31823013936581e-10,0.8683087796810797,2.3942893909715237,-0.3203277776042657,8.55724427854766e-16,2.521619450410767e-10,True,8.881784197001252e-16,6.318232263681686e-10,0.8683087384819689,2.394290102344992,-0.32032833536191285
206,110,qkv_all_blocks,4,5,1.598253587775266,0.4640004547193155,-0.9998039851640913,-1.482890057531205,0.00028751496459577484,4.701896568443339e-06,-0.2902602611342009,True,1.3726155380959623e-06,8.439431357270031e-05,8.266485486650967e-08,2.2107831340339243e-11,7.250072632904777e-20,9.889395053163342e-09,-3.185770106256316e-10,-9.263646067782494e-07,7.346581614306375e-11,-3.897688028372876e-11,-0.17536176652972024,0.009140602486750454,5.8070516017425e-17,1.921591659868609e-12,True,2.710505431213761e-20,1.0084933118753938e-12,0.7097370981626279,0.009140601512376301,-0.008853086547780527,5.807050969163302e-17,1.9215902385208643e-12,True,2.710505431213761e-20,1.0084932856773695e-12,0.7097371832302501,0.009140604670041089,-0.008853119042891548
206,110,qkv_all_blocks,4,11,1.3203390438764155,0.2666351084223161,-0.940266467293729,-0.6620392578944375,0.0077648517318439116,3.9428698347604726e-06,-0.18988157065829978,True,0.0007834019478038429,0.008239753980154741,6.02929224175194e-05,1.5546222533864077e-11,4.472333961502706e-19,9.460932432538408e-06,2.792186574435242e-09,-0.0004107316343392425,8.779333046329732e-09,-2.723140808155282e-10,-0.29136532640572166,0.08882181752381009,6.511254171661708e-17,1.0317820640294272e-11,True,3.469446951953614e-18,1.86821781484694e-12,0.809990424571091,0.08882165672827505,-0.08105680499643114,6.511254171661708e-17,1.0317826711857846e-11,True,3.469446951953614e-18,1.868218946322116e-12,0.809990386793292,0.08882170460905368,-0.08105686941121071
206,110,attention_output_all_blocks,4,5,0.17529849675317113,0.05016875305976639,-0.9967591873892393,-0.017532011292364244,0.00023903802582189785,4.628089878433408e-06,-0.2852629455379488,True,5.587873137124143e-07,1.62871923396162e-05,5.71391777888303e-08,2.1419215922857752e-11,-1.818473858636576e-20,5.334010279509406e-09,6.1425390565300445e-12,-1.9192854103647043e-07,2.616159550340824e-10,6.101239991909021e-11,-0.0994762626607837,0.004019005222237035,1.1691375168196376e-17,1.4088584632896873e-12,True,1.6940658945086007e-20,1.001671652430036e-12,0.7147574071789602,0.004019003638610802,-0.0037799656127889044,1.1691375168196376e-17,1.4088627458019426e-12,True,1.6940658945086007e-20,1.001671687449047e-12,0.7147574306167401,0.004019046437328571,-0.0037798360500025346
206,110,attention_output_all_blocks,4,11,0.18012417558306465,0.03095329491351276,-0.7144485652227545,-0.007966725541442449,0.0007786928663722133,3.8467892422755634e-06,-0.12277384236897068,True,6.838209520795893e-05,0.0004690537130919409,6.063625801389737e-07,1.4797787474487006e-11,-2.879912020664621e-20,2.1160054282075175e-06,-1.486272774861586e-09,1.2595032017083623e-05,-4.31063406199462e-09,-1.3829027934529024e-10,0.3734150304667231,0.02196030754996759,8.945975113754254e-18,3.3510704122278645e-12,True,1.0842021724855044e-19,1.055275320832533e-12,0.8779364605085435,0.02195993484392667,-0.021181241977554454,8.945975113754254e-18,3.3510578213349017e-12,True,1.0842021724855044e-19,1.0552747287926002e-12,0.8779359615949704,0.021959834407626506,-0.02118122084002888
206,110,mlp_down_all_blocks,4,5,22.55603429846298,6.518095386964126,-0.9998494331818413,-294.0004928331866,0.06684729479675675,4.18565894421669e-06,-0.2889299551439921,True,0.00018149237294316672,0.012792870260920276,0.004468560821644501,1.7519740797301178e-11,-2.4753690850559673e-17,-0.0005020280035255866,3.0508001027022185e-08,-0.0031976558539487743,-8.532907122540425e-09,-5.770166241455028e-08,-0.2114627574417645,0.11859078897037495,7.857567708178471e-16,1.2723156400062892e-11,True,3.469446951953614e-18,2.3743239598033554e-12,0.710243995471971,0.11711792759648657,-0.05027063279972982,7.857567708178471e-16,1.2723141169918916e-11,True,1.734723475976807e-18,2.3743203888984786e-12,0.7102440456705961,0.11711782503282228,-0.05027096169951527
206,110,mlp_down_all_blocks,4,11,19.939540729937367,3.9223764503200935,-0.6452852638439005,-100.93601782631298,2.811673933209075,3.6410753674852125e-06,-0.12693630996423924,True,0.6929056677754574,8.978814195347237,7.905510306687391,1.3257429831707575e-11,-1.457167719820518e-16,0.06020257013953792,-1.4057636089414308e-06,-10.988424687031044,1.2341871993574782e-06,1.2121783534910838e-06,-0.652125215755713,2.428147403887084,1.0015918585624793e-15,2.5885670541831136e-10,True,0.0,6.65900805291858e-10,0.8748772537960594,2.427878117128279,0.3837958160807964,1.0015918585624793e-15,2.588567255964789e-10,True,1.7763568394002505e-15,6.659009093533781e-10,0.8748772114483335,2.4278786335148212,0.3837955152582899
325,107,qkv_all_blocks,4,5,1.6349777855078031,0.47524713607105007,-0.9997228007154062,-1.553606242254509,0.0002877443991930116,4.438712520317771e-06,-0.29059440569546396,True,3.0444180122076956e-06,0.00012519901737908517,8.279683926694719e-08,1.970216883802574e-11,4.40563011690643e-19,4.563823571991868e-08,6.08991089095688e-11,-2.937580174930219e-08,1.4694445787039622e-09,-2.4976918310216607e-12,-0.004561969671296785,0.011191623582689101,1.0705348443392092e-16,2.132883465606817e-12,True,3.5236570605778894e-19,1.012834249466453e-12,0.7093975953200619,0.011191615941332314,-0.010903871542139301,1.0705348443392092e-16,2.132890295715767e-12,True,2.981555974335137e-19,1.0128344042212696e-12,0.7093975846463138,0.011191682338709038,-0.010903908045652909
325,107,qkv_all_blocks,4,11,1.3477663072798516,0.27766543463760157,-0.9159010684492179,-0.6855118653253991,0.01577929259606923,4.253978569242741e-06,-0.18869300032382375,True,0.0007273173904034847,0.012422448279572932,0.0002489860748323652,1.8096333667576514e-11,-1.7889335846010823e-18,-1.1146218950467259e-05,7.602734914730714e-09,0.000291117711219402,-1.5669783240301136e-09,6.016566769007964e-10,0.08276514961633964,0.11385320402002176,5.477791196642597e-17,1.269560739640217e-11,True,3.469446951953614e-18,2.3678723237077712e-12,0.8114603275074903,0.11385301647899833,-0.09807372388292909,5.477791196642597e-17,1.2695610241704926e-11,True,3.469446951953614e-18,2.3678729892587316e-12,0.8114602229239664,0.11385301257489086,-0.09807370034065911
325,107,attention_output_all_blocks,4,5,0.1814042186854779,0.049900462087517014,-0.9775172227851834,-0.017697273535513494,0.0002732886173913257,4.467719877116614e-06,-0.26889430394152064,True,1.4009284597130778e-05,0.0001107080920504261,7.46866683956624e-08,1.9960520900382893e-11,3.6845933205562065e-20,-2.1946036748154206e-07,4.04647252308692e-11,-1.6444391421147122e-06,-3.104873443741369e-09,5.0038099269793833e-11,-0.2859410998884956,0.01044692967223897,1.1857888842542114e-17,2.108729740768039e-12,True,1.0842021724855044e-19,1.0122928163806356e-12,0.730944085122791,0.010446888536581492,-0.010173599919190167,1.1857888842542114e-17,2.1087162368985942e-12,True,8.131516293641283e-20,1.0122925169396257e-12,0.7309441149210737,0.010446743298169631,-0.010173326643563822
325,107,attention_output_all_blocks,4,11,0.25212273487609477,0.030967382333230643,-0.4537415311398851,-0.0070852476290457714,0.0005097314139798653,4.2998008224754435e-06,-0.05573153679369585,True,0.0008109753184491376,0.00076154289910718,2.598261143979128e-07,1.8488287112960497e-11,4.0657581468206416e-20,-6.154635673587008e-06,-4.788553788310488e-09,-7.803423453678113e-06,2.741383302262445e-09,-1.7007839053270213e-10,-0.277374538797085,0.027459047721432366,1.5708163889436232e-17,4.948189438899114e-12,True,6.505213034913027e-19,1.155881998454345e-12,0.9438398589039465,0.02745883509204628,-0.026949103678066418,1.5708163889436232e-17,4.948186654380541e-12,True,2.168404344971009e-19,1.1558817785782861e-12,0.943839525432582,0.02745888191874771,-0.026949299222520207
325,107,mlp_down_all_blocks,4,5,21.83170939303842,6.309436973346716,-0.9994614708152968,-275.3432286108472,0.0868232083566506,4.1414302432485055e-06,-0.28884770513702235,True,0.000220075903822943,0.042865066003720025,0.007538269509342362,1.7151444459693373e-11,5.4521816748864804e-17,-0.00046998484277124174,3.192376995898456e-08,-0.001908135376584124,-3.7511381061089065e-08,-1.2172010951920276e-08,-0.05307519630600169,0.2202162576570546,1.4444400246386026e-15,2.296481076575212e-11,True,0.0,5.8245291197530014e-12,0.7104267239444371,0.21964580617751137,-0.13282259782086075,1.4444400246386026e-15,2.2964806726911895e-11,True,0.0,5.824527345505941e-12,0.7104267732289181,0.2196457707116182,-0.13282263235275182
325,107,mlp_down_all_blocks,4,11,19.439424696270105,3.3898186842454803,-0.8415434647907427,-110.90890677566202,1.9307497834706107,3.9104071007480315e-06,-0.14674712884377122,True,0.18183440127830286,3.3530888957948157,3.7277947263718096,1.5291283693580627e-11,1.1449174941446927e-16,0.10253901214317619,-5.685838320263046e-07,-1.862665677998295,1.2433435707714267e-06,1.3361010135872416e-06,-0.2634246356408747,2.284341906144597,1.382992141989561e-15,2.3557602941455483e-10,True,0.0,5.512591357589809e-10,0.8594378426177698,2.2811756051073844,-0.3504258216367737,1.382992141989561e-15,2.355760722764761e-10,True,0.0,5.512593368465852e-10,0.859437808321801,2.281176205625672,-0.3504260761453928
325,108,qkv_all_blocks,4,5,1.657505191615646,0.4817656285783924,-0.9999269894405878,-1.596941458918872,0.00028129827621370445,4.53163050638741e-06,-0.2906358646942032,True,3.37672053072029e-06,3.388999007908477e-05,7.912872020080154e-08,2.0535675046421016e-11,2.896323284017673e-19,4.435526680592121e-08,-5.097695480108129e-10,-4.1105759131954495e-07,5.986627010256263e-10,4.245778017272433e-11,-0.12550755977119457,0.005792932004431438,5.992734446960739e-17,1.6081047360898658e-12,True,6.776263578034403e-21,1.0036979137005493e-12,0.7093568539417718,0.005792919432345907,-0.005511621156132202,5.992746361726513e-17,1.608105984940954e-12,True,6.776263578034403e-21,1.00369792888921e-12,0.7093569376255804,0.005792976828421922,-0.005511566605338216
325,108,qkv_all_blocks,4,11,1.3396236568660584,0.2694716170813295,-0.987539756674926,-0.7129850459329408,0.001738285408399195,4.125032308993001e-06,-0.19864827991008094,True,0.0016113975101119378,0.0017983259243323406,3.0216361610535564e-06,1.7015891550236126e-11,-7.426784881525705e-18,2.2075307987648935e-05,1.005687654523361e-08,-2.9598829915148055e-05,1.158949097041069e-08,-2.0462981567167678e-10,-0.20076558116832477,0.042092145711263594,5.457782311831122e-17,6.835427618159466e-12,True,4.336808689942018e-19,1.3405221548677827e-12,0.8011464656201741,0.04209124761180274,-0.04035296220340354,5.457782311831122e-17,6.835446004746695e-12,True,4.336808689942018e-19,1.3405243007431417e-12,0.8011463721121301,0.04209138223547019,-0.04035315079313305
325,108,attention_output_all_blocks,4,5,0.17920922913186396,0.05149241289157555,-0.9971690224503008,-0.018403583196973855,0.0002319175886947133,4.542034705761605e-06,-0.2865178276556186,True,2.908560900065288e-07,1.4991246058299549e-05,5.378576794597022e-08,2.0630079268342914e-11,2.7594745234769003e-21,-5.327730883486536e-09,2.323691457470322e-11,-6.688837559065188e-08,-5.145538213852643e-10,-5.1264043581727374e-11,-0.037245010432741886,0.0038701606492049997,6.40519169110986e-18,1.3906874941660906e-12,True,0.0,1.0015263671809777e-12,0.7134546102109229,0.0038701574971949436,-0.00363823990850023,6.40519706773218e-18,1.390680814206518e-12,True,0.0,1.0015263149858906e-12,0.7134547304232525,0.0038700870891576196,-0.003638235554805015
325,108,attention_output_all_blocks,4,11,0.17265810352541,0.02997341935402173,-0.7609796952585154,-0.007876373834758494,0.00027823290889490747,4.1375605784519504e-06,-0.13210595425382007,True,3.988327939018158e-05,0.0003781479270217492,7.741355159212188e-08,1.711940754035964e-11,5.759824041329242e-20,-6.121461661634343e-07,1.8500758778672512e-10,-3.4631433673034472e-06,3.0616276383272523e-09,-7.81078661369283e-12,-0.3200376825409908,0.019358775715577623,8.474257524066682e-18,3.034780898352587e-12,True,5.421010862427522e-20,1.0414033330430056e-12,0.8676133455336364,0.01935871504862055,-0.019080482139725644,8.47415999054006e-18,3.034788899060301e-12,True,5.421010862427522e-20,1.0414036586373903e-12,0.8676134303690435,0.019358794401757605,-0.019080544765256408
325,108,mlp_down_all_blocks,4,5,22.152275370885544,6.393320332810607,-0.9997978488788883,-283.19592514447925,0.06057544699085472,4.213057463063935e-06,-0.288549497011881,True,0.00046910245198466323,0.01652399980263149,0.003669384778141851,1.7749853187078718e-11,7.016820935054624e-18,-0.001078815662032273,4.5289214699475994e-08,-0.010217251419567128,-2.3619589020604325e-09,-5.113448312561194e-08,-0.6560695276389402,0.09988059451768504,1.479256416229627e-15,1.067802663313065e-11,True,6.938893903907228e-18,1.9366419951158616e-12,0.7103262474016822,0.0967258142118611,-0.03615036722100634,1.479256416229627e-15,1.0678022402165198e-11,True,6.938893903907228e-18,1.9366411761681143e-12,0.7103262945984874,0.09672580695950544,-0.03615078189629493
325,108,mlp_down_all_blocks,4,11,19.38801511825656,3.345542869811235,-0.8508935734056395,-110.3837612380976,1.7624121162764852,3.953737538696062e-06,-0.14682786815009588,True,0.1795448783392243,3.0889509232552683,3.106096467598159,1.5632040524894398e-11,6.366435156834882e-16,-0.012023876001196539,-6.521693118166972e-07,-3.1487676405163647,8.936222697582264e-07,1.1619313692784881e-07,-0.5082737066038943,1.7453594902876204,9.57845126845091e-16,1.8027076595683663e-10,True,2.220446049250313e-15,3.223800752675089e-10,0.8524403280959657,1.745301820513171,0.017110295763314243,9.57845126845091e-16,1.8027077593229793e-10,True,1.3322676295501878e-15,3.223801110336817e-10,0.8524402884032785,1.7453021035567424,0.01711004568841279
325,109,qkv_all_blocks,4,5,1.6241961106241938,0.47202154903886867,-0.999244622604395,-1.532152899592834,0.0003178512413776994,4.69155550713098e-06,-0.2903990420523917,True,2.0050875576853565e-06,0.0003364755972764371,1.0102941164534454e-07,2.201069307649103e-11,-1.4518674111530742e-19,2.0077516585443803e-08,-5.3430160144344133e-11,-2.0618476946066123e-06,8.770541950283686e-10,-6.433609000910365e-11,-0.17681776126414098,0.018289745186674304,1.0743683953629906e-16,2.8345025049526287e-12,True,3.2526065174565133e-19,1.0336539944067746e-12,0.7095965930419598,0.01828974381266707,-0.01797189257128937,1.0743683953629906e-16,2.8345046344078417e-12,True,3.7947076036992655e-19,1.0336540725366384e-12,0.7095966046578192,0.018289766639543036,-0.017971981985652367
325,109,qkv_all_blocks,4,11,1.3284551190669487,0.2698418886434711,-0.9544769491830517,-0.6843081221447246,0.0025820684635445438,4.600596143842772e-06,-0.19387772980626616,True,0.0011202466461036366,0.006478592261971303,6.6670775504312806e-06,2.1165484878740987e-11,6.776263578034403e-19,2.7781699258128814e-05,5.2910772461878205e-09,-0.00014076244296553576,-5.126083989086736e-10,-6.661879141133514e-10,-0.33864816171631945,0.07965235022619357,5.394301174984572e-17,9.655937408460143e-12,True,8.673617379884035e-19,1.7492525241917968e-12,0.8058098600712043,0.07965126899560147,-0.07706920053205693,5.394301174984572e-17,9.65593979609631e-12,True,0.0,1.7492529375364383e-12,0.8058098005721046,0.0796512613168443,-0.07706931776052824
325,109,attention_output_all_blocks,4,5,0.18945087993223308,0.05307177694014001,-0.9810872582733654,-0.01972867355351888,0.00025568566883593343,4.567157359693487e-06,-0.2748366444564544,True,7.745881220864801e-06,0.00010553228807101532,6.537516124807863e-08,2.0858926348202383e-11,-1.6305384234645282e-20,-5.535106439515929e-08,4.4423119779501214e-10,-1.008685190870134e-06,-8.148267016466544e-10,-3.93061060798241e-11,-0.19201121042563626,0.01022687528238187,6.868284553881282e-18,2.059620253665731e-12,True,1.3552527156068805e-20,1.0112279508197862e-12,0.7251108670706196,0.010226870447918474,-0.00997118477908254,6.868284553881282e-18,2.0596184178994784e-12,True,0.0,1.0112279119155179e-12,0.7251112883275087,0.010226829785689548,-0.00997118019334028
325,109,attention_output_all_blocks,4,11,0.2605408872671263,0.04561236336060504,-0.1955826000776563,-0.004648562497296331,0.0017478464842137008,4.532583346755386e-06,-0.03424024810588554,True,0.0012269488972174213,0.002000903724718294,3.0549673323781948e-06,2.0544311795284255e-11,-2.710505431213761e-20,-1.664005114097096e-05,2.7297055032091898e-09,1.6785393134789953e-05,-1.5343621532832874e-09,-1.2930427263848556e-10,0.10734582056224001,0.044952687185367046,1.1812048630525855e-17,6.684235156344178e-12,True,4.336808689942018e-19,1.3231052931261912e-12,0.9648480863610299,0.04495205964708414,-0.04320421316287044,1.1812048630525855e-17,6.684236112130901e-12,True,8.673617379884035e-19,1.3231054017845303e-12,0.9648482359145621,0.044952041576570255,-0.043204226205194506
325,109,mlp_down_all_blocks,4,5,21.816625047552517,6.298003781024209,-0.9994750649166267,-274.65812067019897,0.07652928020347194,4.319304069469142e-06,-0.2885275666682688,True,0.00047563450403814505,0.041632014469120446,0.005856730728461522,1.865638764453269e-11,6.308023764792225e-17,-0.0009115783770787376,5.6277651201028554e-08,-0.00046079594541782607,-4.114998114508106e-08,-6.222916763466553e-08,-0.014754935381690782,0.21685928444999567,1.4793653736214723e-15,2.258518134719364e-11,True,6.938893903907228e-18,5.6592005379123615e-12,0.7105144900949303,0.2158498954264805,-0.1393206152230086,1.4793653736214723e-15,2.258517044090281e-11,True,0.0,5.659195829628243e-12,0.7105145492349852,0.2158497809194971,-0.13932090716618573
325,109,mlp_down_all_blocks,4,11,19.502089050100714,3.6964566131913483,-0.808725348626165,-116.59979845283175,2.2791462755523986,4.298962177806102e-06,-0.1532870737850122,True,0.09015153913743255,4.727170538827668,5.194507745364371,1.8481075806207384e-11,-1.3357370765021415e-16,0.12876014732983831,-5.425884621468015e-07,-5.201002988632396,8.455279394805697e-07,1.2284754857817442e-06,-0.5247884563791415,2.17271150766954,9.82018432466234e-16,2.2325181623615393e-10,True,8.881784197001252e-16,4.949586982026913e-10,0.8577076357713982,2.1621053264927017,0.11704094905969686,9.82018432466234e-16,2.232518506888156e-10,True,8.881784197001252e-16,4.949588513460357e-10,0.8577075894402728,2.1621058957296317,0.11704064933023739
325,110,qkv_all_blocks,4,5,1.6095894431543742,0.46746524803463274,-0.9998762572907571,-1.5046680418134502,0.00028176918486436125,4.602543927795328e-06,-0.2903892073884181,True,1.925009029864504e-06,5.407809763518926e-05,7.939387353912658e-08,2.118341060728564e-11,1.4222212579991737e-19,4.37633094837528e-08,1.9611461971796425e-11,7.972462839901611e-07,-1.6591515318216047e-10,5.7752124133381186e-11,0.1923792864669351,0.0074131462816214915,5.797557113864558e-17,1.7544767069437395e-12,True,6.776263578034403e-21,1.0056923510132067e-12,0.7096009943583197,0.007413129505348785,-0.007131360320484424,5.797584270148991e-17,1.7544762604874355e-12,True,6.776263578034403e-21,1.005692344276391e-12,0.7096009899674708,0.007413123623714905,-0.0071312144023796195
325,110,qkv_all_blocks,4,11,1.3196948991971889,0.26522995831157076,-0.9462642174656298,-0.6624277670823113,0.005869620983674187,3.899426657027748e-06,-0.19017851709726058,True,0.0008047174507332131,0.007357165572075799,3.445245049198833e-05,1.5205528253538595e-11,-2.981555974335137e-19,3.2129537989807467e-06,8.250057256077321e-09,0.00014709908431070667,-1.425832802817742e-08,-7.143348182650466e-10,0.1460880358340277,0.08682578595600787,8.954727718967266e-17,1.013599885694536e-11,True,5.204170427930421e-18,1.834664751141069e-12,0.8097785708552112,0.0868257674877097,-0.08095614650403551,8.954727718967266e-17,1.0135995186081609e-11,True,6.938893903907228e-18,1.834664080401063e-12,0.8097784606678659,0.08682568125780284,-0.08095611982932299
325,110,attention_output_all_blocks,4,5,0.1749160979868572,0.04956801417592862,-0.9931521552114984,-0.017221742283981656,0.00023721602453298128,4.572379391389967e-06,-0.2814411061929619,True,2.00050289222974e-06,3.3534929858107255e-05,5.6271442295231974e-08,2.0906653298807686e-11,-2.6152142246476523e-20,1.1373733513569273e-08,9.974182101077595e-11,-1.970214279839817e-07,1.684441901949885e-09,-8.401424143418824e-11,-0.07171181959080362,0.005778769754231302,6.460724773981241e-18,1.5950298857886197e-12,True,0.0,1.0035406056498162e-12,0.7185818803510364,0.005778768355476508,-0.005541552330943527,6.4607192214685805e-18,1.5950443477111316e-12,True,0.0,1.0035407777574296e-12,0.718582081931261,0.005778908612860158,-0.005541825642769313
325,110,attention_output_all_blocks,4,11,0.20029343334650423,0.029857881545012375,-0.6039712844998202,-0.007223904372610071,0.0005648098414668199,3.873012597443462e-06,-0.09003441984035138,True,0.00024815043770608203,0.0005662930707709282,3.190101570177743e-07,1.5000226579955758e-11,3.5575383784680614e-20,-1.8528693094972615e-06,-8.133640303610806e-11,-5.4483054700139444e-06,-1.7877954258822406e-09,-7.511801516499728e-11,-0.20267891666477447,0.023688895614990834,1.3784124531165928e-17,3.841586429891789e-12,True,3.2526065174565133e-19,1.0807461343854515e-12,0.9096719568306342,0.02368882261204285,-0.02312401277057603,1.3784124531165928e-17,3.8415830352198035e-12,True,1.0842021724855044e-19,1.08074594146049e-12,0.9096719439412927,0.02368878360169541,-0.023124026982230716
325,110,mlp_down_all_blocks,4,5,22.14367788228415,6.3961136441372695,-0.9996991805097311,-283.18174824585844,0.06166256611223961,4.292547575874312e-06,-0.2887591484342694,True,0.00028926912414182956,0.024609510918058134,0.0038022720595463208,1.8425964691144432e-11,-3.957337929572091e-18,-0.0006636318784718843,4.2183738336099826e-08,-0.01281652008878346,-8.946116983854877e-09,-4.6579307035083613e-08,-0.662471259114936,0.1248809949064348,8.214810843072059e-16,1.3337301218050461e-11,True,1.734723475976807e-18,2.5220900134490934e-12,0.7103598098974908,0.12334764766838188,-0.06168508155614229,8.214810843072059e-16,1.3337295818464927e-11,True,3.469446951953614e-18,2.5220886811231215e-12,0.7103598659008752,0.12334761880584522,-0.06168543024052384
325,110,mlp_down_all_blocks,4,11,20.201844202478533,3.4983817643617128,-0.5338484756272114,-75.45816167787554,2.32818225061769,3.6055612830302417e-06,-0.09244729111599627,True,2.371913058387464,8.750723649362339,5.420432592091252,1.3000072165686682e-11,-1.1102230246251565e-16,-2.233635106037782,-2.5657900036611087e-06,-9.378300216289873,1.514578988252226e-06,1.6295750765416092e-06,-0.6808558558891123,2.1892592411963725,8.893386941982596e-16,2.2306156753282184e-10,True,8.881784197001252e-16,4.941133977513398e-10,0.8716570581691094,2.0656721429893574,0.2625101076283327,8.893386941982596e-16,2.2306158055572013e-10,True,0.0,4.941134555890459e-10,0.8716570169355611,2.065672611616835,0.2625099889708702
408,107,qkv_all_blocks,4,5,1.640381501820036,0.4761996167698916,-0.9998119774717754,-1.5620043378104498,0.00027256581595248006,4.4796564098745524e-06,-0.29024350737054355,True,1.38059144386781e-06,8.526624473758069e-05,7.429212402584123e-08,2.0067321550530166e-11,-2.457454338221539e-19,1.3357251434086435e-08,-1.2982348181017307e-10,-3.5453901721497154e-07,3.623376464461159e-10,-8.782509997571089e-11,-0.0704326591218975,0.009218785052510529,1.104780478278998e-16,1.929408126388472e-12,True,2.168404344971009e-19,1.0086379946539694e-12,0.7097530275782782,0.009218783300222919,-0.008946217484270439,1.104780478278998e-16,1.9294090127391665e-12,True,2.303929616531697e-19,1.008638011129608e-12,0.7097530612562403,0.009218799311261067,-0.008946357819840586
408,107,qkv_all_blocks,4,11,1.3422773638605245,0.27233259777150454,-0.953812309598372,-0.6973243228618871,0.012688877702838487,3.869778752391165e-06,-0.19351751810243162,True,0.0011112108733943554,0.006692807672630505,0.0001610076173575917,1.4975187592458117e-11,-2.0057740190981832e-18,-3.278693983195703e-05,4.0035669112114785e-09,0.0007764687939440265,4.189174731751773e-09,-2.5986594724429048e-09,0.37399571504181917,0.08735149731934837,9.052401694198549e-17,1.0332045872955472e-11,True,5.204170427930421e-18,1.8708708017494524e-12,0.8068488607352305,0.08735011296144124,-0.07466123525860276,9.052375723277754e-17,1.0332048878221696e-11,True,3.469446951953614e-18,1.8708713626551885e-12,0.8068488159972281,0.08735012248948024,-0.07466134659606534
408,107,attention_output_all_blocks,4,5,0.17513776705141118,0.050373395213248975,-0.9979481580877939,-0.0176083640489269,0.00022930634762140977,4.449962076543018e-06,-0.28703139143559875,True,1.9106840158995982e-07,1.0402328376143771e-05,5.2581401059470823e-08,1.9802162482671054e-11,5.5454188265554975e-21,4.239009144184455e-09,-1.0588860638981743e-11,-1.660731315380936e-07,-1.3192890911776342e-10,-2.0056389637253445e-11,-0.11227628201193006,0.0032076216493946335,6.383772410652498e-18,1.3237922799635484e-12,True,1.6940658945086007e-21,1.00104841440564e-12,0.7129962945580044,0.003207617984453854,-0.0029783116368324435,6.383772410652498e-18,1.3237900752710372e-12,True,0.0,1.0010484001284401e-12,0.7129962253995954,0.003207597398111256,-0.002978291604830065
408,107,attention_output_all_blocks,4,11,0.1751752062261879,0.03510046315687004,-0.5591377146582216,-0.006875974655792979,0.0016093213628227928,3.8243913254954465e-06,-0.11203636162777598,True,9.846759960548785e-05,0.0008468629222868693,2.589915248837811e-06,1.4625969010524815e-11,-7.538593230563273e-20,5.063149050804948e-06,-1.548345640256356e-09,3.6489547700015355e-05,5.812569354581548e-09,-7.063654770864556e-11,0.3895732682244882,0.029764784313609977,7.77743977842549e-18,4.145589187882002e-12,True,2.168404344971009e-19,1.0989473133892015e-12,0.8894200072978508,0.029763690953251664,-0.02815436959042887,7.77743977842549e-18,4.145595876944701e-12,True,2.168404344971009e-19,1.098947734210515e-12,0.8894195619302635,0.029763788326100205,-0.028154484365296308
408,107,mlp_down_all_blocks,4,5,21.840725956304524,6.325202979489509,-0.9996536523699878,-276.19835599673263,0.07379048042894858,4.098266323284789e-06,-0.2895055902939445,True,2.2315508045938428e-07,0.027708686217420758,0.005445035001935042,1.679578685657022e-11,6.776263578034403e-20,-1.857296439933143e-05,1.0451507141725094e-09,-0.007924437300235294,-4.7024753589468164e-08,-4.8772414646711675e-08,-0.3225745741812036,0.15883728755906312,7.879530422579305e-16,1.6877951413769233e-11,True,6.938893903907228e-18,3.521093410980164e-12,0.7095943304107641,0.15761608994443313,-0.08382560951548458,7.879530422579305e-16,1.6877921581422392e-11,True,0.0,3.5210839374579895e-12,0.7095943810606496,0.15761592407233768,-0.08382577400936397
408,107,mlp_down_all_blocks,4,11,19.228398563877793,3.5488183881062256,-0.8179315051979752,-111.62817452449087,2.385187762644743,3.4930745891067246e-06,-0.15095850838618105,True,0.11615372438019403,4.168500591716153,5.689120663070235,1.2201570085063114e-11,3.8510861166685117e-16,0.15124402321810265,-5.358912305538005e-07,-4.833379815586146,1.286818004574443e-06,1.3476177559670738e-06,-0.49625902985931125,2.241481973873589,9.616796079820188e-16,2.3103563173557571e-10,True,1.7763568394002505e-15,5.30163918679854e-10,0.860581032769027,2.2304725159319596,0.15471524671278347,9.616796079820188e-16,2.3103567734930316e-10,True,2.6645352591003757e-15,5.301641285355272e-10,0.8605809918818648,2.230473184700451,0.15471486044403937
408,108,qkv_all_blocks,4,5,1.6688482373408953,0.48463441379537603,-0.9996487819471449,-1.6169944572565387,0.00028901722001043286,4.670147450191884e-06,-0.290298536799338,True,1.656914396616795e-06,0.00016495255768137225,8.353095346255895e-08,2.1810277206533756e-11,1.5108950196648582e-19,-2.0542821601868207e-08,7.537837751225683e-11,1.4416167772704755e-06,-2.6310153541886805e-09,-6.521823699807928e-11,0.19418540534604153,0.012902623973909544,1.0830148054969934e-16,2.296588126534869e-12,True,2.439454888092385e-19,1.016811407698712e-12,0.7097062446902995,0.012902621506438118,-0.012613604286427688,1.0830148054969934e-16,2.296578103864876e-12,True,2.710505431213761e-19,1.0168111477942183e-12,0.7097062271454394,0.012902517885339582,-0.012613575770889703
408,108,qkv_all_blocks,4,11,1.4059809719104932,0.3202257168753876,-0.7281614909088798,-0.655682137832754,0.052629204189434585,3.924863875048145e-06,-0.16584579740826771,True,1.5912390250086352e-05,0.04817344625074047,0.002769833133613199,1.540455643765794e-11,-3.7777669447541795e-19,-3.507685816621738e-05,-3.462817926111478e-10,-0.009321608836217788,5.011950196743388e-08,-1.8088780788413896e-09,-0.40348762352254397,0.20401389792888103,9.883975161497308e-17,2.1396692398577704e-11,True,6.938893903907228e-18,5.160250608021974e-12,0.831027089863539,0.20396651666449997,-0.15133731247506538,9.883975161497308e-17,2.1396704160223142e-11,True,6.938893903907228e-18,5.16025540599664e-12,0.8310270589924104,0.20396663419444133,-0.15133744704377677
408,108,attention_output_all_blocks,4,5,0.17762129354381273,0.051121739706936994,-0.9978561615134309,-0.018121685635810486,0.00023682814207479636,4.651404378922078e-06,-0.2871961009633682,True,1.714425799948472e-07,1.1193541919494377e-05,5.6087568878599927e-08,2.1635562696255483e-11,-1.1911400820763599e-22,4.545459129448261e-09,2.906739846656235e-13,-1.7347568779896077e-07,6.104906566418538e-11,4.055086298223425e-11,-0.10946910047907125,0.0033280856059563755,1.1719769180382027e-17,1.3354421237665047e-12,True,8.470329472543003e-21,1.0011252141839697e-12,0.7128348015203396,0.0033280810795593974,-0.003091252937484601,1.171976703008764e-17,1.3354439650055376e-12,True,8.470329472543003e-21,1.0011252265365864e-12,0.7128348034964981,0.0033280995934255246,-0.0030911401975276653
408,108,attention_output_all_blocks,4,11,0.18300986584831436,0.060096344071063026,-0.07370985929258242,-0.0016213550673241893,0.005535996383593584,4.029614880434371e-06,-0.024204668119631186,True,0.0006991242413513401,0.0035919483900532594,3.0647255959161235e-05,1.6237796084618116e-11,6.776263578034403e-20,-6.419313257545665e-05,1.13717310427439e-09,-0.0003362858612527691,-7.210224627238446e-09,2.953613683295968e-10,-0.5067780205915363,0.05732634459617717,8.999451618257203e-18,7.261981230837038e-12,True,0.0,1.3921240893535535e-12,0.969162379329396,0.05731349092362047,-0.05177749454002689,8.999451618257203e-18,7.261976630492305e-12,True,0.0,1.3921235132083176e-12,0.9691624968312993,0.0573134311957786,-0.05177740666925005
408,108,mlp_down_all_blocks,4,5,22.377355730914864,6.482623437532545,-0.9997602042006809,-290.058370000836,0.06261083351759904,4.364419292746604e-06,-0.2896262190045047,True,4.907783931173896e-06,0.020152135870366166,0.003920116473768503,1.9048155762898765e-11,3.838753316956489e-18,8.390411520479206e-05,-5.559113505079491e-09,-0.004955780898718882,-3.2676018861302256e-08,-3.68913244248257e-08,-0.27878671531435184,0.13826232836682517,8.1796123860955e-16,1.4858312792166205e-11,True,6.938893903907228e-18,2.9205283344551754e-12,0.7095275249518349,0.13695934621950262,-0.07434851270190355,8.1796123860955e-16,1.4858285693816214e-11,True,3.469446951953614e-18,2.9205208237143115e-12,0.7095275810209967,0.13695926579340872,-0.07434872673254264
408,108,mlp_down_all_blocks,4,11,19.3704569200218,3.596964783108391,-0.7940695188575461,-110.65335141410463,1.8596407018145817,3.7773642675589445e-06,-0.14745341870165873,True,0.16910717402326253,4.780048172519115,3.4582635398454302,1.426848080983112e-11,4.5102810375396984e-17,0.09980191777560929,-8.083699615336959e-07,-3.435550245304743,1.843873481736887e-06,6.950593208785375e-07,-0.4224945675898099,2.191520355155252,8.034005476391111e-16,2.2620369799047872e-10,True,1.7763568394002505e-15,5.081670558858674e-10,0.8588111043234301,2.1881582328339357,-0.328517531019354,8.035203998289416e-16,2.2620373641295973e-10,True,8.881784197001252e-16,5.081672289435785e-10,0.8588110535823988,2.1881588674963104,-0.32851797879789846
408,109,qkv_all_blocks,4,5,1.6346318609877604,0.47485854444365355,-0.9998665420773162,-1.5522306272941957,0.00027411742520594407,4.554066143128553e-06,-0.29046000028522545,True,2.3248733501723564e-06,6.0183007841440485e-05,7.514036280153633e-08,2.073951843598978e-11,-1.589245567285881e-19,2.1006636735104406e-08,1.6122808094985124e-10,-8.500601048963959e-07,9.134957157528494e-10,8.287663688442573e-12,-0.19986928102167317,0.007707664244071976,6.016463678479033e-17,1.7858369301976902e-12,True,1.3552527156068805e-20,1.0061753968086253e-12,0.7095357855945599,0.007707661165841998,-0.007433543740636055,6.016463639722701e-17,1.7858439529399698e-12,True,1.3552527156068805e-20,1.0061755071837232e-12,0.7095357532507571,0.007707722260119059,-0.0074335518934058415
408,109,qkv_all_blocks,4,11,1.3286381003869487,0.27164082909288567,-0.9588371366853081,-0.69211233841948,0.0031459381647332223,4.095692006229987e-06,-0.196034807897192,True,0.0013206444518791436,0.005949685377600787,9.896926936325036e-06,1.6774693009896213e-11,-3.7947076036992655e-19,3.4204953151164495e-05,1.259754115561451e-09,-0.0003016209131693889,4.2006514383114876e-09,1.1126246139989047e-10,-0.6214901822385309,0.07521942163675366,6.563466663314992e-17,9.374252680925047e-12,True,2.6020852139652106e-18,1.7012810796398035e-12,0.8036109833029805,0.07521794940438482,-0.0720720112396516,6.563466663314992e-17,9.374256017605829e-12,True,5.204170427930421e-18,1.7012816384840745e-12,0.8036109702576186,0.07521797807023894,-0.07207201955597346
408,109,attention_output_all_blocks,4,5,0.1879356781386071,0.05407175424109887,-0.9963039255826849,-0.02024890449919449,0.0002353080173171024,4.521610683288089e-06,-0.28665073895025495,True,2.922410975292109e-07,2.1572887896171547e-05,5.536986301370575e-08,2.0444963171224983e-11,-1.1315830779725419e-21,9.81081846881794e-10,4.4547362443314376e-11,-1.3028958307119977e-07,-2.5361911488279935e-12,-6.743364234707081e-12,-0.05960584248766687,0.0046365901453669645,6.864356194284337e-18,1.4668103507366791e-12,True,0.0,1.002179119035549e-12,0.713354089362166,0.004636590056573604,-0.004401282039256501,6.864341979503965e-18,1.4668109474751035e-12,True,0.0,1.002179124606826e-12,0.713354308598292,0.004636591252380616,-0.004401254122686549
408,109,attention_output_all_blocks,4,11,0.17942519046346483,0.03504669057618957,-0.604053726080685,-0.0075968927181852535,0.0006675952951781799,4.028169487845485e-06,-0.1179883603559828,True,8.273526828607964e-05,0.0007800980625336827,4.4568347814404104e-07,1.622614942280936e-11,5.421010862427522e-20,-2.4330632718972797e-06,-2.644306894575381e-10,-1.3591156851421604e-05,2.541252941302482e-09,-6.845507971027604e-11,-0.36445050965713544,0.027693908881925737,7.782285621757038e-18,3.910764150828073e-12,True,0.0,1.0847254794174587e-12,0.8812662306105566,0.027693585925141036,-0.027025990629962856,7.782285621757038e-18,3.910767972147401e-12,True,1.0842021724855044e-19,1.084725701876791e-12,0.8812661495978567,0.027693630793538166,-0.027026074616715755
408,109,mlp_down_all_blocks,4,5,21.836259532362064,6.321597669401087,-0.9996267298386287,-275.9770422749209,0.06748327781033092,4.142799739022847e-06,-0.28939196276970347,True,8.723141193002308e-06,0.029828122118857096,0.004553992784026301,1.7162789677647774e-11,-2.6109790599113808e-18,-0.00013475301542714203,6.733173333703976e-09,-0.008782996474164358,-3.227803779516109e-08,-5.292146876032595e-08,-0.37679366068588993,0.1599972450660293,7.763558071212625e-16,1.69602908978768e-11,True,0.0,3.54730885544849e-12,0.7095633319296057,0.15836259115171225,-0.09087931334138132,7.763558071212625e-16,1.6960266321498044e-11,True,6.938893903907228e-18,3.5473010105314465e-12,0.7095633841301584,0.1583624864002626,-0.09087960057192586
408,109,mlp_down_all_blocks,4,11,19.120775961442394,3.4543190985717294,-0.6933222994143396,-91.58685183085825,2.1894685629310846,3.801120128957206e-06,-0.12525414581302138,True,0.6895527525158838,6.196503987868452,4.79377258806351,1.4448514234763649e-11,-4.787836793695988e-16,-0.5832668548277058,-1.5871353144249365e-06,-6.136224739919938,1.1871094743796811e-06,1.658776165789739e-06,-0.5629362050362641,2.203191284480769,9.656810482815509e-16,2.2371815672953564e-10,True,0.0,4.9703377337002e-10,0.8563784390973525,2.175019755684608,0.01444880724647657,9.656810482815509e-16,2.2371818498867516e-10,True,2.6645352591003757e-15,4.970338992464974e-10,0.8563783891175315,2.1750202555995517,0.014448686142742861
408,110,qkv_all_blocks,4,5,1.6148814337234805,0.4689478340437608,-0.9999009361423719,-1.5144402600062588,0.00027155971718002684,4.5518478532661505e-06,-0.2903627278574465,True,1.8204682135297695e-06,4.35685180556304e-05,7.374467999489617e-08,2.071931887928366e-11,8.065341844637041e-20,3.463441119568892e-08,1.96925218851536e-10,-4.966174078874123e-08,1.5404412188009118e-10,-2.4321910918014586e-11,-0.013852884121349742,0.0066024693104047485,1.0570047481408189e-16,1.6741491201474778e-12,True,2.371692252312041e-19,1.0045447703619561e-12,0.709629324366498,0.0066024568355197875,-0.006330897118339759,1.0570047481408189e-16,1.674151696477214e-12,True,2.303929616531697e-19,1.004544805098631e-12,0.7096292791768302,0.006602468086091368,-0.006330915002141179
408,110,qkv_all_blocks,4,11,1.3247756983239187,0.2987534579074686,-0.8314432081882804,-0.6581393822572158,0.03256572391733027,3.933125153349312e-06,-0.18750082282924932,True,0.0006214756018318316,0.027552790756888698,0.0010605263742597768,1.546947347190905e-11,8.673617379884035e-19,-5.352869656044395e-05,3.073581074554569e-09,3.6862583809007905e-05,3.385816110944613e-08,2.7262330951252594e-09,0.003409669176080034,0.16926363967183702,6.609388497915522e-17,1.8093310568824542e-11,True,3.469446951953614e-18,3.921812662022887e-12,0.8133095824808606,0.16926023480635327,-0.136694510889023,6.609388497915522e-17,1.8093322173782844e-11,True,3.469446951953614e-18,3.921816629367362e-12,0.8133095359479431,0.16926034331445736,-0.13669457730224224
408,110,attention_output_all_blocks,4,5,0.17270412352855077,0.04982429732419855,-0.999024476815271,-0.017192934715619276,0.00023313940598721977,4.533799247868554e-06,-0.2882136891118714,True,5.146186519445199e-08,4.841033326041062e-06,5.435398262407369e-08,2.0555335619973472e-11,5.0954325733266505e-22,-3.762296321601637e-09,-1.2105443214780797e-11,-1.1254853290135942e-07,-2.493259696387777e-10,-2.859391759955597e-11,-0.10970467136553365,0.002186970227452531,6.41222092719451e-18,1.2197848571816682e-12,True,1.6940658945086007e-21,1.0004830538344637e-12,0.7117382958217198,0.002186954506126425,-0.0019538151001392053,6.412222815341703e-18,1.2197787267831396e-12,True,1.6940658945086007e-21,1.0004830268874641e-12,0.7117381413299918,0.0021868955631438305,-0.0019537733976552306
408,110,attention_output_all_blocks,4,11,0.15938764828747917,0.029975999976149695,-0.7571254778556284,-0.007234794487110261,0.00031388387915443544,3.8706127097261945e-06,-0.14239242218573792,True,1.7559378440193888e-05,0.0003834706190522997,9.852308959303623e-08,1.4981642748693952e-11,-5.717472393966527e-21,-2.644496382915671e-07,-2.775777594059521e-10,-3.3201829480951578e-06,-9.024430571583312e-10,2.5077248555992337e-12,-0.2700828206594857,0.019499973312643217,7.920527282224371e-18,2.9938502651796596e-12,True,0.0,1.03975438879957e-12,0.8574096058238798,0.019499947782509106,-0.019186063903354672,7.920527282224371e-18,2.9938473498847677e-12,True,0.0,1.0397542725464251e-12,0.8574093980239302,0.019499925037691608,-0.01918601330015916
408,110,mlp_down_all_blocks,4,5,22.230532265023676,6.443687369375234,-0.9998046643101766,-286.4372375944031,0.06300065689138021,4.330732977176186e-06,-0.2898009193146536,True,3.702110709207798e-05,0.016219523841973095,0.003969082768745413,1.8755248119601307e-11,1.4602848010664138e-17,0.00017446233207542685,-1.484827255904617e-08,-0.0038745655518131914,2.1420215202005878e-08,-5.165393632375682e-08,-0.24145093375030466,0.12772643054162797,1.4360813004485572e-15,1.3855164136670089e-11,True,4.85722573273506e-17,2.6525524498072886e-12,0.7095541736484757,0.12691927432043362,-0.06391861742905341,1.4360813004485572e-15,1.385514660936796e-11,True,5.551115123125783e-17,2.6525479434834454e-12,0.7095542285357131,0.12691929311135555,-0.06391904602005966
408,110,mlp_down_all_blocks,4,11,19.849668079407166,3.655409332716272,-0.7579386085758465,-109.99002255517499,2.3799842709238437,3.5695562521118475e-06,-0.1395779441918447,True,0.33376666952259937,5.68592677477624,5.6643251298449,1.2741731836990781e-11,-1.734723475976807e-17,0.2344747507763732,-9.785238683964726e-07,-5.028993302031184,1.5982353987277123e-06,1.6606381334769289e-06,-0.4430740790707103,2.5142113281484426,9.924124879894364e-16,2.634785709898797e-10,True,1.7763568394002505e-15,6.89950002288893e-10,0.8706453617032516,2.506008445862157,-0.1260241749383133,9.924124879894364e-16,2.6347861442889655e-10,True,8.881784197001252e-16,6.899502303251333e-10,0.8706453190387481,2.506009164654013,-0.1260245448516546
569,107,qkv_all_blocks,4,5,1.6218747830295936,0.47115007399623904,-0.9998528441583984,-1.5280679508537822,0.00028075489395202333,4.4694299505051e-06,-0.2904544459533556,True,2.261551428692524e-06,6.532720450415247e-05,7.882331047801186e-08,1.9975804082472017e-11,1.947116987500823e-19,1.0804664328552723e-08,-1.8830978734430305e-10,-4.272474006291573e-07,1.530865850877609e-10,-5.652458481354485e-11,-0.09414018795240715,0.008060941658019943,1.0975544429667753e-16,1.8200679027191765e-12,True,2.846030702774449e-19,1.0067251136507022e-12,0.70954333911296,0.008060940857558629,-0.007780185963606606,1.0975544429667753e-16,1.820067465121254e-12,True,2.846030702774449e-19,1.006725106473504e-12,0.7095433777160741,0.008060948113762532,-0.007780258317550984
569,107,qkv_all_blocks,4,11,1.320276188335664,0.2648316512652894,-0.9794333660917695,-0.6849195611048992,0.0019611321259016116,3.865814965465359e-06,-0.19646264769296784,True,0.0013451895150461547,0.0028552482962128788,3.846039215243374e-06,1.4944525347215938e-11,4.336808689942018e-19,1.400281839661218e-05,-4.260709493607395e-09,-5.252687522828634e-05,-8.548519023749219e-09,7.702164443013707e-12,-0.25062406836360795,0.052977046540929745,5.4240908792152435e-17,7.454269744628436e-12,True,8.673617379884035e-19,1.4165759793642602e-12,0.8033927654113844,0.052976702610090645,-0.05101557048418903,5.4240908792152435e-17,7.454259839099116e-12,True,8.673617379884035e-19,1.4165747007060776e-12,0.803392809405582,0.05297662235116838,-0.05101548445139357
569,107,attention_output_all_blocks,4,5,0.1703493664400402,0.0489533434827174,-0.9976712021796856,-0.01663950160808832,0.00023094568938606034,4.679149928139028e-06,-0.2867010430608692,True,2.31781902453896e-07,1.114860461094441e-05,5.333591144600266e-08,2.1894444050003476e-11,2.6469779601696886e-22,-3.1636755687822337e-09,2.7322602816542997e-11,-1.2910945309535103e-07,5.600935638617816e-10,2.111275653551205e-11,-0.0837158957719845,0.0033275863729278405,6.186502324902979e-18,1.3361762825688358e-12,True,1.6940658945086007e-21,1.001130144929618e-12,0.7132796691850224,0.003327584750799769,-0.0030966390614137087,6.186502324902979e-18,1.3361856588188652e-12,True,3.3881317890172014e-21,1.0011302079719547e-12,0.7132798357607769,0.0033276753988606645,-0.0030966366171667936
569,107,attention_output_all_blocks,4,11,0.16025642114609276,0.02887081337726032,-0.7915156240634331,-0.007324263275747151,0.00033343454435078224,3.821598754793481e-06,-0.142594597483798,True,1.747935489644321e-05,0.000311323678229329,1.1117859536641375e-07,1.460461704263909e-11,8.893845946170154e-21,-6.191742062814104e-07,-2.732476076890356e-10,-6.235949897103474e-06,-3.765936033210775e-09,1.3465097288690048e-11,-0.5299756957098749,0.01746994295719342,6.675549065445077e-18,2.7946004781503704e-12,True,5.421010862427522e-20,1.0322059087617753e-12,0.8569433357636902,0.017469786021840388,-0.017136351477489604,6.675549065445077e-18,2.7945893026088926e-12,True,5.421010862427522e-20,1.0322055076503828e-12,0.8569431318491322,0.017469678902082158,-0.017136202268596773
569,107,mlp_down_all_blocks,4,5,22.695816730495714,6.58881715241505,-0.9996817321811706,-298.98198648436545,0.06196455319738665,4.216693267151379e-06,-0.29021736570074164,True,0.0002453432430704547,0.027629213225116345,0.00383960585295176,1.778050210923977e-11,3.238376363942641e-17,0.00024100028437101367,-3.87164663144601e-08,-0.007433248550883409,-4.959742870295281e-09,-1.525902373476045e-08,-0.36084532049796275,0.15503409472494978,8.246039658564495e-16,1.6659474465838947e-11,True,3.469446951953614e-18,3.45219140546262e-12,0.7094436694277056,0.15484310438788776,-0.09287855119050113,8.246039658564495e-16,1.66594556537492e-11,True,6.938893903907228e-18,3.4521855137173783e-12,0.7094437238820896,0.1548431005551328,-0.09287867034143259
569,107,mlp_down_all_blocks,4,11,19.695671102203928,3.5786261797185532,-0.9321690973337916,-131.4049771761866,1.3180694700164186,3.557991720659731e-06,-0.16937146839693298,True,0.00018387671315957133,1.678438364668911,1.7373071277893626,1.2659305084283194e-11,-4.1470733097570545e-18,-0.009358809811455789,2.4549159131928126e-08,-0.6484441872137858,9.081697961281899e-07,6.946055593335896e-08,-0.18986792589211535,1.6635207558802767,9.777025257788901e-16,1.6707607811320058e-10,True,1.3322676295501878e-15,2.7681263721461903e-10,0.8481494342549909,1.6273343239751719,-0.30926485395875325,9.777271486273822e-16,1.6707610828588081e-10,True,8.881784197001252e-16,2.7681273743383614e-10,0.848149388295789,1.6273348163090626,-0.30926531993848894
569,108,qkv_all_blocks,4,5,1.6507205433524468,0.4794210709317491,-0.9996923717777388,-1.5822935134788707,0.00028533178535151266,4.7075239104225525e-06,-0.29034205057303497,True,1.8091830186335027e-06,0.00014139159741151635,8.14142277318817e-08,2.2160781367200043e-11,-1.52995326097808e-20,-4.902043466830061e-09,-8.953534937397255e-11,1.1346045712604286e-06,1.4617761166350487e-09,1.911030176247785e-11,0.1672062777428462,0.011941843082644683,5.809918882279488e-17,2.2017150127450155e-12,True,0.0,1.0144411897185674e-12,0.7096590533336281,0.011941842943614061,-0.01165651115826255,5.809910623286235e-17,2.2017208939580177e-12,True,2.710505431213761e-20,1.0144413310697526e-12,0.7096590734963764,0.011941905870284583,-0.011656501772880551
569,108,qkv_all_blocks,4,11,1.3679131849364654,0.2893000116689345,-0.8627387449961216,-0.6828358037287414,0.02365293366826315,4.043696871417213e-06,-0.1824606500932385,True,0.0003551961337160417,0.021399164424003067,0.0005594612711152566,1.6351484387909354e-11,-2.981555974335137e-19,-1.7871064376556927e-05,-3.666135613243675e-09,0.000911454007504298,1.3728985427114165e-08,-1.8361355295467836e-09,0.13171078598053157,0.15122856774638388,6.665285924058933e-17,1.6233976753284778e-11,True,3.469446951953614e-18,3.320740477196211e-12,0.8178859492800166,0.1512278245392841,-0.12757489087102095,6.665285924058933e-17,1.623397945877172e-11,True,3.469446951953614e-18,3.320741301502788e-12,0.8178860203826817,0.1512278636093523,-0.12757496840958424
569,108,attention_output_all_blocks,4,5,0.17406097409502233,0.05011613356568246,-0.9981070538840283,-0.017413500718909326,0.00023374056698213702,4.62789939562732e-06,-0.28737783805572903,True,1.399683116760672e-07,9.499748782302484e-06,5.463465265313088e-08,2.1417452816047716e-11,3.566802801328655e-21,-6.58106620505338e-10,-7.216983360833501e-12,-1.0884566465887301e-07,-1.946452971592552e-10,-4.21351314065274e-11,-0.07554243621193303,0.0030733593623747846,6.1926120773556464e-18,1.3095940563924364e-12,True,0.0,1.0009584847975352e-12,0.7126171089361937,0.0030733592365229725,-0.0028396186695408355,6.192623894879538e-18,1.3095904616649742e-12,True,0.0,1.0009584625395392e-12,0.7126170535234779,0.00307332419648266,-0.00283962795138116
569,108,attention_output_all_blocks,4,11,0.16153985395775347,0.030758588707808416,-0.7336313676782473,-0.007290444003222159,0.0003897512368816704,4.012372996473347e-06,-0.13968977282512335,True,2.193572947882055e-05,0.0004368905459939265,1.5190602665079196e-07,1.6099137062828504e-11,2.7422691667357973e-20,-4.925507039565426e-07,-1.3667231927186566e-10,-2.446156326576592e-07,-1.06741897695978e-09,-1.0131292993202268e-10,-0.015013446018979493,0.02089970900246986,1.1187037122329523e-17,3.1406564767911353e-12,True,1.0842021724855044e-19,1.0458241015162784e-12,0.8599847165103113,0.02089964285392916,-0.02050989161704749,1.1187037122329523e-17,3.140653465317763e-12,True,5.421010862427522e-20,1.0458239725857695e-12,0.8599846261880417,0.020899615241778285,-0.020509973338413257
569,108,mlp_down_all_blocks,4,5,23.080290618888345,6.6971462899097425,-0.9996240360836095,-309.0279383255091,0.06317078006230174,4.180784757648332e-06,-0.2900582369219921,True,0.00015021054879132045,0.033718953284153794,0.003990547453679699,1.7478961189784622e-11,4.504860026677271e-17,0.00033699462425339807,-2.7753424886877992e-08,-0.011932055724485696,-5.2699129917762116e-08,-1.357550438295931e-08,-0.514318321164823,0.16055355808373664,1.5373086593282749e-15,1.720637226105599e-11,True,6.591949208711867e-17,3.6264650186392496e-12,0.7093460988936158,0.1599638543276383,-0.09679307426533658,1.5373086593282749e-15,1.7206343256827638e-11,True,7.632783294297951e-17,3.626455617581227e-12,0.7093461479499509,0.1599637445331524,-0.09679307178341613
569,108,mlp_down_all_blocks,4,11,20.160242486039277,3.557873213367309,-0.9089318917570017,-130.39098217000145,1.916308132570589,3.7318421671343764e-06,-0.16040801258699758,True,0.027830740383469853,2.2005826478183423,3.672236858956178,1.3926645960402198e-11,2.502338614096544e-16,0.1333671787729825,-2.8344079651519845e-07,-1.037638994797236,1.1957309709032517e-06,1.5137415277977068e-06,-0.1825080831867805,2.198904389003143,9.661397830781508e-16,2.2452580233909762e-10,True,2.6645352591003757e-15,5.006378431133735e-10,0.8594191622899913,2.162268232961897,-0.2459601003913079,9.661397830781508e-16,2.245258566067775e-10,True,1.7763568394002505e-15,5.006380857179364e-10,0.8594191201519608,2.1622690165420164,-0.2459604890048579
569,109,qkv_all_blocks,4,5,1.6145976615180815,0.46908868667321396,-0.9995969753410201,-1.5141684998071967,0.00027135097339775,4.759142715156213e-06,-0.2904126789855288,True,2.0439310241944346e-06,0.00017733073254712123,7.363135076390642e-08,2.2649439383224454e-11,5.937171564660611e-20,2.285367500563975e-10,-2.929130092123822e-11,-6.932693617441835e-07,9.007732461470167e-10,-2.8288667096236e-11,-0.09592871432260403,0.013293272529220973,5.742412546636021e-17,2.336993844776727e-12,True,2.710505431213761e-20,1.0178755254097086e-12,0.7095872715118022,0.013293272528980691,-0.013021921555582941,5.742412546636021e-17,2.336997082793388e-12,True,0.0,1.0178756119939803e-12,0.7095872778565043,0.013293306197680987,-0.013021965615503913
569,109,qkv_all_blocks,4,11,1.325376362098445,0.26905878325366195,-0.9365990301110216,-0.6679902045560404,0.004484155784104143,4.09237474285595e-06,-0.19013481954608266,True,0.0008083645538261495,0.00888853034503424,2.010765309611464e-05,1.6747531035965303e-11,-1.0842021724855044e-18,-5.73758383191455e-06,7.150126004954399e-09,0.00011386518239803912,2.9789393999478126e-09,2.1408755113748556e-10,0.13466826929828793,0.09498685793586603,6.351234570736316e-17,1.0912179452836106e-11,True,0.0,1.982513015052263e-12,0.8099413105182484,0.0949868043441776,-0.09050264856007345,6.351234570736316e-17,1.0912184678678617e-11,True,0.0,1.982514051042311e-12,0.8099412156456383,0.09498682137356063,-0.09050263985056262
569,109,attention_output_all_blocks,4,5,0.18425620170261955,0.053075954439979374,-0.9979043599677712,-0.01951815860113587,0.00023394544209421364,4.603782640692258e-06,-0.2874515259496592,True,1.4627517001254685e-07,1.1794702902779817e-05,5.4730469876657066e-08,2.1194814602739377e-11,-6.167458647195374e-21,8.707885790170752e-10,4.876127647422215e-11,-1.3402378453983797e-07,-3.395403474249648e-10,-3.7234726000712155e-11,-0.08340532718038228,0.0034227780512496916,1.2248973221731813e-17,1.3444206083658208e-12,True,6.776263578034403e-21,1.0011862555546708e-12,0.7125546524401943,0.003422777861934213,-0.0031888324198399995,1.2248973221731813e-17,1.3444161542048493e-12,True,8.470329472543003e-21,1.0011862248727727e-12,0.712554998409564,0.003422725896516462,-0.0031888147382420884
569,109,attention_output_all_blocks,4,11,0.16856752781319337,0.0395496008885243,-0.5704678906331441,-0.007606366076843722,0.0014247786669074063,4.06838806920197e-06,-0.1338441495046552,True,3.4488565459887e-05,0.0010551371312534576,2.029994249674446e-06,1.6551781481624927e-11,2.286988957586611e-20,4.933187896266256e-07,-3.9927956922265913e-10,-3.57357623186988e-05,-1.9824809437554095e-09,2.2254771362163953e-11,-0.38607457156228386,0.031959839849167476,8.512379901653645e-18,4.250251140195088e-12,True,2.168404344971009e-19,1.1056413247433948e-12,0.8664050150028351,0.031959812250647666,-0.03053503358374026,8.512379901653645e-18,4.250247535927052e-12,True,0.0,1.1056410904479987e-12,0.8664048133354765,0.031959781887189356,-0.030534989601897464
569,109,mlp_down_all_blocks,4,5,22.959645539630706,6.6558965904181235,-0.9996958481395565,-305.5410937630602,0.06265889026487573,4.31851249534947e-06,-0.28980726969856574,True,4.134307597865634e-05,0.026944340246615836,0.003926136529225738,1.8649550172489505e-11,1.5487150407597627e-17,0.00018092040352316225,-1.5096279588590822e-08,-0.011270201448208509,-3.4740376006293044e-08,-2.8257488793629558e-08,-0.547879697447501,0.14000098330952204,8.56623312474676e-16,1.507925381798869e-11,True,0.0,2.9822538807134903e-12,0.7095799694932299,0.13929230061778036,-0.07663341035290464,8.56623312474676e-16,1.5079226090819077e-11,True,0.0,2.9822460731640063e-12,0.709580020622944,0.13929219311227398,-0.07663352818565354
569,109,mlp_down_all_blocks,4,11,20.24430348871372,4.7111820918306515,-0.3936895668267654,-75.0959699659152,3.586113388586979,3.902025971535121e-06,-0.09161803161115671,True,2.4339941757756076,18.755164227281988,12.860209235802785,1.5225806682534606e-11,1.5543122344752192e-15,-2.6846256137138753,-2.6562006860203735e-06,-26.777157127197594,1.9779270554777034e-06,1.4068114226939325e-06,-0.8620848606367166,2.199594584437591,1.2317402101962182e-15,2.1518648178512366e-10,True,3.552713678800501e-15,4.597584897948911e-10,0.8658817533863942,2.024339426694614,1.5617739618923645,1.2317402101962182e-15,2.1518649879256927e-10,True,5.329070518200751e-15,4.5975856265019287e-10,0.8658817113361733,2.0243399008977603,1.5617736838384277
569,110,qkv_all_blocks,4,5,1.5972017773830904,0.4637878632997972,-0.9999134327671858,-1.481397347610819,0.00027410636682269134,4.669234049431781e-06,-0.2903501116982718,True,1.7274507849984902e-06,3.7239470028898914e-05,7.513430033273582e-08,2.1801746608373112e-11,9.402065714522734e-20,-1.5906214856862836e-08,-3.7561076639607874e-10,-6.157567831903015e-08,6.490850044916537e-10,-8.279084458467049e-11,-0.01840595432403288,0.00610352591957408,1.070219869234274e-16,1.6242160941617422e-12,True,2.439454888092385e-19,1.0038964573221054e-12,0.7096536768621886,0.006103522920015606,-0.0058294165531929155,1.070219869234274e-16,1.624217796175295e-12,True,2.303929616531697e-19,1.0038964785706194e-12,0.709653766325591,0.006103570953249339,-0.005829575859799184
569,110,qkv_all_blocks,4,11,1.3125944710374142,0.28036510661774333,-0.8819956006132679,-0.6491587970767301,0.020801595590248287,4.016143519950137e-06,-0.1883908519033149,True,0.0006691759440225464,0.01745680360787045,0.00043270637910023703,1.6129408772837477e-11,-4.587530442329291e-18,1.7911965755122014e-05,5.4751579363298206e-09,-7.684633870550977e-05,-2.200511934634776e-10,-2.646475171882012e-09,-0.013980225386503646,0.13346409123155625,9.193448298147948e-17,1.4601379179348998e-11,True,0.0,2.849975155804284e-12,0.8113453859165056,0.13346364218384185,-0.11266204659359356,9.193448298147948e-17,1.460138014423677e-11,True,0.0,2.849975418280382e-12,0.8113453052922117,0.13346363123072552,-0.11266209886518874
569,110,attention_output_all_blocks,4,5,0.17168773418976868,0.049552454605910644,-0.9990851130614122,-0.016999530419372924,0.00023046267775219287,4.555736243701386e-06,-0.28835560062605214,True,4.04623497356127e-08,4.490855251273498e-06,5.3113045836711095e-08,2.0754732722174413e-11,1.5129133403594876e-21,-1.7796414910282437e-09,-3.261754122861868e-11,-1.1973994970259137e-07,2.0021816156327383e-10,5.4788218613641286e-11,-0.12258686635842117,0.0021033849736573707,6.463831186766118e-18,1.211256030816926e-12,True,0.0,1.000446291105565e-12,0.7116186339253773,0.002103380322021922,-0.001872917644269729,6.46385690242737e-18,1.2112617854516967e-12,True,8.470329472543003e-22,1.0004463154199225e-12,0.7116181616922982,0.002103445700821755,-0.0018728191871941
569,110,attention_output_all_blocks,4,11,0.16083989502241633,0.04223077752125032,-0.46260249115379665,-0.00628435660705042,0.002198889402984658,3.9687264995518025e-06,-0.12146279305870848,True,5.768236841206676e-05,0.0014017808170146949,4.835114606558226e-06,1.5750790028244703e-11,2.879912020664621e-20,-2.495300099197415e-06,-1.3971648833729117e-12,-1.610210954251202e-05,-3.289115279927251e-09,4.015566225682155e-11,-0.097793353393628,0.03728959401869027,1.0225182512315191e-17,4.80223735502087e-12,True,4.336808689942018e-19,1.144570089039161e-12,0.8775158501870951,0.03728923217004687,-0.035090342767062216,1.0225182512315191e-17,4.802233101462373e-12,True,2.168404344971009e-19,1.1445697655785618e-12,0.8775158496152186,0.0372891888165003,-0.035090286701123054
569,110,mlp_down_all_blocks,4,5,23.110541398872975,6.709275526646462,-0.9997252518573774,-310.0247774891046,0.06204099556878177,4.254355293354971e-06,-0.29023258477121927,True,0.0002657349313204269,0.024731835564697113,0.0038490851311655996,1.809953896209746e-11,-1.1411227865409934e-17,0.0002344418599435686,-3.1814955646800294e-08,-0.009087110920111779,-2.38599133420813e-08,-4.7027917013565164e-09,-0.46568140876233205,0.13962023412009786,8.520118751320487e-16,1.5140009394273724e-11,True,3.469446951953614e-18,2.9993986567014913e-12,0.7094562645738354,0.1394349357474032,-0.07739394017862145,8.520118751320487e-16,1.5139988050721176e-11,True,0.0,2.9993926207453764e-12,0.7094563067985658,0.13943488371110865,-0.07739392589714969
569,110,mlp_down_all_blocks,4,11,20.424829613962626,3.787456537010824,-0.8071990768509789,-124.88686169968472,2.70615940433033,3.5292856991527706e-06,-0.14968210154362252,True,0.15061372072309692,4.998163062547745,7.323298721645488,1.245585754624426e-11,-6.591949208711867e-16,0.20320138257066156,-6.428984897567858e-07,-6.402422459730614,8.077754562872463e-07,1.7345141016980935e-06,-0.5291219116093013,2.4329075865027465,1.0299363571884368e-15,2.514566714574874e-10,True,1.7763568394002505e-15,6.282854427756379e-10,0.8631354759526395,2.4187810444313738,0.28737835989895677,1.0303102793995322e-15,2.514567093762893e-10,True,2.6645352591003757e-15,6.282856327159903e-10,0.8631354353997598,2.4187816596143983,0.2873780651934421
701,107,qkv_all_blocks,4,5,1.6365034134104282,0.4761433186630808,-0.9996945104735577,-1.5579442514400195,0.0002986670369774344,4.65099292965776e-06,-0.2908627369582917,True,4.776756554133983e-06,0.00013849540635153793,8.920199897688017e-08,2.1631735231726474e-11,4.544331762019321e-19,8.6203346222604e-08,-7.278730919821814e-10,-2.3728883961989566e-06,-1.102939817812063e-09,1.1390522456972653e-11,-0.33755328519743505,0.011670977677740451,5.983990598217532e-17,2.187748625992356e-12,True,2.710505431213761e-20,1.0141074679854674e-12,0.7091252123865386,0.011670961016082079,-0.011372293979104645,5.983990598217532e-17,2.187741057907913e-12,True,5.421010862427522e-20,1.014107288206402e-12,0.7091253141383618,0.011670915459438932,-0.011372193144847992
701,107,qkv_all_blocks,4,11,1.319694727716759,0.28071282745876913,-0.9279092729778184,-0.6874977018687691,0.00835781134621194,4.2438237699412265e-06,-0.1973759765589662,True,0.001433833033824162,0.010951926355700012,6.985301049886905e-05,1.8010040190318163e-11,2.9680034471790684e-18,5.6530898659639165e-05,1.8913750680748292e-09,-0.00039658927903725655,1.6176995087506956e-08,-3.12921877700374e-10,-0.2267112924319165,0.10307856269448865,6.569910556740988e-17,1.2007067738342227e-11,True,3.469446951953614e-18,2.2115554019645427e-12,0.802058392548127,0.10307585985316824,-0.0947180485069563,6.569910556740988e-17,1.2007075811996456e-11,True,1.734723475976807e-18,2.2115571793103743e-12,0.8020583736236063,0.103075936713025,-0.09471814300971838
701,107,attention_output_all_blocks,4,5,0.17301643531661884,0.04920701039881834,-0.9870090426506389,-0.01680604287516648,0.0002416464680858717,4.677832940402397e-06,-0.28071185339450017,True,2.3262447491020762e-06,6.250215053170756e-05,5.839301553837621e-08,2.188212101831374e-11,-2.541098841762901e-20,1.5482754787573065e-08,6.095347533194153e-11,-2.588039017819499e-07,4.4019169231569325e-10,2.614112201867162e-11,-0.06773496204482055,0.007893145104802268,1.1322619007036528e-17,1.804011611541485e-12,True,2.710505431213761e-20,1.0064643467149354e-12,0.7193174827595186,0.007893143472874106,-0.007651497004788234,1.1322619007036528e-17,1.8040150267113436e-12,True,2.710505431213761e-20,1.0064644016317764e-12,0.7193175982519207,0.00789317438645996,-0.007651428572056871
701,107,attention_output_all_blocks,4,11,0.20138153511687246,0.030088817295472893,-0.558027220158386,-0.0067625446259291025,0.00036835941076823037,4.18888366472541e-06,-0.08337596127421489,True,0.00029512696308151405,0.0006234200968170411,1.3568865550151787e-07,1.754674635660338e-11,1.6940658945086007e-20,-5.965763364894942e-07,-1.5107952317966913e-09,-1.3964519847656381e-06,-2.139300525948163e-09,4.692848255437194e-11,-0.0759160919663309,0.02494312196754402,9.004002780068158e-18,4.027688425569582e-12,True,1.0842021724855044e-19,1.09166897202328e-12,0.9165378179481232,0.024943115924129105,-0.024574756513360874,9.004002780068158e-18,4.0276825041808344e-12,True,0.0,1.0916686134612272e-12,0.916537599598967,0.02494307430230553,-0.02457462738519205
701,107,mlp_down_all_blocks,4,5,22.4023209054243,6.488706438867772,-0.9991875366682289,-290.4879650832129,0.09560595013841913,4.2070747212901715e-06,-0.2894090585607906,True,7.007003554652865e-06,0.06838700081786334,0.009140497701869886,1.7699477710518778e-11,-2.490276864927643e-19,-0.0001502397544229938,6.23084065384066e-09,-0.037044844341666744,-3.321202509810054e-08,-5.0327019644875234e-08,-0.7408428228000613,0.2012030173184947,7.984563912332348e-16,2.1084676105727503e-11,True,0.0,5.0339421427198125e-12,0.709324177515938,0.19919166058010582,-0.1035857104416867,7.984563912332348e-16,2.108465686455547e-11,True,6.938893903907228e-18,5.033934413669352e-12,0.7093242300519941,0.199191618600806,-0.10358593157043257
701,107,mlp_down_all_blocks,4,11,19.278939990882503,3.9168973152616955,-0.60718685210434,-91.7017645064393,2.677307354844767,4.136388117527911e-06,-0.12336199770290496,True,0.7634226738248667,9.685828147106427,7.167974672305881,1.710970665882609e-11,9.228728892196614e-16,-0.7994826478483243,-1.7898517540437464e-06,-10.171511535278434,2.727867133089549e-06,1.6397855433923505e-06,-0.61036397068632,2.5850128208838496,1.3261866132404436e-15,2.588028570460463e-10,True,1.7763568394002505e-15,6.65623131011042e-10,0.8529071482785584,2.5442051428575376,0.13310221198722916,1.3261866132404436e-15,2.5880290704195815e-10,True,0.0,6.656233887928451e-10,0.8529070951508129,2.544205817030951,0.13310184405481484
701,108,qkv_all_blocks,4,5,1.6685928006846795,0.48440733104813405,-0.9995994674885136,-1.6159096866681832,0.00032430963807802255,4.462122255519518e-06,-0.29019261617607245,True,1.2327138113397063e-06,0.00018793263392776816,1.0517674135029797e-07,1.9910535023202595e-11,-5.644680500061861e-20,3.069113153135068e-08,-1.1548655492252164e-10,-2.402543517300577e-06,9.03568776486041e-10,4.871542191267925e-11,-0.27019686845086144,0.013624803380299397,1.0917890702619137e-16,2.367108891400715e-12,True,2.710505431213761e-19,1.018689867209469e-12,0.7097991005617352,0.013624796369889367,-0.013300486731811344,1.0917890702619137e-16,2.367112024681473e-12,True,2.439454888092385e-19,1.0186899528802867e-12,0.7097991317305246,0.013624832099905868,-0.013300416675939569
701,108,qkv_all_blocks,4,11,1.3964811241332953,0.280572098739292,-0.8996647872264824,-0.705001869852361,0.010370178528193996,3.869814233433136e-06,-0.1807549226063717,True,0.00028419995350090205,0.015004423379715604,0.0001075406027066158,1.497546220128169e-11,-8.131516293641283e-20,1.9302722301070286e-05,2.9654882467427577e-09,-0.00023295138701447896,-2.0188861190226567e-09,5.419257439030274e-10,-0.09169368294141025,0.12197955810465842,6.95997890469486e-17,1.3321734971670879e-11,True,0.0,2.5182515271209712e-12,0.8188351173827607,0.12197821460217997,-0.11160803607398598,6.95997890469486e-17,1.3321735581772986e-11,True,1.734723475976807e-18,2.518251677471305e-12,0.8188350544003703,0.12197820819652813,-0.11160800281727831
701,108,attention_output_all_blocks,4,5,0.17928993375119687,0.0514539160833813,-0.9968520375531109,-0.018392257439205858,0.00023514802626338095,4.5261560624370445e-06,-0.2860837751158075,True,3.8115173936097315e-07,1.664225976074134e-05,5.529459425556369e-08,2.048608870153561e-11,-7.39830339867428e-21,1.0471431006195593e-08,4.4579938133972007e-11,1.4432374393456222e-09,-4.2248747979037987e-10,-4.4738581692545575e-11,0.0007522467235038242,0.004086440699733234,6.7127431218957634e-18,1.4134080401105354e-12,True,0.0,1.0017090620762804e-12,0.7139635259776264,0.0040864318997986294,-0.0038512838735352485,6.7127456335992e-18,1.4134031761219156e-12,True,3.3881317890172014e-21,1.0017090218602769e-12,0.713963727352187,0.004086377162969703,-0.0038512807109280516
701,108,attention_output_all_blocks,4,11,0.19863778828011355,0.04593758746405491,-0.13226485845085223,-0.002413817999369408,0.0030266203174517197,3.9843331378927434e-06,-0.030587979035181154,True,0.000752453552680068,0.0020733450348379666,9.16043054601155e-06,1.5874910553710233e-11,-6.098637220230962e-20,5.636783966812497e-06,6.794594993747808e-10,-2.5957575884655243e-07,3.2678308213354238e-09,7.846747610110544e-11,-0.0009417603525386547,0.04563163255489695,1.0461189259437257e-17,6.329480487131943e-12,True,8.673617379884035e-19,1.2840336226272013e-12,0.9699292699835056,0.04563151688305782,-0.0426048965656061,1.0461189259437257e-17,6.329484278900464e-12,True,4.336808689942018e-19,1.284034026790472e-12,0.9699293323328454,0.04563155369562667,-0.042604917792780375
701,108,mlp_down_all_blocks,4,5,21.983279277700007,6.351176250351917,-0.9994845772957528,-279.0954361994079,0.09063170062595388,4.221237633539601e-06,-0.2887604997291358,True,0.00028409136845288456,0.04157094850313558,0.00821410515835253,1.781884715881101e-11,-2.3052848692473038e-17,-0.0006905490044308252,3.441005447637261e-08,-0.004581127587690882,-4.5688476482040704e-08,-5.551745065163835e-08,-0.12395592644546403,0.2126121494030791,1.462352762551942e-15,2.2165412454714712e-11,True,6.938893903907228e-18,5.4797468437819276e-12,0.7103076567043379,0.211622994440842,-0.12099129381488813,1.4623526982449207e-15,2.2165396679430666e-11,True,6.938893903907228e-18,5.479740165976546e-12,0.7103077031380997,0.21162285417154164,-0.1209914597283316
701,108,mlp_down_all_blocks,4,11,20.40739284410764,3.922229050390209,-0.6012857658240859,-96.25679460943613,3.03026223191563,3.7173687744490005e-06,-0.11556500706959755,True,1.1750548541408632,9.821922148956741,9.182489194174293,1.3818830605248465e-11,4.440892098500626e-16,-0.05677425607318873,-1.8684473333573791e-06,-13.073636647813718,1.4828880675017137e-06,1.4551900292536934e-06,-0.6883161478407841,2.4353181918010876,1.394115169270395e-15,2.665005704962795e-10,True,5.329070518200751e-15,7.059055293384988e-10,0.8831517618750667,2.4351773888949344,0.5950848430206954,1.394115169270395e-15,2.6650059064020124e-10,True,6.217248937900877e-15,7.059056363029572e-10,0.8831517196437842,2.435177982887109,0.5950844891403788
701,109,qkv_all_blocks,4,5,1.6301535567195253,0.47329577715442894,-0.9964138334607148,-1.5375558127659954,0.0007836980225135322,4.6847313602755225e-06,-0.28929695471403566,True,1.40900094985405e-07,0.0016037855041816274,6.141825904916208e-07,2.1946707917948946e-11,-5.2568982288970015e-20,-2.8239553381876208e-08,5.83577725985406e-11,-3.0422854417720333e-05,-9.977691295545807e-09,1.375629601028734e-10,-0.48467215615518505,0.039673376871075625,1.0735676287893348e-16,4.967479669634114e-12,True,2.168404344971009e-19,1.1574089492896e-12,0.7106799701818386,0.039673359038449485,-0.03888966101593595,1.0735676287893348e-16,4.967467369837019e-12,True,0.0,1.1574079733072147e-12,0.7106800178671423,0.03967323537416828,-0.03888943559095854
701,109,qkv_all_blocks,4,11,1.4940550296548973,0.28632853636803496,-0.7632636905674771,-0.6530340488656571,0.011889823434539249,4.62424534460507e-06,-0.14627585399818283,True,0.001120742261624879,0.03422247414480356,0.0001413679013045187,2.1383645007101667e-11,-3.3881317890172014e-18,2.777674521216163e-05,7.8206189490545e-09,0.0005210654860364326,2.35545571077564e-08,1.2167583035454869e-09,0.11844894709992511,0.18677501849054787,1.0412892646111068e-16,1.9982472583670845e-11,True,2.0816681711721685e-17,4.603342653898154e-12,0.8540018178757285,0.1867745577581819,-0.17488473432364265,1.0412892646111068e-16,1.9982481174045592e-11,True,2.0816681711721685e-17,4.603345915229954e-12,0.8540018960550076,0.18677462386934635,-0.17488474836762358
701,109,attention_output_all_blocks,4,5,0.18770153590628103,0.05351109042763467,-0.9842326296094116,-0.01977148919558153,0.00024256519406014616,4.64154695652114e-06,-0.28059099778040486,True,2.8134778695508483e-06,8.958585825813691e-05,5.883787336943636e-08,2.1543958149590655e-11,2.541098841762901e-20,-1.1498660815734703e-08,4.2293479050447775e-10,-2.21459087435051e-07,2.7279318394088393e-09,1.4608431465337856e-10,-0.04822978182743306,0.009456386045634523,6.936485886432084e-18,1.9603396079138173e-12,True,1.3552527156068805e-20,1.0092225216252807e-12,0.7193907410878477,0.009456385424428214,-0.009213820230368068,6.9363501803902785e-18,1.9603568854738802e-12,True,2.710505431213761e-20,1.009222853474771e-12,0.7193914127545795,0.009456538568832768,-0.009213628088115614
701,109,attention_output_all_blocks,4,11,0.2218845213248599,0.034237511895296634,-0.548006086335093,-0.008326156709336958,0.0003469915111059263,4.461464567153046e-06,-0.08455914269081811,True,0.0003484112980404931,0.0008201808841551102,1.2040310877957418e-07,1.990466608396211e-11,-3.049318610115481e-20,-7.984739946278236e-08,-4.451118586227946e-09,-1.5155930650646679e-06,4.286411383507467e-09,-9.216945892581797e-11,-0.07625686412100155,0.02861443157217744,9.777689596203675e-18,4.416309624199562e-12,True,0.0,1.1167117144839856e-12,0.9154312177392373,0.02861443149223927,-0.028267439981133343,9.777689596203675e-18,4.416309277375015e-12,True,0.0,1.116711690786786e-12,0.9154306803783563,0.0286145051197183,-0.028267617754732584
701,109,mlp_down_all_blocks,4,5,22.67114272268963,6.561123550596104,-0.9986241628138799,-297.0870303505237,0.10207610534147606,4.223621845408834e-06,-0.2890060105472772,True,0.0001396272557260153,0.11837353271547858,0.010419531281684116,1.7838981493014728e-11,2.912438085839186e-17,-0.0008641125621584412,2.6412016528511455e-08,-0.0481008368672578,-1.2651514677071085e-07,-5.286846038750887e-08,-0.6848118091797354,0.28406377299808033,1.4999647310720079e-15,2.927856817865299e-11,True,5.551115123125783e-17,8.996774182347255e-12,0.7093811846390946,0.28170071292986937,-0.17962460758839333,1.4999647310720079e-15,2.9278541134528305e-11,True,8.326672684688674e-17,8.99675888697209e-12,0.7093812339352504,0.28170053962733527,-0.1796246931647038
701,109,mlp_down_all_blocks,4,11,19.99982795744378,3.9161894434096935,-0.8184969628216135,-128.21446368390463,2.38866124227126,4.402414081778676e-06,-0.16027083693346864,True,0.028305216543891825,5.06202005587592,5.705702530328879,1.938124974744318e-11,1.7694179454963432e-16,0.11050551572796168,-3.7942782810679694e-07,-3.972139340591177,2.3441160691555465e-06,1.1040160831519265e-06,-0.3695540665755415,2.6068339505257376,1.0132445264284808e-15,2.6433237510578677e-10,True,3.552713678800501e-15,6.94439397788548e-10,0.8561499686580966,2.5860641830196527,-0.19740294074839282,1.0132445264284808e-15,2.643324333728982e-10,True,2.6645352591003757e-15,6.944397046609185e-10,0.8561499122761995,2.5860649929001314,-0.19740351952966995
701,110,qkv_all_blocks,4,5,1.615588429975605,0.4690712251089383,-0.9986176577779926,-1.5135569383655172,0.0004239714589445257,4.603015847208473e-06,-0.2899394421612778,True,4.4353269665474883e-07,0.000607887030685452,1.7975179799954963e-07,2.1187754889652335e-11,-7.36852489662237e-20,1.0442707334392943e-08,-1.3313791523426493e-11,5.382728357662366e-07,-2.674681319320393e-09,1.3651415603220359e-10,0.02574686805045218,0.0246699220776884,1.0815252685243572e-16,3.467912135233358e-12,True,1.0842021724855044e-19,1.0609059030723207e-12,0.7100557050704195,0.024669920831904203,-0.024245949372959676,1.0815252685243572e-16,3.467907008843743e-12,True,1.0842021724855044e-19,1.0609056500430008e-12,0.7100557112573924,0.024669869821903098,-0.02424571242197888
701,110,qkv_all_blocks,4,11,1.4088963493381823,0.31685123158126205,-0.677009541775136,-0.6044483949403792,0.04236880957692411,4.232456292808293e-06,-0.1522548533854053,True,0.0005357158665188178,0.05437960207921709,0.0017951160249656565,1.7913686270532516e-11,6.369687763352339e-19,0.0002749084682085142,1.4006024673850992e-09,0.009290239280332072,7.004054767729294e-08,8.442334910484163e-09,0.4701458745531415,0.2558612072677584,9.935082833658745e-17,2.674404430528392e-11,True,0.0,7.627558171924215e-12,0.8519602848691563,0.2557922776613252,-0.21342346808440105,9.935082833658745e-17,2.6744059823703197e-11,True,1.3877787807814457e-17,7.627566162064091e-12,0.8519603063444243,0.25579243040519506,-0.21342352098786105
701,110,attention_output_all_blocks,4,5,0.18144313943831408,0.05213492609342997,-0.9952301512747745,-0.01882880832622578,0.0002436682108326271,4.511510461288615e-06,-0.2859642450151909,True,4.179328189703942e-07,2.5867539994956568e-05,5.9374196970373606e-08,2.0353726642316614e-11,-1.437309032372141e-20,-6.449514144863759e-09,3.2676471694203324e-11,-8.749235006569184e-08,-8.717695020400292e-10,9.225434478102279e-11,-0.03529910118923303,0.00508324914221812,6.576947325455156e-18,1.5123563715490103e-12,True,3.3881317890172014e-21,1.0026250905146686e-12,0.7140082631823867,0.005083246694754503,-0.004839578483921875,6.576947325455156e-18,1.5123492818549456e-12,True,3.3881317890172014e-21,1.0026250178661728e-12,0.7140084024696391,0.005083172046054897,-0.004839272876228928
701,110,attention_output_all_blocks,4,11,0.1763420676233289,0.030865505894658522,-0.7899870346868871,-0.008599620524300827,0.00022457822958289798,4.270359075346069e-06,-0.13827301564772035,True,2.8757018869897916e-05,0.00035813172247264733,5.0435381202588834e-08,1.8235966632390536e-11,3.091670257478196e-20,2.6625181843163234e-07,-5.773011565241009e-10,5.598069791101781e-07,-2.0232674571320284e-09,2.7738527111714615e-11,0.0658596264728975,0.018940484809871157,8.716447270824293e-18,2.9691755521570176e-12,True,1.6263032587282567e-19,1.038776523552129e-12,0.8618677623315673,0.018940468540887944,-0.018715890311305047,8.716447270824293e-18,2.969169065690322e-12,True,1.0842021724855044e-19,1.038776268092717e-12,0.8618674570893694,0.018940416413717683,-0.01871573585003597
701,110,mlp_down_all_blocks,4,5,22.75008819830669,6.589957572839726,-0.9991561346114586,-299.5912038410583,0.1498844790243707,4.135510616097794e-06,-0.2894229014998778,True,5.632262775077721e-06,0.07326307206744825,0.022465357052407018,1.7102448055857557e-11,4.0962513329217964e-18,-0.00010570471431759336,4.386412512220475e-09,0.0017672217259341822,-1.1757633563998479e-07,-6.015384170621109e-08,0.021780197867366152,0.3122429356219119,8.117902077647303e-16,3.220826467368011e-11,True,0.0,1.0739557839424694e-11,0.7095981951335965,0.31144773526635716,-0.16156325624198645,8.117902077647303e-16,3.2208236904314953e-11,True,1.3877787807814457e-17,1.0739540506758456e-11,0.709598235755001,0.311447516044178,-0.16156323763023703
701,110,mlp_down_all_blocks,4,11,19.63526864495277,3.9117936969888745,-0.6996822488346831,-107.48395579876059,2.218524260185883,3.864238314818921e-06,-0.13939267449697265,True,0.3307666297173687,7.8108918956500695,4.92184989303332,1.4932337753714572e-11,-1.3183898417423734e-16,-0.3178291204803976,-8.927155082815604e-07,-7.231085522324982,2.7577764117022223e-06,1.0049457457874943e-06,-0.5831214357671746,2.3455609705054368,1.0016683056494633e-15,2.3583172220965756e-10,True,1.7763568394002505e-15,5.524593775595377e-10,0.8465349958946983,2.329228811228992,-0.11070455104310906,1.0016683056494633e-15,2.3583178331769655e-10,True,2.6645352591003757e-15,5.524596645616958e-10,0.8465349563684684,2.32922952688151,-0.11070504020258287
789,107,qkv_all_blocks,4,5,1.6221401953470367,0.4710143868444305,-0.999701567608086,-1.527646703618696,0.0002916011372078321,4.491378070809446e-06,-0.29027936194725823,True,1.4885972569791985e-06,0.0001323974108010549,8.503122322090093e-08,2.017247697494798e-11,3.790472438962994e-20,2.49057586030947e-08,5.471101030071847e-11,-8.441624140920466e-07,-3.654311632163073e-10,1.0238975273808691e-11,-0.12579606507105076,0.011473372634503935,5.854450523956345e-17,2.1539141329655607e-12,True,2.710505431213761e-20,1.0133151782625766e-12,0.709714345993751,0.011473368094655705,-0.011181766957447872,5.854450484740241e-17,2.1539129183654433e-12,True,2.710505431213761e-20,1.0133151502317065e-12,0.7097143321718511,0.011473353474793852,-0.011181700196613837
789,107,qkv_all_blocks,4,11,1.3668828163487163,0.29483178061600623,-0.8048103315977034,-0.6486779234465114,0.017136388615339383,4.2094306365190055e-06,-0.17359473707991513,True,4.5074943804762515e-05,0.030622242076083602,0.0002936558147759332,1.7719306283664797e-11,3.1170812458958252e-19,-4.191164491370755e-06,1.5569036893050934e-10,0.0009482910606180485,1.1728519298983361e-08,1.3941638865105895e-09,0.15811528884998738,0.17850543115400602,5.657303376141288e-17,1.886199113503055e-11,True,6.938893903907228e-18,4.1905072730790985e-12,0.8266336154510497,0.17850515826054547,-0.16136876964520608,5.657303376141288e-17,1.886199485692565e-11,True,0.0,4.190508602688384e-12,0.826633606968374,0.1785051950876023,-0.16136876527684166
789,107,attention_output_all_blocks,4,5,0.16452843210660395,0.04712360933446818,-0.9934379461407341,-0.015404593633059509,0.00024191575857624762,4.4697761748478e-06,-0.28453672761945276,True,6.741687038202548e-07,2.904822537847198e-05,5.852323424752132e-08,1.997889905323703e-11,7.252719610864947e-21,-1.026317633204824e-08,-1.6029923148640912e-10,-8.627832872331149e-08,4.4272553089709e-10,-3.4031856400450086e-12,-0.0330862666819899,0.0053870650900092335,1.0637212817631853e-17,1.5448336976682373e-12,True,2.0328790734103208e-20,1.0029684375811483e-12,0.7154252861200707,0.0053870614646342845,-0.005145145706058037,1.063722779120428e-17,1.5448364416363616e-12,True,1.3552527156068805e-20,1.0029684674813497e-12,0.7154246928175524,0.005387103980369164,-0.005145153964950825
789,107,attention_output_all_blocks,4,11,0.18556298622857914,0.0357122844208448,-0.3822382580660227,-0.005066092714962558,0.0007437251124812156,4.2452912877261885e-06,-0.07356316939072682,True,0.00031154782104393837,0.0010890283402853551,5.531270429351968e-07,1.8022498117643883e-11,-5.421010862427522e-20,-4.430709534935515e-06,1.5251221897278384e-10,-1.3290869029882574e-05,4.622852676558418e-09,-8.081016261304403e-11,-0.27076426468055015,0.03280686815742106,7.987269228550501e-18,4.719418919411216e-12,True,0.0,1.138340770980741e-12,0.9257604524551707,0.032806628070407025,-0.03206290295792581,7.987269228550501e-18,4.719425254504574e-12,True,0.0,1.1383412422384642e-12,0.9257604757372052,0.03280669758600362,-0.03206301468632749
789,107,mlp_down_all_blocks,4,5,22.249803118169567,6.441849098385176,-0.9986356317981295,-286.26863886670344,0.06993439908163988,4.150912110375159e-06,-0.2891288525182834,True,7.856308929670843e-05,0.11315827261550006,0.004890820174910074,1.7230071348059155e-11,7.115076756936123e-19,-0.00036238378520361716,1.8583166735717236e-08,-0.027388990377300082,-9.938679157051518e-08,-2.5433964993807736e-08,-0.5821193364582122,0.30109816076009177,1.4568176578871803e-15,3.106264820623812e-11,True,4.163336342344337e-17,1.003762817172032e-11,0.7099523848721182,0.30040342093279876,-0.23046902185115886,1.4568179160925618e-15,3.106263053973212e-11,True,1.3877787807814457e-17,1.003761754968434e-11,0.7099524319865849,0.3004032845397925,-0.23046906717679377
789,107,mlp_down_all_blocks,4,11,20.807673055441327,3.9624498118376157,-0.8088326000802242,-133.3754607440385,2.466587568079151,3.992837668734692e-06,-0.1540277269570947,True,0.09298953018633856,5.4292489862022215,6.08405423100262,1.5942752648866688e-11,8.673617379884035e-17,0.3608889310756944,-6.188810057857767e-07,-3.6117178311297344,1.9052334995718432e-06,1.1887585401211902e-06,-0.314208116884829,2.8109758778892266,1.4628861929721886e-15,2.9005819219211096e-10,True,1.7763568394002505e-15,8.365463847337138e-10,0.8744105332840537,2.747987669920707,-0.28140010184155617,1.4628861929721886e-15,2.90058235005753e-10,True,3.552713678800501e-15,8.365466322464115e-10,0.874410484515866,2.7479884513895523,-0.28140064233488493
789,108,qkv_all_blocks,4,5,1.6515573385999494,0.4798238454291968,-0.9998438731472369,-1.5846657387999945,0.00029239827920019923,4.710429144315707e-06,-0.2904827588057099,True,2.490488940497289e-06,7.188484670632404e-05,8.549675367923767e-08,2.21881427236188e-11,7.449919468897588e-20,7.045115928372219e-09,-1.4971798874025885e-11,-3.7339418382693007e-07,-2.077350111944937e-09,3.3370637439970966e-11,-0.07530851178200941,0.008461498051537704,1.1148182237759993e-16,1.8607815247355265e-12,True,3.1170812458958252e-19,1.00740944833326e-12,0.7095158896752034,0.00846149775712643,-0.008169099477926232,1.1148182237759993e-16,1.8607696937594346e-12,True,2.981555974335137e-19,1.007409244656947e-12,0.7095158925473594,0.008461378287470518,-0.008168885018386595
789,108,qkv_all_blocks,4,11,1.358139616328381,0.2797678199976123,-0.9054183396726431,-0.6880523129094871,0.009651090835356056,4.070710479943576e-06,-0.18651021738167645,True,0.0005862145827137487,0.014105639880859527,9.314355431229367e-05,1.657068381152246e-11,2.947674656444965e-18,2.4778193620080884e-05,1.9860397525350396e-09,-0.00028780950062750043,-1.4097769433155805e-08,5.183683464497636e-10,-0.1255458412345608,0.11794479189241176,9.424794607494003e-17,1.3050712307112041e-11,True,5.204170427930421e-18,2.452196671087816e-12,0.8131130207688461,0.11794368191036377,-0.10829259107500772,9.424794607494003e-17,1.3050707503747449e-11,True,5.204170427930421e-18,2.4521955134087506e-12,0.8131129905703569,0.11794362423534345,-0.10829250568611176
789,108,attention_output_all_blocks,4,5,0.16915239191224862,0.04853822775623083,-0.9980628245710196,-0.016388904843352904,0.00022952223761820654,4.671968717984237e-06,-0.28639382598377117,True,2.809222309705515e-07,9.118972829839038e-06,5.2680457561268465e-08,2.182729170182328e-11,2.1969917069408415e-21,2.092767207964824e-09,8.833478181595371e-11,-9.331903504596934e-08,3.5673762692663147e-10,1.1244283412365061e-11,-0.06731975296732755,0.0030130274231002833,6.15684757573338e-18,1.3059632208376171e-12,True,0.0,1.0009361349250534e-12,0.7136178453295562,0.0030130267763111575,-0.0027835045386929505,6.156867852128157e-18,1.3059710344871995e-12,True,0.0,1.0009361827394516e-12,0.7136183379705496,0.003013091407175548,-0.002783497136479647
789,108,attention_output_all_blocks,4,11,0.15792991888571742,0.028647482554169896,-0.7704672542651344,-0.006971641669825954,0.00022917716721503555,3.996255563594882e-06,-0.13975785830100695,True,2.0867931709842404e-05,0.00033350740238300314,5.252217397270836e-08,1.597005852956305e-11,1.2705494208814505e-20,1.9061850297213073e-07,-1.0023363696659678e-09,2.3367846066847576e-06,2.2929619594893297e-09,-5.0017711497681955e-11,0.27916733558345674,0.018327485074708442,6.519600558597729e-18,2.8893259628144505e-12,True,0.0,1.0356955259376476e-12,0.8603742502542373,0.018327473199042255,-0.01809829603182722,6.519600558597729e-18,2.8893292882777527e-12,True,5.421010862427522e-20,1.0356956515954412e-12,0.8603735555829038,0.01832753494995474,-0.018098432077166684
789,108,mlp_down_all_blocks,4,5,22.13214689184075,6.396465614599971,-0.9997174737909545,-283.05504007430847,0.04398444244358882,4.306237912223894e-06,-0.2889307791363,True,0.0001742532279148043,0.02311572519651227,0.0019346311770733775,1.8543684956674408e-11,1.6398557858843255e-18,-0.000615966733508282,3.238105262143412e-08,-0.005764602563657805,-5.144597345321183e-08,-4.9479144020534496e-08,-0.43100918207186,0.13887315726924276,1.4935431991182523e-15,1.4727359653019345e-11,True,2.42861286636753e-17,2.8844040304334336e-12,0.7100150444322973,0.13689926768874514,-0.09291482524515632,1.4935431991182523e-15,1.472733469352779e-11,True,2.42861286636753e-17,2.8843971778813174e-12,0.7100150998498072,0.13689910816888096,-0.09291522797996354
789,108,mlp_down_all_blocks,4,11,19.929587369320505,3.7200262333374376,-0.5036954939137793,-74.68654523369224,3.1185582327496326,3.7877607106881473e-06,-0.09401902890661815,True,2.214209068889502,10.327616949087744,9.725405451050511,1.434713120143278e-11,4.996003610813204e-16,-1.800339639708783,-2.5690505545810135e-06,-13.944037819734197,1.5376991534821988e-06,2.101792154104972e-06,-0.6956721820870597,2.471636012928291,9.698387150742066e-16,2.5639878640245694e-10,True,5.329070518200751e-15,6.532854009584782e-10,0.8756269082729452,2.3964614333219916,0.7220967994276406,9.698635375687643e-16,2.563988073589984e-10,True,4.440892098500626e-15,6.532855080039879e-10,0.8756268649582726,2.3964619747612694,0.7220965949720317
789,109,qkv_all_blocks,4,5,1.6133659357117496,0.469134535992164,-0.9998750702524001,-1.5135822441975524,0.0002963179461032966,4.535340327418054e-06,-0.290743666238407,True,3.8516969901053245e-06,5.498744490694681e-05,8.78043251828762e-08,2.05693118855045e-11,-2.0082621783807427e-19,-6.153670715013059e-09,1.2418665979076887e-10,1.270458401398282e-07,-2.7067830749449413e-10,3.184227773524789e-11,0.02890950990003022,0.0074298246999690044,5.956641048218423e-17,1.768425913095463e-12,True,6.776263578034403e-21,1.005904783839166e-12,0.7092573054909366,0.007429824534564306,-0.0071335065884610095,5.956663518933395e-17,1.7684253009343299e-12,True,0.0,1.0059047744311602e-12,0.7092572858805567,0.007429809852607153,-0.007133403481601912
789,109,qkv_all_blocks,4,11,1.2925034361700065,0.282000715824528,-0.9391028284394681,-0.6845813465551998,0.00774876718744922,4.583734340803376e-06,-0.20489513794834924,True,0.002190645334414773,0.009390709005899021,6.00433929252897e-05,2.1010620507060164e-11,3.0493186101154812e-18,7.0748209738056e-05,6.970198967393918e-09,-0.0008174072618403354,7.251209595834938e-09,-2.7660529185719154e-10,-0.5442854086562967,0.0929157959497952,5.25483416122794e-17,1.1437786490025943e-11,True,1.734723475976807e-18,2.089473868113681e-12,0.7945201154356842,0.09291272207280793,-0.0851639548853587,5.25483416122794e-17,1.1437793180050417e-11,True,1.734723475976807e-18,2.0894752646950698e-12,0.7945200578257424,0.09291275911323936,-0.08516400841841001
789,109,attention_output_all_blocks,4,5,0.18014060550614294,0.05176894571588203,-0.9962814340911021,-0.01858202207526926,0.00023850456129744286,4.5848653739554426e-06,-0.28631212454453847,True,3.354368624176046e-07,1.989463118201387e-05,5.688442575968568e-08,2.102099049729558e-11,8.311510794932822e-21,7.517632917684946e-09,-1.832511235991725e-11,-1.58285059331422e-07,3.17385669757705e-10,4.988891077931326e-11,-0.07439526453157713,0.004448958366678894,6.67727611406144e-18,1.4487336074307053e-12,True,6.776263578034403e-21,1.0020136185043778e-12,0.7137239029539038,0.004448953632950387,-0.004210449071652944,6.677106772721442e-18,1.448737729795881e-12,True,3.3881317890172014e-21,1.0020136555014235e-12,0.7137238151326486,0.004448997294763119,-0.00421034412453284
789,109,attention_output_all_blocks,4,11,0.17670219269978268,0.03723640033494751,-0.5622226578458589,-0.007398573099793853,0.0007727032418346055,4.591206615009794e-06,-0.11847701290552443,True,7.870361169448132e-05,0.0009482690895911076,5.970702999417089e-07,2.1079178181709696e-11,2.879912020664621e-20,-2.3834231252110017e-06,-1.6982013089664874e-10,-2.2107627952001948e-05,-7.949871845104751e-10,-3.984248099090403e-11,-0.464551236268861,0.030442709011174535,1.2297553965378728e-17,4.167141803753531e-12,True,2.168404344971009e-19,1.1003078720508317e-12,0.8807627800614317,0.030442412639655844,-0.02966970939782124,1.2297553965378728e-17,4.167140250979895e-12,True,0.0,1.1003077736937698e-12,0.8807627258962872,0.030442399232010645,-0.02966970813160965
789,109,mlp_down_all_blocks,4,5,22.462437811440616,6.5033847237713,-0.9997213840949299,-292.0823483755803,0.11923837108191276,4.210957545284957e-06,-0.28944199342597954,True,3.6648531727407458e-06,0.023564286197248895,0.01421778913826793,1.773216344819231e-11,5.9576062345131214e-18,-0.00010198449021665308,3.861026804602212e-09,0.0025886315025066484,-3.03586174813623e-08,-8.32764158383719e-08,0.07071264096313197,0.20092462974464698,8.124934562449874e-16,2.1067981263938724e-11,True,6.938893903907228e-18,5.027238720097957e-12,0.709372186068572,0.19915121893110774,-0.07991284784919497,8.124934562449874e-16,2.1067953917802687e-11,True,0.0,5.0272277444705215e-12,0.7093722309625038,0.1991510685515019,-0.07991304659715942
789,109,mlp_down_all_blocks,4,11,19.358263411867213,4.39064686144305,-0.7550280988345799,-128.34767726104172,3.1738142587560003,4.386386411465082e-06,-0.17124788943708275,True,0.0024653279004679283,8.288145439347076,10.073096949082899,1.924038575068552e-11,-4.423544863740858e-17,-0.015863154938625428,1.1312076856100472e-07,-12.374730586268754,1.3041427081128503e-06,1.2030978843671908e-06,-0.6771666609235922,2.4467349268282463,1.3749841446699076e-15,2.453995494088127e-10,True,1.7763568394002505e-15,5.983113975123068e-10,0.837004046162888,2.4415146795432268,0.7322995792127736,1.3749841446699076e-15,2.453996030173468e-10,True,1.7763568394002505e-15,5.983116595503671e-10,0.8370039873180176,2.441515267538062,0.732299180755982
789,110,qkv_all_blocks,4,5,1.6015618740678441,0.464966362344306,-0.9996877228420542,-1.4888797089488048,0.0003094118255182569,4.546707514987837e-06,-0.290229913371703,True,1.266543287373528e-06,0.00013500363714750443,9.573567777054023e-08,2.0672549226846873e-11,-1.4336032632279033e-19,5.411614685418349e-09,1.5993509029639933e-10,1.1610879240660588e-06,7.905623140624628e-10,1.7087151584654294e-11,0.1614825020581752,0.011673065610598658,5.740342233391593e-17,2.172742152612414e-12,True,2.710505431213761e-20,1.01375324156514e-12,0.7097685854124834,0.011673065362994015,-0.01136365353747576,5.740342233391593e-17,2.172746366050669e-12,True,0.0,1.0137533403908505e-12,0.7097685410454876,0.011673100828143976,-0.011363627990125271
789,110,qkv_all_blocks,4,11,1.3277730087189332,0.274631086910265,-0.8881935657924576,-0.647755560988243,0.0061831436373396146,4.072530560858342e-06,-0.18371028990537452,True,0.00039811614235893243,0.015922552949029205,3.823126523997336e-05,1.6585505169125158e-11,-1.8905775382715984e-18,-9.91861077348011e-06,4.5580248098905546e-09,0.000494097352121117,-6.48312195507394e-09,-4.743435725403839e-10,0.3166407783853856,0.1282765822993047,5.401161915265444e-17,1.3978088880099312e-11,True,3.469446951953614e-18,2.684307909797574e-12,0.816476904180089,0.12827634150015502,-0.1220931978628154,5.401161915265444e-17,1.3978087962069196e-11,True,0.0,2.6843076715120534e-12,0.8164768181564201,0.1282763146670122,-0.12209320804639615
789,110,attention_output_all_blocks,4,5,0.16878529506288106,0.04845434967245643,-0.9967871838917086,-0.016304212140118058,0.00023678853326380918,4.5573326598446e-06,-0.286154518018399,True,3.240596560710217e-07,1.5062018868071606e-05,5.606880948522607e-08,2.0769280972486255e-11,-9.820288232229545e-21,6.31806825157707e-09,2.532129430119064e-11,-1.799003154599629e-08,-4.895758856199299e-10,9.116015684808808e-12,-0.009788128634994115,0.003885884409759358,5.8953119127982224e-18,1.392816437669472e-12,True,3.3881317890172014e-21,1.0015430475370333e-12,0.7138783601205698,0.003885880447307342,-0.003649091914043533,5.89531361661069e-18,1.3928109087212161e-12,True,3.3881317890172014e-21,1.0015430041001038e-12,0.713878491888224,0.0038858212661987005,-0.0036489696358857904
789,110,attention_output_all_blocks,4,11,0.1746909809834016,0.03290434102177872,-0.5202447612105904,-0.005980829095898116,0.0004038840471468197,4.0227119065344035e-06,-0.09799195666142382,True,0.000152499908570455,0.0007896590852951944,1.6312232353969446e-07,1.6182211082973653e-11,2.202285662861181e-20,-1.1915960765684767e-06,-2.3212525225667725e-09,-1.8612663993966292e-06,-2.0311696203594527e-09,-3.792615867389166e-11,-0.08199776667537621,0.028070641980890595,8.927802484126616e-18,4.0647499958613654e-12,True,1.0842021724855044e-19,1.0939269253713223e-12,0.9017318623412051,0.028070600519245054,-0.027666716472098233,8.927802484126616e-18,4.064742859600351e-12,True,1.0842021724855044e-19,1.0939264879547132e-12,0.901731324335207,0.028070563790558195,-0.027666706662860658
789,110,mlp_down_all_blocks,4,5,22.44891028286145,6.49565233956891,-0.9994471393033021,-291.4793965556271,0.06997553053389373,4.1976937185026394e-06,-0.2891927076588342,True,5.63914120147985e-05,0.046641358204629356,0.004896574873499893,1.7620632554356516e-11,1.066583887182615e-17,-0.0002849629972725494,1.6390269289931635e-08,-0.017461664650656104,-8.339695324426821e-08,-3.523778335920382e-08,-0.577728581462058,0.18459758510737118,7.948610587445307e-16,1.9397743568768266e-11,True,6.938893903907228e-18,4.384769684221541e-12,0.7099620977180722,0.1836198987081935,-0.11364436817429979,7.948610587445307e-16,1.9397715786305846e-11,True,6.938893903907228e-18,4.3847594615368735e-12,0.7099621463312872,0.18361968847543053,-0.11364440960255169
789,110,mlp_down_all_blocks,4,11,20.272157052363095,3.8148696553839723,-0.6109147755140231,-94.49096637544108,2.4221087660564287,3.7925321708365053e-06,-0.11496360417464742,True,1.1859378869944561,9.121719459336362,5.866610874607396,1.4383300266829856e-11,3.885780586188048e-16,-0.5854110886103058,-2.055876300035761e-06,-7.576984221561805,3.496188539049834e-06,1.507877386309309e-06,-0.5178862613854692,2.7223787599050127,1.2046390449941003e-15,2.8405252005177605e-10,True,5.329070518200751e-15,8.021872910766108e-10,0.8717777241958201,2.709077779765099,-0.28696901370867023,1.2046540332853892e-15,2.840525721305163e-10,True,0.0,8.021875858970113e-10,0.8717776776333457,2.7090786096897004,-0.286969532356649
887,107,qkv_all_blocks,4,5,1.6225984326953804,0.4712860889563025,-0.9998856754473727,-1.5292412887674396,0.00027686688787037224,4.4410315521656394e-06,-0.29041825746265226,True,2.0903293867759065e-06,5.078248183761586e-05,7.665527359902527e-08,1.9722761247330747e-11,-3.562832334388401e-20,3.139046147250898e-08,-6.666118261630272e-10,-1.7826654070598292e-07,-1.4466214732615866e-09,7.491640297966124e-11,-0.045176425101184366,0.007119049836214726,5.663479435672009e-17,1.7266539094972053e-12,True,2.0328790734103208e-20,1.0052802590418756e-12,0.7095750521803946,0.007119041559291881,-0.00684217467142151,5.663479435672009e-17,1.7266400197114254e-12,True,6.776263578034403e-21,1.0052800571824621e-12,0.7095751942576645,0.007118946951110282,-0.006841909205011936
887,107,qkv_all_blocks,4,11,1.3312319552704623,0.2644088807761583,-0.9626845017985757,-0.6777097717526572,0.0029932123782630002,3.956289335163994e-06,-0.19120809912454395,True,0.0008991691823964368,0.005120257625823652,8.959320341386847e-06,1.5652225303532353e-11,-1.666960840196463e-18,5.508246579064759e-07,8.228315836456616e-09,7.09922565554476e-05,6.758223754408054e-09,-3.291834499272306e-10,0.16572863222740206,0.07211247605456692,5.4556392069648755e-17,8.81020435697737e-12,True,8.673617379884035e-19,1.6099929209774828e-12,0.8087850015133848,0.07211247546966244,-0.06911926309139944,5.4556392069648755e-17,8.810213750457278e-12,True,0.0,1.6099943882783194e-12,0.8087848984494979,0.0721125201370474,-0.06911936013294434
887,107,attention_output_all_blocks,4,5,0.1816696387565352,0.05137181425669506,-0.9904710122867284,-0.018487535529534135,0.00024166341444602362,4.583758111459757e-06,-0.2800814336292291,True,2.944698791657042e-06,5.005557233276265e-05,5.840120588171057e-08,2.1010838424373122e-11,-2.498747194400186e-20,1.314647506205512e-09,1.9238877645776008e-10,-7.22914591836845e-08,-2.992093921379107e-10,2.6547581429862552e-11,-0.021140724773101555,0.0070740145659632814,6.489468285121622e-18,1.7279264764976193e-12,True,6.776263578034403e-21,1.0052987695518624e-12,0.7199206748849922,0.007074014555592254,-0.00683235114114623,6.489468948471603e-18,1.727926069435819e-12,True,1.3552527156068805e-20,1.0052987636256428e-12,0.7199209834501926,0.007073996765313853,-0.006832234972837116
887,107,attention_output_all_blocks,4,11,0.23548178664627437,0.03646062470939136,-0.2996219374344866,-0.005144995880267565,0.0011903811233194687,4.127758538006342e-06,-0.04639171110039815,True,0.0008292884037822473,0.001210034572954024,1.4170072187553203e-06,1.703839054808426e-11,2.0328790734103208e-20,-1.3919686813959333e-05,5.277416903789495e-09,-1.3473192669186384e-05,-1.98449491195679e-09,-2.0352040187806665e-10,-0.16268803129771112,0.03461182438854666,1.3396225576985537e-17,5.4870336576315994e-12,True,8.673617379884035e-19,1.2013347104471881e-12,0.9525819534024372,0.0346109805795514,-0.03342059945623193,1.3396225576985537e-17,5.487037119204455e-12,True,0.0,1.201335021091186e-12,0.9525823425204091,0.034610949856710725,-0.0334206470646683
887,107,mlp_down_all_blocks,4,5,23.262141704544252,6.746765228322368,-0.9997122049344906,-313.79808203935437,0.055162479517686165,4.26129777719496e-06,-0.28994851928289594,True,9.60466677069648e-05,0.026196425538001358,0.0030428991465391454,1.8158658745926706e-11,4.2026386710969366e-17,0.00046788453177566946,-2.2475711030899457e-08,-0.00871232085723494,-2.5365667568620785e-08,-5.431312362039233e-08,-0.48790926837971416,0.14327248105377935,1.5440838709683525e-15,1.5522718418666782e-11,True,9.71445146547012e-17,3.1090935026788337e-12,0.7090253141899775,0.1412699092047809,-0.08610742968709476,1.5440838709683525e-15,1.5522683254290435e-11,True,9.71445146547012e-17,3.1090832890444777e-12,0.7090253634838112,0.14126982101353422,-0.08610783363477689
887,107,mlp_down_all_blocks,4,11,20.005642112073733,3.470531907667359,-0.8920088962889209,-123.86474654403422,1.2682224151364478,3.8072820177514413e-06,-0.154743612784391,True,0.0777663128855467,2.460952533713855,1.6083880942545248,1.4495396362693486e-11,-8.413408858487514e-17,0.07326558639104096,-5.029246310030444e-07,-1.285303362064418,1.0510708017303542e-06,4.1013013420450334e-07,-0.3230193987697322,1.668543456402608,9.697440977282294e-16,1.7232043559308822e-10,True,1.3322676295501878e-15,2.945069165180549e-10,0.8518227033018783,1.6633643410350363,-0.39514192589858843,9.697503040169105e-16,1.723204635608762e-10,True,0.0,2.9450701234713504e-10,0.8518226582280275,1.6633648514834227,-0.3951422746463935
887,108,qkv_all_blocks,4,5,1.6539876895101848,0.4804009529080577,-0.999770936806054,-1.588790507466774,0.0002915858900775295,4.447597016723223e-06,-0.29038360670849017,True,2.0063426453815555e-06,0.00010571662376269504,8.50223312923051e-08,1.9781119223165314e-11,1.1090837653110995e-19,1.986431618503467e-08,-5.889935852154725e-10,-4.498254003323299e-07,1.9128896167548484e-09,-2.3161937085957977e-11,-0.07501978800632834,0.010264103501702183,6.028283738136255e-17,2.0362336978463e-12,True,0.0,1.0107378027655222e-12,0.7096121538485266,0.010264101106560685,-0.009972515216483154,6.028275054691218e-17,2.036240069532323e-12,True,2.710505431213761e-20,1.0107379348170435e-12,0.709612279551556,0.01026419426487116,-0.009972614172144576
887,108,qkv_all_blocks,4,11,1.351410830300031,0.2741461346701812,-0.9528192648759497,-0.7060086907779479,0.0037135113778707656,4.0109973158766375e-06,-0.1932881642268863,True,0.0011056758045636375,0.006924541270252613,1.379016675357563e-05,1.608809946796959e-11,-5.421010862427522e-19,2.5973447686345796e-05,7.988128075290806e-09,-0.00015167411017579348,-1.1423899959878726e-08,-3.130595157593258e-11,-0.24541505283463783,0.08238117094840541,6.372318590983728e-17,9.89848671352628e-12,True,3.469446951953614e-18,1.7918306579080373e-12,0.8064228354638798,0.08238024515114978,-0.07866673377327901,6.372318590983728e-17,9.898484774438084e-12,True,0.0,1.791830312809064e-12,0.8064227465818987,0.08238017515280406,-0.07866666582391804
887,108,attention_output_all_blocks,4,5,0.18249677211988646,0.052419844971097196,-0.997670389732611,-0.019088332792556742,0.00022326989826370258,4.681267335101094e-06,-0.28656795709067096,True,2.9166026587643745e-07,1.2787880478940726e-05,4.9849447470684104e-08,2.1914263862684504e-11,8.787966827763366e-21,2.1519477411317407e-09,1.0645824988240927e-10,-1.296454296788999e-07,1.7126349011919093e-10,-7.244951303735575e-11,-0.0811891055783795,0.0035648400380287066,6.524462620673526e-18,1.3605814292271594e-12,True,1.6940658945086007e-21,1.001300189671035e-12,0.7134429600247985,0.0035648394812839014,-0.003341569583020199,6.5243884638728175e-18,1.3605845794933681e-12,True,1.6940658945086007e-21,1.001300212389684e-12,0.7134435001015785,0.0035648563579908973,-0.003341699659185978
887,108,attention_output_all_blocks,4,11,0.17056794505269535,0.029600429389442306,-0.8201052959043492,-0.008281233692061294,0.00017051740977864666,4.016232253589927e-06,-0.14232140098671356,True,2.0217985747746768e-05,0.000286887029563091,2.9076187037618902e-08,1.613012151477602e-11,2.414043899674756e-20,-1.306465018929031e-07,2.3276905896844566e-10,-2.3460328333778556e-07,2.804516559736337e-10,-1.4052839827984065e-12,-0.040614387341032517,0.01693167157922663,8.484448377522221e-18,2.7514817775604876e-12,True,1.0842021724855044e-19,1.0306768841712645e-12,0.8575934261141964,0.01693166534664547,-0.016761147936866824,8.484448377522221e-18,2.7514832846995637e-12,True,5.421010862427522e-20,1.0306769369658197e-12,0.8575935778642647,0.016931674085532217,-0.016761113504285698
887,108,mlp_down_all_blocks,4,5,23.01560557462645,6.659248692863329,-0.9997911390181594,-306.46925983419163,0.057955616322231916,4.164995724017244e-06,-0.28927580523811947,True,3.348296432587908e-05,0.01852219376884194,0.0033588534632897544,1.7347189381081927e-11,-9.012430558785756e-19,-0.0003209758250520392,1.2331585991598791e-08,-0.008761520843454943,-1.9694427072405886e-08,-5.4551051403532276e-08,-0.5554024133760184,0.1145405010844494,8.366911087670057e-16,1.2327856605709037e-11,True,3.469446951953614e-18,2.2832033527950588e-12,0.7095191367019166,0.11113185115996106,-0.05317623483772914,8.366911087670057e-16,1.232782928517432e-11,True,1.734723475976807e-18,2.2831971631405296e-12,0.7095191829991015,0.11113178312148883,-0.05317663727933309
887,108,mlp_down_all_blocks,4,11,19.729286671004317,3.508716129073833,-0.7107477623840471,-98.40226913189343,1.6062886600856927,3.7873855209469675e-06,-0.1264015359077904,True,0.6958610402587767,6.091989896881322,2.58016325951989,1.4344289084278731e-11,4.163336342344337e-17,-0.8831890107513227,-1.4500139165549935e-06,-4.965131774039413,1.8984582942726438e-06,7.878093261273156e-07,-0.6261777083377154,1.9253626625552391,1.3614880771312057e-15,1.8860845961387917e-10,True,1.7763568394002505e-15,3.5296934118692537e-10,0.8467665894211379,1.8511576966927925,-0.2448690366070998,1.3614880771312057e-15,1.8860849256196535e-10,True,0.0,3.5296946481373006e-10,0.8467665453687423,1.8511581737185707,-0.24486926840185896
887,109,qkv_all_blocks,4,5,1.6145611943882823,0.46912772539701764,-0.9994720352377289,-1.5140710428517483,0.0002711025110815733,4.719031645094904e-06,-0.2904071051123279,True,2.0181881978056993e-06,0.00023232849168976599,7.349657151473456e-08,2.226925966740711e-11,8.089164646278568e-20,1.3157716560029147e-08,-1.072358432696565e-10,-1.224959518194372e-06,-9.120357376554069e-10,-5.015905870222738e-11,-0.14822005300358124,0.01520450685629384,5.87709385868163e-17,2.5271161535962227e-12,True,2.710505431213761e-20,1.0233208374657451e-12,0.7095900266496415,0.015204506151053614,-0.01493340363997204,5.87709385868163e-17,2.5271127250339844e-12,True,5.421010862427522e-20,1.0233207327496071e-12,0.7095900500258805,0.015204475253030989,-0.014933424184566576
887,109,qkv_all_blocks,4,11,1.3272141615044206,0.2678260850821873,-0.9417709514388612,-0.6695286510397933,0.00318792481142192,4.411949342723819e-06,-0.19004531015709542,True,0.0008038573723310483,0.00811042177749142,1.0162864603279485e-05,1.946529700276114e-11,-1.4907779871675686e-18,1.543583220133952e-05,6.9499881744715145e-09,-0.00011593982358649451,-8.67251227285708e-09,9.48041655562278e-10,-0.2019169835775514,0.08946868065702213,9.067573976246229e-17,1.039358186371982e-11,True,3.469446951953614e-18,1.8823938023040593e-12,0.8097495880075828,0.08946826654190596,-0.08628034173048403,9.067573976246229e-17,1.0393581461840551e-11,True,3.469446951953614e-18,1.8823937268023447e-12,0.8097494956604188,0.08946822310890971,-0.08628014655552646
887,109,attention_output_all_blocks,4,5,0.19798421803990032,0.05588848508206779,-0.9861339912113347,-0.021823220204050798,0.00024182723480120418,4.611858221918142e-06,-0.278373374415265,True,4.876523768559757e-06,8.60210403640094e-05,5.8480411491596734e-08,2.1269236259073966e-11,-2.286988957586611e-20,-1.0483012152047853e-08,-1.689301963111703e-10,-3.652891692421335e-07,1.646157482248632e-09,-3.06463338975129e-12,-0.0814327768980721,0.009258198075557621,7.262845961515897e-18,1.951736688179386e-12,True,1.3552527156068805e-20,1.0090580272362666e-12,0.7216146369328909,0.009258197771297254,-0.00901637053649605,7.262845961515897e-18,1.9517445444790074e-12,True,0.0,1.0090581767794554e-12,0.72161444373982,0.00925828764683307,-0.009016422775273626
887,109,attention_output_all_blocks,4,11,0.25733930115435805,0.039789676428625034,-0.2331240369908578,-0.004774122687308155,0.0011975137035923587,4.285920419191692e-06,-0.03604552416980851,True,0.00116505020938733,0.0014971754729371798,1.4340390702914876e-06,1.8369113839644294e-11,1.2536087619363645e-19,1.0017656422603562e-05,-5.663236289672212e-10,3.936029513131618e-06,6.888070752568969e-09,2.7023791003844863e-10,0.042472860060282225,0.0387626823313429,1.5034132356509587e-17,6.174566075846879e-12,True,4.336808689942018e-19,1.2677613407330538e-12,0.9645247158570904,0.03876240456132309,-0.03756489085773074,1.5034132356509587e-17,6.174572463194118e-12,True,8.673617379884035e-19,1.2677620017684685e-12,0.9645246836199693,0.03876249716527753,-0.03756486296514989
887,109,mlp_down_all_blocks,4,5,23.43115529068532,6.798878530752386,-0.9997910844977368,-318.5445945031745,0.07354535251472936,4.21718750047585e-06,-0.2901034138223448,True,0.0001822743983871167,0.019312115913017867,0.005408918876515808,1.7784670414169753e-11,-1.8731286595581598e-17,0.0008051373419146388,-3.126936580224e-08,-0.0021206629062823093,-4.881909339991169e-08,-8.399443247297323e-08,-0.10374602853395999,0.15033420064393652,1.515350917429685e-15,1.6358314889190477e-11,True,1.1449174941446927e-16,3.358778362355299e-12,0.7086240110382592,0.1473474274709462,-0.07380207495621682,1.515350917429685e-15,1.6358261476627485e-11,True,1.1449174941446927e-16,3.3587619558445985e-12,0.7086240604616502,0.14734721119283084,-0.07380242959775091
887,109,mlp_down_all_blocks,4,11,20.239888383899135,3.8234719661388628,-0.874131730712793,-135.29224531319684,2.092260819649244,4.17061649550423e-06,-0.16513026671389897,True,0.00517056632727814,3.4485155994045567,4.377555337439327,1.7394041952571982e-11,-4.7704895589362195e-17,0.059410376744803844,-1.5694575285422217e-07,-3.813382961090353,9.211308507553404e-07,6.295168075377006e-07,-0.4907366639588402,2.0031694825335,8.333594302205751e-16,2.0292248311729956e-10,True,0.0,4.0872689188256133e-10,0.8552803036378351,1.9601096990308775,0.13215112061836654,8.333594302205751e-16,2.0292251762854268e-10,True,8.881784197001252e-16,4.087270312544912e-10,0.8552802497187639,1.9601103245890967,0.13215064550367073
887,110,qkv_all_blocks,4,5,1.5993858206386136,0.4642422125818742,-0.999794712761816,-1.4846999717516245,0.0002748024951637521,4.751591804933109e-06,-0.29020321650399344,True,1.168950975557495e-06,8.847827005928029e-05,7.5516411348224e-08,2.2577624680707482e-11,7.90122921110652e-20,1.2856762761169066e-08,-2.263357780023817e-11,-2.3306372259190932e-07,-8.5802765450573e-10,1.7538205724586748e-14,-0.045082262162376985,0.00939791055224706,1.0480046937589934e-16,1.9460577703626536e-12,True,2.168404344971009e-19,1.0089502530486355e-12,0.7097930660022809,0.009397908671433652,-0.0091231061762699,1.0480043470771092e-16,1.9460532353958e-12,True,2.168404344971009e-19,1.0089501672420287e-12,0.709793072546711,0.009397864230157557,-0.009123020626427891
887,110,qkv_all_blocks,4,11,1.3101319573662544,0.2624405328040424,-0.9622866695113526,-0.661729378618003,0.0032366891598825643,3.906479798385109e-06,-0.19276151904917396,True,0.0009951535922590707,0.005097053147533511,1.0476156717701299e-05,1.526058441519096e-11,4.269046054161674e-18,1.718396440262403e-05,1.1517760413965132e-08,1.5682274129539913e-05,-9.893811514659603e-09,-3.1914405880261045e-10,0.033932704191005705,0.07157661334808145,6.518781184173107e-17,8.83297461699095e-12,True,1.734723475976807e-18,1.6135549135042455e-12,0.8070305911080053,0.07157609514850591,-0.06833940598862334,6.518781184173107e-17,8.832975459624444e-12,True,1.734723475976807e-18,1.6135550455107878e-12,0.8070304517673188,0.07157602321683795,-0.06833938100086367
887,110,attention_output_all_blocks,4,5,0.17662861359770668,0.05085694446585312,-0.9984809563975491,-0.017938292681435954,0.00023462290121125176,4.571785419936947e-06,-0.28749413538046015,True,1.2895337874511177e-07,7.851828077335158e-06,5.504790577278481e-08,2.0901221925948043e-11,1.7734752333136913e-21,1.8020349162115864e-09,2.034631327234619e-11,-8.81201802616434e-08,-2.67673855789431e-10,-5.107570208387515e-11,-0.06701771088512486,0.002796203819975629,1.1865133746822051e-17,1.2819487757821909e-12,True,8.470329472543003e-21,1.0007949511216507e-12,0.7125200700952881,0.00279620269424378,-0.002561579793032528,1.186546604587208e-17,1.2819438545967076e-12,True,8.470329472543003e-21,1.0007949233714484e-12,0.7125202304856649,0.0027961494087395946,-0.002561590820551852
887,110,attention_output_all_blocks,4,11,0.16109239439765335,0.028930560125932897,-0.8574729203976298,-0.007992493432741832,0.0001984726834260193,3.7922436309278615e-06,-0.1539934394338127,True,5.599727303425612e-06,0.000221581532520181,3.939140606632488e-08,1.4381111756312931e-11,-1.7999450129153882e-21,2.5463907124257413e-08,-5.46853594457315e-13,3.48126735780877e-07,-1.114420042343072e-09,5.892946533306644e-11,0.05891689621786939,0.014898625797771691,7.669276101575235e-18,2.508622689318234e-12,True,2.710505431213761e-20,1.0227594241872577e-12,0.8460399598050794,0.014898624826262261,-0.014700152142836242,7.669264127098552e-18,2.5086192369722033e-12,True,0.0,1.022759320021626e-12,0.8460399590878095,0.014898589886479068,-0.014699932602083517
887,110,mlp_down_all_blocks,4,5,23.528950583523738,6.815940426549178,-0.9998606638547133,-320.6991597412184,0.05473468858177225,4.205228487413936e-06,-0.28964278264309284,True,7.393420371861012e-06,0.012945388893268881,0.00299588613414359,1.7683946631357704e-11,4.2182240773264157e-19,0.0001233031572457446,-7.099674139338279e-09,-0.004506343392642357,-2.725938712074725e-08,-5.703159841991558e-08,-0.36180460052854907,0.10693423976804675,8.49905534692714e-16,1.175436107464675e-11,True,1.734723475976807e-18,2.156562821238772e-12,0.7093935682041541,0.10450280896238634,-0.04976812038061409,8.49905534692714e-16,1.1754318592738448e-11,True,0.0,2.1565536839411986e-12,0.7093936236901214,0.10450268899955341,-0.04976852124093013
887,110,mlp_down_all_blocks,4,11,20.795593430352895,3.8111934016583913,-0.6356695936598219,-100.76129481929715,2.4297627379661058,3.5465723790845054e-06,-0.11649870772406573,True,1.1776656445166056,8.655914827318599,5.903746962808546,1.2578175640085128e-11,3.0531133177191805e-16,-0.7714719038660047,-1.818245310458482e-06,-8.513095524872497,2.0982483023896375e-06,1.0327957008091523e-06,-0.5954388348534748,2.4589766703355784,1.4340902096812966e-15,2.5502283373557676e-10,True,1.7763568394002505e-15,6.462760005905248e-10,0.8664087053364695,2.433150471171419,-0.0033877332053133813,1.4340230599642763e-15,2.5502285957599403e-10,True,1.7763568394002505e-15,6.462761318716518e-10,0.8664086650517673,2.433150992204212,-0.0033880417053726575
