family,set_id,policy,candidate,stage,count,total,frequency,estimand,source_observations_sha256
primary,primary_019d7c31a48b,candidate_B,mlp_up_gate_all_blocks_stage4_w8,4,0.0,64,0.0,selection_frequency,9ed386af3e565cf6ed8b4cf6119bb9126795d5b67de8900f021e06860f45d4dd
primary,primary_019d7c31a48b,candidate_B,mlp_up_gate_all_blocks_stage10_w8,10,0.0,64,0.0,selection_frequency,9ed386af3e565cf6ed8b4cf6119bb9126795d5b67de8900f021e06860f45d4dd
primary,primary_019d7c31a48b,candidate_B,mlp_up_gate_all_blocks_stage15_w8,15,64.0,64,1.0,selection_frequency,9ed386af3e565cf6ed8b4cf6119bb9126795d5b67de8900f021e06860f45d4dd
primary,primary_019d7c31a48b,constant,mlp_up_gate_all_blocks_stage4_w8,4,0.0,64,0.0,selection_frequency,9ed386af3e565cf6ed8b4cf6119bb9126795d5b67de8900f021e06860f45d4dd
primary,primary_019d7c31a48b,constant,mlp_up_gate_all_blocks_stage10_w8,10,0.0,64,0.0,selection_frequency,9ed386af3e565cf6ed8b4cf6119bb9126795d5b67de8900f021e06860f45d4dd
primary,primary_019d7c31a48b,constant,mlp_up_gate_all_blocks_stage15_w8,15,64.0,64,1.0,selection_frequency,9ed386af3e565cf6ed8b4cf6119bb9126795d5b67de8900f021e06860f45d4dd
primary,primary_019d7c31a48b,energy,mlp_up_gate_all_blocks_stage4_w8,4,61.0,64,0.953125,selection_frequency,9ed386af3e565cf6ed8b4cf6119bb9126795d5b67de8900f021e06860f45d4dd
primary,primary_019d7c31a48b,energy,mlp_up_gate_all_blocks_stage10_w8,10,3.0,64,0.046875,selection_frequency,9ed386af3e565cf6ed8b4cf6119bb9126795d5b67de8900f021e06860f45d4dd
primary,primary_019d7c31a48b,energy,mlp_up_gate_all_blocks_stage15_w8,15,0.0,64,0.0,selection_frequency,9ed386af3e565cf6ed8b4cf6119bb9126795d5b67de8900f021e06860f45d4dd
primary,primary_019d7c31a48b,hybrid,mlp_up_gate_all_blocks_stage4_w8,4,0.0,64,0.0,selection_frequency,9ed386af3e565cf6ed8b4cf6119bb9126795d5b67de8900f021e06860f45d4dd
primary,primary_019d7c31a48b,hybrid,mlp_up_gate_all_blocks_stage10_w8,10,0.0,64,0.0,selection_frequency,9ed386af3e565cf6ed8b4cf6119bb9126795d5b67de8900f021e06860f45d4dd
primary,primary_019d7c31a48b,hybrid,mlp_up_gate_all_blocks_stage15_w8,15,64.0,64,1.0,selection_frequency,9ed386af3e565cf6ed8b4cf6119bb9126795d5b67de8900f021e06860f45d4dd
primary,primary_019d7c31a48b,latest_stage,mlp_up_gate_all_blocks_stage4_w8,4,0.0,64,0.0,selection_frequency,9ed386af3e565cf6ed8b4cf6119bb9126795d5b67de8900f021e06860f45d4dd
primary,primary_019d7c31a48b,latest_stage,mlp_up_gate_all_blocks_stage10_w8,10,0.0,64,0.0,selection_frequency,9ed386af3e565cf6ed8b4cf6119bb9126795d5b67de8900f021e06860f45d4dd
primary,primary_019d7c31a48b,latest_stage,mlp_up_gate_all_blocks_stage15_w8,15,64.0,64,1.0,selection_frequency,9ed386af3e565cf6ed8b4cf6119bb9126795d5b67de8900f021e06860f45d4dd
primary,primary_019d7c31a48b,pure_G,mlp_up_gate_all_blocks_stage4_w8,4,0.0,64,0.0,selection_frequency,9ed386af3e565cf6ed8b4cf6119bb9126795d5b67de8900f021e06860f45d4dd
primary,primary_019d7c31a48b,pure_G,mlp_up_gate_all_blocks_stage10_w8,10,0.0,64,0.0,selection_frequency,9ed386af3e565cf6ed8b4cf6119bb9126795d5b67de8900f021e06860f45d4dd
primary,primary_019d7c31a48b,pure_G,mlp_up_gate_all_blocks_stage15_w8,15,64.0,64,1.0,selection_frequency,9ed386af3e565cf6ed8b4cf6119bb9126795d5b67de8900f021e06860f45d4dd
primary,primary_019d7c31a48b,stage_position_only,mlp_up_gate_all_blocks_stage4_w8,4,0.0,64,0.0,selection_frequency,9ed386af3e565cf6ed8b4cf6119bb9126795d5b67de8900f021e06860f45d4dd
primary,primary_019d7c31a48b,stage_position_only,mlp_up_gate_all_blocks_stage10_w8,10,0.0,64,0.0,selection_frequency,9ed386af3e565cf6ed8b4cf6119bb9126795d5b67de8900f021e06860f45d4dd
primary,primary_019d7c31a48b,stage_position_only,mlp_up_gate_all_blocks_stage15_w8,15,64.0,64,1.0,selection_frequency,9ed386af3e565cf6ed8b4cf6119bb9126795d5b67de8900f021e06860f45d4dd
primary,primary_019d7c31a48b,uniform_random_expected,mlp_up_gate_all_blocks_stage4_w8,4,21.333333333333332,64,0.3333333333333333,expected_frequency,9ed386af3e565cf6ed8b4cf6119bb9126795d5b67de8900f021e06860f45d4dd
primary,primary_019d7c31a48b,uniform_random_expected,mlp_up_gate_all_blocks_stage10_w8,10,21.333333333333332,64,0.3333333333333333,expected_frequency,9ed386af3e565cf6ed8b4cf6119bb9126795d5b67de8900f021e06860f45d4dd
primary,primary_019d7c31a48b,uniform_random_expected,mlp_up_gate_all_blocks_stage15_w8,15,21.333333333333332,64,0.3333333333333333,expected_frequency,9ed386af3e565cf6ed8b4cf6119bb9126795d5b67de8900f021e06860f45d4dd
primary,primary_39fca70e9e59,candidate_B,input_patch_projection_stage4_w4,4,0.0,64,0.0,selection_frequency,9ed386af3e565cf6ed8b4cf6119bb9126795d5b67de8900f021e06860f45d4dd
primary,primary_39fca70e9e59,candidate_B,input_patch_projection_stage10_w4,10,0.0,64,0.0,selection_frequency,9ed386af3e565cf6ed8b4cf6119bb9126795d5b67de8900f021e06860f45d4dd
primary,primary_39fca70e9e59,candidate_B,input_patch_projection_stage15_w4,15,64.0,64,1.0,selection_frequency,9ed386af3e565cf6ed8b4cf6119bb9126795d5b67de8900f021e06860f45d4dd
primary,primary_39fca70e9e59,constant,input_patch_projection_stage4_w4,4,0.0,64,0.0,selection_frequency,9ed386af3e565cf6ed8b4cf6119bb9126795d5b67de8900f021e06860f45d4dd
primary,primary_39fca70e9e59,constant,input_patch_projection_stage10_w4,10,0.0,64,0.0,selection_frequency,9ed386af3e565cf6ed8b4cf6119bb9126795d5b67de8900f021e06860f45d4dd
primary,primary_39fca70e9e59,constant,input_patch_projection_stage15_w4,15,64.0,64,1.0,selection_frequency,9ed386af3e565cf6ed8b4cf6119bb9126795d5b67de8900f021e06860f45d4dd
primary,primary_39fca70e9e59,energy,input_patch_projection_stage4_w4,4,0.0,64,0.0,selection_frequency,9ed386af3e565cf6ed8b4cf6119bb9126795d5b67de8900f021e06860f45d4dd
primary,primary_39fca70e9e59,energy,input_patch_projection_stage10_w4,10,6.0,64,0.09375,selection_frequency,9ed386af3e565cf6ed8b4cf6119bb9126795d5b67de8900f021e06860f45d4dd
primary,primary_39fca70e9e59,energy,input_patch_projection_stage15_w4,15,58.0,64,0.90625,selection_frequency,9ed386af3e565cf6ed8b4cf6119bb9126795d5b67de8900f021e06860f45d4dd
primary,primary_39fca70e9e59,hybrid,input_patch_projection_stage4_w4,4,0.0,64,0.0,selection_frequency,9ed386af3e565cf6ed8b4cf6119bb9126795d5b67de8900f021e06860f45d4dd
primary,primary_39fca70e9e59,hybrid,input_patch_projection_stage10_w4,10,0.0,64,0.0,selection_frequency,9ed386af3e565cf6ed8b4cf6119bb9126795d5b67de8900f021e06860f45d4dd
primary,primary_39fca70e9e59,hybrid,input_patch_projection_stage15_w4,15,64.0,64,1.0,selection_frequency,9ed386af3e565cf6ed8b4cf6119bb9126795d5b67de8900f021e06860f45d4dd
primary,primary_39fca70e9e59,latest_stage,input_patch_projection_stage4_w4,4,0.0,64,0.0,selection_frequency,9ed386af3e565cf6ed8b4cf6119bb9126795d5b67de8900f021e06860f45d4dd
primary,primary_39fca70e9e59,latest_stage,input_patch_projection_stage10_w4,10,0.0,64,0.0,selection_frequency,9ed386af3e565cf6ed8b4cf6119bb9126795d5b67de8900f021e06860f45d4dd
primary,primary_39fca70e9e59,latest_stage,input_patch_projection_stage15_w4,15,64.0,64,1.0,selection_frequency,9ed386af3e565cf6ed8b4cf6119bb9126795d5b67de8900f021e06860f45d4dd
primary,primary_39fca70e9e59,pure_G,input_patch_projection_stage4_w4,4,0.0,64,0.0,selection_frequency,9ed386af3e565cf6ed8b4cf6119bb9126795d5b67de8900f021e06860f45d4dd
primary,primary_39fca70e9e59,pure_G,input_patch_projection_stage10_w4,10,0.0,64,0.0,selection_frequency,9ed386af3e565cf6ed8b4cf6119bb9126795d5b67de8900f021e06860f45d4dd
primary,primary_39fca70e9e59,pure_G,input_patch_projection_stage15_w4,15,64.0,64,1.0,selection_frequency,9ed386af3e565cf6ed8b4cf6119bb9126795d5b67de8900f021e06860f45d4dd
primary,primary_39fca70e9e59,stage_position_only,input_patch_projection_stage4_w4,4,0.0,64,0.0,selection_frequency,9ed386af3e565cf6ed8b4cf6119bb9126795d5b67de8900f021e06860f45d4dd
primary,primary_39fca70e9e59,stage_position_only,input_patch_projection_stage10_w4,10,0.0,64,0.0,selection_frequency,9ed386af3e565cf6ed8b4cf6119bb9126795d5b67de8900f021e06860f45d4dd
primary,primary_39fca70e9e59,stage_position_only,input_patch_projection_stage15_w4,15,64.0,64,1.0,selection_frequency,9ed386af3e565cf6ed8b4cf6119bb9126795d5b67de8900f021e06860f45d4dd
primary,primary_39fca70e9e59,uniform_random_expected,input_patch_projection_stage4_w4,4,21.333333333333332,64,0.3333333333333333,expected_frequency,9ed386af3e565cf6ed8b4cf6119bb9126795d5b67de8900f021e06860f45d4dd
primary,primary_39fca70e9e59,uniform_random_expected,input_patch_projection_stage10_w4,10,21.333333333333332,64,0.3333333333333333,expected_frequency,9ed386af3e565cf6ed8b4cf6119bb9126795d5b67de8900f021e06860f45d4dd
primary,primary_39fca70e9e59,uniform_random_expected,input_patch_projection_stage15_w4,15,21.333333333333332,64,0.3333333333333333,expected_frequency,9ed386af3e565cf6ed8b4cf6119bb9126795d5b67de8900f021e06860f45d4dd
primary,primary_459b032d584a,candidate_B,qkv_all_blocks_stage4_w8,4,0.0,64,0.0,selection_frequency,9ed386af3e565cf6ed8b4cf6119bb9126795d5b67de8900f021e06860f45d4dd
primary,primary_459b032d584a,candidate_B,qkv_all_blocks_stage10_w8,10,0.0,64,0.0,selection_frequency,9ed386af3e565cf6ed8b4cf6119bb9126795d5b67de8900f021e06860f45d4dd
primary,primary_459b032d584a,candidate_B,qkv_all_blocks_stage15_w8,15,64.0,64,1.0,selection_frequency,9ed386af3e565cf6ed8b4cf6119bb9126795d5b67de8900f021e06860f45d4dd
primary,primary_459b032d584a,constant,qkv_all_blocks_stage4_w8,4,0.0,64,0.0,selection_frequency,9ed386af3e565cf6ed8b4cf6119bb9126795d5b67de8900f021e06860f45d4dd
primary,primary_459b032d584a,constant,qkv_all_blocks_stage10_w8,10,0.0,64,0.0,selection_frequency,9ed386af3e565cf6ed8b4cf6119bb9126795d5b67de8900f021e06860f45d4dd
primary,primary_459b032d584a,constant,qkv_all_blocks_stage15_w8,15,64.0,64,1.0,selection_frequency,9ed386af3e565cf6ed8b4cf6119bb9126795d5b67de8900f021e06860f45d4dd
primary,primary_459b032d584a,energy,qkv_all_blocks_stage4_w8,4,0.0,64,0.0,selection_frequency,9ed386af3e565cf6ed8b4cf6119bb9126795d5b67de8900f021e06860f45d4dd
primary,primary_459b032d584a,energy,qkv_all_blocks_stage10_w8,10,0.0,64,0.0,selection_frequency,9ed386af3e565cf6ed8b4cf6119bb9126795d5b67de8900f021e06860f45d4dd
primary,primary_459b032d584a,energy,qkv_all_blocks_stage15_w8,15,64.0,64,1.0,selection_frequency,9ed386af3e565cf6ed8b4cf6119bb9126795d5b67de8900f021e06860f45d4dd
primary,primary_459b032d584a,hybrid,qkv_all_blocks_stage4_w8,4,0.0,64,0.0,selection_frequency,9ed386af3e565cf6ed8b4cf6119bb9126795d5b67de8900f021e06860f45d4dd
primary,primary_459b032d584a,hybrid,qkv_all_blocks_stage10_w8,10,0.0,64,0.0,selection_frequency,9ed386af3e565cf6ed8b4cf6119bb9126795d5b67de8900f021e06860f45d4dd
primary,primary_459b032d584a,hybrid,qkv_all_blocks_stage15_w8,15,64.0,64,1.0,selection_frequency,9ed386af3e565cf6ed8b4cf6119bb9126795d5b67de8900f021e06860f45d4dd
primary,primary_459b032d584a,latest_stage,qkv_all_blocks_stage4_w8,4,0.0,64,0.0,selection_frequency,9ed386af3e565cf6ed8b4cf6119bb9126795d5b67de8900f021e06860f45d4dd
primary,primary_459b032d584a,latest_stage,qkv_all_blocks_stage10_w8,10,0.0,64,0.0,selection_frequency,9ed386af3e565cf6ed8b4cf6119bb9126795d5b67de8900f021e06860f45d4dd
primary,primary_459b032d584a,latest_stage,qkv_all_blocks_stage15_w8,15,64.0,64,1.0,selection_frequency,9ed386af3e565cf6ed8b4cf6119bb9126795d5b67de8900f021e06860f45d4dd
primary,primary_459b032d584a,pure_G,qkv_all_blocks_stage4_w8,4,0.0,64,0.0,selection_frequency,9ed386af3e565cf6ed8b4cf6119bb9126795d5b67de8900f021e06860f45d4dd
primary,primary_459b032d584a,pure_G,qkv_all_blocks_stage10_w8,10,0.0,64,0.0,selection_frequency,9ed386af3e565cf6ed8b4cf6119bb9126795d5b67de8900f021e06860f45d4dd
primary,primary_459b032d584a,pure_G,qkv_all_blocks_stage15_w8,15,64.0,64,1.0,selection_frequency,9ed386af3e565cf6ed8b4cf6119bb9126795d5b67de8900f021e06860f45d4dd
primary,primary_459b032d584a,stage_position_only,qkv_all_blocks_stage4_w8,4,0.0,64,0.0,selection_frequency,9ed386af3e565cf6ed8b4cf6119bb9126795d5b67de8900f021e06860f45d4dd
primary,primary_459b032d584a,stage_position_only,qkv_all_blocks_stage10_w8,10,0.0,64,0.0,selection_frequency,9ed386af3e565cf6ed8b4cf6119bb9126795d5b67de8900f021e06860f45d4dd
primary,primary_459b032d584a,stage_position_only,qkv_all_blocks_stage15_w8,15,64.0,64,1.0,selection_frequency,9ed386af3e565cf6ed8b4cf6119bb9126795d5b67de8900f021e06860f45d4dd
primary,primary_459b032d584a,uniform_random_expected,qkv_all_blocks_stage4_w8,4,21.333333333333332,64,0.3333333333333333,expected_frequency,9ed386af3e565cf6ed8b4cf6119bb9126795d5b67de8900f021e06860f45d4dd
primary,primary_459b032d584a,uniform_random_expected,qkv_all_blocks_stage10_w8,10,21.333333333333332,64,0.3333333333333333,expected_frequency,9ed386af3e565cf6ed8b4cf6119bb9126795d5b67de8900f021e06860f45d4dd
primary,primary_459b032d584a,uniform_random_expected,qkv_all_blocks_stage15_w8,15,21.333333333333332,64,0.3333333333333333,expected_frequency,9ed386af3e565cf6ed8b4cf6119bb9126795d5b67de8900f021e06860f45d4dd
primary,primary_494f26df6416,candidate_B,attention_output_all_blocks_stage4_w4,4,31.0,64,0.484375,selection_frequency,9ed386af3e565cf6ed8b4cf6119bb9126795d5b67de8900f021e06860f45d4dd
primary,primary_494f26df6416,candidate_B,attention_output_all_blocks_stage10_w4,10,1.0,64,0.015625,selection_frequency,9ed386af3e565cf6ed8b4cf6119bb9126795d5b67de8900f021e06860f45d4dd
primary,primary_494f26df6416,candidate_B,attention_output_all_blocks_stage15_w4,15,32.0,64,0.5,selection_frequency,9ed386af3e565cf6ed8b4cf6119bb9126795d5b67de8900f021e06860f45d4dd
primary,primary_494f26df6416,constant,attention_output_all_blocks_stage4_w4,4,64.0,64,1.0,selection_frequency,9ed386af3e565cf6ed8b4cf6119bb9126795d5b67de8900f021e06860f45d4dd
primary,primary_494f26df6416,constant,attention_output_all_blocks_stage10_w4,10,0.0,64,0.0,selection_frequency,9ed386af3e565cf6ed8b4cf6119bb9126795d5b67de8900f021e06860f45d4dd
primary,primary_494f26df6416,constant,attention_output_all_blocks_stage15_w4,15,0.0,64,0.0,selection_frequency,9ed386af3e565cf6ed8b4cf6119bb9126795d5b67de8900f021e06860f45d4dd
primary,primary_494f26df6416,energy,attention_output_all_blocks_stage4_w4,4,45.0,64,0.703125,selection_frequency,9ed386af3e565cf6ed8b4cf6119bb9126795d5b67de8900f021e06860f45d4dd
primary,primary_494f26df6416,energy,attention_output_all_blocks_stage10_w4,10,19.0,64,0.296875,selection_frequency,9ed386af3e565cf6ed8b4cf6119bb9126795d5b67de8900f021e06860f45d4dd
primary,primary_494f26df6416,energy,attention_output_all_blocks_stage15_w4,15,0.0,64,0.0,selection_frequency,9ed386af3e565cf6ed8b4cf6119bb9126795d5b67de8900f021e06860f45d4dd
primary,primary_494f26df6416,hybrid,attention_output_all_blocks_stage4_w4,4,31.0,64,0.484375,selection_frequency,9ed386af3e565cf6ed8b4cf6119bb9126795d5b67de8900f021e06860f45d4dd
primary,primary_494f26df6416,hybrid,attention_output_all_blocks_stage10_w4,10,1.0,64,0.015625,selection_frequency,9ed386af3e565cf6ed8b4cf6119bb9126795d5b67de8900f021e06860f45d4dd
primary,primary_494f26df6416,hybrid,attention_output_all_blocks_stage15_w4,15,32.0,64,0.5,selection_frequency,9ed386af3e565cf6ed8b4cf6119bb9126795d5b67de8900f021e06860f45d4dd
primary,primary_494f26df6416,latest_stage,attention_output_all_blocks_stage4_w4,4,0.0,64,0.0,selection_frequency,9ed386af3e565cf6ed8b4cf6119bb9126795d5b67de8900f021e06860f45d4dd
primary,primary_494f26df6416,latest_stage,attention_output_all_blocks_stage10_w4,10,0.0,64,0.0,selection_frequency,9ed386af3e565cf6ed8b4cf6119bb9126795d5b67de8900f021e06860f45d4dd
primary,primary_494f26df6416,latest_stage,attention_output_all_blocks_stage15_w4,15,64.0,64,1.0,selection_frequency,9ed386af3e565cf6ed8b4cf6119bb9126795d5b67de8900f021e06860f45d4dd
primary,primary_494f26df6416,pure_G,attention_output_all_blocks_stage4_w4,4,0.0,64,0.0,selection_frequency,9ed386af3e565cf6ed8b4cf6119bb9126795d5b67de8900f021e06860f45d4dd
primary,primary_494f26df6416,pure_G,attention_output_all_blocks_stage10_w4,10,0.0,64,0.0,selection_frequency,9ed386af3e565cf6ed8b4cf6119bb9126795d5b67de8900f021e06860f45d4dd
primary,primary_494f26df6416,pure_G,attention_output_all_blocks_stage15_w4,15,64.0,64,1.0,selection_frequency,9ed386af3e565cf6ed8b4cf6119bb9126795d5b67de8900f021e06860f45d4dd
primary,primary_494f26df6416,stage_position_only,attention_output_all_blocks_stage4_w4,4,0.0,64,0.0,selection_frequency,9ed386af3e565cf6ed8b4cf6119bb9126795d5b67de8900f021e06860f45d4dd
primary,primary_494f26df6416,stage_position_only,attention_output_all_blocks_stage10_w4,10,0.0,64,0.0,selection_frequency,9ed386af3e565cf6ed8b4cf6119bb9126795d5b67de8900f021e06860f45d4dd
primary,primary_494f26df6416,stage_position_only,attention_output_all_blocks_stage15_w4,15,64.0,64,1.0,selection_frequency,9ed386af3e565cf6ed8b4cf6119bb9126795d5b67de8900f021e06860f45d4dd
primary,primary_494f26df6416,uniform_random_expected,attention_output_all_blocks_stage4_w4,4,21.333333333333332,64,0.3333333333333333,expected_frequency,9ed386af3e565cf6ed8b4cf6119bb9126795d5b67de8900f021e06860f45d4dd
primary,primary_494f26df6416,uniform_random_expected,attention_output_all_blocks_stage10_w4,10,21.333333333333332,64,0.3333333333333333,expected_frequency,9ed386af3e565cf6ed8b4cf6119bb9126795d5b67de8900f021e06860f45d4dd
primary,primary_494f26df6416,uniform_random_expected,attention_output_all_blocks_stage15_w4,15,21.333333333333332,64,0.3333333333333333,expected_frequency,9ed386af3e565cf6ed8b4cf6119bb9126795d5b67de8900f021e06860f45d4dd
primary,primary_52112c337d08,candidate_B,attention_output_all_blocks_stage4_w6,4,13.0,64,0.203125,selection_frequency,9ed386af3e565cf6ed8b4cf6119bb9126795d5b67de8900f021e06860f45d4dd
primary,primary_52112c337d08,candidate_B,attention_output_all_blocks_stage10_w6,10,0.0,64,0.0,selection_frequency,9ed386af3e565cf6ed8b4cf6119bb9126795d5b67de8900f021e06860f45d4dd
primary,primary_52112c337d08,candidate_B,attention_output_all_blocks_stage15_w6,15,51.0,64,0.796875,selection_frequency,9ed386af3e565cf6ed8b4cf6119bb9126795d5b67de8900f021e06860f45d4dd
primary,primary_52112c337d08,constant,attention_output_all_blocks_stage4_w6,4,0.0,64,0.0,selection_frequency,9ed386af3e565cf6ed8b4cf6119bb9126795d5b67de8900f021e06860f45d4dd
primary,primary_52112c337d08,constant,attention_output_all_blocks_stage10_w6,10,0.0,64,0.0,selection_frequency,9ed386af3e565cf6ed8b4cf6119bb9126795d5b67de8900f021e06860f45d4dd
primary,primary_52112c337d08,constant,attention_output_all_blocks_stage15_w6,15,64.0,64,1.0,selection_frequency,9ed386af3e565cf6ed8b4cf6119bb9126795d5b67de8900f021e06860f45d4dd
primary,primary_52112c337d08,energy,attention_output_all_blocks_stage4_w6,4,52.0,64,0.8125,selection_frequency,9ed386af3e565cf6ed8b4cf6119bb9126795d5b67de8900f021e06860f45d4dd
primary,primary_52112c337d08,energy,attention_output_all_blocks_stage10_w6,10,12.0,64,0.1875,selection_frequency,9ed386af3e565cf6ed8b4cf6119bb9126795d5b67de8900f021e06860f45d4dd
primary,primary_52112c337d08,energy,attention_output_all_blocks_stage15_w6,15,0.0,64,0.0,selection_frequency,9ed386af3e565cf6ed8b4cf6119bb9126795d5b67de8900f021e06860f45d4dd
primary,primary_52112c337d08,hybrid,attention_output_all_blocks_stage4_w6,4,13.0,64,0.203125,selection_frequency,9ed386af3e565cf6ed8b4cf6119bb9126795d5b67de8900f021e06860f45d4dd
primary,primary_52112c337d08,hybrid,attention_output_all_blocks_stage10_w6,10,0.0,64,0.0,selection_frequency,9ed386af3e565cf6ed8b4cf6119bb9126795d5b67de8900f021e06860f45d4dd
primary,primary_52112c337d08,hybrid,attention_output_all_blocks_stage15_w6,15,51.0,64,0.796875,selection_frequency,9ed386af3e565cf6ed8b4cf6119bb9126795d5b67de8900f021e06860f45d4dd
primary,primary_52112c337d08,latest_stage,attention_output_all_blocks_stage4_w6,4,0.0,64,0.0,selection_frequency,9ed386af3e565cf6ed8b4cf6119bb9126795d5b67de8900f021e06860f45d4dd
primary,primary_52112c337d08,latest_stage,attention_output_all_blocks_stage10_w6,10,0.0,64,0.0,selection_frequency,9ed386af3e565cf6ed8b4cf6119bb9126795d5b67de8900f021e06860f45d4dd
primary,primary_52112c337d08,latest_stage,attention_output_all_blocks_stage15_w6,15,64.0,64,1.0,selection_frequency,9ed386af3e565cf6ed8b4cf6119bb9126795d5b67de8900f021e06860f45d4dd
primary,primary_52112c337d08,pure_G,attention_output_all_blocks_stage4_w6,4,0.0,64,0.0,selection_frequency,9ed386af3e565cf6ed8b4cf6119bb9126795d5b67de8900f021e06860f45d4dd
primary,primary_52112c337d08,pure_G,attention_output_all_blocks_stage10_w6,10,0.0,64,0.0,selection_frequency,9ed386af3e565cf6ed8b4cf6119bb9126795d5b67de8900f021e06860f45d4dd
primary,primary_52112c337d08,pure_G,attention_output_all_blocks_stage15_w6,15,64.0,64,1.0,selection_frequency,9ed386af3e565cf6ed8b4cf6119bb9126795d5b67de8900f021e06860f45d4dd
primary,primary_52112c337d08,stage_position_only,attention_output_all_blocks_stage4_w6,4,0.0,64,0.0,selection_frequency,9ed386af3e565cf6ed8b4cf6119bb9126795d5b67de8900f021e06860f45d4dd
primary,primary_52112c337d08,stage_position_only,attention_output_all_blocks_stage10_w6,10,0.0,64,0.0,selection_frequency,9ed386af3e565cf6ed8b4cf6119bb9126795d5b67de8900f021e06860f45d4dd
primary,primary_52112c337d08,stage_position_only,attention_output_all_blocks_stage15_w6,15,64.0,64,1.0,selection_frequency,9ed386af3e565cf6ed8b4cf6119bb9126795d5b67de8900f021e06860f45d4dd
primary,primary_52112c337d08,uniform_random_expected,attention_output_all_blocks_stage4_w6,4,21.333333333333332,64,0.3333333333333333,expected_frequency,9ed386af3e565cf6ed8b4cf6119bb9126795d5b67de8900f021e06860f45d4dd
primary,primary_52112c337d08,uniform_random_expected,attention_output_all_blocks_stage10_w6,10,21.333333333333332,64,0.3333333333333333,expected_frequency,9ed386af3e565cf6ed8b4cf6119bb9126795d5b67de8900f021e06860f45d4dd
primary,primary_52112c337d08,uniform_random_expected,attention_output_all_blocks_stage15_w6,15,21.333333333333332,64,0.3333333333333333,expected_frequency,9ed386af3e565cf6ed8b4cf6119bb9126795d5b67de8900f021e06860f45d4dd
primary,primary_5303e1fccdc7,candidate_B,mlp_down_all_blocks_stage4_w8,4,0.0,64,0.0,selection_frequency,9ed386af3e565cf6ed8b4cf6119bb9126795d5b67de8900f021e06860f45d4dd
primary,primary_5303e1fccdc7,candidate_B,mlp_down_all_blocks_stage10_w8,10,0.0,64,0.0,selection_frequency,9ed386af3e565cf6ed8b4cf6119bb9126795d5b67de8900f021e06860f45d4dd
primary,primary_5303e1fccdc7,candidate_B,mlp_down_all_blocks_stage15_w8,15,64.0,64,1.0,selection_frequency,9ed386af3e565cf6ed8b4cf6119bb9126795d5b67de8900f021e06860f45d4dd
primary,primary_5303e1fccdc7,constant,mlp_down_all_blocks_stage4_w8,4,0.0,64,0.0,selection_frequency,9ed386af3e565cf6ed8b4cf6119bb9126795d5b67de8900f021e06860f45d4dd
primary,primary_5303e1fccdc7,constant,mlp_down_all_blocks_stage10_w8,10,0.0,64,0.0,selection_frequency,9ed386af3e565cf6ed8b4cf6119bb9126795d5b67de8900f021e06860f45d4dd
primary,primary_5303e1fccdc7,constant,mlp_down_all_blocks_stage15_w8,15,64.0,64,1.0,selection_frequency,9ed386af3e565cf6ed8b4cf6119bb9126795d5b67de8900f021e06860f45d4dd
primary,primary_5303e1fccdc7,energy,mlp_down_all_blocks_stage4_w8,4,12.0,64,0.1875,selection_frequency,9ed386af3e565cf6ed8b4cf6119bb9126795d5b67de8900f021e06860f45d4dd
primary,primary_5303e1fccdc7,energy,mlp_down_all_blocks_stage10_w8,10,46.0,64,0.71875,selection_frequency,9ed386af3e565cf6ed8b4cf6119bb9126795d5b67de8900f021e06860f45d4dd
primary,primary_5303e1fccdc7,energy,mlp_down_all_blocks_stage15_w8,15,6.0,64,0.09375,selection_frequency,9ed386af3e565cf6ed8b4cf6119bb9126795d5b67de8900f021e06860f45d4dd
primary,primary_5303e1fccdc7,hybrid,mlp_down_all_blocks_stage4_w8,4,0.0,64,0.0,selection_frequency,9ed386af3e565cf6ed8b4cf6119bb9126795d5b67de8900f021e06860f45d4dd
primary,primary_5303e1fccdc7,hybrid,mlp_down_all_blocks_stage10_w8,10,0.0,64,0.0,selection_frequency,9ed386af3e565cf6ed8b4cf6119bb9126795d5b67de8900f021e06860f45d4dd
primary,primary_5303e1fccdc7,hybrid,mlp_down_all_blocks_stage15_w8,15,64.0,64,1.0,selection_frequency,9ed386af3e565cf6ed8b4cf6119bb9126795d5b67de8900f021e06860f45d4dd
primary,primary_5303e1fccdc7,latest_stage,mlp_down_all_blocks_stage4_w8,4,0.0,64,0.0,selection_frequency,9ed386af3e565cf6ed8b4cf6119bb9126795d5b67de8900f021e06860f45d4dd
primary,primary_5303e1fccdc7,latest_stage,mlp_down_all_blocks_stage10_w8,10,0.0,64,0.0,selection_frequency,9ed386af3e565cf6ed8b4cf6119bb9126795d5b67de8900f021e06860f45d4dd
primary,primary_5303e1fccdc7,latest_stage,mlp_down_all_blocks_stage15_w8,15,64.0,64,1.0,selection_frequency,9ed386af3e565cf6ed8b4cf6119bb9126795d5b67de8900f021e06860f45d4dd
primary,primary_5303e1fccdc7,pure_G,mlp_down_all_blocks_stage4_w8,4,0.0,64,0.0,selection_frequency,9ed386af3e565cf6ed8b4cf6119bb9126795d5b67de8900f021e06860f45d4dd
primary,primary_5303e1fccdc7,pure_G,mlp_down_all_blocks_stage10_w8,10,0.0,64,0.0,selection_frequency,9ed386af3e565cf6ed8b4cf6119bb9126795d5b67de8900f021e06860f45d4dd
primary,primary_5303e1fccdc7,pure_G,mlp_down_all_blocks_stage15_w8,15,64.0,64,1.0,selection_frequency,9ed386af3e565cf6ed8b4cf6119bb9126795d5b67de8900f021e06860f45d4dd
primary,primary_5303e1fccdc7,stage_position_only,mlp_down_all_blocks_stage4_w8,4,0.0,64,0.0,selection_frequency,9ed386af3e565cf6ed8b4cf6119bb9126795d5b67de8900f021e06860f45d4dd
primary,primary_5303e1fccdc7,stage_position_only,mlp_down_all_blocks_stage10_w8,10,0.0,64,0.0,selection_frequency,9ed386af3e565cf6ed8b4cf6119bb9126795d5b67de8900f021e06860f45d4dd
primary,primary_5303e1fccdc7,stage_position_only,mlp_down_all_blocks_stage15_w8,15,64.0,64,1.0,selection_frequency,9ed386af3e565cf6ed8b4cf6119bb9126795d5b67de8900f021e06860f45d4dd
primary,primary_5303e1fccdc7,uniform_random_expected,mlp_down_all_blocks_stage4_w8,4,21.333333333333332,64,0.3333333333333333,expected_frequency,9ed386af3e565cf6ed8b4cf6119bb9126795d5b67de8900f021e06860f45d4dd
primary,primary_5303e1fccdc7,uniform_random_expected,mlp_down_all_blocks_stage10_w8,10,21.333333333333332,64,0.3333333333333333,expected_frequency,9ed386af3e565cf6ed8b4cf6119bb9126795d5b67de8900f021e06860f45d4dd
primary,primary_5303e1fccdc7,uniform_random_expected,mlp_down_all_blocks_stage15_w8,15,21.333333333333332,64,0.3333333333333333,expected_frequency,9ed386af3e565cf6ed8b4cf6119bb9126795d5b67de8900f021e06860f45d4dd
primary,primary_58a05bddec17,candidate_B,output_conditioning_projection_stage4_w4,4,0.0,64,0.0,selection_frequency,9ed386af3e565cf6ed8b4cf6119bb9126795d5b67de8900f021e06860f45d4dd
primary,primary_58a05bddec17,candidate_B,output_conditioning_projection_stage10_w4,10,0.0,64,0.0,selection_frequency,9ed386af3e565cf6ed8b4cf6119bb9126795d5b67de8900f021e06860f45d4dd
primary,primary_58a05bddec17,candidate_B,output_conditioning_projection_stage15_w4,15,64.0,64,1.0,selection_frequency,9ed386af3e565cf6ed8b4cf6119bb9126795d5b67de8900f021e06860f45d4dd
primary,primary_58a05bddec17,constant,output_conditioning_projection_stage4_w4,4,0.0,64,0.0,selection_frequency,9ed386af3e565cf6ed8b4cf6119bb9126795d5b67de8900f021e06860f45d4dd
primary,primary_58a05bddec17,constant,output_conditioning_projection_stage10_w4,10,0.0,64,0.0,selection_frequency,9ed386af3e565cf6ed8b4cf6119bb9126795d5b67de8900f021e06860f45d4dd
primary,primary_58a05bddec17,constant,output_conditioning_projection_stage15_w4,15,64.0,64,1.0,selection_frequency,9ed386af3e565cf6ed8b4cf6119bb9126795d5b67de8900f021e06860f45d4dd
primary,primary_58a05bddec17,energy,output_conditioning_projection_stage4_w4,4,0.0,64,0.0,selection_frequency,9ed386af3e565cf6ed8b4cf6119bb9126795d5b67de8900f021e06860f45d4dd
primary,primary_58a05bddec17,energy,output_conditioning_projection_stage10_w4,10,0.0,64,0.0,selection_frequency,9ed386af3e565cf6ed8b4cf6119bb9126795d5b67de8900f021e06860f45d4dd
primary,primary_58a05bddec17,energy,output_conditioning_projection_stage15_w4,15,64.0,64,1.0,selection_frequency,9ed386af3e565cf6ed8b4cf6119bb9126795d5b67de8900f021e06860f45d4dd
primary,primary_58a05bddec17,hybrid,output_conditioning_projection_stage4_w4,4,0.0,64,0.0,selection_frequency,9ed386af3e565cf6ed8b4cf6119bb9126795d5b67de8900f021e06860f45d4dd
primary,primary_58a05bddec17,hybrid,output_conditioning_projection_stage10_w4,10,0.0,64,0.0,selection_frequency,9ed386af3e565cf6ed8b4cf6119bb9126795d5b67de8900f021e06860f45d4dd
primary,primary_58a05bddec17,hybrid,output_conditioning_projection_stage15_w4,15,64.0,64,1.0,selection_frequency,9ed386af3e565cf6ed8b4cf6119bb9126795d5b67de8900f021e06860f45d4dd
primary,primary_58a05bddec17,latest_stage,output_conditioning_projection_stage4_w4,4,0.0,64,0.0,selection_frequency,9ed386af3e565cf6ed8b4cf6119bb9126795d5b67de8900f021e06860f45d4dd
primary,primary_58a05bddec17,latest_stage,output_conditioning_projection_stage10_w4,10,0.0,64,0.0,selection_frequency,9ed386af3e565cf6ed8b4cf6119bb9126795d5b67de8900f021e06860f45d4dd
primary,primary_58a05bddec17,latest_stage,output_conditioning_projection_stage15_w4,15,64.0,64,1.0,selection_frequency,9ed386af3e565cf6ed8b4cf6119bb9126795d5b67de8900f021e06860f45d4dd
primary,primary_58a05bddec17,pure_G,output_conditioning_projection_stage4_w4,4,0.0,64,0.0,selection_frequency,9ed386af3e565cf6ed8b4cf6119bb9126795d5b67de8900f021e06860f45d4dd
primary,primary_58a05bddec17,pure_G,output_conditioning_projection_stage10_w4,10,0.0,64,0.0,selection_frequency,9ed386af3e565cf6ed8b4cf6119bb9126795d5b67de8900f021e06860f45d4dd
primary,primary_58a05bddec17,pure_G,output_conditioning_projection_stage15_w4,15,64.0,64,1.0,selection_frequency,9ed386af3e565cf6ed8b4cf6119bb9126795d5b67de8900f021e06860f45d4dd
primary,primary_58a05bddec17,stage_position_only,output_conditioning_projection_stage4_w4,4,0.0,64,0.0,selection_frequency,9ed386af3e565cf6ed8b4cf6119bb9126795d5b67de8900f021e06860f45d4dd
primary,primary_58a05bddec17,stage_position_only,output_conditioning_projection_stage10_w4,10,0.0,64,0.0,selection_frequency,9ed386af3e565cf6ed8b4cf6119bb9126795d5b67de8900f021e06860f45d4dd
primary,primary_58a05bddec17,stage_position_only,output_conditioning_projection_stage15_w4,15,64.0,64,1.0,selection_frequency,9ed386af3e565cf6ed8b4cf6119bb9126795d5b67de8900f021e06860f45d4dd
primary,primary_58a05bddec17,uniform_random_expected,output_conditioning_projection_stage4_w4,4,21.333333333333332,64,0.3333333333333333,expected_frequency,9ed386af3e565cf6ed8b4cf6119bb9126795d5b67de8900f021e06860f45d4dd
primary,primary_58a05bddec17,uniform_random_expected,output_conditioning_projection_stage10_w4,10,21.333333333333332,64,0.3333333333333333,expected_frequency,9ed386af3e565cf6ed8b4cf6119bb9126795d5b67de8900f021e06860f45d4dd
primary,primary_58a05bddec17,uniform_random_expected,output_conditioning_projection_stage15_w4,15,21.333333333333332,64,0.3333333333333333,expected_frequency,9ed386af3e565cf6ed8b4cf6119bb9126795d5b67de8900f021e06860f45d4dd
primary,primary_59152023723c,candidate_B,qkv_all_blocks_stage4_w4,4,0.0,64,0.0,selection_frequency,9ed386af3e565cf6ed8b4cf6119bb9126795d5b67de8900f021e06860f45d4dd
primary,primary_59152023723c,candidate_B,qkv_all_blocks_stage10_w4,10,0.0,64,0.0,selection_frequency,9ed386af3e565cf6ed8b4cf6119bb9126795d5b67de8900f021e06860f45d4dd
primary,primary_59152023723c,candidate_B,qkv_all_blocks_stage15_w4,15,64.0,64,1.0,selection_frequency,9ed386af3e565cf6ed8b4cf6119bb9126795d5b67de8900f021e06860f45d4dd
primary,primary_59152023723c,constant,qkv_all_blocks_stage4_w4,4,0.0,64,0.0,selection_frequency,9ed386af3e565cf6ed8b4cf6119bb9126795d5b67de8900f021e06860f45d4dd
primary,primary_59152023723c,constant,qkv_all_blocks_stage10_w4,10,0.0,64,0.0,selection_frequency,9ed386af3e565cf6ed8b4cf6119bb9126795d5b67de8900f021e06860f45d4dd
primary,primary_59152023723c,constant,qkv_all_blocks_stage15_w4,15,64.0,64,1.0,selection_frequency,9ed386af3e565cf6ed8b4cf6119bb9126795d5b67de8900f021e06860f45d4dd
primary,primary_59152023723c,energy,qkv_all_blocks_stage4_w4,4,0.0,64,0.0,selection_frequency,9ed386af3e565cf6ed8b4cf6119bb9126795d5b67de8900f021e06860f45d4dd
primary,primary_59152023723c,energy,qkv_all_blocks_stage10_w4,10,0.0,64,0.0,selection_frequency,9ed386af3e565cf6ed8b4cf6119bb9126795d5b67de8900f021e06860f45d4dd
primary,primary_59152023723c,energy,qkv_all_blocks_stage15_w4,15,64.0,64,1.0,selection_frequency,9ed386af3e565cf6ed8b4cf6119bb9126795d5b67de8900f021e06860f45d4dd
primary,primary_59152023723c,hybrid,qkv_all_blocks_stage4_w4,4,0.0,64,0.0,selection_frequency,9ed386af3e565cf6ed8b4cf6119bb9126795d5b67de8900f021e06860f45d4dd
primary,primary_59152023723c,hybrid,qkv_all_blocks_stage10_w4,10,0.0,64,0.0,selection_frequency,9ed386af3e565cf6ed8b4cf6119bb9126795d5b67de8900f021e06860f45d4dd
primary,primary_59152023723c,hybrid,qkv_all_blocks_stage15_w4,15,64.0,64,1.0,selection_frequency,9ed386af3e565cf6ed8b4cf6119bb9126795d5b67de8900f021e06860f45d4dd
primary,primary_59152023723c,latest_stage,qkv_all_blocks_stage4_w4,4,0.0,64,0.0,selection_frequency,9ed386af3e565cf6ed8b4cf6119bb9126795d5b67de8900f021e06860f45d4dd
primary,primary_59152023723c,latest_stage,qkv_all_blocks_stage10_w4,10,0.0,64,0.0,selection_frequency,9ed386af3e565cf6ed8b4cf6119bb9126795d5b67de8900f021e06860f45d4dd
primary,primary_59152023723c,latest_stage,qkv_all_blocks_stage15_w4,15,64.0,64,1.0,selection_frequency,9ed386af3e565cf6ed8b4cf6119bb9126795d5b67de8900f021e06860f45d4dd
primary,primary_59152023723c,pure_G,qkv_all_blocks_stage4_w4,4,0.0,64,0.0,selection_frequency,9ed386af3e565cf6ed8b4cf6119bb9126795d5b67de8900f021e06860f45d4dd
primary,primary_59152023723c,pure_G,qkv_all_blocks_stage10_w4,10,0.0,64,0.0,selection_frequency,9ed386af3e565cf6ed8b4cf6119bb9126795d5b67de8900f021e06860f45d4dd
primary,primary_59152023723c,pure_G,qkv_all_blocks_stage15_w4,15,64.0,64,1.0,selection_frequency,9ed386af3e565cf6ed8b4cf6119bb9126795d5b67de8900f021e06860f45d4dd
primary,primary_59152023723c,stage_position_only,qkv_all_blocks_stage4_w4,4,0.0,64,0.0,selection_frequency,9ed386af3e565cf6ed8b4cf6119bb9126795d5b67de8900f021e06860f45d4dd
primary,primary_59152023723c,stage_position_only,qkv_all_blocks_stage10_w4,10,0.0,64,0.0,selection_frequency,9ed386af3e565cf6ed8b4cf6119bb9126795d5b67de8900f021e06860f45d4dd
primary,primary_59152023723c,stage_position_only,qkv_all_blocks_stage15_w4,15,64.0,64,1.0,selection_frequency,9ed386af3e565cf6ed8b4cf6119bb9126795d5b67de8900f021e06860f45d4dd
primary,primary_59152023723c,uniform_random_expected,qkv_all_blocks_stage4_w4,4,21.333333333333332,64,0.3333333333333333,expected_frequency,9ed386af3e565cf6ed8b4cf6119bb9126795d5b67de8900f021e06860f45d4dd
primary,primary_59152023723c,uniform_random_expected,qkv_all_blocks_stage10_w4,10,21.333333333333332,64,0.3333333333333333,expected_frequency,9ed386af3e565cf6ed8b4cf6119bb9126795d5b67de8900f021e06860f45d4dd
primary,primary_59152023723c,uniform_random_expected,qkv_all_blocks_stage15_w4,15,21.333333333333332,64,0.3333333333333333,expected_frequency,9ed386af3e565cf6ed8b4cf6119bb9126795d5b67de8900f021e06860f45d4dd
primary,primary_5e743138a0d1,candidate_B,adaln_modulation_projection_all_blocks_stage4_w6,4,0.0,64,0.0,selection_frequency,9ed386af3e565cf6ed8b4cf6119bb9126795d5b67de8900f021e06860f45d4dd
primary,primary_5e743138a0d1,candidate_B,adaln_modulation_projection_all_blocks_stage10_w6,10,0.0,64,0.0,selection_frequency,9ed386af3e565cf6ed8b4cf6119bb9126795d5b67de8900f021e06860f45d4dd
primary,primary_5e743138a0d1,candidate_B,adaln_modulation_projection_all_blocks_stage15_w6,15,64.0,64,1.0,selection_frequency,9ed386af3e565cf6ed8b4cf6119bb9126795d5b67de8900f021e06860f45d4dd
primary,primary_5e743138a0d1,constant,adaln_modulation_projection_all_blocks_stage4_w6,4,0.0,64,0.0,selection_frequency,9ed386af3e565cf6ed8b4cf6119bb9126795d5b67de8900f021e06860f45d4dd
primary,primary_5e743138a0d1,constant,adaln_modulation_projection_all_blocks_stage10_w6,10,0.0,64,0.0,selection_frequency,9ed386af3e565cf6ed8b4cf6119bb9126795d5b67de8900f021e06860f45d4dd
primary,primary_5e743138a0d1,constant,adaln_modulation_projection_all_blocks_stage15_w6,15,64.0,64,1.0,selection_frequency,9ed386af3e565cf6ed8b4cf6119bb9126795d5b67de8900f021e06860f45d4dd
primary,primary_5e743138a0d1,energy,adaln_modulation_projection_all_blocks_stage4_w6,4,0.0,64,0.0,selection_frequency,9ed386af3e565cf6ed8b4cf6119bb9126795d5b67de8900f021e06860f45d4dd
primary,primary_5e743138a0d1,energy,adaln_modulation_projection_all_blocks_stage10_w6,10,4.0,64,0.0625,selection_frequency,9ed386af3e565cf6ed8b4cf6119bb9126795d5b67de8900f021e06860f45d4dd
primary,primary_5e743138a0d1,energy,adaln_modulation_projection_all_blocks_stage15_w6,15,60.0,64,0.9375,selection_frequency,9ed386af3e565cf6ed8b4cf6119bb9126795d5b67de8900f021e06860f45d4dd
primary,primary_5e743138a0d1,hybrid,adaln_modulation_projection_all_blocks_stage4_w6,4,0.0,64,0.0,selection_frequency,9ed386af3e565cf6ed8b4cf6119bb9126795d5b67de8900f021e06860f45d4dd
primary,primary_5e743138a0d1,hybrid,adaln_modulation_projection_all_blocks_stage10_w6,10,0.0,64,0.0,selection_frequency,9ed386af3e565cf6ed8b4cf6119bb9126795d5b67de8900f021e06860f45d4dd
primary,primary_5e743138a0d1,hybrid,adaln_modulation_projection_all_blocks_stage15_w6,15,64.0,64,1.0,selection_frequency,9ed386af3e565cf6ed8b4cf6119bb9126795d5b67de8900f021e06860f45d4dd
primary,primary_5e743138a0d1,latest_stage,adaln_modulation_projection_all_blocks_stage4_w6,4,0.0,64,0.0,selection_frequency,9ed386af3e565cf6ed8b4cf6119bb9126795d5b67de8900f021e06860f45d4dd
primary,primary_5e743138a0d1,latest_stage,adaln_modulation_projection_all_blocks_stage10_w6,10,0.0,64,0.0,selection_frequency,9ed386af3e565cf6ed8b4cf6119bb9126795d5b67de8900f021e06860f45d4dd
primary,primary_5e743138a0d1,latest_stage,adaln_modulation_projection_all_blocks_stage15_w6,15,64.0,64,1.0,selection_frequency,9ed386af3e565cf6ed8b4cf6119bb9126795d5b67de8900f021e06860f45d4dd
primary,primary_5e743138a0d1,pure_G,adaln_modulation_projection_all_blocks_stage4_w6,4,0.0,64,0.0,selection_frequency,9ed386af3e565cf6ed8b4cf6119bb9126795d5b67de8900f021e06860f45d4dd
primary,primary_5e743138a0d1,pure_G,adaln_modulation_projection_all_blocks_stage10_w6,10,0.0,64,0.0,selection_frequency,9ed386af3e565cf6ed8b4cf6119bb9126795d5b67de8900f021e06860f45d4dd
primary,primary_5e743138a0d1,pure_G,adaln_modulation_projection_all_blocks_stage15_w6,15,64.0,64,1.0,selection_frequency,9ed386af3e565cf6ed8b4cf6119bb9126795d5b67de8900f021e06860f45d4dd
primary,primary_5e743138a0d1,stage_position_only,adaln_modulation_projection_all_blocks_stage4_w6,4,0.0,64,0.0,selection_frequency,9ed386af3e565cf6ed8b4cf6119bb9126795d5b67de8900f021e06860f45d4dd
primary,primary_5e743138a0d1,stage_position_only,adaln_modulation_projection_all_blocks_stage10_w6,10,0.0,64,0.0,selection_frequency,9ed386af3e565cf6ed8b4cf6119bb9126795d5b67de8900f021e06860f45d4dd
primary,primary_5e743138a0d1,stage_position_only,adaln_modulation_projection_all_blocks_stage15_w6,15,64.0,64,1.0,selection_frequency,9ed386af3e565cf6ed8b4cf6119bb9126795d5b67de8900f021e06860f45d4dd
primary,primary_5e743138a0d1,uniform_random_expected,adaln_modulation_projection_all_blocks_stage4_w6,4,21.333333333333332,64,0.3333333333333333,expected_frequency,9ed386af3e565cf6ed8b4cf6119bb9126795d5b67de8900f021e06860f45d4dd
primary,primary_5e743138a0d1,uniform_random_expected,adaln_modulation_projection_all_blocks_stage10_w6,10,21.333333333333332,64,0.3333333333333333,expected_frequency,9ed386af3e565cf6ed8b4cf6119bb9126795d5b67de8900f021e06860f45d4dd
primary,primary_5e743138a0d1,uniform_random_expected,adaln_modulation_projection_all_blocks_stage15_w6,15,21.333333333333332,64,0.3333333333333333,expected_frequency,9ed386af3e565cf6ed8b4cf6119bb9126795d5b67de8900f021e06860f45d4dd
primary,primary_6c830b5fb730,candidate_B,input_patch_projection_stage4_w6,4,0.0,64,0.0,selection_frequency,9ed386af3e565cf6ed8b4cf6119bb9126795d5b67de8900f021e06860f45d4dd
primary,primary_6c830b5fb730,candidate_B,input_patch_projection_stage10_w6,10,0.0,64,0.0,selection_frequency,9ed386af3e565cf6ed8b4cf6119bb9126795d5b67de8900f021e06860f45d4dd
primary,primary_6c830b5fb730,candidate_B,input_patch_projection_stage15_w6,15,64.0,64,1.0,selection_frequency,9ed386af3e565cf6ed8b4cf6119bb9126795d5b67de8900f021e06860f45d4dd
primary,primary_6c830b5fb730,constant,input_patch_projection_stage4_w6,4,0.0,64,0.0,selection_frequency,9ed386af3e565cf6ed8b4cf6119bb9126795d5b67de8900f021e06860f45d4dd
primary,primary_6c830b5fb730,constant,input_patch_projection_stage10_w6,10,0.0,64,0.0,selection_frequency,9ed386af3e565cf6ed8b4cf6119bb9126795d5b67de8900f021e06860f45d4dd
primary,primary_6c830b5fb730,constant,input_patch_projection_stage15_w6,15,64.0,64,1.0,selection_frequency,9ed386af3e565cf6ed8b4cf6119bb9126795d5b67de8900f021e06860f45d4dd
primary,primary_6c830b5fb730,energy,input_patch_projection_stage4_w6,4,0.0,64,0.0,selection_frequency,9ed386af3e565cf6ed8b4cf6119bb9126795d5b67de8900f021e06860f45d4dd
primary,primary_6c830b5fb730,energy,input_patch_projection_stage10_w6,10,0.0,64,0.0,selection_frequency,9ed386af3e565cf6ed8b4cf6119bb9126795d5b67de8900f021e06860f45d4dd
primary,primary_6c830b5fb730,energy,input_patch_projection_stage15_w6,15,64.0,64,1.0,selection_frequency,9ed386af3e565cf6ed8b4cf6119bb9126795d5b67de8900f021e06860f45d4dd
primary,primary_6c830b5fb730,hybrid,input_patch_projection_stage4_w6,4,0.0,64,0.0,selection_frequency,9ed386af3e565cf6ed8b4cf6119bb9126795d5b67de8900f021e06860f45d4dd
primary,primary_6c830b5fb730,hybrid,input_patch_projection_stage10_w6,10,0.0,64,0.0,selection_frequency,9ed386af3e565cf6ed8b4cf6119bb9126795d5b67de8900f021e06860f45d4dd
primary,primary_6c830b5fb730,hybrid,input_patch_projection_stage15_w6,15,64.0,64,1.0,selection_frequency,9ed386af3e565cf6ed8b4cf6119bb9126795d5b67de8900f021e06860f45d4dd
primary,primary_6c830b5fb730,latest_stage,input_patch_projection_stage4_w6,4,0.0,64,0.0,selection_frequency,9ed386af3e565cf6ed8b4cf6119bb9126795d5b67de8900f021e06860f45d4dd
primary,primary_6c830b5fb730,latest_stage,input_patch_projection_stage10_w6,10,0.0,64,0.0,selection_frequency,9ed386af3e565cf6ed8b4cf6119bb9126795d5b67de8900f021e06860f45d4dd
primary,primary_6c830b5fb730,latest_stage,input_patch_projection_stage15_w6,15,64.0,64,1.0,selection_frequency,9ed386af3e565cf6ed8b4cf6119bb9126795d5b67de8900f021e06860f45d4dd
primary,primary_6c830b5fb730,pure_G,input_patch_projection_stage4_w6,4,0.0,64,0.0,selection_frequency,9ed386af3e565cf6ed8b4cf6119bb9126795d5b67de8900f021e06860f45d4dd
primary,primary_6c830b5fb730,pure_G,input_patch_projection_stage10_w6,10,0.0,64,0.0,selection_frequency,9ed386af3e565cf6ed8b4cf6119bb9126795d5b67de8900f021e06860f45d4dd
primary,primary_6c830b5fb730,pure_G,input_patch_projection_stage15_w6,15,64.0,64,1.0,selection_frequency,9ed386af3e565cf6ed8b4cf6119bb9126795d5b67de8900f021e06860f45d4dd
primary,primary_6c830b5fb730,stage_position_only,input_patch_projection_stage4_w6,4,0.0,64,0.0,selection_frequency,9ed386af3e565cf6ed8b4cf6119bb9126795d5b67de8900f021e06860f45d4dd
primary,primary_6c830b5fb730,stage_position_only,input_patch_projection_stage10_w6,10,0.0,64,0.0,selection_frequency,9ed386af3e565cf6ed8b4cf6119bb9126795d5b67de8900f021e06860f45d4dd
primary,primary_6c830b5fb730,stage_position_only,input_patch_projection_stage15_w6,15,64.0,64,1.0,selection_frequency,9ed386af3e565cf6ed8b4cf6119bb9126795d5b67de8900f021e06860f45d4dd
primary,primary_6c830b5fb730,uniform_random_expected,input_patch_projection_stage4_w6,4,21.333333333333332,64,0.3333333333333333,expected_frequency,9ed386af3e565cf6ed8b4cf6119bb9126795d5b67de8900f021e06860f45d4dd
primary,primary_6c830b5fb730,uniform_random_expected,input_patch_projection_stage10_w6,10,21.333333333333332,64,0.3333333333333333,expected_frequency,9ed386af3e565cf6ed8b4cf6119bb9126795d5b67de8900f021e06860f45d4dd
primary,primary_6c830b5fb730,uniform_random_expected,input_patch_projection_stage15_w6,15,21.333333333333332,64,0.3333333333333333,expected_frequency,9ed386af3e565cf6ed8b4cf6119bb9126795d5b67de8900f021e06860f45d4dd
primary,primary_705fa28644fa,candidate_B,output_conditioning_projection_stage4_w6,4,0.0,64,0.0,selection_frequency,9ed386af3e565cf6ed8b4cf6119bb9126795d5b67de8900f021e06860f45d4dd
primary,primary_705fa28644fa,candidate_B,output_conditioning_projection_stage10_w6,10,0.0,64,0.0,selection_frequency,9ed386af3e565cf6ed8b4cf6119bb9126795d5b67de8900f021e06860f45d4dd
primary,primary_705fa28644fa,candidate_B,output_conditioning_projection_stage15_w6,15,64.0,64,1.0,selection_frequency,9ed386af3e565cf6ed8b4cf6119bb9126795d5b67de8900f021e06860f45d4dd
primary,primary_705fa28644fa,constant,output_conditioning_projection_stage4_w6,4,0.0,64,0.0,selection_frequency,9ed386af3e565cf6ed8b4cf6119bb9126795d5b67de8900f021e06860f45d4dd
primary,primary_705fa28644fa,constant,output_conditioning_projection_stage10_w6,10,0.0,64,0.0,selection_frequency,9ed386af3e565cf6ed8b4cf6119bb9126795d5b67de8900f021e06860f45d4dd
primary,primary_705fa28644fa,constant,output_conditioning_projection_stage15_w6,15,64.0,64,1.0,selection_frequency,9ed386af3e565cf6ed8b4cf6119bb9126795d5b67de8900f021e06860f45d4dd
primary,primary_705fa28644fa,energy,output_conditioning_projection_stage4_w6,4,0.0,64,0.0,selection_frequency,9ed386af3e565cf6ed8b4cf6119bb9126795d5b67de8900f021e06860f45d4dd
primary,primary_705fa28644fa,energy,output_conditioning_projection_stage10_w6,10,3.0,64,0.046875,selection_frequency,9ed386af3e565cf6ed8b4cf6119bb9126795d5b67de8900f021e06860f45d4dd
primary,primary_705fa28644fa,energy,output_conditioning_projection_stage15_w6,15,61.0,64,0.953125,selection_frequency,9ed386af3e565cf6ed8b4cf6119bb9126795d5b67de8900f021e06860f45d4dd
primary,primary_705fa28644fa,hybrid,output_conditioning_projection_stage4_w6,4,0.0,64,0.0,selection_frequency,9ed386af3e565cf6ed8b4cf6119bb9126795d5b67de8900f021e06860f45d4dd
primary,primary_705fa28644fa,hybrid,output_conditioning_projection_stage10_w6,10,0.0,64,0.0,selection_frequency,9ed386af3e565cf6ed8b4cf6119bb9126795d5b67de8900f021e06860f45d4dd
primary,primary_705fa28644fa,hybrid,output_conditioning_projection_stage15_w6,15,64.0,64,1.0,selection_frequency,9ed386af3e565cf6ed8b4cf6119bb9126795d5b67de8900f021e06860f45d4dd
primary,primary_705fa28644fa,latest_stage,output_conditioning_projection_stage4_w6,4,0.0,64,0.0,selection_frequency,9ed386af3e565cf6ed8b4cf6119bb9126795d5b67de8900f021e06860f45d4dd
primary,primary_705fa28644fa,latest_stage,output_conditioning_projection_stage10_w6,10,0.0,64,0.0,selection_frequency,9ed386af3e565cf6ed8b4cf6119bb9126795d5b67de8900f021e06860f45d4dd
primary,primary_705fa28644fa,latest_stage,output_conditioning_projection_stage15_w6,15,64.0,64,1.0,selection_frequency,9ed386af3e565cf6ed8b4cf6119bb9126795d5b67de8900f021e06860f45d4dd
primary,primary_705fa28644fa,pure_G,output_conditioning_projection_stage4_w6,4,0.0,64,0.0,selection_frequency,9ed386af3e565cf6ed8b4cf6119bb9126795d5b67de8900f021e06860f45d4dd
primary,primary_705fa28644fa,pure_G,output_conditioning_projection_stage10_w6,10,0.0,64,0.0,selection_frequency,9ed386af3e565cf6ed8b4cf6119bb9126795d5b67de8900f021e06860f45d4dd
primary,primary_705fa28644fa,pure_G,output_conditioning_projection_stage15_w6,15,64.0,64,1.0,selection_frequency,9ed386af3e565cf6ed8b4cf6119bb9126795d5b67de8900f021e06860f45d4dd
primary,primary_705fa28644fa,stage_position_only,output_conditioning_projection_stage4_w6,4,0.0,64,0.0,selection_frequency,9ed386af3e565cf6ed8b4cf6119bb9126795d5b67de8900f021e06860f45d4dd
primary,primary_705fa28644fa,stage_position_only,output_conditioning_projection_stage10_w6,10,0.0,64,0.0,selection_frequency,9ed386af3e565cf6ed8b4cf6119bb9126795d5b67de8900f021e06860f45d4dd
primary,primary_705fa28644fa,stage_position_only,output_conditioning_projection_stage15_w6,15,64.0,64,1.0,selection_frequency,9ed386af3e565cf6ed8b4cf6119bb9126795d5b67de8900f021e06860f45d4dd
primary,primary_705fa28644fa,uniform_random_expected,output_conditioning_projection_stage4_w6,4,21.333333333333332,64,0.3333333333333333,expected_frequency,9ed386af3e565cf6ed8b4cf6119bb9126795d5b67de8900f021e06860f45d4dd
primary,primary_705fa28644fa,uniform_random_expected,output_conditioning_projection_stage10_w6,10,21.333333333333332,64,0.3333333333333333,expected_frequency,9ed386af3e565cf6ed8b4cf6119bb9126795d5b67de8900f021e06860f45d4dd
primary,primary_705fa28644fa,uniform_random_expected,output_conditioning_projection_stage15_w6,15,21.333333333333332,64,0.3333333333333333,expected_frequency,9ed386af3e565cf6ed8b4cf6119bb9126795d5b67de8900f021e06860f45d4dd
primary,primary_78aa853a8dcb,candidate_B,output_head_projection_stage4_w4,4,0.0,64,0.0,selection_frequency,9ed386af3e565cf6ed8b4cf6119bb9126795d5b67de8900f021e06860f45d4dd
primary,primary_78aa853a8dcb,candidate_B,output_head_projection_stage10_w4,10,0.0,64,0.0,selection_frequency,9ed386af3e565cf6ed8b4cf6119bb9126795d5b67de8900f021e06860f45d4dd
primary,primary_78aa853a8dcb,candidate_B,output_head_projection_stage15_w4,15,64.0,64,1.0,selection_frequency,9ed386af3e565cf6ed8b4cf6119bb9126795d5b67de8900f021e06860f45d4dd
primary,primary_78aa853a8dcb,constant,output_head_projection_stage4_w4,4,0.0,64,0.0,selection_frequency,9ed386af3e565cf6ed8b4cf6119bb9126795d5b67de8900f021e06860f45d4dd
primary,primary_78aa853a8dcb,constant,output_head_projection_stage10_w4,10,0.0,64,0.0,selection_frequency,9ed386af3e565cf6ed8b4cf6119bb9126795d5b67de8900f021e06860f45d4dd
primary,primary_78aa853a8dcb,constant,output_head_projection_stage15_w4,15,64.0,64,1.0,selection_frequency,9ed386af3e565cf6ed8b4cf6119bb9126795d5b67de8900f021e06860f45d4dd
primary,primary_78aa853a8dcb,energy,output_head_projection_stage4_w4,4,0.0,64,0.0,selection_frequency,9ed386af3e565cf6ed8b4cf6119bb9126795d5b67de8900f021e06860f45d4dd
primary,primary_78aa853a8dcb,energy,output_head_projection_stage10_w4,10,0.0,64,0.0,selection_frequency,9ed386af3e565cf6ed8b4cf6119bb9126795d5b67de8900f021e06860f45d4dd
primary,primary_78aa853a8dcb,energy,output_head_projection_stage15_w4,15,64.0,64,1.0,selection_frequency,9ed386af3e565cf6ed8b4cf6119bb9126795d5b67de8900f021e06860f45d4dd
primary,primary_78aa853a8dcb,hybrid,output_head_projection_stage4_w4,4,0.0,64,0.0,selection_frequency,9ed386af3e565cf6ed8b4cf6119bb9126795d5b67de8900f021e06860f45d4dd
primary,primary_78aa853a8dcb,hybrid,output_head_projection_stage10_w4,10,0.0,64,0.0,selection_frequency,9ed386af3e565cf6ed8b4cf6119bb9126795d5b67de8900f021e06860f45d4dd
primary,primary_78aa853a8dcb,hybrid,output_head_projection_stage15_w4,15,64.0,64,1.0,selection_frequency,9ed386af3e565cf6ed8b4cf6119bb9126795d5b67de8900f021e06860f45d4dd
primary,primary_78aa853a8dcb,latest_stage,output_head_projection_stage4_w4,4,0.0,64,0.0,selection_frequency,9ed386af3e565cf6ed8b4cf6119bb9126795d5b67de8900f021e06860f45d4dd
primary,primary_78aa853a8dcb,latest_stage,output_head_projection_stage10_w4,10,0.0,64,0.0,selection_frequency,9ed386af3e565cf6ed8b4cf6119bb9126795d5b67de8900f021e06860f45d4dd
primary,primary_78aa853a8dcb,latest_stage,output_head_projection_stage15_w4,15,64.0,64,1.0,selection_frequency,9ed386af3e565cf6ed8b4cf6119bb9126795d5b67de8900f021e06860f45d4dd
primary,primary_78aa853a8dcb,pure_G,output_head_projection_stage4_w4,4,0.0,64,0.0,selection_frequency,9ed386af3e565cf6ed8b4cf6119bb9126795d5b67de8900f021e06860f45d4dd
primary,primary_78aa853a8dcb,pure_G,output_head_projection_stage10_w4,10,0.0,64,0.0,selection_frequency,9ed386af3e565cf6ed8b4cf6119bb9126795d5b67de8900f021e06860f45d4dd
primary,primary_78aa853a8dcb,pure_G,output_head_projection_stage15_w4,15,64.0,64,1.0,selection_frequency,9ed386af3e565cf6ed8b4cf6119bb9126795d5b67de8900f021e06860f45d4dd
primary,primary_78aa853a8dcb,stage_position_only,output_head_projection_stage4_w4,4,0.0,64,0.0,selection_frequency,9ed386af3e565cf6ed8b4cf6119bb9126795d5b67de8900f021e06860f45d4dd
primary,primary_78aa853a8dcb,stage_position_only,output_head_projection_stage10_w4,10,0.0,64,0.0,selection_frequency,9ed386af3e565cf6ed8b4cf6119bb9126795d5b67de8900f021e06860f45d4dd
primary,primary_78aa853a8dcb,stage_position_only,output_head_projection_stage15_w4,15,64.0,64,1.0,selection_frequency,9ed386af3e565cf6ed8b4cf6119bb9126795d5b67de8900f021e06860f45d4dd
primary,primary_78aa853a8dcb,uniform_random_expected,output_head_projection_stage4_w4,4,21.333333333333332,64,0.3333333333333333,expected_frequency,9ed386af3e565cf6ed8b4cf6119bb9126795d5b67de8900f021e06860f45d4dd
primary,primary_78aa853a8dcb,uniform_random_expected,output_head_projection_stage10_w4,10,21.333333333333332,64,0.3333333333333333,expected_frequency,9ed386af3e565cf6ed8b4cf6119bb9126795d5b67de8900f021e06860f45d4dd
primary,primary_78aa853a8dcb,uniform_random_expected,output_head_projection_stage15_w4,15,21.333333333333332,64,0.3333333333333333,expected_frequency,9ed386af3e565cf6ed8b4cf6119bb9126795d5b67de8900f021e06860f45d4dd
primary,primary_8748e8c257a6,candidate_B,output_head_projection_stage4_w8,4,0.0,64,0.0,selection_frequency,9ed386af3e565cf6ed8b4cf6119bb9126795d5b67de8900f021e06860f45d4dd
primary,primary_8748e8c257a6,candidate_B,output_head_projection_stage10_w8,10,0.0,64,0.0,selection_frequency,9ed386af3e565cf6ed8b4cf6119bb9126795d5b67de8900f021e06860f45d4dd
primary,primary_8748e8c257a6,candidate_B,output_head_projection_stage15_w8,15,64.0,64,1.0,selection_frequency,9ed386af3e565cf6ed8b4cf6119bb9126795d5b67de8900f021e06860f45d4dd
primary,primary_8748e8c257a6,constant,output_head_projection_stage4_w8,4,0.0,64,0.0,selection_frequency,9ed386af3e565cf6ed8b4cf6119bb9126795d5b67de8900f021e06860f45d4dd
primary,primary_8748e8c257a6,constant,output_head_projection_stage10_w8,10,0.0,64,0.0,selection_frequency,9ed386af3e565cf6ed8b4cf6119bb9126795d5b67de8900f021e06860f45d4dd
primary,primary_8748e8c257a6,constant,output_head_projection_stage15_w8,15,64.0,64,1.0,selection_frequency,9ed386af3e565cf6ed8b4cf6119bb9126795d5b67de8900f021e06860f45d4dd
primary,primary_8748e8c257a6,energy,output_head_projection_stage4_w8,4,0.0,64,0.0,selection_frequency,9ed386af3e565cf6ed8b4cf6119bb9126795d5b67de8900f021e06860f45d4dd
primary,primary_8748e8c257a6,energy,output_head_projection_stage10_w8,10,0.0,64,0.0,selection_frequency,9ed386af3e565cf6ed8b4cf6119bb9126795d5b67de8900f021e06860f45d4dd
primary,primary_8748e8c257a6,energy,output_head_projection_stage15_w8,15,64.0,64,1.0,selection_frequency,9ed386af3e565cf6ed8b4cf6119bb9126795d5b67de8900f021e06860f45d4dd
primary,primary_8748e8c257a6,hybrid,output_head_projection_stage4_w8,4,0.0,64,0.0,selection_frequency,9ed386af3e565cf6ed8b4cf6119bb9126795d5b67de8900f021e06860f45d4dd
primary,primary_8748e8c257a6,hybrid,output_head_projection_stage10_w8,10,0.0,64,0.0,selection_frequency,9ed386af3e565cf6ed8b4cf6119bb9126795d5b67de8900f021e06860f45d4dd
primary,primary_8748e8c257a6,hybrid,output_head_projection_stage15_w8,15,64.0,64,1.0,selection_frequency,9ed386af3e565cf6ed8b4cf6119bb9126795d5b67de8900f021e06860f45d4dd
primary,primary_8748e8c257a6,latest_stage,output_head_projection_stage4_w8,4,0.0,64,0.0,selection_frequency,9ed386af3e565cf6ed8b4cf6119bb9126795d5b67de8900f021e06860f45d4dd
primary,primary_8748e8c257a6,latest_stage,output_head_projection_stage10_w8,10,0.0,64,0.0,selection_frequency,9ed386af3e565cf6ed8b4cf6119bb9126795d5b67de8900f021e06860f45d4dd
primary,primary_8748e8c257a6,latest_stage,output_head_projection_stage15_w8,15,64.0,64,1.0,selection_frequency,9ed386af3e565cf6ed8b4cf6119bb9126795d5b67de8900f021e06860f45d4dd
primary,primary_8748e8c257a6,pure_G,output_head_projection_stage4_w8,4,0.0,64,0.0,selection_frequency,9ed386af3e565cf6ed8b4cf6119bb9126795d5b67de8900f021e06860f45d4dd
primary,primary_8748e8c257a6,pure_G,output_head_projection_stage10_w8,10,0.0,64,0.0,selection_frequency,9ed386af3e565cf6ed8b4cf6119bb9126795d5b67de8900f021e06860f45d4dd
primary,primary_8748e8c257a6,pure_G,output_head_projection_stage15_w8,15,64.0,64,1.0,selection_frequency,9ed386af3e565cf6ed8b4cf6119bb9126795d5b67de8900f021e06860f45d4dd
primary,primary_8748e8c257a6,stage_position_only,output_head_projection_stage4_w8,4,0.0,64,0.0,selection_frequency,9ed386af3e565cf6ed8b4cf6119bb9126795d5b67de8900f021e06860f45d4dd
primary,primary_8748e8c257a6,stage_position_only,output_head_projection_stage10_w8,10,0.0,64,0.0,selection_frequency,9ed386af3e565cf6ed8b4cf6119bb9126795d5b67de8900f021e06860f45d4dd
primary,primary_8748e8c257a6,stage_position_only,output_head_projection_stage15_w8,15,64.0,64,1.0,selection_frequency,9ed386af3e565cf6ed8b4cf6119bb9126795d5b67de8900f021e06860f45d4dd
primary,primary_8748e8c257a6,uniform_random_expected,output_head_projection_stage4_w8,4,21.333333333333332,64,0.3333333333333333,expected_frequency,9ed386af3e565cf6ed8b4cf6119bb9126795d5b67de8900f021e06860f45d4dd
primary,primary_8748e8c257a6,uniform_random_expected,output_head_projection_stage10_w8,10,21.333333333333332,64,0.3333333333333333,expected_frequency,9ed386af3e565cf6ed8b4cf6119bb9126795d5b67de8900f021e06860f45d4dd
primary,primary_8748e8c257a6,uniform_random_expected,output_head_projection_stage15_w8,15,21.333333333333332,64,0.3333333333333333,expected_frequency,9ed386af3e565cf6ed8b4cf6119bb9126795d5b67de8900f021e06860f45d4dd
primary,primary_8bc97f489508,candidate_B,output_conditioning_projection_stage4_w8,4,0.0,64,0.0,selection_frequency,9ed386af3e565cf6ed8b4cf6119bb9126795d5b67de8900f021e06860f45d4dd
primary,primary_8bc97f489508,candidate_B,output_conditioning_projection_stage10_w8,10,0.0,64,0.0,selection_frequency,9ed386af3e565cf6ed8b4cf6119bb9126795d5b67de8900f021e06860f45d4dd
primary,primary_8bc97f489508,candidate_B,output_conditioning_projection_stage15_w8,15,64.0,64,1.0,selection_frequency,9ed386af3e565cf6ed8b4cf6119bb9126795d5b67de8900f021e06860f45d4dd
primary,primary_8bc97f489508,constant,output_conditioning_projection_stage4_w8,4,0.0,64,0.0,selection_frequency,9ed386af3e565cf6ed8b4cf6119bb9126795d5b67de8900f021e06860f45d4dd
primary,primary_8bc97f489508,constant,output_conditioning_projection_stage10_w8,10,0.0,64,0.0,selection_frequency,9ed386af3e565cf6ed8b4cf6119bb9126795d5b67de8900f021e06860f45d4dd
primary,primary_8bc97f489508,constant,output_conditioning_projection_stage15_w8,15,64.0,64,1.0,selection_frequency,9ed386af3e565cf6ed8b4cf6119bb9126795d5b67de8900f021e06860f45d4dd
primary,primary_8bc97f489508,energy,output_conditioning_projection_stage4_w8,4,3.0,64,0.046875,selection_frequency,9ed386af3e565cf6ed8b4cf6119bb9126795d5b67de8900f021e06860f45d4dd
primary,primary_8bc97f489508,energy,output_conditioning_projection_stage10_w8,10,27.0,64,0.421875,selection_frequency,9ed386af3e565cf6ed8b4cf6119bb9126795d5b67de8900f021e06860f45d4dd
primary,primary_8bc97f489508,energy,output_conditioning_projection_stage15_w8,15,34.0,64,0.53125,selection_frequency,9ed386af3e565cf6ed8b4cf6119bb9126795d5b67de8900f021e06860f45d4dd
primary,primary_8bc97f489508,hybrid,output_conditioning_projection_stage4_w8,4,0.0,64,0.0,selection_frequency,9ed386af3e565cf6ed8b4cf6119bb9126795d5b67de8900f021e06860f45d4dd
primary,primary_8bc97f489508,hybrid,output_conditioning_projection_stage10_w8,10,0.0,64,0.0,selection_frequency,9ed386af3e565cf6ed8b4cf6119bb9126795d5b67de8900f021e06860f45d4dd
primary,primary_8bc97f489508,hybrid,output_conditioning_projection_stage15_w8,15,64.0,64,1.0,selection_frequency,9ed386af3e565cf6ed8b4cf6119bb9126795d5b67de8900f021e06860f45d4dd
primary,primary_8bc97f489508,latest_stage,output_conditioning_projection_stage4_w8,4,0.0,64,0.0,selection_frequency,9ed386af3e565cf6ed8b4cf6119bb9126795d5b67de8900f021e06860f45d4dd
primary,primary_8bc97f489508,latest_stage,output_conditioning_projection_stage10_w8,10,0.0,64,0.0,selection_frequency,9ed386af3e565cf6ed8b4cf6119bb9126795d5b67de8900f021e06860f45d4dd
primary,primary_8bc97f489508,latest_stage,output_conditioning_projection_stage15_w8,15,64.0,64,1.0,selection_frequency,9ed386af3e565cf6ed8b4cf6119bb9126795d5b67de8900f021e06860f45d4dd
primary,primary_8bc97f489508,pure_G,output_conditioning_projection_stage4_w8,4,0.0,64,0.0,selection_frequency,9ed386af3e565cf6ed8b4cf6119bb9126795d5b67de8900f021e06860f45d4dd
primary,primary_8bc97f489508,pure_G,output_conditioning_projection_stage10_w8,10,0.0,64,0.0,selection_frequency,9ed386af3e565cf6ed8b4cf6119bb9126795d5b67de8900f021e06860f45d4dd
primary,primary_8bc97f489508,pure_G,output_conditioning_projection_stage15_w8,15,64.0,64,1.0,selection_frequency,9ed386af3e565cf6ed8b4cf6119bb9126795d5b67de8900f021e06860f45d4dd
primary,primary_8bc97f489508,stage_position_only,output_conditioning_projection_stage4_w8,4,0.0,64,0.0,selection_frequency,9ed386af3e565cf6ed8b4cf6119bb9126795d5b67de8900f021e06860f45d4dd
primary,primary_8bc97f489508,stage_position_only,output_conditioning_projection_stage10_w8,10,0.0,64,0.0,selection_frequency,9ed386af3e565cf6ed8b4cf6119bb9126795d5b67de8900f021e06860f45d4dd
primary,primary_8bc97f489508,stage_position_only,output_conditioning_projection_stage15_w8,15,64.0,64,1.0,selection_frequency,9ed386af3e565cf6ed8b4cf6119bb9126795d5b67de8900f021e06860f45d4dd
primary,primary_8bc97f489508,uniform_random_expected,output_conditioning_projection_stage4_w8,4,21.333333333333332,64,0.3333333333333333,expected_frequency,9ed386af3e565cf6ed8b4cf6119bb9126795d5b67de8900f021e06860f45d4dd
primary,primary_8bc97f489508,uniform_random_expected,output_conditioning_projection_stage10_w8,10,21.333333333333332,64,0.3333333333333333,expected_frequency,9ed386af3e565cf6ed8b4cf6119bb9126795d5b67de8900f021e06860f45d4dd
primary,primary_8bc97f489508,uniform_random_expected,output_conditioning_projection_stage15_w8,15,21.333333333333332,64,0.3333333333333333,expected_frequency,9ed386af3e565cf6ed8b4cf6119bb9126795d5b67de8900f021e06860f45d4dd
primary,primary_903cdd7eae0a,candidate_B,attention_output_all_blocks_stage4_w8,4,0.0,64,0.0,selection_frequency,9ed386af3e565cf6ed8b4cf6119bb9126795d5b67de8900f021e06860f45d4dd
primary,primary_903cdd7eae0a,candidate_B,attention_output_all_blocks_stage10_w8,10,0.0,64,0.0,selection_frequency,9ed386af3e565cf6ed8b4cf6119bb9126795d5b67de8900f021e06860f45d4dd
primary,primary_903cdd7eae0a,candidate_B,attention_output_all_blocks_stage15_w8,15,64.0,64,1.0,selection_frequency,9ed386af3e565cf6ed8b4cf6119bb9126795d5b67de8900f021e06860f45d4dd
primary,primary_903cdd7eae0a,constant,attention_output_all_blocks_stage4_w8,4,0.0,64,0.0,selection_frequency,9ed386af3e565cf6ed8b4cf6119bb9126795d5b67de8900f021e06860f45d4dd
primary,primary_903cdd7eae0a,constant,attention_output_all_blocks_stage10_w8,10,0.0,64,0.0,selection_frequency,9ed386af3e565cf6ed8b4cf6119bb9126795d5b67de8900f021e06860f45d4dd
primary,primary_903cdd7eae0a,constant,attention_output_all_blocks_stage15_w8,15,64.0,64,1.0,selection_frequency,9ed386af3e565cf6ed8b4cf6119bb9126795d5b67de8900f021e06860f45d4dd
primary,primary_903cdd7eae0a,energy,attention_output_all_blocks_stage4_w8,4,51.0,64,0.796875,selection_frequency,9ed386af3e565cf6ed8b4cf6119bb9126795d5b67de8900f021e06860f45d4dd
primary,primary_903cdd7eae0a,energy,attention_output_all_blocks_stage10_w8,10,13.0,64,0.203125,selection_frequency,9ed386af3e565cf6ed8b4cf6119bb9126795d5b67de8900f021e06860f45d4dd
primary,primary_903cdd7eae0a,energy,attention_output_all_blocks_stage15_w8,15,0.0,64,0.0,selection_frequency,9ed386af3e565cf6ed8b4cf6119bb9126795d5b67de8900f021e06860f45d4dd
primary,primary_903cdd7eae0a,hybrid,attention_output_all_blocks_stage4_w8,4,0.0,64,0.0,selection_frequency,9ed386af3e565cf6ed8b4cf6119bb9126795d5b67de8900f021e06860f45d4dd
primary,primary_903cdd7eae0a,hybrid,attention_output_all_blocks_stage10_w8,10,0.0,64,0.0,selection_frequency,9ed386af3e565cf6ed8b4cf6119bb9126795d5b67de8900f021e06860f45d4dd
primary,primary_903cdd7eae0a,hybrid,attention_output_all_blocks_stage15_w8,15,64.0,64,1.0,selection_frequency,9ed386af3e565cf6ed8b4cf6119bb9126795d5b67de8900f021e06860f45d4dd
primary,primary_903cdd7eae0a,latest_stage,attention_output_all_blocks_stage4_w8,4,0.0,64,0.0,selection_frequency,9ed386af3e565cf6ed8b4cf6119bb9126795d5b67de8900f021e06860f45d4dd
primary,primary_903cdd7eae0a,latest_stage,attention_output_all_blocks_stage10_w8,10,0.0,64,0.0,selection_frequency,9ed386af3e565cf6ed8b4cf6119bb9126795d5b67de8900f021e06860f45d4dd
primary,primary_903cdd7eae0a,latest_stage,attention_output_all_blocks_stage15_w8,15,64.0,64,1.0,selection_frequency,9ed386af3e565cf6ed8b4cf6119bb9126795d5b67de8900f021e06860f45d4dd
primary,primary_903cdd7eae0a,pure_G,attention_output_all_blocks_stage4_w8,4,0.0,64,0.0,selection_frequency,9ed386af3e565cf6ed8b4cf6119bb9126795d5b67de8900f021e06860f45d4dd
primary,primary_903cdd7eae0a,pure_G,attention_output_all_blocks_stage10_w8,10,0.0,64,0.0,selection_frequency,9ed386af3e565cf6ed8b4cf6119bb9126795d5b67de8900f021e06860f45d4dd
primary,primary_903cdd7eae0a,pure_G,attention_output_all_blocks_stage15_w8,15,64.0,64,1.0,selection_frequency,9ed386af3e565cf6ed8b4cf6119bb9126795d5b67de8900f021e06860f45d4dd
primary,primary_903cdd7eae0a,stage_position_only,attention_output_all_blocks_stage4_w8,4,0.0,64,0.0,selection_frequency,9ed386af3e565cf6ed8b4cf6119bb9126795d5b67de8900f021e06860f45d4dd
primary,primary_903cdd7eae0a,stage_position_only,attention_output_all_blocks_stage10_w8,10,0.0,64,0.0,selection_frequency,9ed386af3e565cf6ed8b4cf6119bb9126795d5b67de8900f021e06860f45d4dd
primary,primary_903cdd7eae0a,stage_position_only,attention_output_all_blocks_stage15_w8,15,64.0,64,1.0,selection_frequency,9ed386af3e565cf6ed8b4cf6119bb9126795d5b67de8900f021e06860f45d4dd
primary,primary_903cdd7eae0a,uniform_random_expected,attention_output_all_blocks_stage4_w8,4,21.333333333333332,64,0.3333333333333333,expected_frequency,9ed386af3e565cf6ed8b4cf6119bb9126795d5b67de8900f021e06860f45d4dd
primary,primary_903cdd7eae0a,uniform_random_expected,attention_output_all_blocks_stage10_w8,10,21.333333333333332,64,0.3333333333333333,expected_frequency,9ed386af3e565cf6ed8b4cf6119bb9126795d5b67de8900f021e06860f45d4dd
primary,primary_903cdd7eae0a,uniform_random_expected,attention_output_all_blocks_stage15_w8,15,21.333333333333332,64,0.3333333333333333,expected_frequency,9ed386af3e565cf6ed8b4cf6119bb9126795d5b67de8900f021e06860f45d4dd
primary,primary_9688e435275c,candidate_B,adaln_modulation_projection_all_blocks_stage4_w4,4,0.0,64,0.0,selection_frequency,9ed386af3e565cf6ed8b4cf6119bb9126795d5b67de8900f021e06860f45d4dd
primary,primary_9688e435275c,candidate_B,adaln_modulation_projection_all_blocks_stage10_w4,10,0.0,64,0.0,selection_frequency,9ed386af3e565cf6ed8b4cf6119bb9126795d5b67de8900f021e06860f45d4dd
primary,primary_9688e435275c,candidate_B,adaln_modulation_projection_all_blocks_stage15_w4,15,64.0,64,1.0,selection_frequency,9ed386af3e565cf6ed8b4cf6119bb9126795d5b67de8900f021e06860f45d4dd
primary,primary_9688e435275c,constant,adaln_modulation_projection_all_blocks_stage4_w4,4,0.0,64,0.0,selection_frequency,9ed386af3e565cf6ed8b4cf6119bb9126795d5b67de8900f021e06860f45d4dd
primary,primary_9688e435275c,constant,adaln_modulation_projection_all_blocks_stage10_w4,10,0.0,64,0.0,selection_frequency,9ed386af3e565cf6ed8b4cf6119bb9126795d5b67de8900f021e06860f45d4dd
primary,primary_9688e435275c,constant,adaln_modulation_projection_all_blocks_stage15_w4,15,64.0,64,1.0,selection_frequency,9ed386af3e565cf6ed8b4cf6119bb9126795d5b67de8900f021e06860f45d4dd
primary,primary_9688e435275c,energy,adaln_modulation_projection_all_blocks_stage4_w4,4,0.0,64,0.0,selection_frequency,9ed386af3e565cf6ed8b4cf6119bb9126795d5b67de8900f021e06860f45d4dd
primary,primary_9688e435275c,energy,adaln_modulation_projection_all_blocks_stage10_w4,10,43.0,64,0.671875,selection_frequency,9ed386af3e565cf6ed8b4cf6119bb9126795d5b67de8900f021e06860f45d4dd
primary,primary_9688e435275c,energy,adaln_modulation_projection_all_blocks_stage15_w4,15,21.0,64,0.328125,selection_frequency,9ed386af3e565cf6ed8b4cf6119bb9126795d5b67de8900f021e06860f45d4dd
primary,primary_9688e435275c,hybrid,adaln_modulation_projection_all_blocks_stage4_w4,4,0.0,64,0.0,selection_frequency,9ed386af3e565cf6ed8b4cf6119bb9126795d5b67de8900f021e06860f45d4dd
primary,primary_9688e435275c,hybrid,adaln_modulation_projection_all_blocks_stage10_w4,10,0.0,64,0.0,selection_frequency,9ed386af3e565cf6ed8b4cf6119bb9126795d5b67de8900f021e06860f45d4dd
primary,primary_9688e435275c,hybrid,adaln_modulation_projection_all_blocks_stage15_w4,15,64.0,64,1.0,selection_frequency,9ed386af3e565cf6ed8b4cf6119bb9126795d5b67de8900f021e06860f45d4dd
primary,primary_9688e435275c,latest_stage,adaln_modulation_projection_all_blocks_stage4_w4,4,0.0,64,0.0,selection_frequency,9ed386af3e565cf6ed8b4cf6119bb9126795d5b67de8900f021e06860f45d4dd
primary,primary_9688e435275c,latest_stage,adaln_modulation_projection_all_blocks_stage10_w4,10,0.0,64,0.0,selection_frequency,9ed386af3e565cf6ed8b4cf6119bb9126795d5b67de8900f021e06860f45d4dd
primary,primary_9688e435275c,latest_stage,adaln_modulation_projection_all_blocks_stage15_w4,15,64.0,64,1.0,selection_frequency,9ed386af3e565cf6ed8b4cf6119bb9126795d5b67de8900f021e06860f45d4dd
primary,primary_9688e435275c,pure_G,adaln_modulation_projection_all_blocks_stage4_w4,4,0.0,64,0.0,selection_frequency,9ed386af3e565cf6ed8b4cf6119bb9126795d5b67de8900f021e06860f45d4dd
primary,primary_9688e435275c,pure_G,adaln_modulation_projection_all_blocks_stage10_w4,10,0.0,64,0.0,selection_frequency,9ed386af3e565cf6ed8b4cf6119bb9126795d5b67de8900f021e06860f45d4dd
primary,primary_9688e435275c,pure_G,adaln_modulation_projection_all_blocks_stage15_w4,15,64.0,64,1.0,selection_frequency,9ed386af3e565cf6ed8b4cf6119bb9126795d5b67de8900f021e06860f45d4dd
primary,primary_9688e435275c,stage_position_only,adaln_modulation_projection_all_blocks_stage4_w4,4,0.0,64,0.0,selection_frequency,9ed386af3e565cf6ed8b4cf6119bb9126795d5b67de8900f021e06860f45d4dd
primary,primary_9688e435275c,stage_position_only,adaln_modulation_projection_all_blocks_stage10_w4,10,0.0,64,0.0,selection_frequency,9ed386af3e565cf6ed8b4cf6119bb9126795d5b67de8900f021e06860f45d4dd
primary,primary_9688e435275c,stage_position_only,adaln_modulation_projection_all_blocks_stage15_w4,15,64.0,64,1.0,selection_frequency,9ed386af3e565cf6ed8b4cf6119bb9126795d5b67de8900f021e06860f45d4dd
primary,primary_9688e435275c,uniform_random_expected,adaln_modulation_projection_all_blocks_stage4_w4,4,21.333333333333332,64,0.3333333333333333,expected_frequency,9ed386af3e565cf6ed8b4cf6119bb9126795d5b67de8900f021e06860f45d4dd
primary,primary_9688e435275c,uniform_random_expected,adaln_modulation_projection_all_blocks_stage10_w4,10,21.333333333333332,64,0.3333333333333333,expected_frequency,9ed386af3e565cf6ed8b4cf6119bb9126795d5b67de8900f021e06860f45d4dd
primary,primary_9688e435275c,uniform_random_expected,adaln_modulation_projection_all_blocks_stage15_w4,15,21.333333333333332,64,0.3333333333333333,expected_frequency,9ed386af3e565cf6ed8b4cf6119bb9126795d5b67de8900f021e06860f45d4dd
primary,primary_98d1f6d8741d,candidate_B,adaln_modulation_projection_all_blocks_stage4_w8,4,0.0,64,0.0,selection_frequency,9ed386af3e565cf6ed8b4cf6119bb9126795d5b67de8900f021e06860f45d4dd
primary,primary_98d1f6d8741d,candidate_B,adaln_modulation_projection_all_blocks_stage10_w8,10,0.0,64,0.0,selection_frequency,9ed386af3e565cf6ed8b4cf6119bb9126795d5b67de8900f021e06860f45d4dd
primary,primary_98d1f6d8741d,candidate_B,adaln_modulation_projection_all_blocks_stage15_w8,15,64.0,64,1.0,selection_frequency,9ed386af3e565cf6ed8b4cf6119bb9126795d5b67de8900f021e06860f45d4dd
primary,primary_98d1f6d8741d,constant,adaln_modulation_projection_all_blocks_stage4_w8,4,0.0,64,0.0,selection_frequency,9ed386af3e565cf6ed8b4cf6119bb9126795d5b67de8900f021e06860f45d4dd
primary,primary_98d1f6d8741d,constant,adaln_modulation_projection_all_blocks_stage10_w8,10,0.0,64,0.0,selection_frequency,9ed386af3e565cf6ed8b4cf6119bb9126795d5b67de8900f021e06860f45d4dd
primary,primary_98d1f6d8741d,constant,adaln_modulation_projection_all_blocks_stage15_w8,15,64.0,64,1.0,selection_frequency,9ed386af3e565cf6ed8b4cf6119bb9126795d5b67de8900f021e06860f45d4dd
primary,primary_98d1f6d8741d,energy,adaln_modulation_projection_all_blocks_stage4_w8,4,0.0,64,0.0,selection_frequency,9ed386af3e565cf6ed8b4cf6119bb9126795d5b67de8900f021e06860f45d4dd
primary,primary_98d1f6d8741d,energy,adaln_modulation_projection_all_blocks_stage10_w8,10,43.0,64,0.671875,selection_frequency,9ed386af3e565cf6ed8b4cf6119bb9126795d5b67de8900f021e06860f45d4dd
primary,primary_98d1f6d8741d,energy,adaln_modulation_projection_all_blocks_stage15_w8,15,21.0,64,0.328125,selection_frequency,9ed386af3e565cf6ed8b4cf6119bb9126795d5b67de8900f021e06860f45d4dd
primary,primary_98d1f6d8741d,hybrid,adaln_modulation_projection_all_blocks_stage4_w8,4,0.0,64,0.0,selection_frequency,9ed386af3e565cf6ed8b4cf6119bb9126795d5b67de8900f021e06860f45d4dd
primary,primary_98d1f6d8741d,hybrid,adaln_modulation_projection_all_blocks_stage10_w8,10,0.0,64,0.0,selection_frequency,9ed386af3e565cf6ed8b4cf6119bb9126795d5b67de8900f021e06860f45d4dd
primary,primary_98d1f6d8741d,hybrid,adaln_modulation_projection_all_blocks_stage15_w8,15,64.0,64,1.0,selection_frequency,9ed386af3e565cf6ed8b4cf6119bb9126795d5b67de8900f021e06860f45d4dd
primary,primary_98d1f6d8741d,latest_stage,adaln_modulation_projection_all_blocks_stage4_w8,4,0.0,64,0.0,selection_frequency,9ed386af3e565cf6ed8b4cf6119bb9126795d5b67de8900f021e06860f45d4dd
primary,primary_98d1f6d8741d,latest_stage,adaln_modulation_projection_all_blocks_stage10_w8,10,0.0,64,0.0,selection_frequency,9ed386af3e565cf6ed8b4cf6119bb9126795d5b67de8900f021e06860f45d4dd
primary,primary_98d1f6d8741d,latest_stage,adaln_modulation_projection_all_blocks_stage15_w8,15,64.0,64,1.0,selection_frequency,9ed386af3e565cf6ed8b4cf6119bb9126795d5b67de8900f021e06860f45d4dd
primary,primary_98d1f6d8741d,pure_G,adaln_modulation_projection_all_blocks_stage4_w8,4,0.0,64,0.0,selection_frequency,9ed386af3e565cf6ed8b4cf6119bb9126795d5b67de8900f021e06860f45d4dd
primary,primary_98d1f6d8741d,pure_G,adaln_modulation_projection_all_blocks_stage10_w8,10,0.0,64,0.0,selection_frequency,9ed386af3e565cf6ed8b4cf6119bb9126795d5b67de8900f021e06860f45d4dd
primary,primary_98d1f6d8741d,pure_G,adaln_modulation_projection_all_blocks_stage15_w8,15,64.0,64,1.0,selection_frequency,9ed386af3e565cf6ed8b4cf6119bb9126795d5b67de8900f021e06860f45d4dd
primary,primary_98d1f6d8741d,stage_position_only,adaln_modulation_projection_all_blocks_stage4_w8,4,0.0,64,0.0,selection_frequency,9ed386af3e565cf6ed8b4cf6119bb9126795d5b67de8900f021e06860f45d4dd
primary,primary_98d1f6d8741d,stage_position_only,adaln_modulation_projection_all_blocks_stage10_w8,10,0.0,64,0.0,selection_frequency,9ed386af3e565cf6ed8b4cf6119bb9126795d5b67de8900f021e06860f45d4dd
primary,primary_98d1f6d8741d,stage_position_only,adaln_modulation_projection_all_blocks_stage15_w8,15,64.0,64,1.0,selection_frequency,9ed386af3e565cf6ed8b4cf6119bb9126795d5b67de8900f021e06860f45d4dd
primary,primary_98d1f6d8741d,uniform_random_expected,adaln_modulation_projection_all_blocks_stage4_w8,4,21.333333333333332,64,0.3333333333333333,expected_frequency,9ed386af3e565cf6ed8b4cf6119bb9126795d5b67de8900f021e06860f45d4dd
primary,primary_98d1f6d8741d,uniform_random_expected,adaln_modulation_projection_all_blocks_stage10_w8,10,21.333333333333332,64,0.3333333333333333,expected_frequency,9ed386af3e565cf6ed8b4cf6119bb9126795d5b67de8900f021e06860f45d4dd
primary,primary_98d1f6d8741d,uniform_random_expected,adaln_modulation_projection_all_blocks_stage15_w8,15,21.333333333333332,64,0.3333333333333333,expected_frequency,9ed386af3e565cf6ed8b4cf6119bb9126795d5b67de8900f021e06860f45d4dd
primary,primary_a8226b7ab73c,candidate_B,adaln_conditioning_all_blocks_stage4_w8,4,0.0,64,0.0,selection_frequency,9ed386af3e565cf6ed8b4cf6119bb9126795d5b67de8900f021e06860f45d4dd
primary,primary_a8226b7ab73c,candidate_B,adaln_conditioning_all_blocks_stage10_w8,10,0.0,64,0.0,selection_frequency,9ed386af3e565cf6ed8b4cf6119bb9126795d5b67de8900f021e06860f45d4dd
primary,primary_a8226b7ab73c,candidate_B,adaln_conditioning_all_blocks_stage15_w8,15,64.0,64,1.0,selection_frequency,9ed386af3e565cf6ed8b4cf6119bb9126795d5b67de8900f021e06860f45d4dd
primary,primary_a8226b7ab73c,constant,adaln_conditioning_all_blocks_stage4_w8,4,0.0,64,0.0,selection_frequency,9ed386af3e565cf6ed8b4cf6119bb9126795d5b67de8900f021e06860f45d4dd
primary,primary_a8226b7ab73c,constant,adaln_conditioning_all_blocks_stage10_w8,10,0.0,64,0.0,selection_frequency,9ed386af3e565cf6ed8b4cf6119bb9126795d5b67de8900f021e06860f45d4dd
primary,primary_a8226b7ab73c,constant,adaln_conditioning_all_blocks_stage15_w8,15,64.0,64,1.0,selection_frequency,9ed386af3e565cf6ed8b4cf6119bb9126795d5b67de8900f021e06860f45d4dd
primary,primary_a8226b7ab73c,energy,adaln_conditioning_all_blocks_stage4_w8,4,3.0,64,0.046875,selection_frequency,9ed386af3e565cf6ed8b4cf6119bb9126795d5b67de8900f021e06860f45d4dd
primary,primary_a8226b7ab73c,energy,adaln_conditioning_all_blocks_stage10_w8,10,61.0,64,0.953125,selection_frequency,9ed386af3e565cf6ed8b4cf6119bb9126795d5b67de8900f021e06860f45d4dd
primary,primary_a8226b7ab73c,energy,adaln_conditioning_all_blocks_stage15_w8,15,0.0,64,0.0,selection_frequency,9ed386af3e565cf6ed8b4cf6119bb9126795d5b67de8900f021e06860f45d4dd
primary,primary_a8226b7ab73c,hybrid,adaln_conditioning_all_blocks_stage4_w8,4,0.0,64,0.0,selection_frequency,9ed386af3e565cf6ed8b4cf6119bb9126795d5b67de8900f021e06860f45d4dd
primary,primary_a8226b7ab73c,hybrid,adaln_conditioning_all_blocks_stage10_w8,10,0.0,64,0.0,selection_frequency,9ed386af3e565cf6ed8b4cf6119bb9126795d5b67de8900f021e06860f45d4dd
primary,primary_a8226b7ab73c,hybrid,adaln_conditioning_all_blocks_stage15_w8,15,64.0,64,1.0,selection_frequency,9ed386af3e565cf6ed8b4cf6119bb9126795d5b67de8900f021e06860f45d4dd
primary,primary_a8226b7ab73c,latest_stage,adaln_conditioning_all_blocks_stage4_w8,4,0.0,64,0.0,selection_frequency,9ed386af3e565cf6ed8b4cf6119bb9126795d5b67de8900f021e06860f45d4dd
primary,primary_a8226b7ab73c,latest_stage,adaln_conditioning_all_blocks_stage10_w8,10,0.0,64,0.0,selection_frequency,9ed386af3e565cf6ed8b4cf6119bb9126795d5b67de8900f021e06860f45d4dd
primary,primary_a8226b7ab73c,latest_stage,adaln_conditioning_all_blocks_stage15_w8,15,64.0,64,1.0,selection_frequency,9ed386af3e565cf6ed8b4cf6119bb9126795d5b67de8900f021e06860f45d4dd
primary,primary_a8226b7ab73c,pure_G,adaln_conditioning_all_blocks_stage4_w8,4,0.0,64,0.0,selection_frequency,9ed386af3e565cf6ed8b4cf6119bb9126795d5b67de8900f021e06860f45d4dd
primary,primary_a8226b7ab73c,pure_G,adaln_conditioning_all_blocks_stage10_w8,10,0.0,64,0.0,selection_frequency,9ed386af3e565cf6ed8b4cf6119bb9126795d5b67de8900f021e06860f45d4dd
primary,primary_a8226b7ab73c,pure_G,adaln_conditioning_all_blocks_stage15_w8,15,64.0,64,1.0,selection_frequency,9ed386af3e565cf6ed8b4cf6119bb9126795d5b67de8900f021e06860f45d4dd
primary,primary_a8226b7ab73c,stage_position_only,adaln_conditioning_all_blocks_stage4_w8,4,0.0,64,0.0,selection_frequency,9ed386af3e565cf6ed8b4cf6119bb9126795d5b67de8900f021e06860f45d4dd
primary,primary_a8226b7ab73c,stage_position_only,adaln_conditioning_all_blocks_stage10_w8,10,0.0,64,0.0,selection_frequency,9ed386af3e565cf6ed8b4cf6119bb9126795d5b67de8900f021e06860f45d4dd
primary,primary_a8226b7ab73c,stage_position_only,adaln_conditioning_all_blocks_stage15_w8,15,64.0,64,1.0,selection_frequency,9ed386af3e565cf6ed8b4cf6119bb9126795d5b67de8900f021e06860f45d4dd
primary,primary_a8226b7ab73c,uniform_random_expected,adaln_conditioning_all_blocks_stage4_w8,4,21.333333333333332,64,0.3333333333333333,expected_frequency,9ed386af3e565cf6ed8b4cf6119bb9126795d5b67de8900f021e06860f45d4dd
primary,primary_a8226b7ab73c,uniform_random_expected,adaln_conditioning_all_blocks_stage10_w8,10,21.333333333333332,64,0.3333333333333333,expected_frequency,9ed386af3e565cf6ed8b4cf6119bb9126795d5b67de8900f021e06860f45d4dd
primary,primary_a8226b7ab73c,uniform_random_expected,adaln_conditioning_all_blocks_stage15_w8,15,21.333333333333332,64,0.3333333333333333,expected_frequency,9ed386af3e565cf6ed8b4cf6119bb9126795d5b67de8900f021e06860f45d4dd
primary,primary_abefa8b91ecd,candidate_B,mlp_down_all_blocks_stage4_w4,4,0.0,64,0.0,selection_frequency,9ed386af3e565cf6ed8b4cf6119bb9126795d5b67de8900f021e06860f45d4dd
primary,primary_abefa8b91ecd,candidate_B,mlp_down_all_blocks_stage10_w4,10,0.0,64,0.0,selection_frequency,9ed386af3e565cf6ed8b4cf6119bb9126795d5b67de8900f021e06860f45d4dd
primary,primary_abefa8b91ecd,candidate_B,mlp_down_all_blocks_stage15_w4,15,64.0,64,1.0,selection_frequency,9ed386af3e565cf6ed8b4cf6119bb9126795d5b67de8900f021e06860f45d4dd
primary,primary_abefa8b91ecd,constant,mlp_down_all_blocks_stage4_w4,4,0.0,64,0.0,selection_frequency,9ed386af3e565cf6ed8b4cf6119bb9126795d5b67de8900f021e06860f45d4dd
primary,primary_abefa8b91ecd,constant,mlp_down_all_blocks_stage10_w4,10,0.0,64,0.0,selection_frequency,9ed386af3e565cf6ed8b4cf6119bb9126795d5b67de8900f021e06860f45d4dd
primary,primary_abefa8b91ecd,constant,mlp_down_all_blocks_stage15_w4,15,64.0,64,1.0,selection_frequency,9ed386af3e565cf6ed8b4cf6119bb9126795d5b67de8900f021e06860f45d4dd
primary,primary_abefa8b91ecd,energy,mlp_down_all_blocks_stage4_w4,4,0.0,64,0.0,selection_frequency,9ed386af3e565cf6ed8b4cf6119bb9126795d5b67de8900f021e06860f45d4dd
primary,primary_abefa8b91ecd,energy,mlp_down_all_blocks_stage10_w4,10,0.0,64,0.0,selection_frequency,9ed386af3e565cf6ed8b4cf6119bb9126795d5b67de8900f021e06860f45d4dd
primary,primary_abefa8b91ecd,energy,mlp_down_all_blocks_stage15_w4,15,64.0,64,1.0,selection_frequency,9ed386af3e565cf6ed8b4cf6119bb9126795d5b67de8900f021e06860f45d4dd
primary,primary_abefa8b91ecd,hybrid,mlp_down_all_blocks_stage4_w4,4,0.0,64,0.0,selection_frequency,9ed386af3e565cf6ed8b4cf6119bb9126795d5b67de8900f021e06860f45d4dd
primary,primary_abefa8b91ecd,hybrid,mlp_down_all_blocks_stage10_w4,10,0.0,64,0.0,selection_frequency,9ed386af3e565cf6ed8b4cf6119bb9126795d5b67de8900f021e06860f45d4dd
primary,primary_abefa8b91ecd,hybrid,mlp_down_all_blocks_stage15_w4,15,64.0,64,1.0,selection_frequency,9ed386af3e565cf6ed8b4cf6119bb9126795d5b67de8900f021e06860f45d4dd
primary,primary_abefa8b91ecd,latest_stage,mlp_down_all_blocks_stage4_w4,4,0.0,64,0.0,selection_frequency,9ed386af3e565cf6ed8b4cf6119bb9126795d5b67de8900f021e06860f45d4dd
primary,primary_abefa8b91ecd,latest_stage,mlp_down_all_blocks_stage10_w4,10,0.0,64,0.0,selection_frequency,9ed386af3e565cf6ed8b4cf6119bb9126795d5b67de8900f021e06860f45d4dd
primary,primary_abefa8b91ecd,latest_stage,mlp_down_all_blocks_stage15_w4,15,64.0,64,1.0,selection_frequency,9ed386af3e565cf6ed8b4cf6119bb9126795d5b67de8900f021e06860f45d4dd
primary,primary_abefa8b91ecd,pure_G,mlp_down_all_blocks_stage4_w4,4,0.0,64,0.0,selection_frequency,9ed386af3e565cf6ed8b4cf6119bb9126795d5b67de8900f021e06860f45d4dd
primary,primary_abefa8b91ecd,pure_G,mlp_down_all_blocks_stage10_w4,10,0.0,64,0.0,selection_frequency,9ed386af3e565cf6ed8b4cf6119bb9126795d5b67de8900f021e06860f45d4dd
primary,primary_abefa8b91ecd,pure_G,mlp_down_all_blocks_stage15_w4,15,64.0,64,1.0,selection_frequency,9ed386af3e565cf6ed8b4cf6119bb9126795d5b67de8900f021e06860f45d4dd
primary,primary_abefa8b91ecd,stage_position_only,mlp_down_all_blocks_stage4_w4,4,0.0,64,0.0,selection_frequency,9ed386af3e565cf6ed8b4cf6119bb9126795d5b67de8900f021e06860f45d4dd
primary,primary_abefa8b91ecd,stage_position_only,mlp_down_all_blocks_stage10_w4,10,0.0,64,0.0,selection_frequency,9ed386af3e565cf6ed8b4cf6119bb9126795d5b67de8900f021e06860f45d4dd
primary,primary_abefa8b91ecd,stage_position_only,mlp_down_all_blocks_stage15_w4,15,64.0,64,1.0,selection_frequency,9ed386af3e565cf6ed8b4cf6119bb9126795d5b67de8900f021e06860f45d4dd
primary,primary_abefa8b91ecd,uniform_random_expected,mlp_down_all_blocks_stage4_w4,4,21.333333333333332,64,0.3333333333333333,expected_frequency,9ed386af3e565cf6ed8b4cf6119bb9126795d5b67de8900f021e06860f45d4dd
primary,primary_abefa8b91ecd,uniform_random_expected,mlp_down_all_blocks_stage10_w4,10,21.333333333333332,64,0.3333333333333333,expected_frequency,9ed386af3e565cf6ed8b4cf6119bb9126795d5b67de8900f021e06860f45d4dd
primary,primary_abefa8b91ecd,uniform_random_expected,mlp_down_all_blocks_stage15_w4,15,21.333333333333332,64,0.3333333333333333,expected_frequency,9ed386af3e565cf6ed8b4cf6119bb9126795d5b67de8900f021e06860f45d4dd
primary,primary_c3b87c54a36d,candidate_B,qkv_all_blocks_stage4_w6,4,0.0,64,0.0,selection_frequency,9ed386af3e565cf6ed8b4cf6119bb9126795d5b67de8900f021e06860f45d4dd
primary,primary_c3b87c54a36d,candidate_B,qkv_all_blocks_stage10_w6,10,0.0,64,0.0,selection_frequency,9ed386af3e565cf6ed8b4cf6119bb9126795d5b67de8900f021e06860f45d4dd
primary,primary_c3b87c54a36d,candidate_B,qkv_all_blocks_stage15_w6,15,64.0,64,1.0,selection_frequency,9ed386af3e565cf6ed8b4cf6119bb9126795d5b67de8900f021e06860f45d4dd
primary,primary_c3b87c54a36d,constant,qkv_all_blocks_stage4_w6,4,0.0,64,0.0,selection_frequency,9ed386af3e565cf6ed8b4cf6119bb9126795d5b67de8900f021e06860f45d4dd
primary,primary_c3b87c54a36d,constant,qkv_all_blocks_stage10_w6,10,0.0,64,0.0,selection_frequency,9ed386af3e565cf6ed8b4cf6119bb9126795d5b67de8900f021e06860f45d4dd
primary,primary_c3b87c54a36d,constant,qkv_all_blocks_stage15_w6,15,64.0,64,1.0,selection_frequency,9ed386af3e565cf6ed8b4cf6119bb9126795d5b67de8900f021e06860f45d4dd
primary,primary_c3b87c54a36d,energy,qkv_all_blocks_stage4_w6,4,0.0,64,0.0,selection_frequency,9ed386af3e565cf6ed8b4cf6119bb9126795d5b67de8900f021e06860f45d4dd
primary,primary_c3b87c54a36d,energy,qkv_all_blocks_stage10_w6,10,0.0,64,0.0,selection_frequency,9ed386af3e565cf6ed8b4cf6119bb9126795d5b67de8900f021e06860f45d4dd
primary,primary_c3b87c54a36d,energy,qkv_all_blocks_stage15_w6,15,64.0,64,1.0,selection_frequency,9ed386af3e565cf6ed8b4cf6119bb9126795d5b67de8900f021e06860f45d4dd
primary,primary_c3b87c54a36d,hybrid,qkv_all_blocks_stage4_w6,4,0.0,64,0.0,selection_frequency,9ed386af3e565cf6ed8b4cf6119bb9126795d5b67de8900f021e06860f45d4dd
primary,primary_c3b87c54a36d,hybrid,qkv_all_blocks_stage10_w6,10,0.0,64,0.0,selection_frequency,9ed386af3e565cf6ed8b4cf6119bb9126795d5b67de8900f021e06860f45d4dd
primary,primary_c3b87c54a36d,hybrid,qkv_all_blocks_stage15_w6,15,64.0,64,1.0,selection_frequency,9ed386af3e565cf6ed8b4cf6119bb9126795d5b67de8900f021e06860f45d4dd
primary,primary_c3b87c54a36d,latest_stage,qkv_all_blocks_stage4_w6,4,0.0,64,0.0,selection_frequency,9ed386af3e565cf6ed8b4cf6119bb9126795d5b67de8900f021e06860f45d4dd
primary,primary_c3b87c54a36d,latest_stage,qkv_all_blocks_stage10_w6,10,0.0,64,0.0,selection_frequency,9ed386af3e565cf6ed8b4cf6119bb9126795d5b67de8900f021e06860f45d4dd
primary,primary_c3b87c54a36d,latest_stage,qkv_all_blocks_stage15_w6,15,64.0,64,1.0,selection_frequency,9ed386af3e565cf6ed8b4cf6119bb9126795d5b67de8900f021e06860f45d4dd
primary,primary_c3b87c54a36d,pure_G,qkv_all_blocks_stage4_w6,4,0.0,64,0.0,selection_frequency,9ed386af3e565cf6ed8b4cf6119bb9126795d5b67de8900f021e06860f45d4dd
primary,primary_c3b87c54a36d,pure_G,qkv_all_blocks_stage10_w6,10,0.0,64,0.0,selection_frequency,9ed386af3e565cf6ed8b4cf6119bb9126795d5b67de8900f021e06860f45d4dd
primary,primary_c3b87c54a36d,pure_G,qkv_all_blocks_stage15_w6,15,64.0,64,1.0,selection_frequency,9ed386af3e565cf6ed8b4cf6119bb9126795d5b67de8900f021e06860f45d4dd
primary,primary_c3b87c54a36d,stage_position_only,qkv_all_blocks_stage4_w6,4,0.0,64,0.0,selection_frequency,9ed386af3e565cf6ed8b4cf6119bb9126795d5b67de8900f021e06860f45d4dd
primary,primary_c3b87c54a36d,stage_position_only,qkv_all_blocks_stage10_w6,10,0.0,64,0.0,selection_frequency,9ed386af3e565cf6ed8b4cf6119bb9126795d5b67de8900f021e06860f45d4dd
primary,primary_c3b87c54a36d,stage_position_only,qkv_all_blocks_stage15_w6,15,64.0,64,1.0,selection_frequency,9ed386af3e565cf6ed8b4cf6119bb9126795d5b67de8900f021e06860f45d4dd
primary,primary_c3b87c54a36d,uniform_random_expected,qkv_all_blocks_stage4_w6,4,21.333333333333332,64,0.3333333333333333,expected_frequency,9ed386af3e565cf6ed8b4cf6119bb9126795d5b67de8900f021e06860f45d4dd
primary,primary_c3b87c54a36d,uniform_random_expected,qkv_all_blocks_stage10_w6,10,21.333333333333332,64,0.3333333333333333,expected_frequency,9ed386af3e565cf6ed8b4cf6119bb9126795d5b67de8900f021e06860f45d4dd
primary,primary_c3b87c54a36d,uniform_random_expected,qkv_all_blocks_stage15_w6,15,21.333333333333332,64,0.3333333333333333,expected_frequency,9ed386af3e565cf6ed8b4cf6119bb9126795d5b67de8900f021e06860f45d4dd
primary,primary_d0adb13a6bdf,candidate_B,mlp_up_gate_all_blocks_stage4_w4,4,61.0,64,0.953125,selection_frequency,9ed386af3e565cf6ed8b4cf6119bb9126795d5b67de8900f021e06860f45d4dd
primary,primary_d0adb13a6bdf,candidate_B,mlp_up_gate_all_blocks_stage10_w4,10,0.0,64,0.0,selection_frequency,9ed386af3e565cf6ed8b4cf6119bb9126795d5b67de8900f021e06860f45d4dd
primary,primary_d0adb13a6bdf,candidate_B,mlp_up_gate_all_blocks_stage15_w4,15,3.0,64,0.046875,selection_frequency,9ed386af3e565cf6ed8b4cf6119bb9126795d5b67de8900f021e06860f45d4dd
primary,primary_d0adb13a6bdf,constant,mlp_up_gate_all_blocks_stage4_w4,4,64.0,64,1.0,selection_frequency,9ed386af3e565cf6ed8b4cf6119bb9126795d5b67de8900f021e06860f45d4dd
primary,primary_d0adb13a6bdf,constant,mlp_up_gate_all_blocks_stage10_w4,10,0.0,64,0.0,selection_frequency,9ed386af3e565cf6ed8b4cf6119bb9126795d5b67de8900f021e06860f45d4dd
primary,primary_d0adb13a6bdf,constant,mlp_up_gate_all_blocks_stage15_w4,15,0.0,64,0.0,selection_frequency,9ed386af3e565cf6ed8b4cf6119bb9126795d5b67de8900f021e06860f45d4dd
primary,primary_d0adb13a6bdf,energy,mlp_up_gate_all_blocks_stage4_w4,4,64.0,64,1.0,selection_frequency,9ed386af3e565cf6ed8b4cf6119bb9126795d5b67de8900f021e06860f45d4dd
primary,primary_d0adb13a6bdf,energy,mlp_up_gate_all_blocks_stage10_w4,10,0.0,64,0.0,selection_frequency,9ed386af3e565cf6ed8b4cf6119bb9126795d5b67de8900f021e06860f45d4dd
primary,primary_d0adb13a6bdf,energy,mlp_up_gate_all_blocks_stage15_w4,15,0.0,64,0.0,selection_frequency,9ed386af3e565cf6ed8b4cf6119bb9126795d5b67de8900f021e06860f45d4dd
primary,primary_d0adb13a6bdf,hybrid,mlp_up_gate_all_blocks_stage4_w4,4,61.0,64,0.953125,selection_frequency,9ed386af3e565cf6ed8b4cf6119bb9126795d5b67de8900f021e06860f45d4dd
primary,primary_d0adb13a6bdf,hybrid,mlp_up_gate_all_blocks_stage10_w4,10,0.0,64,0.0,selection_frequency,9ed386af3e565cf6ed8b4cf6119bb9126795d5b67de8900f021e06860f45d4dd
primary,primary_d0adb13a6bdf,hybrid,mlp_up_gate_all_blocks_stage15_w4,15,3.0,64,0.046875,selection_frequency,9ed386af3e565cf6ed8b4cf6119bb9126795d5b67de8900f021e06860f45d4dd
primary,primary_d0adb13a6bdf,latest_stage,mlp_up_gate_all_blocks_stage4_w4,4,0.0,64,0.0,selection_frequency,9ed386af3e565cf6ed8b4cf6119bb9126795d5b67de8900f021e06860f45d4dd
primary,primary_d0adb13a6bdf,latest_stage,mlp_up_gate_all_blocks_stage10_w4,10,0.0,64,0.0,selection_frequency,9ed386af3e565cf6ed8b4cf6119bb9126795d5b67de8900f021e06860f45d4dd
primary,primary_d0adb13a6bdf,latest_stage,mlp_up_gate_all_blocks_stage15_w4,15,64.0,64,1.0,selection_frequency,9ed386af3e565cf6ed8b4cf6119bb9126795d5b67de8900f021e06860f45d4dd
primary,primary_d0adb13a6bdf,pure_G,mlp_up_gate_all_blocks_stage4_w4,4,0.0,64,0.0,selection_frequency,9ed386af3e565cf6ed8b4cf6119bb9126795d5b67de8900f021e06860f45d4dd
primary,primary_d0adb13a6bdf,pure_G,mlp_up_gate_all_blocks_stage10_w4,10,0.0,64,0.0,selection_frequency,9ed386af3e565cf6ed8b4cf6119bb9126795d5b67de8900f021e06860f45d4dd
primary,primary_d0adb13a6bdf,pure_G,mlp_up_gate_all_blocks_stage15_w4,15,64.0,64,1.0,selection_frequency,9ed386af3e565cf6ed8b4cf6119bb9126795d5b67de8900f021e06860f45d4dd
primary,primary_d0adb13a6bdf,stage_position_only,mlp_up_gate_all_blocks_stage4_w4,4,0.0,64,0.0,selection_frequency,9ed386af3e565cf6ed8b4cf6119bb9126795d5b67de8900f021e06860f45d4dd
primary,primary_d0adb13a6bdf,stage_position_only,mlp_up_gate_all_blocks_stage10_w4,10,0.0,64,0.0,selection_frequency,9ed386af3e565cf6ed8b4cf6119bb9126795d5b67de8900f021e06860f45d4dd
primary,primary_d0adb13a6bdf,stage_position_only,mlp_up_gate_all_blocks_stage15_w4,15,64.0,64,1.0,selection_frequency,9ed386af3e565cf6ed8b4cf6119bb9126795d5b67de8900f021e06860f45d4dd
primary,primary_d0adb13a6bdf,uniform_random_expected,mlp_up_gate_all_blocks_stage4_w4,4,21.333333333333332,64,0.3333333333333333,expected_frequency,9ed386af3e565cf6ed8b4cf6119bb9126795d5b67de8900f021e06860f45d4dd
primary,primary_d0adb13a6bdf,uniform_random_expected,mlp_up_gate_all_blocks_stage10_w4,10,21.333333333333332,64,0.3333333333333333,expected_frequency,9ed386af3e565cf6ed8b4cf6119bb9126795d5b67de8900f021e06860f45d4dd
primary,primary_d0adb13a6bdf,uniform_random_expected,mlp_up_gate_all_blocks_stage15_w4,15,21.333333333333332,64,0.3333333333333333,expected_frequency,9ed386af3e565cf6ed8b4cf6119bb9126795d5b67de8900f021e06860f45d4dd
primary,primary_d82bcfdaeedc,candidate_B,mlp_up_gate_all_blocks_stage4_w6,4,24.0,64,0.375,selection_frequency,9ed386af3e565cf6ed8b4cf6119bb9126795d5b67de8900f021e06860f45d4dd
primary,primary_d82bcfdaeedc,candidate_B,mlp_up_gate_all_blocks_stage10_w6,10,0.0,64,0.0,selection_frequency,9ed386af3e565cf6ed8b4cf6119bb9126795d5b67de8900f021e06860f45d4dd
primary,primary_d82bcfdaeedc,candidate_B,mlp_up_gate_all_blocks_stage15_w6,15,40.0,64,0.625,selection_frequency,9ed386af3e565cf6ed8b4cf6119bb9126795d5b67de8900f021e06860f45d4dd
primary,primary_d82bcfdaeedc,constant,mlp_up_gate_all_blocks_stage4_w6,4,0.0,64,0.0,selection_frequency,9ed386af3e565cf6ed8b4cf6119bb9126795d5b67de8900f021e06860f45d4dd
primary,primary_d82bcfdaeedc,constant,mlp_up_gate_all_blocks_stage10_w6,10,0.0,64,0.0,selection_frequency,9ed386af3e565cf6ed8b4cf6119bb9126795d5b67de8900f021e06860f45d4dd
primary,primary_d82bcfdaeedc,constant,mlp_up_gate_all_blocks_stage15_w6,15,64.0,64,1.0,selection_frequency,9ed386af3e565cf6ed8b4cf6119bb9126795d5b67de8900f021e06860f45d4dd
primary,primary_d82bcfdaeedc,energy,mlp_up_gate_all_blocks_stage4_w6,4,63.0,64,0.984375,selection_frequency,9ed386af3e565cf6ed8b4cf6119bb9126795d5b67de8900f021e06860f45d4dd
primary,primary_d82bcfdaeedc,energy,mlp_up_gate_all_blocks_stage10_w6,10,1.0,64,0.015625,selection_frequency,9ed386af3e565cf6ed8b4cf6119bb9126795d5b67de8900f021e06860f45d4dd
primary,primary_d82bcfdaeedc,energy,mlp_up_gate_all_blocks_stage15_w6,15,0.0,64,0.0,selection_frequency,9ed386af3e565cf6ed8b4cf6119bb9126795d5b67de8900f021e06860f45d4dd
primary,primary_d82bcfdaeedc,hybrid,mlp_up_gate_all_blocks_stage4_w6,4,24.0,64,0.375,selection_frequency,9ed386af3e565cf6ed8b4cf6119bb9126795d5b67de8900f021e06860f45d4dd
primary,primary_d82bcfdaeedc,hybrid,mlp_up_gate_all_blocks_stage10_w6,10,0.0,64,0.0,selection_frequency,9ed386af3e565cf6ed8b4cf6119bb9126795d5b67de8900f021e06860f45d4dd
primary,primary_d82bcfdaeedc,hybrid,mlp_up_gate_all_blocks_stage15_w6,15,40.0,64,0.625,selection_frequency,9ed386af3e565cf6ed8b4cf6119bb9126795d5b67de8900f021e06860f45d4dd
primary,primary_d82bcfdaeedc,latest_stage,mlp_up_gate_all_blocks_stage4_w6,4,0.0,64,0.0,selection_frequency,9ed386af3e565cf6ed8b4cf6119bb9126795d5b67de8900f021e06860f45d4dd
primary,primary_d82bcfdaeedc,latest_stage,mlp_up_gate_all_blocks_stage10_w6,10,0.0,64,0.0,selection_frequency,9ed386af3e565cf6ed8b4cf6119bb9126795d5b67de8900f021e06860f45d4dd
primary,primary_d82bcfdaeedc,latest_stage,mlp_up_gate_all_blocks_stage15_w6,15,64.0,64,1.0,selection_frequency,9ed386af3e565cf6ed8b4cf6119bb9126795d5b67de8900f021e06860f45d4dd
primary,primary_d82bcfdaeedc,pure_G,mlp_up_gate_all_blocks_stage4_w6,4,0.0,64,0.0,selection_frequency,9ed386af3e565cf6ed8b4cf6119bb9126795d5b67de8900f021e06860f45d4dd
primary,primary_d82bcfdaeedc,pure_G,mlp_up_gate_all_blocks_stage10_w6,10,0.0,64,0.0,selection_frequency,9ed386af3e565cf6ed8b4cf6119bb9126795d5b67de8900f021e06860f45d4dd
primary,primary_d82bcfdaeedc,pure_G,mlp_up_gate_all_blocks_stage15_w6,15,64.0,64,1.0,selection_frequency,9ed386af3e565cf6ed8b4cf6119bb9126795d5b67de8900f021e06860f45d4dd
primary,primary_d82bcfdaeedc,stage_position_only,mlp_up_gate_all_blocks_stage4_w6,4,0.0,64,0.0,selection_frequency,9ed386af3e565cf6ed8b4cf6119bb9126795d5b67de8900f021e06860f45d4dd
primary,primary_d82bcfdaeedc,stage_position_only,mlp_up_gate_all_blocks_stage10_w6,10,0.0,64,0.0,selection_frequency,9ed386af3e565cf6ed8b4cf6119bb9126795d5b67de8900f021e06860f45d4dd
primary,primary_d82bcfdaeedc,stage_position_only,mlp_up_gate_all_blocks_stage15_w6,15,64.0,64,1.0,selection_frequency,9ed386af3e565cf6ed8b4cf6119bb9126795d5b67de8900f021e06860f45d4dd
primary,primary_d82bcfdaeedc,uniform_random_expected,mlp_up_gate_all_blocks_stage4_w6,4,21.333333333333332,64,0.3333333333333333,expected_frequency,9ed386af3e565cf6ed8b4cf6119bb9126795d5b67de8900f021e06860f45d4dd
primary,primary_d82bcfdaeedc,uniform_random_expected,mlp_up_gate_all_blocks_stage10_w6,10,21.333333333333332,64,0.3333333333333333,expected_frequency,9ed386af3e565cf6ed8b4cf6119bb9126795d5b67de8900f021e06860f45d4dd
primary,primary_d82bcfdaeedc,uniform_random_expected,mlp_up_gate_all_blocks_stage15_w6,15,21.333333333333332,64,0.3333333333333333,expected_frequency,9ed386af3e565cf6ed8b4cf6119bb9126795d5b67de8900f021e06860f45d4dd
primary,primary_da06c09aa41a,candidate_B,adaln_conditioning_all_blocks_stage4_w6,4,0.0,64,0.0,selection_frequency,9ed386af3e565cf6ed8b4cf6119bb9126795d5b67de8900f021e06860f45d4dd
primary,primary_da06c09aa41a,candidate_B,adaln_conditioning_all_blocks_stage10_w6,10,32.0,64,0.5,selection_frequency,9ed386af3e565cf6ed8b4cf6119bb9126795d5b67de8900f021e06860f45d4dd
primary,primary_da06c09aa41a,candidate_B,adaln_conditioning_all_blocks_stage15_w6,15,32.0,64,0.5,selection_frequency,9ed386af3e565cf6ed8b4cf6119bb9126795d5b67de8900f021e06860f45d4dd
primary,primary_da06c09aa41a,constant,adaln_conditioning_all_blocks_stage4_w6,4,0.0,64,0.0,selection_frequency,9ed386af3e565cf6ed8b4cf6119bb9126795d5b67de8900f021e06860f45d4dd
primary,primary_da06c09aa41a,constant,adaln_conditioning_all_blocks_stage10_w6,10,64.0,64,1.0,selection_frequency,9ed386af3e565cf6ed8b4cf6119bb9126795d5b67de8900f021e06860f45d4dd
primary,primary_da06c09aa41a,constant,adaln_conditioning_all_blocks_stage15_w6,15,0.0,64,0.0,selection_frequency,9ed386af3e565cf6ed8b4cf6119bb9126795d5b67de8900f021e06860f45d4dd
primary,primary_da06c09aa41a,energy,adaln_conditioning_all_blocks_stage4_w6,4,1.0,64,0.015625,selection_frequency,9ed386af3e565cf6ed8b4cf6119bb9126795d5b67de8900f021e06860f45d4dd
primary,primary_da06c09aa41a,energy,adaln_conditioning_all_blocks_stage10_w6,10,63.0,64,0.984375,selection_frequency,9ed386af3e565cf6ed8b4cf6119bb9126795d5b67de8900f021e06860f45d4dd
primary,primary_da06c09aa41a,energy,adaln_conditioning_all_blocks_stage15_w6,15,0.0,64,0.0,selection_frequency,9ed386af3e565cf6ed8b4cf6119bb9126795d5b67de8900f021e06860f45d4dd
primary,primary_da06c09aa41a,hybrid,adaln_conditioning_all_blocks_stage4_w6,4,0.0,64,0.0,selection_frequency,9ed386af3e565cf6ed8b4cf6119bb9126795d5b67de8900f021e06860f45d4dd
primary,primary_da06c09aa41a,hybrid,adaln_conditioning_all_blocks_stage10_w6,10,32.0,64,0.5,selection_frequency,9ed386af3e565cf6ed8b4cf6119bb9126795d5b67de8900f021e06860f45d4dd
primary,primary_da06c09aa41a,hybrid,adaln_conditioning_all_blocks_stage15_w6,15,32.0,64,0.5,selection_frequency,9ed386af3e565cf6ed8b4cf6119bb9126795d5b67de8900f021e06860f45d4dd
primary,primary_da06c09aa41a,latest_stage,adaln_conditioning_all_blocks_stage4_w6,4,0.0,64,0.0,selection_frequency,9ed386af3e565cf6ed8b4cf6119bb9126795d5b67de8900f021e06860f45d4dd
primary,primary_da06c09aa41a,latest_stage,adaln_conditioning_all_blocks_stage10_w6,10,0.0,64,0.0,selection_frequency,9ed386af3e565cf6ed8b4cf6119bb9126795d5b67de8900f021e06860f45d4dd
primary,primary_da06c09aa41a,latest_stage,adaln_conditioning_all_blocks_stage15_w6,15,64.0,64,1.0,selection_frequency,9ed386af3e565cf6ed8b4cf6119bb9126795d5b67de8900f021e06860f45d4dd
primary,primary_da06c09aa41a,pure_G,adaln_conditioning_all_blocks_stage4_w6,4,0.0,64,0.0,selection_frequency,9ed386af3e565cf6ed8b4cf6119bb9126795d5b67de8900f021e06860f45d4dd
primary,primary_da06c09aa41a,pure_G,adaln_conditioning_all_blocks_stage10_w6,10,0.0,64,0.0,selection_frequency,9ed386af3e565cf6ed8b4cf6119bb9126795d5b67de8900f021e06860f45d4dd
primary,primary_da06c09aa41a,pure_G,adaln_conditioning_all_blocks_stage15_w6,15,64.0,64,1.0,selection_frequency,9ed386af3e565cf6ed8b4cf6119bb9126795d5b67de8900f021e06860f45d4dd
primary,primary_da06c09aa41a,stage_position_only,adaln_conditioning_all_blocks_stage4_w6,4,0.0,64,0.0,selection_frequency,9ed386af3e565cf6ed8b4cf6119bb9126795d5b67de8900f021e06860f45d4dd
primary,primary_da06c09aa41a,stage_position_only,adaln_conditioning_all_blocks_stage10_w6,10,0.0,64,0.0,selection_frequency,9ed386af3e565cf6ed8b4cf6119bb9126795d5b67de8900f021e06860f45d4dd
primary,primary_da06c09aa41a,stage_position_only,adaln_conditioning_all_blocks_stage15_w6,15,64.0,64,1.0,selection_frequency,9ed386af3e565cf6ed8b4cf6119bb9126795d5b67de8900f021e06860f45d4dd
primary,primary_da06c09aa41a,uniform_random_expected,adaln_conditioning_all_blocks_stage4_w6,4,21.333333333333332,64,0.3333333333333333,expected_frequency,9ed386af3e565cf6ed8b4cf6119bb9126795d5b67de8900f021e06860f45d4dd
primary,primary_da06c09aa41a,uniform_random_expected,adaln_conditioning_all_blocks_stage10_w6,10,21.333333333333332,64,0.3333333333333333,expected_frequency,9ed386af3e565cf6ed8b4cf6119bb9126795d5b67de8900f021e06860f45d4dd
primary,primary_da06c09aa41a,uniform_random_expected,adaln_conditioning_all_blocks_stage15_w6,15,21.333333333333332,64,0.3333333333333333,expected_frequency,9ed386af3e565cf6ed8b4cf6119bb9126795d5b67de8900f021e06860f45d4dd
primary,primary_e3ec35ff3518,candidate_B,input_patch_projection_stage4_w8,4,0.0,64,0.0,selection_frequency,9ed386af3e565cf6ed8b4cf6119bb9126795d5b67de8900f021e06860f45d4dd
primary,primary_e3ec35ff3518,candidate_B,input_patch_projection_stage10_w8,10,0.0,64,0.0,selection_frequency,9ed386af3e565cf6ed8b4cf6119bb9126795d5b67de8900f021e06860f45d4dd
primary,primary_e3ec35ff3518,candidate_B,input_patch_projection_stage15_w8,15,64.0,64,1.0,selection_frequency,9ed386af3e565cf6ed8b4cf6119bb9126795d5b67de8900f021e06860f45d4dd
primary,primary_e3ec35ff3518,constant,input_patch_projection_stage4_w8,4,0.0,64,0.0,selection_frequency,9ed386af3e565cf6ed8b4cf6119bb9126795d5b67de8900f021e06860f45d4dd
primary,primary_e3ec35ff3518,constant,input_patch_projection_stage10_w8,10,0.0,64,0.0,selection_frequency,9ed386af3e565cf6ed8b4cf6119bb9126795d5b67de8900f021e06860f45d4dd
primary,primary_e3ec35ff3518,constant,input_patch_projection_stage15_w8,15,64.0,64,1.0,selection_frequency,9ed386af3e565cf6ed8b4cf6119bb9126795d5b67de8900f021e06860f45d4dd
primary,primary_e3ec35ff3518,energy,input_patch_projection_stage4_w8,4,0.0,64,0.0,selection_frequency,9ed386af3e565cf6ed8b4cf6119bb9126795d5b67de8900f021e06860f45d4dd
primary,primary_e3ec35ff3518,energy,input_patch_projection_stage10_w8,10,7.0,64,0.109375,selection_frequency,9ed386af3e565cf6ed8b4cf6119bb9126795d5b67de8900f021e06860f45d4dd
primary,primary_e3ec35ff3518,energy,input_patch_projection_stage15_w8,15,57.0,64,0.890625,selection_frequency,9ed386af3e565cf6ed8b4cf6119bb9126795d5b67de8900f021e06860f45d4dd
primary,primary_e3ec35ff3518,hybrid,input_patch_projection_stage4_w8,4,0.0,64,0.0,selection_frequency,9ed386af3e565cf6ed8b4cf6119bb9126795d5b67de8900f021e06860f45d4dd
primary,primary_e3ec35ff3518,hybrid,input_patch_projection_stage10_w8,10,0.0,64,0.0,selection_frequency,9ed386af3e565cf6ed8b4cf6119bb9126795d5b67de8900f021e06860f45d4dd
primary,primary_e3ec35ff3518,hybrid,input_patch_projection_stage15_w8,15,64.0,64,1.0,selection_frequency,9ed386af3e565cf6ed8b4cf6119bb9126795d5b67de8900f021e06860f45d4dd
primary,primary_e3ec35ff3518,latest_stage,input_patch_projection_stage4_w8,4,0.0,64,0.0,selection_frequency,9ed386af3e565cf6ed8b4cf6119bb9126795d5b67de8900f021e06860f45d4dd
primary,primary_e3ec35ff3518,latest_stage,input_patch_projection_stage10_w8,10,0.0,64,0.0,selection_frequency,9ed386af3e565cf6ed8b4cf6119bb9126795d5b67de8900f021e06860f45d4dd
primary,primary_e3ec35ff3518,latest_stage,input_patch_projection_stage15_w8,15,64.0,64,1.0,selection_frequency,9ed386af3e565cf6ed8b4cf6119bb9126795d5b67de8900f021e06860f45d4dd
primary,primary_e3ec35ff3518,pure_G,input_patch_projection_stage4_w8,4,0.0,64,0.0,selection_frequency,9ed386af3e565cf6ed8b4cf6119bb9126795d5b67de8900f021e06860f45d4dd
primary,primary_e3ec35ff3518,pure_G,input_patch_projection_stage10_w8,10,0.0,64,0.0,selection_frequency,9ed386af3e565cf6ed8b4cf6119bb9126795d5b67de8900f021e06860f45d4dd
primary,primary_e3ec35ff3518,pure_G,input_patch_projection_stage15_w8,15,64.0,64,1.0,selection_frequency,9ed386af3e565cf6ed8b4cf6119bb9126795d5b67de8900f021e06860f45d4dd
primary,primary_e3ec35ff3518,stage_position_only,input_patch_projection_stage4_w8,4,0.0,64,0.0,selection_frequency,9ed386af3e565cf6ed8b4cf6119bb9126795d5b67de8900f021e06860f45d4dd
primary,primary_e3ec35ff3518,stage_position_only,input_patch_projection_stage10_w8,10,0.0,64,0.0,selection_frequency,9ed386af3e565cf6ed8b4cf6119bb9126795d5b67de8900f021e06860f45d4dd
primary,primary_e3ec35ff3518,stage_position_only,input_patch_projection_stage15_w8,15,64.0,64,1.0,selection_frequency,9ed386af3e565cf6ed8b4cf6119bb9126795d5b67de8900f021e06860f45d4dd
primary,primary_e3ec35ff3518,uniform_random_expected,input_patch_projection_stage4_w8,4,21.333333333333332,64,0.3333333333333333,expected_frequency,9ed386af3e565cf6ed8b4cf6119bb9126795d5b67de8900f021e06860f45d4dd
primary,primary_e3ec35ff3518,uniform_random_expected,input_patch_projection_stage10_w8,10,21.333333333333332,64,0.3333333333333333,expected_frequency,9ed386af3e565cf6ed8b4cf6119bb9126795d5b67de8900f021e06860f45d4dd
primary,primary_e3ec35ff3518,uniform_random_expected,input_patch_projection_stage15_w8,15,21.333333333333332,64,0.3333333333333333,expected_frequency,9ed386af3e565cf6ed8b4cf6119bb9126795d5b67de8900f021e06860f45d4dd
primary,primary_ec9365fcc9ef,candidate_B,adaln_conditioning_all_blocks_stage4_w4,4,0.0,64,0.0,selection_frequency,9ed386af3e565cf6ed8b4cf6119bb9126795d5b67de8900f021e06860f45d4dd
primary,primary_ec9365fcc9ef,candidate_B,adaln_conditioning_all_blocks_stage10_w4,10,0.0,64,0.0,selection_frequency,9ed386af3e565cf6ed8b4cf6119bb9126795d5b67de8900f021e06860f45d4dd
primary,primary_ec9365fcc9ef,candidate_B,adaln_conditioning_all_blocks_stage15_w4,15,64.0,64,1.0,selection_frequency,9ed386af3e565cf6ed8b4cf6119bb9126795d5b67de8900f021e06860f45d4dd
primary,primary_ec9365fcc9ef,constant,adaln_conditioning_all_blocks_stage4_w4,4,0.0,64,0.0,selection_frequency,9ed386af3e565cf6ed8b4cf6119bb9126795d5b67de8900f021e06860f45d4dd
primary,primary_ec9365fcc9ef,constant,adaln_conditioning_all_blocks_stage10_w4,10,0.0,64,0.0,selection_frequency,9ed386af3e565cf6ed8b4cf6119bb9126795d5b67de8900f021e06860f45d4dd
primary,primary_ec9365fcc9ef,constant,adaln_conditioning_all_blocks_stage15_w4,15,64.0,64,1.0,selection_frequency,9ed386af3e565cf6ed8b4cf6119bb9126795d5b67de8900f021e06860f45d4dd
primary,primary_ec9365fcc9ef,energy,adaln_conditioning_all_blocks_stage4_w4,4,0.0,64,0.0,selection_frequency,9ed386af3e565cf6ed8b4cf6119bb9126795d5b67de8900f021e06860f45d4dd
primary,primary_ec9365fcc9ef,energy,adaln_conditioning_all_blocks_stage10_w4,10,63.0,64,0.984375,selection_frequency,9ed386af3e565cf6ed8b4cf6119bb9126795d5b67de8900f021e06860f45d4dd
primary,primary_ec9365fcc9ef,energy,adaln_conditioning_all_blocks_stage15_w4,15,1.0,64,0.015625,selection_frequency,9ed386af3e565cf6ed8b4cf6119bb9126795d5b67de8900f021e06860f45d4dd
primary,primary_ec9365fcc9ef,hybrid,adaln_conditioning_all_blocks_stage4_w4,4,0.0,64,0.0,selection_frequency,9ed386af3e565cf6ed8b4cf6119bb9126795d5b67de8900f021e06860f45d4dd
primary,primary_ec9365fcc9ef,hybrid,adaln_conditioning_all_blocks_stage10_w4,10,0.0,64,0.0,selection_frequency,9ed386af3e565cf6ed8b4cf6119bb9126795d5b67de8900f021e06860f45d4dd
primary,primary_ec9365fcc9ef,hybrid,adaln_conditioning_all_blocks_stage15_w4,15,64.0,64,1.0,selection_frequency,9ed386af3e565cf6ed8b4cf6119bb9126795d5b67de8900f021e06860f45d4dd
primary,primary_ec9365fcc9ef,latest_stage,adaln_conditioning_all_blocks_stage4_w4,4,0.0,64,0.0,selection_frequency,9ed386af3e565cf6ed8b4cf6119bb9126795d5b67de8900f021e06860f45d4dd
primary,primary_ec9365fcc9ef,latest_stage,adaln_conditioning_all_blocks_stage10_w4,10,0.0,64,0.0,selection_frequency,9ed386af3e565cf6ed8b4cf6119bb9126795d5b67de8900f021e06860f45d4dd
primary,primary_ec9365fcc9ef,latest_stage,adaln_conditioning_all_blocks_stage15_w4,15,64.0,64,1.0,selection_frequency,9ed386af3e565cf6ed8b4cf6119bb9126795d5b67de8900f021e06860f45d4dd
primary,primary_ec9365fcc9ef,pure_G,adaln_conditioning_all_blocks_stage4_w4,4,0.0,64,0.0,selection_frequency,9ed386af3e565cf6ed8b4cf6119bb9126795d5b67de8900f021e06860f45d4dd
primary,primary_ec9365fcc9ef,pure_G,adaln_conditioning_all_blocks_stage10_w4,10,0.0,64,0.0,selection_frequency,9ed386af3e565cf6ed8b4cf6119bb9126795d5b67de8900f021e06860f45d4dd
primary,primary_ec9365fcc9ef,pure_G,adaln_conditioning_all_blocks_stage15_w4,15,64.0,64,1.0,selection_frequency,9ed386af3e565cf6ed8b4cf6119bb9126795d5b67de8900f021e06860f45d4dd
primary,primary_ec9365fcc9ef,stage_position_only,adaln_conditioning_all_blocks_stage4_w4,4,0.0,64,0.0,selection_frequency,9ed386af3e565cf6ed8b4cf6119bb9126795d5b67de8900f021e06860f45d4dd
primary,primary_ec9365fcc9ef,stage_position_only,adaln_conditioning_all_blocks_stage10_w4,10,0.0,64,0.0,selection_frequency,9ed386af3e565cf6ed8b4cf6119bb9126795d5b67de8900f021e06860f45d4dd
primary,primary_ec9365fcc9ef,stage_position_only,adaln_conditioning_all_blocks_stage15_w4,15,64.0,64,1.0,selection_frequency,9ed386af3e565cf6ed8b4cf6119bb9126795d5b67de8900f021e06860f45d4dd
primary,primary_ec9365fcc9ef,uniform_random_expected,adaln_conditioning_all_blocks_stage4_w4,4,21.333333333333332,64,0.3333333333333333,expected_frequency,9ed386af3e565cf6ed8b4cf6119bb9126795d5b67de8900f021e06860f45d4dd
primary,primary_ec9365fcc9ef,uniform_random_expected,adaln_conditioning_all_blocks_stage10_w4,10,21.333333333333332,64,0.3333333333333333,expected_frequency,9ed386af3e565cf6ed8b4cf6119bb9126795d5b67de8900f021e06860f45d4dd
primary,primary_ec9365fcc9ef,uniform_random_expected,adaln_conditioning_all_blocks_stage15_w4,15,21.333333333333332,64,0.3333333333333333,expected_frequency,9ed386af3e565cf6ed8b4cf6119bb9126795d5b67de8900f021e06860f45d4dd
primary,primary_f52ef9bf6b5e,candidate_B,output_head_projection_stage4_w6,4,0.0,64,0.0,selection_frequency,9ed386af3e565cf6ed8b4cf6119bb9126795d5b67de8900f021e06860f45d4dd
primary,primary_f52ef9bf6b5e,candidate_B,output_head_projection_stage10_w6,10,0.0,64,0.0,selection_frequency,9ed386af3e565cf6ed8b4cf6119bb9126795d5b67de8900f021e06860f45d4dd
primary,primary_f52ef9bf6b5e,candidate_B,output_head_projection_stage15_w6,15,64.0,64,1.0,selection_frequency,9ed386af3e565cf6ed8b4cf6119bb9126795d5b67de8900f021e06860f45d4dd
primary,primary_f52ef9bf6b5e,constant,output_head_projection_stage4_w6,4,0.0,64,0.0,selection_frequency,9ed386af3e565cf6ed8b4cf6119bb9126795d5b67de8900f021e06860f45d4dd
primary,primary_f52ef9bf6b5e,constant,output_head_projection_stage10_w6,10,0.0,64,0.0,selection_frequency,9ed386af3e565cf6ed8b4cf6119bb9126795d5b67de8900f021e06860f45d4dd
primary,primary_f52ef9bf6b5e,constant,output_head_projection_stage15_w6,15,64.0,64,1.0,selection_frequency,9ed386af3e565cf6ed8b4cf6119bb9126795d5b67de8900f021e06860f45d4dd
primary,primary_f52ef9bf6b5e,energy,output_head_projection_stage4_w6,4,0.0,64,0.0,selection_frequency,9ed386af3e565cf6ed8b4cf6119bb9126795d5b67de8900f021e06860f45d4dd
primary,primary_f52ef9bf6b5e,energy,output_head_projection_stage10_w6,10,0.0,64,0.0,selection_frequency,9ed386af3e565cf6ed8b4cf6119bb9126795d5b67de8900f021e06860f45d4dd
primary,primary_f52ef9bf6b5e,energy,output_head_projection_stage15_w6,15,64.0,64,1.0,selection_frequency,9ed386af3e565cf6ed8b4cf6119bb9126795d5b67de8900f021e06860f45d4dd
primary,primary_f52ef9bf6b5e,hybrid,output_head_projection_stage4_w6,4,0.0,64,0.0,selection_frequency,9ed386af3e565cf6ed8b4cf6119bb9126795d5b67de8900f021e06860f45d4dd
primary,primary_f52ef9bf6b5e,hybrid,output_head_projection_stage10_w6,10,0.0,64,0.0,selection_frequency,9ed386af3e565cf6ed8b4cf6119bb9126795d5b67de8900f021e06860f45d4dd
primary,primary_f52ef9bf6b5e,hybrid,output_head_projection_stage15_w6,15,64.0,64,1.0,selection_frequency,9ed386af3e565cf6ed8b4cf6119bb9126795d5b67de8900f021e06860f45d4dd
primary,primary_f52ef9bf6b5e,latest_stage,output_head_projection_stage4_w6,4,0.0,64,0.0,selection_frequency,9ed386af3e565cf6ed8b4cf6119bb9126795d5b67de8900f021e06860f45d4dd
primary,primary_f52ef9bf6b5e,latest_stage,output_head_projection_stage10_w6,10,0.0,64,0.0,selection_frequency,9ed386af3e565cf6ed8b4cf6119bb9126795d5b67de8900f021e06860f45d4dd
primary,primary_f52ef9bf6b5e,latest_stage,output_head_projection_stage15_w6,15,64.0,64,1.0,selection_frequency,9ed386af3e565cf6ed8b4cf6119bb9126795d5b67de8900f021e06860f45d4dd
primary,primary_f52ef9bf6b5e,pure_G,output_head_projection_stage4_w6,4,0.0,64,0.0,selection_frequency,9ed386af3e565cf6ed8b4cf6119bb9126795d5b67de8900f021e06860f45d4dd
primary,primary_f52ef9bf6b5e,pure_G,output_head_projection_stage10_w6,10,0.0,64,0.0,selection_frequency,9ed386af3e565cf6ed8b4cf6119bb9126795d5b67de8900f021e06860f45d4dd
primary,primary_f52ef9bf6b5e,pure_G,output_head_projection_stage15_w6,15,64.0,64,1.0,selection_frequency,9ed386af3e565cf6ed8b4cf6119bb9126795d5b67de8900f021e06860f45d4dd
primary,primary_f52ef9bf6b5e,stage_position_only,output_head_projection_stage4_w6,4,0.0,64,0.0,selection_frequency,9ed386af3e565cf6ed8b4cf6119bb9126795d5b67de8900f021e06860f45d4dd
primary,primary_f52ef9bf6b5e,stage_position_only,output_head_projection_stage10_w6,10,0.0,64,0.0,selection_frequency,9ed386af3e565cf6ed8b4cf6119bb9126795d5b67de8900f021e06860f45d4dd
primary,primary_f52ef9bf6b5e,stage_position_only,output_head_projection_stage15_w6,15,64.0,64,1.0,selection_frequency,9ed386af3e565cf6ed8b4cf6119bb9126795d5b67de8900f021e06860f45d4dd
primary,primary_f52ef9bf6b5e,uniform_random_expected,output_head_projection_stage4_w6,4,21.333333333333332,64,0.3333333333333333,expected_frequency,9ed386af3e565cf6ed8b4cf6119bb9126795d5b67de8900f021e06860f45d4dd
primary,primary_f52ef9bf6b5e,uniform_random_expected,output_head_projection_stage10_w6,10,21.333333333333332,64,0.3333333333333333,expected_frequency,9ed386af3e565cf6ed8b4cf6119bb9126795d5b67de8900f021e06860f45d4dd
primary,primary_f52ef9bf6b5e,uniform_random_expected,output_head_projection_stage15_w6,15,21.333333333333332,64,0.3333333333333333,expected_frequency,9ed386af3e565cf6ed8b4cf6119bb9126795d5b67de8900f021e06860f45d4dd
primary,primary_f948566cda47,candidate_B,mlp_down_all_blocks_stage4_w6,4,0.0,64,0.0,selection_frequency,9ed386af3e565cf6ed8b4cf6119bb9126795d5b67de8900f021e06860f45d4dd
primary,primary_f948566cda47,candidate_B,mlp_down_all_blocks_stage10_w6,10,0.0,64,0.0,selection_frequency,9ed386af3e565cf6ed8b4cf6119bb9126795d5b67de8900f021e06860f45d4dd
primary,primary_f948566cda47,candidate_B,mlp_down_all_blocks_stage15_w6,15,64.0,64,1.0,selection_frequency,9ed386af3e565cf6ed8b4cf6119bb9126795d5b67de8900f021e06860f45d4dd
primary,primary_f948566cda47,constant,mlp_down_all_blocks_stage4_w6,4,0.0,64,0.0,selection_frequency,9ed386af3e565cf6ed8b4cf6119bb9126795d5b67de8900f021e06860f45d4dd
primary,primary_f948566cda47,constant,mlp_down_all_blocks_stage10_w6,10,0.0,64,0.0,selection_frequency,9ed386af3e565cf6ed8b4cf6119bb9126795d5b67de8900f021e06860f45d4dd
primary,primary_f948566cda47,constant,mlp_down_all_blocks_stage15_w6,15,64.0,64,1.0,selection_frequency,9ed386af3e565cf6ed8b4cf6119bb9126795d5b67de8900f021e06860f45d4dd
primary,primary_f948566cda47,energy,mlp_down_all_blocks_stage4_w6,4,0.0,64,0.0,selection_frequency,9ed386af3e565cf6ed8b4cf6119bb9126795d5b67de8900f021e06860f45d4dd
primary,primary_f948566cda47,energy,mlp_down_all_blocks_stage10_w6,10,0.0,64,0.0,selection_frequency,9ed386af3e565cf6ed8b4cf6119bb9126795d5b67de8900f021e06860f45d4dd
primary,primary_f948566cda47,energy,mlp_down_all_blocks_stage15_w6,15,64.0,64,1.0,selection_frequency,9ed386af3e565cf6ed8b4cf6119bb9126795d5b67de8900f021e06860f45d4dd
primary,primary_f948566cda47,hybrid,mlp_down_all_blocks_stage4_w6,4,0.0,64,0.0,selection_frequency,9ed386af3e565cf6ed8b4cf6119bb9126795d5b67de8900f021e06860f45d4dd
primary,primary_f948566cda47,hybrid,mlp_down_all_blocks_stage10_w6,10,0.0,64,0.0,selection_frequency,9ed386af3e565cf6ed8b4cf6119bb9126795d5b67de8900f021e06860f45d4dd
primary,primary_f948566cda47,hybrid,mlp_down_all_blocks_stage15_w6,15,64.0,64,1.0,selection_frequency,9ed386af3e565cf6ed8b4cf6119bb9126795d5b67de8900f021e06860f45d4dd
primary,primary_f948566cda47,latest_stage,mlp_down_all_blocks_stage4_w6,4,0.0,64,0.0,selection_frequency,9ed386af3e565cf6ed8b4cf6119bb9126795d5b67de8900f021e06860f45d4dd
primary,primary_f948566cda47,latest_stage,mlp_down_all_blocks_stage10_w6,10,0.0,64,0.0,selection_frequency,9ed386af3e565cf6ed8b4cf6119bb9126795d5b67de8900f021e06860f45d4dd
primary,primary_f948566cda47,latest_stage,mlp_down_all_blocks_stage15_w6,15,64.0,64,1.0,selection_frequency,9ed386af3e565cf6ed8b4cf6119bb9126795d5b67de8900f021e06860f45d4dd
primary,primary_f948566cda47,pure_G,mlp_down_all_blocks_stage4_w6,4,0.0,64,0.0,selection_frequency,9ed386af3e565cf6ed8b4cf6119bb9126795d5b67de8900f021e06860f45d4dd
primary,primary_f948566cda47,pure_G,mlp_down_all_blocks_stage10_w6,10,0.0,64,0.0,selection_frequency,9ed386af3e565cf6ed8b4cf6119bb9126795d5b67de8900f021e06860f45d4dd
primary,primary_f948566cda47,pure_G,mlp_down_all_blocks_stage15_w6,15,64.0,64,1.0,selection_frequency,9ed386af3e565cf6ed8b4cf6119bb9126795d5b67de8900f021e06860f45d4dd
primary,primary_f948566cda47,stage_position_only,mlp_down_all_blocks_stage4_w6,4,0.0,64,0.0,selection_frequency,9ed386af3e565cf6ed8b4cf6119bb9126795d5b67de8900f021e06860f45d4dd
primary,primary_f948566cda47,stage_position_only,mlp_down_all_blocks_stage10_w6,10,0.0,64,0.0,selection_frequency,9ed386af3e565cf6ed8b4cf6119bb9126795d5b67de8900f021e06860f45d4dd
primary,primary_f948566cda47,stage_position_only,mlp_down_all_blocks_stage15_w6,15,64.0,64,1.0,selection_frequency,9ed386af3e565cf6ed8b4cf6119bb9126795d5b67de8900f021e06860f45d4dd
primary,primary_f948566cda47,uniform_random_expected,mlp_down_all_blocks_stage4_w6,4,21.333333333333332,64,0.3333333333333333,expected_frequency,9ed386af3e565cf6ed8b4cf6119bb9126795d5b67de8900f021e06860f45d4dd
primary,primary_f948566cda47,uniform_random_expected,mlp_down_all_blocks_stage10_w6,10,21.333333333333332,64,0.3333333333333333,expected_frequency,9ed386af3e565cf6ed8b4cf6119bb9126795d5b67de8900f021e06860f45d4dd
primary,primary_f948566cda47,uniform_random_expected,mlp_down_all_blocks_stage15_w6,15,21.333333333333332,64,0.3333333333333333,expected_frequency,9ed386af3e565cf6ed8b4cf6119bb9126795d5b67de8900f021e06860f45d4dd
