family,set_id,policy,metric,units,valid_units,mean,median,Q90,Q95,Q99,max,estimand,unit,source_observations_sha256
primary,ALL,candidate_B,absolute_regret,1728,1728,0.1864829337749382,0.0,0.0,0.02527351961106899,1.5274302678147567,186.50799487293583,raw_unit_tail_descriptive_not_class_bootstrap,class_seed_set,9ed386af3e565cf6ed8b4cf6119bb9126795d5b67de8900f021e06860f45d4dd
primary,ALL,candidate_B,normalized_regret,1728,1728,0.04313539301865944,0.0,0.0,0.24177412636250184,1.0,1.0,raw_unit_tail_descriptive_not_class_bootstrap,class_seed_set,9ed386af3e565cf6ed8b4cf6119bb9126795d5b67de8900f021e06860f45d4dd
primary,ALL,constant,absolute_regret,1728,1728,0.2108042844121087,0.0,0.0,0.038122332532154704,2.0581326364566226,186.50799487293583,raw_unit_tail_descriptive_not_class_bootstrap,class_seed_set,9ed386af3e565cf6ed8b4cf6119bb9126795d5b67de8900f021e06860f45d4dd
primary,ALL,constant,normalized_regret,1728,1728,0.04601709222557546,0.0,0.0,0.29348296165092236,1.0,1.0,raw_unit_tail_descriptive_not_class_bootstrap,class_seed_set,9ed386af3e565cf6ed8b4cf6119bb9126795d5b67de8900f021e06860f45d4dd
primary,ALL,energy,absolute_regret,1728,1728,0.29280822427419656,0.0,0.10991236013759503,0.48730606862233083,3.3126008379656167,186.50799487293583,raw_unit_tail_descriptive_not_class_bootstrap,class_seed_set,9ed386af3e565cf6ed8b4cf6119bb9126795d5b67de8900f021e06860f45d4dd
primary,ALL,energy,normalized_regret,1728,1728,0.1851531505867359,0.0,1.0,1.0,1.0,1.0,raw_unit_tail_descriptive_not_class_bootstrap,class_seed_set,9ed386af3e565cf6ed8b4cf6119bb9126795d5b67de8900f021e06860f45d4dd
primary,ALL,hybrid,absolute_regret,1728,1728,0.1864829337749382,0.0,0.0,0.02527351961106899,1.5274302678147567,186.50799487293583,raw_unit_tail_descriptive_not_class_bootstrap,class_seed_set,9ed386af3e565cf6ed8b4cf6119bb9126795d5b67de8900f021e06860f45d4dd
primary,ALL,hybrid,normalized_regret,1728,1728,0.04313539301865944,0.0,0.0,0.24177412636250184,1.0,1.0,raw_unit_tail_descriptive_not_class_bootstrap,class_seed_set,9ed386af3e565cf6ed8b4cf6119bb9126795d5b67de8900f021e06860f45d4dd
primary,ALL,latest_stage,absolute_regret,1728,1728,0.019874961551830203,0.0,0.0030576197254319486,0.043997261227900424,0.5977069501238438,2.9701772721567177,raw_unit_tail_descriptive_not_class_bootstrap,class_seed_set,9ed386af3e565cf6ed8b4cf6119bb9126795d5b67de8900f021e06860f45d4dd
primary,ALL,latest_stage,normalized_regret,1728,1728,0.052226689597461996,0.0,0.021194114447830408,0.46271179540875274,1.0,1.0,raw_unit_tail_descriptive_not_class_bootstrap,class_seed_set,9ed386af3e565cf6ed8b4cf6119bb9126795d5b67de8900f021e06860f45d4dd
primary,ALL,pure_G,absolute_regret,1728,1728,0.019874961551830203,0.0,0.0030576197254319486,0.043997261227900424,0.5977069501238438,2.9701772721567177,raw_unit_tail_descriptive_not_class_bootstrap,class_seed_set,9ed386af3e565cf6ed8b4cf6119bb9126795d5b67de8900f021e06860f45d4dd
primary,ALL,pure_G,normalized_regret,1728,1728,0.052226689597461996,0.0,0.021194114447830408,0.46271179540875274,1.0,1.0,raw_unit_tail_descriptive_not_class_bootstrap,class_seed_set,9ed386af3e565cf6ed8b4cf6119bb9126795d5b67de8900f021e06860f45d4dd
primary,ALL,stage_position_only,absolute_regret,1728,1728,0.019874961551830203,0.0,0.0030576197254319486,0.043997261227900424,0.5977069501238438,2.9701772721567177,raw_unit_tail_descriptive_not_class_bootstrap,class_seed_set,9ed386af3e565cf6ed8b4cf6119bb9126795d5b67de8900f021e06860f45d4dd
primary,ALL,stage_position_only,normalized_regret,1728,1728,0.052226689597461996,0.0,0.021194114447830408,0.46271179540875274,1.0,1.0,raw_unit_tail_descriptive_not_class_bootstrap,class_seed_set,9ed386af3e565cf6ed8b4cf6119bb9126795d5b67de8900f021e06860f45d4dd
primary,ALL,uniform_random_expected,absolute_regret,1728,1728,25.991947610187225,0.06162462317085311,4.509315767790658,16.609439589610368,768.2983523054683,1065.6657456979804,raw_unit_tail_descriptive_not_class_bootstrap,class_seed_set,9ed386af3e565cf6ed8b4cf6119bb9126795d5b67de8900f021e06860f45d4dd
primary,ALL,uniform_random_expected,normalized_regret,1728,1728,0.4241443503905809,0.4001802926618233,0.5472620979262802,0.5907970894876294,0.6424146248983758,0.6632790594908019,raw_unit_tail_descriptive_not_class_bootstrap,class_seed_set,9ed386af3e565cf6ed8b4cf6119bb9126795d5b67de8900f021e06860f45d4dd
primary,primary_019d7c31a48b,candidate_B,absolute_regret,64,64,1.0462882201522903e-05,0.0,0.0,0.0,0.0002477610505320606,0.0006696244608974658,raw_unit_tail_descriptive_not_class_bootstrap,class_seed_set,9ed386af3e565cf6ed8b4cf6119bb9126795d5b67de8900f021e06860f45d4dd
primary,primary_019d7c31a48b,candidate_B,normalized_regret,64,64,0.0048186677748467575,0.0,0.0,0.0,0.11410605290837043,0.3083947375901925,raw_unit_tail_descriptive_not_class_bootstrap,class_seed_set,9ed386af3e565cf6ed8b4cf6119bb9126795d5b67de8900f021e06860f45d4dd
primary,primary_019d7c31a48b,constant,absolute_regret,64,64,1.0462882201522903e-05,0.0,0.0,0.0,0.0002477610505320606,0.0006696244608974658,raw_unit_tail_descriptive_not_class_bootstrap,class_seed_set,9ed386af3e565cf6ed8b4cf6119bb9126795d5b67de8900f021e06860f45d4dd
primary,primary_019d7c31a48b,constant,normalized_regret,64,64,0.0048186677748467575,0.0,0.0,0.0,0.11410605290837043,0.3083947375901925,raw_unit_tail_descriptive_not_class_bootstrap,class_seed_set,9ed386af3e565cf6ed8b4cf6119bb9126795d5b67de8900f021e06860f45d4dd
primary,primary_019d7c31a48b,energy,absolute_regret,64,64,0.0195959089474807,0.009354449344186833,0.031570344014804526,0.049034425775619124,0.18934956075786546,0.22080717344594805,raw_unit_tail_descriptive_not_class_bootstrap,class_seed_set,9ed386af3e565cf6ed8b4cf6119bb9126795d5b67de8900f021e06860f45d4dd
primary,primary_019d7c31a48b,energy,normalized_regret,64,64,0.8701589436263327,1.0,1.0,1.0,1.0,1.0,raw_unit_tail_descriptive_not_class_bootstrap,class_seed_set,9ed386af3e565cf6ed8b4cf6119bb9126795d5b67de8900f021e06860f45d4dd
primary,primary_019d7c31a48b,hybrid,absolute_regret,64,64,1.0462882201522903e-05,0.0,0.0,0.0,0.0002477610505320606,0.0006696244608974658,raw_unit_tail_descriptive_not_class_bootstrap,class_seed_set,9ed386af3e565cf6ed8b4cf6119bb9126795d5b67de8900f021e06860f45d4dd
primary,primary_019d7c31a48b,hybrid,normalized_regret,64,64,0.0048186677748467575,0.0,0.0,0.0,0.11410605290837043,0.3083947375901925,raw_unit_tail_descriptive_not_class_bootstrap,class_seed_set,9ed386af3e565cf6ed8b4cf6119bb9126795d5b67de8900f021e06860f45d4dd
primary,primary_019d7c31a48b,latest_stage,absolute_regret,64,64,1.0462882201522903e-05,0.0,0.0,0.0,0.0002477610505320606,0.0006696244608974658,raw_unit_tail_descriptive_not_class_bootstrap,class_seed_set,9ed386af3e565cf6ed8b4cf6119bb9126795d5b67de8900f021e06860f45d4dd
primary,primary_019d7c31a48b,latest_stage,normalized_regret,64,64,0.0048186677748467575,0.0,0.0,0.0,0.11410605290837043,0.3083947375901925,raw_unit_tail_descriptive_not_class_bootstrap,class_seed_set,9ed386af3e565cf6ed8b4cf6119bb9126795d5b67de8900f021e06860f45d4dd
primary,primary_019d7c31a48b,pure_G,absolute_regret,64,64,1.0462882201522903e-05,0.0,0.0,0.0,0.0002477610505320606,0.0006696244608974658,raw_unit_tail_descriptive_not_class_bootstrap,class_seed_set,9ed386af3e565cf6ed8b4cf6119bb9126795d5b67de8900f021e06860f45d4dd
primary,primary_019d7c31a48b,pure_G,normalized_regret,64,64,0.0048186677748467575,0.0,0.0,0.0,0.11410605290837043,0.3083947375901925,raw_unit_tail_descriptive_not_class_bootstrap,class_seed_set,9ed386af3e565cf6ed8b4cf6119bb9126795d5b67de8900f021e06860f45d4dd
primary,primary_019d7c31a48b,stage_position_only,absolute_regret,64,64,1.0462882201522903e-05,0.0,0.0,0.0,0.0002477610505320606,0.0006696244608974658,raw_unit_tail_descriptive_not_class_bootstrap,class_seed_set,9ed386af3e565cf6ed8b4cf6119bb9126795d5b67de8900f021e06860f45d4dd
primary,primary_019d7c31a48b,stage_position_only,normalized_regret,64,64,0.0048186677748467575,0.0,0.0,0.0,0.11410605290837043,0.3083947375901925,raw_unit_tail_descriptive_not_class_bootstrap,class_seed_set,9ed386af3e565cf6ed8b4cf6119bb9126795d5b67de8900f021e06860f45d4dd
primary,primary_019d7c31a48b,uniform_random_expected,absolute_regret,64,64,0.011902586273660328,0.005652850002139331,0.020901779502765793,0.04516794682553086,0.09160498478992732,0.12532047029618337,raw_unit_tail_descriptive_not_class_bootstrap,class_seed_set,9ed386af3e565cf6ed8b4cf6119bb9126795d5b67de8900f021e06860f45d4dd
primary,primary_019d7c31a48b,uniform_random_expected,normalized_regret,64,64,0.4918176231900257,0.4758685571666831,0.6079118019582284,0.625357188705599,0.6433537027829466,0.66203726511737,raw_unit_tail_descriptive_not_class_bootstrap,class_seed_set,9ed386af3e565cf6ed8b4cf6119bb9126795d5b67de8900f021e06860f45d4dd
primary,primary_39fca70e9e59,candidate_B,absolute_regret,64,64,0.001370951602149395,0.0,0.0,0.0,0.03246413393889745,0.08774090253756128,raw_unit_tail_descriptive_not_class_bootstrap,class_seed_set,9ed386af3e565cf6ed8b4cf6119bb9126795d5b67de8900f021e06860f45d4dd
primary,primary_39fca70e9e59,candidate_B,normalized_regret,64,64,0.0023412445082769055,0.0,0.0,0.0,0.05544066995599674,0.14983964852972195,raw_unit_tail_descriptive_not_class_bootstrap,class_seed_set,9ed386af3e565cf6ed8b4cf6119bb9126795d5b67de8900f021e06860f45d4dd
primary,primary_39fca70e9e59,constant,absolute_regret,64,64,0.001370951602149395,0.0,0.0,0.0,0.03246413393889745,0.08774090253756128,raw_unit_tail_descriptive_not_class_bootstrap,class_seed_set,9ed386af3e565cf6ed8b4cf6119bb9126795d5b67de8900f021e06860f45d4dd
primary,primary_39fca70e9e59,constant,normalized_regret,64,64,0.0023412445082769055,0.0,0.0,0.0,0.05544066995599674,0.14983964852972195,raw_unit_tail_descriptive_not_class_bootstrap,class_seed_set,9ed386af3e565cf6ed8b4cf6119bb9126795d5b67de8900f021e06860f45d4dd
primary,primary_39fca70e9e59,energy,absolute_regret,64,64,0.0320367096440029,0.0,0.05858487482611305,0.3234866471969271,0.4764987668352171,0.641446928865136,raw_unit_tail_descriptive_not_class_bootstrap,class_seed_set,9ed386af3e565cf6ed8b4cf6119bb9126795d5b67de8900f021e06860f45d4dd
primary,primary_39fca70e9e59,energy,normalized_regret,64,64,0.008862588158030805,0.0,0.004979826965443353,0.07765671495457382,0.15838494310062018,0.17293503926187945,raw_unit_tail_descriptive_not_class_bootstrap,class_seed_set,9ed386af3e565cf6ed8b4cf6119bb9126795d5b67de8900f021e06860f45d4dd
primary,primary_39fca70e9e59,hybrid,absolute_regret,64,64,0.001370951602149395,0.0,0.0,0.0,0.03246413393889745,0.08774090253756128,raw_unit_tail_descriptive_not_class_bootstrap,class_seed_set,9ed386af3e565cf6ed8b4cf6119bb9126795d5b67de8900f021e06860f45d4dd
primary,primary_39fca70e9e59,hybrid,normalized_regret,64,64,0.0023412445082769055,0.0,0.0,0.0,0.05544066995599674,0.14983964852972195,raw_unit_tail_descriptive_not_class_bootstrap,class_seed_set,9ed386af3e565cf6ed8b4cf6119bb9126795d5b67de8900f021e06860f45d4dd
primary,primary_39fca70e9e59,latest_stage,absolute_regret,64,64,0.001370951602149395,0.0,0.0,0.0,0.03246413393889745,0.08774090253756128,raw_unit_tail_descriptive_not_class_bootstrap,class_seed_set,9ed386af3e565cf6ed8b4cf6119bb9126795d5b67de8900f021e06860f45d4dd
primary,primary_39fca70e9e59,latest_stage,normalized_regret,64,64,0.0023412445082769055,0.0,0.0,0.0,0.05544066995599674,0.14983964852972195,raw_unit_tail_descriptive_not_class_bootstrap,class_seed_set,9ed386af3e565cf6ed8b4cf6119bb9126795d5b67de8900f021e06860f45d4dd
primary,primary_39fca70e9e59,pure_G,absolute_regret,64,64,0.001370951602149395,0.0,0.0,0.0,0.03246413393889745,0.08774090253756128,raw_unit_tail_descriptive_not_class_bootstrap,class_seed_set,9ed386af3e565cf6ed8b4cf6119bb9126795d5b67de8900f021e06860f45d4dd
primary,primary_39fca70e9e59,pure_G,normalized_regret,64,64,0.0023412445082769055,0.0,0.0,0.0,0.05544066995599674,0.14983964852972195,raw_unit_tail_descriptive_not_class_bootstrap,class_seed_set,9ed386af3e565cf6ed8b4cf6119bb9126795d5b67de8900f021e06860f45d4dd
primary,primary_39fca70e9e59,stage_position_only,absolute_regret,64,64,0.001370951602149395,0.0,0.0,0.0,0.03246413393889745,0.08774090253756128,raw_unit_tail_descriptive_not_class_bootstrap,class_seed_set,9ed386af3e565cf6ed8b4cf6119bb9126795d5b67de8900f021e06860f45d4dd
primary,primary_39fca70e9e59,stage_position_only,normalized_regret,64,64,0.0023412445082769055,0.0,0.0,0.0,0.05544066995599674,0.14983964852972195,raw_unit_tail_descriptive_not_class_bootstrap,class_seed_set,9ed386af3e565cf6ed8b4cf6119bb9126795d5b67de8900f021e06860f45d4dd
primary,primary_39fca70e9e59,uniform_random_expected,absolute_regret,64,64,2.8333014893344837,0.7594140957615565,3.7542830032150527,10.642309310207347,35.292110467496286,64.88167033240128,raw_unit_tail_descriptive_not_class_bootstrap,class_seed_set,9ed386af3e565cf6ed8b4cf6119bb9126795d5b67de8900f021e06860f45d4dd
primary,primary_39fca70e9e59,uniform_random_expected,normalized_regret,64,64,0.3928033933733598,0.37410065870857145,0.47905292326919374,0.543844217302703,0.615422989136779,0.6184877209337823,raw_unit_tail_descriptive_not_class_bootstrap,class_seed_set,9ed386af3e565cf6ed8b4cf6119bb9126795d5b67de8900f021e06860f45d4dd
primary,primary_459b032d584a,candidate_B,absolute_regret,64,64,0.0,0.0,0.0,0.0,0.0,0.0,raw_unit_tail_descriptive_not_class_bootstrap,class_seed_set,9ed386af3e565cf6ed8b4cf6119bb9126795d5b67de8900f021e06860f45d4dd
primary,primary_459b032d584a,candidate_B,normalized_regret,64,64,0.0,0.0,0.0,0.0,0.0,0.0,raw_unit_tail_descriptive_not_class_bootstrap,class_seed_set,9ed386af3e565cf6ed8b4cf6119bb9126795d5b67de8900f021e06860f45d4dd
primary,primary_459b032d584a,constant,absolute_regret,64,64,0.0,0.0,0.0,0.0,0.0,0.0,raw_unit_tail_descriptive_not_class_bootstrap,class_seed_set,9ed386af3e565cf6ed8b4cf6119bb9126795d5b67de8900f021e06860f45d4dd
primary,primary_459b032d584a,constant,normalized_regret,64,64,0.0,0.0,0.0,0.0,0.0,0.0,raw_unit_tail_descriptive_not_class_bootstrap,class_seed_set,9ed386af3e565cf6ed8b4cf6119bb9126795d5b67de8900f021e06860f45d4dd
primary,primary_459b032d584a,energy,absolute_regret,64,64,0.0,0.0,0.0,0.0,0.0,0.0,raw_unit_tail_descriptive_not_class_bootstrap,class_seed_set,9ed386af3e565cf6ed8b4cf6119bb9126795d5b67de8900f021e06860f45d4dd
primary,primary_459b032d584a,energy,normalized_regret,64,64,0.0,0.0,0.0,0.0,0.0,0.0,raw_unit_tail_descriptive_not_class_bootstrap,class_seed_set,9ed386af3e565cf6ed8b4cf6119bb9126795d5b67de8900f021e06860f45d4dd
primary,primary_459b032d584a,hybrid,absolute_regret,64,64,0.0,0.0,0.0,0.0,0.0,0.0,raw_unit_tail_descriptive_not_class_bootstrap,class_seed_set,9ed386af3e565cf6ed8b4cf6119bb9126795d5b67de8900f021e06860f45d4dd
primary,primary_459b032d584a,hybrid,normalized_regret,64,64,0.0,0.0,0.0,0.0,0.0,0.0,raw_unit_tail_descriptive_not_class_bootstrap,class_seed_set,9ed386af3e565cf6ed8b4cf6119bb9126795d5b67de8900f021e06860f45d4dd
primary,primary_459b032d584a,latest_stage,absolute_regret,64,64,0.0,0.0,0.0,0.0,0.0,0.0,raw_unit_tail_descriptive_not_class_bootstrap,class_seed_set,9ed386af3e565cf6ed8b4cf6119bb9126795d5b67de8900f021e06860f45d4dd
primary,primary_459b032d584a,latest_stage,normalized_regret,64,64,0.0,0.0,0.0,0.0,0.0,0.0,raw_unit_tail_descriptive_not_class_bootstrap,class_seed_set,9ed386af3e565cf6ed8b4cf6119bb9126795d5b67de8900f021e06860f45d4dd
primary,primary_459b032d584a,pure_G,absolute_regret,64,64,0.0,0.0,0.0,0.0,0.0,0.0,raw_unit_tail_descriptive_not_class_bootstrap,class_seed_set,9ed386af3e565cf6ed8b4cf6119bb9126795d5b67de8900f021e06860f45d4dd
primary,primary_459b032d584a,pure_G,normalized_regret,64,64,0.0,0.0,0.0,0.0,0.0,0.0,raw_unit_tail_descriptive_not_class_bootstrap,class_seed_set,9ed386af3e565cf6ed8b4cf6119bb9126795d5b67de8900f021e06860f45d4dd
primary,primary_459b032d584a,stage_position_only,absolute_regret,64,64,0.0,0.0,0.0,0.0,0.0,0.0,raw_unit_tail_descriptive_not_class_bootstrap,class_seed_set,9ed386af3e565cf6ed8b4cf6119bb9126795d5b67de8900f021e06860f45d4dd
primary,primary_459b032d584a,stage_position_only,normalized_regret,64,64,0.0,0.0,0.0,0.0,0.0,0.0,raw_unit_tail_descriptive_not_class_bootstrap,class_seed_set,9ed386af3e565cf6ed8b4cf6119bb9126795d5b67de8900f021e06860f45d4dd
primary,primary_459b032d584a,uniform_random_expected,absolute_regret,64,64,0.026867595277149565,0.013175235845037507,0.04581137796089153,0.07763870525637698,0.2655061384318221,0.26995584901912173,raw_unit_tail_descriptive_not_class_bootstrap,class_seed_set,9ed386af3e565cf6ed8b4cf6119bb9126795d5b67de8900f021e06860f45d4dd
primary,primary_459b032d584a,uniform_random_expected,normalized_regret,64,64,0.4408699036222669,0.41897376024318445,0.5579348920449566,0.5889948559280522,0.6284933970135343,0.6460825130443514,raw_unit_tail_descriptive_not_class_bootstrap,class_seed_set,9ed386af3e565cf6ed8b4cf6119bb9126795d5b67de8900f021e06860f45d4dd
primary,primary_494f26df6416,candidate_B,absolute_regret,64,64,0.24046370877653936,0.0,0.29923130032530476,1.2067976995490852,3.4831223986048325,5.59857749839296,raw_unit_tail_descriptive_not_class_bootstrap,class_seed_set,9ed386af3e565cf6ed8b4cf6119bb9126795d5b67de8900f021e06860f45d4dd
primary,primary_494f26df6416,candidate_B,normalized_regret,64,64,0.23541871984982832,0.0,1.0,1.0,1.0,1.0,raw_unit_tail_descriptive_not_class_bootstrap,class_seed_set,9ed386af3e565cf6ed8b4cf6119bb9126795d5b67de8900f021e06860f45d4dd
primary,primary_494f26df6416,constant,absolute_regret,64,64,0.913618021157313,0.025013400335010885,1.8919627618697994,5.094897712729104,14.120576742817095,18.69596083738753,raw_unit_tail_descriptive_not_class_bootstrap,class_seed_set,9ed386af3e565cf6ed8b4cf6119bb9126795d5b67de8900f021e06860f45d4dd
primary,primary_494f26df6416,constant,normalized_regret,64,64,0.25395994201463906,0.04903478318188874,1.0,1.0,1.0,1.0,raw_unit_tail_descriptive_not_class_bootstrap,class_seed_set,9ed386af3e565cf6ed8b4cf6119bb9126795d5b67de8900f021e06860f45d4dd
primary,primary_494f26df6416,energy,absolute_regret,64,64,0.8073725761380706,0.0795967593660283,1.6372752697801491,2.2180317014750273,10.594241043075279,18.69596083738753,raw_unit_tail_descriptive_not_class_bootstrap,class_seed_set,9ed386af3e565cf6ed8b4cf6119bb9126795d5b67de8900f021e06860f45d4dd
primary,primary_494f26df6416,energy,normalized_regret,64,64,0.38399680327826013,0.18161973967456585,1.0,1.0,1.0,1.0,raw_unit_tail_descriptive_not_class_bootstrap,class_seed_set,9ed386af3e565cf6ed8b4cf6119bb9126795d5b67de8900f021e06860f45d4dd
primary,primary_494f26df6416,hybrid,absolute_regret,64,64,0.24046370877653936,0.0,0.29923130032530476,1.2067976995490852,3.4831223986048325,5.59857749839296,raw_unit_tail_descriptive_not_class_bootstrap,class_seed_set,9ed386af3e565cf6ed8b4cf6119bb9126795d5b67de8900f021e06860f45d4dd
primary,primary_494f26df6416,hybrid,normalized_regret,64,64,0.23541871984982832,0.0,1.0,1.0,1.0,1.0,raw_unit_tail_descriptive_not_class_bootstrap,class_seed_set,9ed386af3e565cf6ed8b4cf6119bb9126795d5b67de8900f021e06860f45d4dd
primary,primary_494f26df6416,latest_stage,absolute_regret,64,64,0.15573932993431822,0.011786457145774407,0.3332308870955201,0.8554680824701688,1.5370832334219537,2.1035272921074153,raw_unit_tail_descriptive_not_class_bootstrap,class_seed_set,9ed386af3e565cf6ed8b4cf6119bb9126795d5b67de8900f021e06860f45d4dd
primary,primary_494f26df6416,latest_stage,normalized_regret,64,64,0.2835135621931077,0.01274792915708297,1.0,1.0,1.0,1.0,raw_unit_tail_descriptive_not_class_bootstrap,class_seed_set,9ed386af3e565cf6ed8b4cf6119bb9126795d5b67de8900f021e06860f45d4dd
primary,primary_494f26df6416,pure_G,absolute_regret,64,64,0.15573932993431822,0.011786457145774407,0.3332308870955201,0.8554680824701688,1.5370832334219537,2.1035272921074153,raw_unit_tail_descriptive_not_class_bootstrap,class_seed_set,9ed386af3e565cf6ed8b4cf6119bb9126795d5b67de8900f021e06860f45d4dd
primary,primary_494f26df6416,pure_G,normalized_regret,64,64,0.2835135621931077,0.01274792915708297,1.0,1.0,1.0,1.0,raw_unit_tail_descriptive_not_class_bootstrap,class_seed_set,9ed386af3e565cf6ed8b4cf6119bb9126795d5b67de8900f021e06860f45d4dd
primary,primary_494f26df6416,stage_position_only,absolute_regret,64,64,0.15573932993431822,0.011786457145774407,0.3332308870955201,0.8554680824701688,1.5370832334219537,2.1035272921074153,raw_unit_tail_descriptive_not_class_bootstrap,class_seed_set,9ed386af3e565cf6ed8b4cf6119bb9126795d5b67de8900f021e06860f45d4dd
primary,primary_494f26df6416,stage_position_only,normalized_regret,64,64,0.2835135621931077,0.01274792915708297,1.0,1.0,1.0,1.0,raw_unit_tail_descriptive_not_class_bootstrap,class_seed_set,9ed386af3e565cf6ed8b4cf6119bb9126795d5b67de8900f021e06860f45d4dd
primary,primary_494f26df6416,uniform_random_expected,absolute_regret,64,64,1.707816573236134,0.27956618514404435,3.5935557074107876,6.5529822658058805,20.771182028009473,36.83944987502993,raw_unit_tail_descriptive_not_class_bootstrap,class_seed_set,9ed386af3e565cf6ed8b4cf6119bb9126795d5b67de8900f021e06860f45d4dd
primary,primary_494f26df6416,uniform_random_expected,normalized_regret,64,64,0.42031280542832783,0.3965913865194671,0.541052776287573,0.5545221236442769,0.6135443363405304,0.6549675609816664,raw_unit_tail_descriptive_not_class_bootstrap,class_seed_set,9ed386af3e565cf6ed8b4cf6119bb9126795d5b67de8900f021e06860f45d4dd
primary,primary_52112c337d08,candidate_B,absolute_regret,64,64,0.015708898166519714,0.0,0.0130419201901546,0.01622573242644574,0.33642111551496195,0.7670506094364526,raw_unit_tail_descriptive_not_class_bootstrap,class_seed_set,9ed386af3e565cf6ed8b4cf6119bb9126795d5b67de8900f021e06860f45d4dd
primary,primary_52112c337d08,candidate_B,normalized_regret,64,64,0.19723156572029166,0.0,1.0,1.0,1.0,1.0,raw_unit_tail_descriptive_not_class_bootstrap,class_seed_set,9ed386af3e565cf6ed8b4cf6119bb9126795d5b67de8900f021e06860f45d4dd
primary,primary_52112c337d08,constant,absolute_regret,64,64,0.0018328482153349148,0.0,0.003958337831772952,0.012341901892772702,0.020009401158017127,0.026269262583412,raw_unit_tail_descriptive_not_class_bootstrap,class_seed_set,9ed386af3e565cf6ed8b4cf6119bb9126795d5b67de8900f021e06860f45d4dd
primary,primary_52112c337d08,constant,normalized_regret,64,64,0.1587721835108713,0.0,0.8919935795941527,1.0,1.0,1.0,raw_unit_tail_descriptive_not_class_bootstrap,class_seed_set,9ed386af3e565cf6ed8b4cf6119bb9126795d5b67de8900f021e06860f45d4dd
primary,primary_52112c337d08,energy,absolute_regret,64,64,0.06574857359761183,0.007959338358290324,0.0789692818275157,0.18611175595888133,1.2705533670859748,2.1278688733540894,raw_unit_tail_descriptive_not_class_bootstrap,class_seed_set,9ed386af3e565cf6ed8b4cf6119bb9126795d5b67de8900f021e06860f45d4dd
primary,primary_52112c337d08,energy,normalized_regret,64,64,0.39956451041415647,0.26090207443814584,1.0,1.0,1.0,1.0,raw_unit_tail_descriptive_not_class_bootstrap,class_seed_set,9ed386af3e565cf6ed8b4cf6119bb9126795d5b67de8900f021e06860f45d4dd
primary,primary_52112c337d08,hybrid,absolute_regret,64,64,0.015708898166519714,0.0,0.0130419201901546,0.01622573242644574,0.33642111551496195,0.7670506094364526,raw_unit_tail_descriptive_not_class_bootstrap,class_seed_set,9ed386af3e565cf6ed8b4cf6119bb9126795d5b67de8900f021e06860f45d4dd
primary,primary_52112c337d08,hybrid,normalized_regret,64,64,0.19723156572029166,0.0,1.0,1.0,1.0,1.0,raw_unit_tail_descriptive_not_class_bootstrap,class_seed_set,9ed386af3e565cf6ed8b4cf6119bb9126795d5b67de8900f021e06860f45d4dd
primary,primary_52112c337d08,latest_stage,absolute_regret,64,64,0.0018328482153349148,0.0,0.003958337831772952,0.012341901892772702,0.020009401158017127,0.026269262583412,raw_unit_tail_descriptive_not_class_bootstrap,class_seed_set,9ed386af3e565cf6ed8b4cf6119bb9126795d5b67de8900f021e06860f45d4dd
primary,primary_52112c337d08,latest_stage,normalized_regret,64,64,0.1587721835108713,0.0,0.8919935795941527,1.0,1.0,1.0,raw_unit_tail_descriptive_not_class_bootstrap,class_seed_set,9ed386af3e565cf6ed8b4cf6119bb9126795d5b67de8900f021e06860f45d4dd
primary,primary_52112c337d08,pure_G,absolute_regret,64,64,0.0018328482153349148,0.0,0.003958337831772952,0.012341901892772702,0.020009401158017127,0.026269262583412,raw_unit_tail_descriptive_not_class_bootstrap,class_seed_set,9ed386af3e565cf6ed8b4cf6119bb9126795d5b67de8900f021e06860f45d4dd
primary,primary_52112c337d08,pure_G,normalized_regret,64,64,0.1587721835108713,0.0,0.8919935795941527,1.0,1.0,1.0,raw_unit_tail_descriptive_not_class_bootstrap,class_seed_set,9ed386af3e565cf6ed8b4cf6119bb9126795d5b67de8900f021e06860f45d4dd
primary,primary_52112c337d08,stage_position_only,absolute_regret,64,64,0.0018328482153349148,0.0,0.003958337831772952,0.012341901892772702,0.020009401158017127,0.026269262583412,raw_unit_tail_descriptive_not_class_bootstrap,class_seed_set,9ed386af3e565cf6ed8b4cf6119bb9126795d5b67de8900f021e06860f45d4dd
primary,primary_52112c337d08,stage_position_only,normalized_regret,64,64,0.1587721835108713,0.0,0.8919935795941527,1.0,1.0,1.0,raw_unit_tail_descriptive_not_class_bootstrap,class_seed_set,9ed386af3e565cf6ed8b4cf6119bb9126795d5b67de8900f021e06860f45d4dd
primary,primary_52112c337d08,uniform_random_expected,absolute_regret,64,64,0.053704668684468417,0.012985575353717138,0.12583565030414184,0.1500771912350193,0.623134739015554,0.723813976888631,raw_unit_tail_descriptive_not_class_bootstrap,class_seed_set,9ed386af3e565cf6ed8b4cf6119bb9126795d5b67de8900f021e06860f45d4dd
primary,primary_52112c337d08,uniform_random_expected,normalized_regret,64,64,0.443423055034163,0.4332441168622021,0.5763293323846106,0.609564954341209,0.6236541391966981,0.6252526218568571,raw_unit_tail_descriptive_not_class_bootstrap,class_seed_set,9ed386af3e565cf6ed8b4cf6119bb9126795d5b67de8900f021e06860f45d4dd
primary,primary_5303e1fccdc7,candidate_B,absolute_regret,64,64,0.0,0.0,0.0,0.0,0.0,0.0,raw_unit_tail_descriptive_not_class_bootstrap,class_seed_set,9ed386af3e565cf6ed8b4cf6119bb9126795d5b67de8900f021e06860f45d4dd
primary,primary_5303e1fccdc7,candidate_B,normalized_regret,64,64,0.0,0.0,0.0,0.0,0.0,0.0,raw_unit_tail_descriptive_not_class_bootstrap,class_seed_set,9ed386af3e565cf6ed8b4cf6119bb9126795d5b67de8900f021e06860f45d4dd
primary,primary_5303e1fccdc7,constant,absolute_regret,64,64,0.0,0.0,0.0,0.0,0.0,0.0,raw_unit_tail_descriptive_not_class_bootstrap,class_seed_set,9ed386af3e565cf6ed8b4cf6119bb9126795d5b67de8900f021e06860f45d4dd
primary,primary_5303e1fccdc7,constant,normalized_regret,64,64,0.0,0.0,0.0,0.0,0.0,0.0,raw_unit_tail_descriptive_not_class_bootstrap,class_seed_set,9ed386af3e565cf6ed8b4cf6119bb9126795d5b67de8900f021e06860f45d4dd
primary,primary_5303e1fccdc7,energy,absolute_regret,64,64,0.032828383744533784,0.007432061240145059,0.033708611224351155,0.16914024773986294,0.41662308820060545,0.49127480371572574,raw_unit_tail_descriptive_not_class_bootstrap,class_seed_set,9ed386af3e565cf6ed8b4cf6119bb9126795d5b67de8900f021e06860f45d4dd
primary,primary_5303e1fccdc7,energy,normalized_regret,64,64,0.4053107035774518,0.24044641972979447,1.0,1.0,1.0,1.0,raw_unit_tail_descriptive_not_class_bootstrap,class_seed_set,9ed386af3e565cf6ed8b4cf6119bb9126795d5b67de8900f021e06860f45d4dd
primary,primary_5303e1fccdc7,hybrid,absolute_regret,64,64,0.0,0.0,0.0,0.0,0.0,0.0,raw_unit_tail_descriptive_not_class_bootstrap,class_seed_set,9ed386af3e565cf6ed8b4cf6119bb9126795d5b67de8900f021e06860f45d4dd
primary,primary_5303e1fccdc7,hybrid,normalized_regret,64,64,0.0,0.0,0.0,0.0,0.0,0.0,raw_unit_tail_descriptive_not_class_bootstrap,class_seed_set,9ed386af3e565cf6ed8b4cf6119bb9126795d5b67de8900f021e06860f45d4dd
primary,primary_5303e1fccdc7,latest_stage,absolute_regret,64,64,0.0,0.0,0.0,0.0,0.0,0.0,raw_unit_tail_descriptive_not_class_bootstrap,class_seed_set,9ed386af3e565cf6ed8b4cf6119bb9126795d5b67de8900f021e06860f45d4dd
primary,primary_5303e1fccdc7,latest_stage,normalized_regret,64,64,0.0,0.0,0.0,0.0,0.0,0.0,raw_unit_tail_descriptive_not_class_bootstrap,class_seed_set,9ed386af3e565cf6ed8b4cf6119bb9126795d5b67de8900f021e06860f45d4dd
primary,primary_5303e1fccdc7,pure_G,absolute_regret,64,64,0.0,0.0,0.0,0.0,0.0,0.0,raw_unit_tail_descriptive_not_class_bootstrap,class_seed_set,9ed386af3e565cf6ed8b4cf6119bb9126795d5b67de8900f021e06860f45d4dd
primary,primary_5303e1fccdc7,pure_G,normalized_regret,64,64,0.0,0.0,0.0,0.0,0.0,0.0,raw_unit_tail_descriptive_not_class_bootstrap,class_seed_set,9ed386af3e565cf6ed8b4cf6119bb9126795d5b67de8900f021e06860f45d4dd
primary,primary_5303e1fccdc7,stage_position_only,absolute_regret,64,64,0.0,0.0,0.0,0.0,0.0,0.0,raw_unit_tail_descriptive_not_class_bootstrap,class_seed_set,9ed386af3e565cf6ed8b4cf6119bb9126795d5b67de8900f021e06860f45d4dd
primary,primary_5303e1fccdc7,stage_position_only,normalized_regret,64,64,0.0,0.0,0.0,0.0,0.0,0.0,raw_unit_tail_descriptive_not_class_bootstrap,class_seed_set,9ed386af3e565cf6ed8b4cf6119bb9126795d5b67de8900f021e06860f45d4dd
primary,primary_5303e1fccdc7,uniform_random_expected,absolute_regret,64,64,0.031911216018532806,0.014392715802105254,0.05470973563696431,0.15952205087760588,0.23674191011814094,0.2920791090190846,raw_unit_tail_descriptive_not_class_bootstrap,class_seed_set,9ed386af3e565cf6ed8b4cf6119bb9126795d5b67de8900f021e06860f45d4dd
primary,primary_5303e1fccdc7,uniform_random_expected,normalized_regret,64,64,0.44171162484924337,0.4154396861877073,0.5577573869663722,0.6130213239550948,0.6567140840615288,0.6578299965532208,raw_unit_tail_descriptive_not_class_bootstrap,class_seed_set,9ed386af3e565cf6ed8b4cf6119bb9126795d5b67de8900f021e06860f45d4dd
primary,primary_58a05bddec17,candidate_B,absolute_regret,64,64,0.0,0.0,0.0,0.0,0.0,0.0,raw_unit_tail_descriptive_not_class_bootstrap,class_seed_set,9ed386af3e565cf6ed8b4cf6119bb9126795d5b67de8900f021e06860f45d4dd
primary,primary_58a05bddec17,candidate_B,normalized_regret,64,64,0.0,0.0,0.0,0.0,0.0,0.0,raw_unit_tail_descriptive_not_class_bootstrap,class_seed_set,9ed386af3e565cf6ed8b4cf6119bb9126795d5b67de8900f021e06860f45d4dd
primary,primary_58a05bddec17,constant,absolute_regret,64,64,0.0,0.0,0.0,0.0,0.0,0.0,raw_unit_tail_descriptive_not_class_bootstrap,class_seed_set,9ed386af3e565cf6ed8b4cf6119bb9126795d5b67de8900f021e06860f45d4dd
primary,primary_58a05bddec17,constant,normalized_regret,64,64,0.0,0.0,0.0,0.0,0.0,0.0,raw_unit_tail_descriptive_not_class_bootstrap,class_seed_set,9ed386af3e565cf6ed8b4cf6119bb9126795d5b67de8900f021e06860f45d4dd
primary,primary_58a05bddec17,energy,absolute_regret,64,64,0.0,0.0,0.0,0.0,0.0,0.0,raw_unit_tail_descriptive_not_class_bootstrap,class_seed_set,9ed386af3e565cf6ed8b4cf6119bb9126795d5b67de8900f021e06860f45d4dd
primary,primary_58a05bddec17,energy,normalized_regret,64,64,0.0,0.0,0.0,0.0,0.0,0.0,raw_unit_tail_descriptive_not_class_bootstrap,class_seed_set,9ed386af3e565cf6ed8b4cf6119bb9126795d5b67de8900f021e06860f45d4dd
primary,primary_58a05bddec17,hybrid,absolute_regret,64,64,0.0,0.0,0.0,0.0,0.0,0.0,raw_unit_tail_descriptive_not_class_bootstrap,class_seed_set,9ed386af3e565cf6ed8b4cf6119bb9126795d5b67de8900f021e06860f45d4dd
primary,primary_58a05bddec17,hybrid,normalized_regret,64,64,0.0,0.0,0.0,0.0,0.0,0.0,raw_unit_tail_descriptive_not_class_bootstrap,class_seed_set,9ed386af3e565cf6ed8b4cf6119bb9126795d5b67de8900f021e06860f45d4dd
primary,primary_58a05bddec17,latest_stage,absolute_regret,64,64,0.0,0.0,0.0,0.0,0.0,0.0,raw_unit_tail_descriptive_not_class_bootstrap,class_seed_set,9ed386af3e565cf6ed8b4cf6119bb9126795d5b67de8900f021e06860f45d4dd
primary,primary_58a05bddec17,latest_stage,normalized_regret,64,64,0.0,0.0,0.0,0.0,0.0,0.0,raw_unit_tail_descriptive_not_class_bootstrap,class_seed_set,9ed386af3e565cf6ed8b4cf6119bb9126795d5b67de8900f021e06860f45d4dd
primary,primary_58a05bddec17,pure_G,absolute_regret,64,64,0.0,0.0,0.0,0.0,0.0,0.0,raw_unit_tail_descriptive_not_class_bootstrap,class_seed_set,9ed386af3e565cf6ed8b4cf6119bb9126795d5b67de8900f021e06860f45d4dd
primary,primary_58a05bddec17,pure_G,normalized_regret,64,64,0.0,0.0,0.0,0.0,0.0,0.0,raw_unit_tail_descriptive_not_class_bootstrap,class_seed_set,9ed386af3e565cf6ed8b4cf6119bb9126795d5b67de8900f021e06860f45d4dd
primary,primary_58a05bddec17,stage_position_only,absolute_regret,64,64,0.0,0.0,0.0,0.0,0.0,0.0,raw_unit_tail_descriptive_not_class_bootstrap,class_seed_set,9ed386af3e565cf6ed8b4cf6119bb9126795d5b67de8900f021e06860f45d4dd
primary,primary_58a05bddec17,stage_position_only,normalized_regret,64,64,0.0,0.0,0.0,0.0,0.0,0.0,raw_unit_tail_descriptive_not_class_bootstrap,class_seed_set,9ed386af3e565cf6ed8b4cf6119bb9126795d5b67de8900f021e06860f45d4dd
primary,primary_58a05bddec17,uniform_random_expected,absolute_regret,64,64,0.15228793876424876,0.08370565169946609,0.376065036776771,0.46360579941248964,0.925337379182443,1.0324447750611996,raw_unit_tail_descriptive_not_class_bootstrap,class_seed_set,9ed386af3e565cf6ed8b4cf6119bb9126795d5b67de8900f021e06860f45d4dd
primary,primary_58a05bddec17,uniform_random_expected,normalized_regret,64,64,0.37049144499396724,0.363592691848256,0.41115436488132046,0.4201454424331711,0.4468048073826427,0.453954510220049,raw_unit_tail_descriptive_not_class_bootstrap,class_seed_set,9ed386af3e565cf6ed8b4cf6119bb9126795d5b67de8900f021e06860f45d4dd
primary,primary_59152023723c,candidate_B,absolute_regret,64,64,0.019131264040801566,0.0,0.0,0.0,0.46256912905641184,0.5286281493316413,raw_unit_tail_descriptive_not_class_bootstrap,class_seed_set,9ed386af3e565cf6ed8b4cf6119bb9126795d5b67de8900f021e06860f45d4dd
primary,primary_59152023723c,candidate_B,normalized_regret,64,64,0.009431649219062881,0.0,0.0,0.0,0.2715972709672537,0.325355264445698,raw_unit_tail_descriptive_not_class_bootstrap,class_seed_set,9ed386af3e565cf6ed8b4cf6119bb9126795d5b67de8900f021e06860f45d4dd
primary,primary_59152023723c,constant,absolute_regret,64,64,0.019131264040801566,0.0,0.0,0.0,0.46256912905641184,0.5286281493316413,raw_unit_tail_descriptive_not_class_bootstrap,class_seed_set,9ed386af3e565cf6ed8b4cf6119bb9126795d5b67de8900f021e06860f45d4dd
primary,primary_59152023723c,constant,normalized_regret,64,64,0.009431649219062881,0.0,0.0,0.0,0.2715972709672537,0.325355264445698,raw_unit_tail_descriptive_not_class_bootstrap,class_seed_set,9ed386af3e565cf6ed8b4cf6119bb9126795d5b67de8900f021e06860f45d4dd
primary,primary_59152023723c,energy,absolute_regret,64,64,0.019131264040801566,0.0,0.0,0.0,0.46256912905641184,0.5286281493316413,raw_unit_tail_descriptive_not_class_bootstrap,class_seed_set,9ed386af3e565cf6ed8b4cf6119bb9126795d5b67de8900f021e06860f45d4dd
primary,primary_59152023723c,energy,normalized_regret,64,64,0.009431649219062881,0.0,0.0,0.0,0.2715972709672537,0.325355264445698,raw_unit_tail_descriptive_not_class_bootstrap,class_seed_set,9ed386af3e565cf6ed8b4cf6119bb9126795d5b67de8900f021e06860f45d4dd
primary,primary_59152023723c,hybrid,absolute_regret,64,64,0.019131264040801566,0.0,0.0,0.0,0.46256912905641184,0.5286281493316413,raw_unit_tail_descriptive_not_class_bootstrap,class_seed_set,9ed386af3e565cf6ed8b4cf6119bb9126795d5b67de8900f021e06860f45d4dd
primary,primary_59152023723c,hybrid,normalized_regret,64,64,0.009431649219062881,0.0,0.0,0.0,0.2715972709672537,0.325355264445698,raw_unit_tail_descriptive_not_class_bootstrap,class_seed_set,9ed386af3e565cf6ed8b4cf6119bb9126795d5b67de8900f021e06860f45d4dd
primary,primary_59152023723c,latest_stage,absolute_regret,64,64,0.019131264040801566,0.0,0.0,0.0,0.46256912905641184,0.5286281493316413,raw_unit_tail_descriptive_not_class_bootstrap,class_seed_set,9ed386af3e565cf6ed8b4cf6119bb9126795d5b67de8900f021e06860f45d4dd
primary,primary_59152023723c,latest_stage,normalized_regret,64,64,0.009431649219062881,0.0,0.0,0.0,0.2715972709672537,0.325355264445698,raw_unit_tail_descriptive_not_class_bootstrap,class_seed_set,9ed386af3e565cf6ed8b4cf6119bb9126795d5b67de8900f021e06860f45d4dd
primary,primary_59152023723c,pure_G,absolute_regret,64,64,0.019131264040801566,0.0,0.0,0.0,0.46256912905641184,0.5286281493316413,raw_unit_tail_descriptive_not_class_bootstrap,class_seed_set,9ed386af3e565cf6ed8b4cf6119bb9126795d5b67de8900f021e06860f45d4dd
primary,primary_59152023723c,pure_G,normalized_regret,64,64,0.009431649219062881,0.0,0.0,0.0,0.2715972709672537,0.325355264445698,raw_unit_tail_descriptive_not_class_bootstrap,class_seed_set,9ed386af3e565cf6ed8b4cf6119bb9126795d5b67de8900f021e06860f45d4dd
primary,primary_59152023723c,stage_position_only,absolute_regret,64,64,0.019131264040801566,0.0,0.0,0.0,0.46256912905641184,0.5286281493316413,raw_unit_tail_descriptive_not_class_bootstrap,class_seed_set,9ed386af3e565cf6ed8b4cf6119bb9126795d5b67de8900f021e06860f45d4dd
primary,primary_59152023723c,stage_position_only,normalized_regret,64,64,0.009431649219062881,0.0,0.0,0.0,0.2715972709672537,0.325355264445698,raw_unit_tail_descriptive_not_class_bootstrap,class_seed_set,9ed386af3e565cf6ed8b4cf6119bb9126795d5b67de8900f021e06860f45d4dd
primary,primary_59152023723c,uniform_random_expected,absolute_regret,64,64,6.262079599392818,1.9356568494904893,11.292428234196791,24.97888912320977,55.95040759511334,65.95123861874721,raw_unit_tail_descriptive_not_class_bootstrap,class_seed_set,9ed386af3e565cf6ed8b4cf6119bb9126795d5b67de8900f021e06860f45d4dd
primary,primary_59152023723c,uniform_random_expected,normalized_regret,64,64,0.454799932574999,0.4372193444422578,0.5891871692348136,0.6139253582403025,0.6448314141088735,0.6484330499769203,raw_unit_tail_descriptive_not_class_bootstrap,class_seed_set,9ed386af3e565cf6ed8b4cf6119bb9126795d5b67de8900f021e06860f45d4dd
primary,primary_5e743138a0d1,candidate_B,absolute_regret,64,64,1.0495053347880896e-05,0.0,0.0,0.0,0.0002485228632778179,0.0006716834142643773,raw_unit_tail_descriptive_not_class_bootstrap,class_seed_set,9ed386af3e565cf6ed8b4cf6119bb9126795d5b67de8900f021e06860f45d4dd
primary,primary_5e743138a0d1,candidate_B,normalized_regret,64,64,0.0003637827001482977,0.0,0.0,0.0,0.00861437433951163,0.02328209280949105,raw_unit_tail_descriptive_not_class_bootstrap,class_seed_set,9ed386af3e565cf6ed8b4cf6119bb9126795d5b67de8900f021e06860f45d4dd
primary,primary_5e743138a0d1,constant,absolute_regret,64,64,1.0495053347880896e-05,0.0,0.0,0.0,0.0002485228632778179,0.0006716834142643773,raw_unit_tail_descriptive_not_class_bootstrap,class_seed_set,9ed386af3e565cf6ed8b4cf6119bb9126795d5b67de8900f021e06860f45d4dd
primary,primary_5e743138a0d1,constant,normalized_regret,64,64,0.0003637827001482977,0.0,0.0,0.0,0.00861437433951163,0.02328209280949105,raw_unit_tail_descriptive_not_class_bootstrap,class_seed_set,9ed386af3e565cf6ed8b4cf6119bb9126795d5b67de8900f021e06860f45d4dd
primary,primary_5e743138a0d1,energy,absolute_regret,64,64,0.0015485676813581928,0.0,0.0,0.005312176705197805,0.03732995950599728,0.04066953335467361,raw_unit_tail_descriptive_not_class_bootstrap,class_seed_set,9ed386af3e565cf6ed8b4cf6119bb9126795d5b67de8900f021e06860f45d4dd
primary,primary_5e743138a0d1,energy,normalized_regret,64,64,0.010393193067782608,0.0,0.0,0.021090595338027655,0.28449455696109094,0.34006034296814636,raw_unit_tail_descriptive_not_class_bootstrap,class_seed_set,9ed386af3e565cf6ed8b4cf6119bb9126795d5b67de8900f021e06860f45d4dd
primary,primary_5e743138a0d1,hybrid,absolute_regret,64,64,1.0495053347880896e-05,0.0,0.0,0.0,0.0002485228632778179,0.0006716834142643773,raw_unit_tail_descriptive_not_class_bootstrap,class_seed_set,9ed386af3e565cf6ed8b4cf6119bb9126795d5b67de8900f021e06860f45d4dd
primary,primary_5e743138a0d1,hybrid,normalized_regret,64,64,0.0003637827001482977,0.0,0.0,0.0,0.00861437433951163,0.02328209280949105,raw_unit_tail_descriptive_not_class_bootstrap,class_seed_set,9ed386af3e565cf6ed8b4cf6119bb9126795d5b67de8900f021e06860f45d4dd
primary,primary_5e743138a0d1,latest_stage,absolute_regret,64,64,1.0495053347880896e-05,0.0,0.0,0.0,0.0002485228632778179,0.0006716834142643773,raw_unit_tail_descriptive_not_class_bootstrap,class_seed_set,9ed386af3e565cf6ed8b4cf6119bb9126795d5b67de8900f021e06860f45d4dd
primary,primary_5e743138a0d1,latest_stage,normalized_regret,64,64,0.0003637827001482977,0.0,0.0,0.0,0.00861437433951163,0.02328209280949105,raw_unit_tail_descriptive_not_class_bootstrap,class_seed_set,9ed386af3e565cf6ed8b4cf6119bb9126795d5b67de8900f021e06860f45d4dd
primary,primary_5e743138a0d1,pure_G,absolute_regret,64,64,1.0495053347880896e-05,0.0,0.0,0.0,0.0002485228632778179,0.0006716834142643773,raw_unit_tail_descriptive_not_class_bootstrap,class_seed_set,9ed386af3e565cf6ed8b4cf6119bb9126795d5b67de8900f021e06860f45d4dd
primary,primary_5e743138a0d1,pure_G,normalized_regret,64,64,0.0003637827001482977,0.0,0.0,0.0,0.00861437433951163,0.02328209280949105,raw_unit_tail_descriptive_not_class_bootstrap,class_seed_set,9ed386af3e565cf6ed8b4cf6119bb9126795d5b67de8900f021e06860f45d4dd
primary,primary_5e743138a0d1,stage_position_only,absolute_regret,64,64,1.0495053347880896e-05,0.0,0.0,0.0,0.0002485228632778179,0.0006716834142643773,raw_unit_tail_descriptive_not_class_bootstrap,class_seed_set,9ed386af3e565cf6ed8b4cf6119bb9126795d5b67de8900f021e06860f45d4dd
primary,primary_5e743138a0d1,stage_position_only,normalized_regret,64,64,0.0003637827001482977,0.0,0.0,0.0,0.00861437433951163,0.02328209280949105,raw_unit_tail_descriptive_not_class_bootstrap,class_seed_set,9ed386af3e565cf6ed8b4cf6119bb9126795d5b67de8900f021e06860f45d4dd
primary,primary_5e743138a0d1,uniform_random_expected,absolute_regret,64,64,0.25079646629665847,0.09808387507439006,0.47612044503456097,0.5360731973717074,2.1713292595644647,4.075747552424779,raw_unit_tail_descriptive_not_class_bootstrap,class_seed_set,9ed386af3e565cf6ed8b4cf6119bb9126795d5b67de8900f021e06860f45d4dd
primary,primary_5e743138a0d1,uniform_random_expected,normalized_regret,64,64,0.4077707535067253,0.3978823335079746,0.47730389526552525,0.5078884665433042,0.5832557724366443,0.5869770746799432,raw_unit_tail_descriptive_not_class_bootstrap,class_seed_set,9ed386af3e565cf6ed8b4cf6119bb9126795d5b67de8900f021e06860f45d4dd
primary,primary_6c830b5fb730,candidate_B,absolute_regret,64,64,0.0,0.0,0.0,0.0,0.0,0.0,raw_unit_tail_descriptive_not_class_bootstrap,class_seed_set,9ed386af3e565cf6ed8b4cf6119bb9126795d5b67de8900f021e06860f45d4dd
primary,primary_6c830b5fb730,candidate_B,normalized_regret,64,64,0.0,0.0,0.0,0.0,0.0,0.0,raw_unit_tail_descriptive_not_class_bootstrap,class_seed_set,9ed386af3e565cf6ed8b4cf6119bb9126795d5b67de8900f021e06860f45d4dd
primary,primary_6c830b5fb730,constant,absolute_regret,64,64,0.0,0.0,0.0,0.0,0.0,0.0,raw_unit_tail_descriptive_not_class_bootstrap,class_seed_set,9ed386af3e565cf6ed8b4cf6119bb9126795d5b67de8900f021e06860f45d4dd
primary,primary_6c830b5fb730,constant,normalized_regret,64,64,0.0,0.0,0.0,0.0,0.0,0.0,raw_unit_tail_descriptive_not_class_bootstrap,class_seed_set,9ed386af3e565cf6ed8b4cf6119bb9126795d5b67de8900f021e06860f45d4dd
primary,primary_6c830b5fb730,energy,absolute_regret,64,64,0.0,0.0,0.0,0.0,0.0,0.0,raw_unit_tail_descriptive_not_class_bootstrap,class_seed_set,9ed386af3e565cf6ed8b4cf6119bb9126795d5b67de8900f021e06860f45d4dd
primary,primary_6c830b5fb730,energy,normalized_regret,64,64,0.0,0.0,0.0,0.0,0.0,0.0,raw_unit_tail_descriptive_not_class_bootstrap,class_seed_set,9ed386af3e565cf6ed8b4cf6119bb9126795d5b67de8900f021e06860f45d4dd
primary,primary_6c830b5fb730,hybrid,absolute_regret,64,64,0.0,0.0,0.0,0.0,0.0,0.0,raw_unit_tail_descriptive_not_class_bootstrap,class_seed_set,9ed386af3e565cf6ed8b4cf6119bb9126795d5b67de8900f021e06860f45d4dd
primary,primary_6c830b5fb730,hybrid,normalized_regret,64,64,0.0,0.0,0.0,0.0,0.0,0.0,raw_unit_tail_descriptive_not_class_bootstrap,class_seed_set,9ed386af3e565cf6ed8b4cf6119bb9126795d5b67de8900f021e06860f45d4dd
primary,primary_6c830b5fb730,latest_stage,absolute_regret,64,64,0.0,0.0,0.0,0.0,0.0,0.0,raw_unit_tail_descriptive_not_class_bootstrap,class_seed_set,9ed386af3e565cf6ed8b4cf6119bb9126795d5b67de8900f021e06860f45d4dd
primary,primary_6c830b5fb730,latest_stage,normalized_regret,64,64,0.0,0.0,0.0,0.0,0.0,0.0,raw_unit_tail_descriptive_not_class_bootstrap,class_seed_set,9ed386af3e565cf6ed8b4cf6119bb9126795d5b67de8900f021e06860f45d4dd
primary,primary_6c830b5fb730,pure_G,absolute_regret,64,64,0.0,0.0,0.0,0.0,0.0,0.0,raw_unit_tail_descriptive_not_class_bootstrap,class_seed_set,9ed386af3e565cf6ed8b4cf6119bb9126795d5b67de8900f021e06860f45d4dd
primary,primary_6c830b5fb730,pure_G,normalized_regret,64,64,0.0,0.0,0.0,0.0,0.0,0.0,raw_unit_tail_descriptive_not_class_bootstrap,class_seed_set,9ed386af3e565cf6ed8b4cf6119bb9126795d5b67de8900f021e06860f45d4dd
primary,primary_6c830b5fb730,stage_position_only,absolute_regret,64,64,0.0,0.0,0.0,0.0,0.0,0.0,raw_unit_tail_descriptive_not_class_bootstrap,class_seed_set,9ed386af3e565cf6ed8b4cf6119bb9126795d5b67de8900f021e06860f45d4dd
primary,primary_6c830b5fb730,stage_position_only,normalized_regret,64,64,0.0,0.0,0.0,0.0,0.0,0.0,raw_unit_tail_descriptive_not_class_bootstrap,class_seed_set,9ed386af3e565cf6ed8b4cf6119bb9126795d5b67de8900f021e06860f45d4dd
primary,primary_6c830b5fb730,uniform_random_expected,absolute_regret,64,64,0.07815763551413923,0.029456392876862005,0.1175425040375823,0.1508540910264899,1.0586093482455445,1.6101785936859112,raw_unit_tail_descriptive_not_class_bootstrap,class_seed_set,9ed386af3e565cf6ed8b4cf6119bb9126795d5b67de8900f021e06860f45d4dd
primary,primary_6c830b5fb730,uniform_random_expected,normalized_regret,64,64,0.4056347247765294,0.38422577714660766,0.473905402119079,0.5499195252086607,0.6392401987361922,0.6401358711815718,raw_unit_tail_descriptive_not_class_bootstrap,class_seed_set,9ed386af3e565cf6ed8b4cf6119bb9126795d5b67de8900f021e06860f45d4dd
primary,primary_705fa28644fa,candidate_B,absolute_regret,64,64,0.0,0.0,0.0,0.0,0.0,0.0,raw_unit_tail_descriptive_not_class_bootstrap,class_seed_set,9ed386af3e565cf6ed8b4cf6119bb9126795d5b67de8900f021e06860f45d4dd
primary,primary_705fa28644fa,candidate_B,normalized_regret,64,64,0.0,0.0,0.0,0.0,0.0,0.0,raw_unit_tail_descriptive_not_class_bootstrap,class_seed_set,9ed386af3e565cf6ed8b4cf6119bb9126795d5b67de8900f021e06860f45d4dd
primary,primary_705fa28644fa,constant,absolute_regret,64,64,0.0,0.0,0.0,0.0,0.0,0.0,raw_unit_tail_descriptive_not_class_bootstrap,class_seed_set,9ed386af3e565cf6ed8b4cf6119bb9126795d5b67de8900f021e06860f45d4dd
primary,primary_705fa28644fa,constant,normalized_regret,64,64,0.0,0.0,0.0,0.0,0.0,0.0,raw_unit_tail_descriptive_not_class_bootstrap,class_seed_set,9ed386af3e565cf6ed8b4cf6119bb9126795d5b67de8900f021e06860f45d4dd
primary,primary_705fa28644fa,energy,absolute_regret,64,64,0.00011004336822151295,0.0,0.0,0.0,0.0024304760166448556,0.0036001840964843272,raw_unit_tail_descriptive_not_class_bootstrap,class_seed_set,9ed386af3e565cf6ed8b4cf6119bb9126795d5b67de8900f021e06860f45d4dd
primary,primary_705fa28644fa,energy,normalized_regret,64,64,0.008946088393219366,0.0,0.0,0.0,0.2020213419215982,0.32237695001070216,raw_unit_tail_descriptive_not_class_bootstrap,class_seed_set,9ed386af3e565cf6ed8b4cf6119bb9126795d5b67de8900f021e06860f45d4dd
primary,primary_705fa28644fa,hybrid,absolute_regret,64,64,0.0,0.0,0.0,0.0,0.0,0.0,raw_unit_tail_descriptive_not_class_bootstrap,class_seed_set,9ed386af3e565cf6ed8b4cf6119bb9126795d5b67de8900f021e06860f45d4dd
primary,primary_705fa28644fa,hybrid,normalized_regret,64,64,0.0,0.0,0.0,0.0,0.0,0.0,raw_unit_tail_descriptive_not_class_bootstrap,class_seed_set,9ed386af3e565cf6ed8b4cf6119bb9126795d5b67de8900f021e06860f45d4dd
primary,primary_705fa28644fa,latest_stage,absolute_regret,64,64,0.0,0.0,0.0,0.0,0.0,0.0,raw_unit_tail_descriptive_not_class_bootstrap,class_seed_set,9ed386af3e565cf6ed8b4cf6119bb9126795d5b67de8900f021e06860f45d4dd
primary,primary_705fa28644fa,latest_stage,normalized_regret,64,64,0.0,0.0,0.0,0.0,0.0,0.0,raw_unit_tail_descriptive_not_class_bootstrap,class_seed_set,9ed386af3e565cf6ed8b4cf6119bb9126795d5b67de8900f021e06860f45d4dd
primary,primary_705fa28644fa,pure_G,absolute_regret,64,64,0.0,0.0,0.0,0.0,0.0,0.0,raw_unit_tail_descriptive_not_class_bootstrap,class_seed_set,9ed386af3e565cf6ed8b4cf6119bb9126795d5b67de8900f021e06860f45d4dd
primary,primary_705fa28644fa,pure_G,normalized_regret,64,64,0.0,0.0,0.0,0.0,0.0,0.0,raw_unit_tail_descriptive_not_class_bootstrap,class_seed_set,9ed386af3e565cf6ed8b4cf6119bb9126795d5b67de8900f021e06860f45d4dd
primary,primary_705fa28644fa,stage_position_only,absolute_regret,64,64,0.0,0.0,0.0,0.0,0.0,0.0,raw_unit_tail_descriptive_not_class_bootstrap,class_seed_set,9ed386af3e565cf6ed8b4cf6119bb9126795d5b67de8900f021e06860f45d4dd
primary,primary_705fa28644fa,stage_position_only,normalized_regret,64,64,0.0,0.0,0.0,0.0,0.0,0.0,raw_unit_tail_descriptive_not_class_bootstrap,class_seed_set,9ed386af3e565cf6ed8b4cf6119bb9126795d5b67de8900f021e06860f45d4dd
primary,primary_705fa28644fa,uniform_random_expected,absolute_regret,64,64,0.0329919835014957,0.009439069799194993,0.0329661661832546,0.10506662076059682,0.46245593874504587,0.9123505720945589,raw_unit_tail_descriptive_not_class_bootstrap,class_seed_set,9ed386af3e565cf6ed8b4cf6119bb9126795d5b67de8900f021e06860f45d4dd
primary,primary_705fa28644fa,uniform_random_expected,normalized_regret,64,64,0.3932229478524191,0.38516381035467906,0.44682739339872074,0.4579356356187169,0.5018793043271348,0.5503369475930098,raw_unit_tail_descriptive_not_class_bootstrap,class_seed_set,9ed386af3e565cf6ed8b4cf6119bb9126795d5b67de8900f021e06860f45d4dd
primary,primary_78aa853a8dcb,candidate_B,absolute_regret,64,64,0.0,0.0,0.0,0.0,0.0,0.0,raw_unit_tail_descriptive_not_class_bootstrap,class_seed_set,9ed386af3e565cf6ed8b4cf6119bb9126795d5b67de8900f021e06860f45d4dd
primary,primary_78aa853a8dcb,candidate_B,normalized_regret,64,64,0.0,0.0,0.0,0.0,0.0,0.0,raw_unit_tail_descriptive_not_class_bootstrap,class_seed_set,9ed386af3e565cf6ed8b4cf6119bb9126795d5b67de8900f021e06860f45d4dd
primary,primary_78aa853a8dcb,constant,absolute_regret,64,64,0.0,0.0,0.0,0.0,0.0,0.0,raw_unit_tail_descriptive_not_class_bootstrap,class_seed_set,9ed386af3e565cf6ed8b4cf6119bb9126795d5b67de8900f021e06860f45d4dd
primary,primary_78aa853a8dcb,constant,normalized_regret,64,64,0.0,0.0,0.0,0.0,0.0,0.0,raw_unit_tail_descriptive_not_class_bootstrap,class_seed_set,9ed386af3e565cf6ed8b4cf6119bb9126795d5b67de8900f021e06860f45d4dd
primary,primary_78aa853a8dcb,energy,absolute_regret,64,64,0.0,0.0,0.0,0.0,0.0,0.0,raw_unit_tail_descriptive_not_class_bootstrap,class_seed_set,9ed386af3e565cf6ed8b4cf6119bb9126795d5b67de8900f021e06860f45d4dd
primary,primary_78aa853a8dcb,energy,normalized_regret,64,64,0.0,0.0,0.0,0.0,0.0,0.0,raw_unit_tail_descriptive_not_class_bootstrap,class_seed_set,9ed386af3e565cf6ed8b4cf6119bb9126795d5b67de8900f021e06860f45d4dd
primary,primary_78aa853a8dcb,hybrid,absolute_regret,64,64,0.0,0.0,0.0,0.0,0.0,0.0,raw_unit_tail_descriptive_not_class_bootstrap,class_seed_set,9ed386af3e565cf6ed8b4cf6119bb9126795d5b67de8900f021e06860f45d4dd
primary,primary_78aa853a8dcb,hybrid,normalized_regret,64,64,0.0,0.0,0.0,0.0,0.0,0.0,raw_unit_tail_descriptive_not_class_bootstrap,class_seed_set,9ed386af3e565cf6ed8b4cf6119bb9126795d5b67de8900f021e06860f45d4dd
primary,primary_78aa853a8dcb,latest_stage,absolute_regret,64,64,0.0,0.0,0.0,0.0,0.0,0.0,raw_unit_tail_descriptive_not_class_bootstrap,class_seed_set,9ed386af3e565cf6ed8b4cf6119bb9126795d5b67de8900f021e06860f45d4dd
primary,primary_78aa853a8dcb,latest_stage,normalized_regret,64,64,0.0,0.0,0.0,0.0,0.0,0.0,raw_unit_tail_descriptive_not_class_bootstrap,class_seed_set,9ed386af3e565cf6ed8b4cf6119bb9126795d5b67de8900f021e06860f45d4dd
primary,primary_78aa853a8dcb,pure_G,absolute_regret,64,64,0.0,0.0,0.0,0.0,0.0,0.0,raw_unit_tail_descriptive_not_class_bootstrap,class_seed_set,9ed386af3e565cf6ed8b4cf6119bb9126795d5b67de8900f021e06860f45d4dd
primary,primary_78aa853a8dcb,pure_G,normalized_regret,64,64,0.0,0.0,0.0,0.0,0.0,0.0,raw_unit_tail_descriptive_not_class_bootstrap,class_seed_set,9ed386af3e565cf6ed8b4cf6119bb9126795d5b67de8900f021e06860f45d4dd
primary,primary_78aa853a8dcb,stage_position_only,absolute_regret,64,64,0.0,0.0,0.0,0.0,0.0,0.0,raw_unit_tail_descriptive_not_class_bootstrap,class_seed_set,9ed386af3e565cf6ed8b4cf6119bb9126795d5b67de8900f021e06860f45d4dd
primary,primary_78aa853a8dcb,stage_position_only,normalized_regret,64,64,0.0,0.0,0.0,0.0,0.0,0.0,raw_unit_tail_descriptive_not_class_bootstrap,class_seed_set,9ed386af3e565cf6ed8b4cf6119bb9126795d5b67de8900f021e06860f45d4dd
primary,primary_78aa853a8dcb,uniform_random_expected,absolute_regret,64,64,5.719486933725717,3.330930278056895,10.27246469411373,15.811831335076425,36.05805698615259,63.50770754690152,raw_unit_tail_descriptive_not_class_bootstrap,class_seed_set,9ed386af3e565cf6ed8b4cf6119bb9126795d5b67de8900f021e06860f45d4dd
primary,primary_78aa853a8dcb,uniform_random_expected,normalized_regret,64,64,0.3792299522343774,0.369592915749391,0.42484659676994696,0.4465976789556996,0.46732830510810824,0.48806227939521774,raw_unit_tail_descriptive_not_class_bootstrap,class_seed_set,9ed386af3e565cf6ed8b4cf6119bb9126795d5b67de8900f021e06860f45d4dd
primary,primary_8748e8c257a6,candidate_B,absolute_regret,64,64,0.0,0.0,0.0,0.0,0.0,0.0,raw_unit_tail_descriptive_not_class_bootstrap,class_seed_set,9ed386af3e565cf6ed8b4cf6119bb9126795d5b67de8900f021e06860f45d4dd
primary,primary_8748e8c257a6,candidate_B,normalized_regret,64,64,0.0,0.0,0.0,0.0,0.0,0.0,raw_unit_tail_descriptive_not_class_bootstrap,class_seed_set,9ed386af3e565cf6ed8b4cf6119bb9126795d5b67de8900f021e06860f45d4dd
primary,primary_8748e8c257a6,constant,absolute_regret,64,64,0.0,0.0,0.0,0.0,0.0,0.0,raw_unit_tail_descriptive_not_class_bootstrap,class_seed_set,9ed386af3e565cf6ed8b4cf6119bb9126795d5b67de8900f021e06860f45d4dd
primary,primary_8748e8c257a6,constant,normalized_regret,64,64,0.0,0.0,0.0,0.0,0.0,0.0,raw_unit_tail_descriptive_not_class_bootstrap,class_seed_set,9ed386af3e565cf6ed8b4cf6119bb9126795d5b67de8900f021e06860f45d4dd
primary,primary_8748e8c257a6,energy,absolute_regret,64,64,0.0,0.0,0.0,0.0,0.0,0.0,raw_unit_tail_descriptive_not_class_bootstrap,class_seed_set,9ed386af3e565cf6ed8b4cf6119bb9126795d5b67de8900f021e06860f45d4dd
primary,primary_8748e8c257a6,energy,normalized_regret,64,64,0.0,0.0,0.0,0.0,0.0,0.0,raw_unit_tail_descriptive_not_class_bootstrap,class_seed_set,9ed386af3e565cf6ed8b4cf6119bb9126795d5b67de8900f021e06860f45d4dd
primary,primary_8748e8c257a6,hybrid,absolute_regret,64,64,0.0,0.0,0.0,0.0,0.0,0.0,raw_unit_tail_descriptive_not_class_bootstrap,class_seed_set,9ed386af3e565cf6ed8b4cf6119bb9126795d5b67de8900f021e06860f45d4dd
primary,primary_8748e8c257a6,hybrid,normalized_regret,64,64,0.0,0.0,0.0,0.0,0.0,0.0,raw_unit_tail_descriptive_not_class_bootstrap,class_seed_set,9ed386af3e565cf6ed8b4cf6119bb9126795d5b67de8900f021e06860f45d4dd
primary,primary_8748e8c257a6,latest_stage,absolute_regret,64,64,0.0,0.0,0.0,0.0,0.0,0.0,raw_unit_tail_descriptive_not_class_bootstrap,class_seed_set,9ed386af3e565cf6ed8b4cf6119bb9126795d5b67de8900f021e06860f45d4dd
primary,primary_8748e8c257a6,latest_stage,normalized_regret,64,64,0.0,0.0,0.0,0.0,0.0,0.0,raw_unit_tail_descriptive_not_class_bootstrap,class_seed_set,9ed386af3e565cf6ed8b4cf6119bb9126795d5b67de8900f021e06860f45d4dd
primary,primary_8748e8c257a6,pure_G,absolute_regret,64,64,0.0,0.0,0.0,0.0,0.0,0.0,raw_unit_tail_descriptive_not_class_bootstrap,class_seed_set,9ed386af3e565cf6ed8b4cf6119bb9126795d5b67de8900f021e06860f45d4dd
primary,primary_8748e8c257a6,pure_G,normalized_regret,64,64,0.0,0.0,0.0,0.0,0.0,0.0,raw_unit_tail_descriptive_not_class_bootstrap,class_seed_set,9ed386af3e565cf6ed8b4cf6119bb9126795d5b67de8900f021e06860f45d4dd
primary,primary_8748e8c257a6,stage_position_only,absolute_regret,64,64,0.0,0.0,0.0,0.0,0.0,0.0,raw_unit_tail_descriptive_not_class_bootstrap,class_seed_set,9ed386af3e565cf6ed8b4cf6119bb9126795d5b67de8900f021e06860f45d4dd
primary,primary_8748e8c257a6,stage_position_only,normalized_regret,64,64,0.0,0.0,0.0,0.0,0.0,0.0,raw_unit_tail_descriptive_not_class_bootstrap,class_seed_set,9ed386af3e565cf6ed8b4cf6119bb9126795d5b67de8900f021e06860f45d4dd
primary,primary_8748e8c257a6,uniform_random_expected,absolute_regret,64,64,0.05062364167514111,0.02405968121378521,0.08902599135345214,0.16994741885163644,0.4777058844020313,0.7059679903717703,raw_unit_tail_descriptive_not_class_bootstrap,class_seed_set,9ed386af3e565cf6ed8b4cf6119bb9126795d5b67de8900f021e06860f45d4dd
primary,primary_8748e8c257a6,uniform_random_expected,normalized_regret,64,64,0.391145245562327,0.37965662053357774,0.4575285625425652,0.4926193556353117,0.5603870819558395,0.641497867981223,raw_unit_tail_descriptive_not_class_bootstrap,class_seed_set,9ed386af3e565cf6ed8b4cf6119bb9126795d5b67de8900f021e06860f45d4dd
primary,primary_8bc97f489508,candidate_B,absolute_regret,64,64,0.0,0.0,0.0,0.0,0.0,0.0,raw_unit_tail_descriptive_not_class_bootstrap,class_seed_set,9ed386af3e565cf6ed8b4cf6119bb9126795d5b67de8900f021e06860f45d4dd
primary,primary_8bc97f489508,candidate_B,normalized_regret,64,64,0.0,0.0,0.0,0.0,0.0,0.0,raw_unit_tail_descriptive_not_class_bootstrap,class_seed_set,9ed386af3e565cf6ed8b4cf6119bb9126795d5b67de8900f021e06860f45d4dd
primary,primary_8bc97f489508,constant,absolute_regret,64,64,0.0,0.0,0.0,0.0,0.0,0.0,raw_unit_tail_descriptive_not_class_bootstrap,class_seed_set,9ed386af3e565cf6ed8b4cf6119bb9126795d5b67de8900f021e06860f45d4dd
primary,primary_8bc97f489508,constant,normalized_regret,64,64,0.0,0.0,0.0,0.0,0.0,0.0,raw_unit_tail_descriptive_not_class_bootstrap,class_seed_set,9ed386af3e565cf6ed8b4cf6119bb9126795d5b67de8900f021e06860f45d4dd
primary,primary_8bc97f489508,energy,absolute_regret,64,64,0.0033963076366352873,0.0,0.004053604775475606,0.005973982325252786,0.05018393963792083,0.11010907837408013,raw_unit_tail_descriptive_not_class_bootstrap,class_seed_set,9ed386af3e565cf6ed8b4cf6119bb9126795d5b67de8900f021e06860f45d4dd
primary,primary_8bc97f489508,energy,normalized_regret,64,64,0.1523010543796123,0.0,0.3327617967796867,0.641257007460635,1.0,1.0,raw_unit_tail_descriptive_not_class_bootstrap,class_seed_set,9ed386af3e565cf6ed8b4cf6119bb9126795d5b67de8900f021e06860f45d4dd
primary,primary_8bc97f489508,hybrid,absolute_regret,64,64,0.0,0.0,0.0,0.0,0.0,0.0,raw_unit_tail_descriptive_not_class_bootstrap,class_seed_set,9ed386af3e565cf6ed8b4cf6119bb9126795d5b67de8900f021e06860f45d4dd
primary,primary_8bc97f489508,hybrid,normalized_regret,64,64,0.0,0.0,0.0,0.0,0.0,0.0,raw_unit_tail_descriptive_not_class_bootstrap,class_seed_set,9ed386af3e565cf6ed8b4cf6119bb9126795d5b67de8900f021e06860f45d4dd
primary,primary_8bc97f489508,latest_stage,absolute_regret,64,64,0.0,0.0,0.0,0.0,0.0,0.0,raw_unit_tail_descriptive_not_class_bootstrap,class_seed_set,9ed386af3e565cf6ed8b4cf6119bb9126795d5b67de8900f021e06860f45d4dd
primary,primary_8bc97f489508,latest_stage,normalized_regret,64,64,0.0,0.0,0.0,0.0,0.0,0.0,raw_unit_tail_descriptive_not_class_bootstrap,class_seed_set,9ed386af3e565cf6ed8b4cf6119bb9126795d5b67de8900f021e06860f45d4dd
primary,primary_8bc97f489508,pure_G,absolute_regret,64,64,0.0,0.0,0.0,0.0,0.0,0.0,raw_unit_tail_descriptive_not_class_bootstrap,class_seed_set,9ed386af3e565cf6ed8b4cf6119bb9126795d5b67de8900f021e06860f45d4dd
primary,primary_8bc97f489508,pure_G,normalized_regret,64,64,0.0,0.0,0.0,0.0,0.0,0.0,raw_unit_tail_descriptive_not_class_bootstrap,class_seed_set,9ed386af3e565cf6ed8b4cf6119bb9126795d5b67de8900f021e06860f45d4dd
primary,primary_8bc97f489508,stage_position_only,absolute_regret,64,64,0.0,0.0,0.0,0.0,0.0,0.0,raw_unit_tail_descriptive_not_class_bootstrap,class_seed_set,9ed386af3e565cf6ed8b4cf6119bb9126795d5b67de8900f021e06860f45d4dd
primary,primary_8bc97f489508,stage_position_only,normalized_regret,64,64,0.0,0.0,0.0,0.0,0.0,0.0,raw_unit_tail_descriptive_not_class_bootstrap,class_seed_set,9ed386af3e565cf6ed8b4cf6119bb9126795d5b67de8900f021e06860f45d4dd
primary,primary_8bc97f489508,uniform_random_expected,absolute_regret,64,64,0.013842134218650104,0.004789830635512378,0.015573107715600071,0.0400419968263023,0.18205400306083722,0.347124944757752,raw_unit_tail_descriptive_not_class_bootstrap,class_seed_set,9ed386af3e565cf6ed8b4cf6119bb9126795d5b67de8900f021e06860f45d4dd
primary,primary_8bc97f489508,uniform_random_expected,normalized_regret,64,64,0.42360235422975423,0.4144191727014608,0.5075873694333898,0.5230101636125591,0.5764247844412664,0.6012844696430615,raw_unit_tail_descriptive_not_class_bootstrap,class_seed_set,9ed386af3e565cf6ed8b4cf6119bb9126795d5b67de8900f021e06860f45d4dd
primary,primary_903cdd7eae0a,candidate_B,absolute_regret,64,64,0.0,0.0,0.0,0.0,0.0,0.0,raw_unit_tail_descriptive_not_class_bootstrap,class_seed_set,9ed386af3e565cf6ed8b4cf6119bb9126795d5b67de8900f021e06860f45d4dd
primary,primary_903cdd7eae0a,candidate_B,normalized_regret,64,64,0.0,0.0,0.0,0.0,0.0,0.0,raw_unit_tail_descriptive_not_class_bootstrap,class_seed_set,9ed386af3e565cf6ed8b4cf6119bb9126795d5b67de8900f021e06860f45d4dd
primary,primary_903cdd7eae0a,constant,absolute_regret,64,64,0.0,0.0,0.0,0.0,0.0,0.0,raw_unit_tail_descriptive_not_class_bootstrap,class_seed_set,9ed386af3e565cf6ed8b4cf6119bb9126795d5b67de8900f021e06860f45d4dd
primary,primary_903cdd7eae0a,constant,normalized_regret,64,64,0.0,0.0,0.0,0.0,0.0,0.0,raw_unit_tail_descriptive_not_class_bootstrap,class_seed_set,9ed386af3e565cf6ed8b4cf6119bb9126795d5b67de8900f021e06860f45d4dd
primary,primary_903cdd7eae0a,energy,absolute_regret,64,64,0.02734155037476982,0.00831804722432139,0.07569325027503879,0.09700463202509296,0.28877356141176425,0.4158521702584608,raw_unit_tail_descriptive_not_class_bootstrap,class_seed_set,9ed386af3e565cf6ed8b4cf6119bb9126795d5b67de8900f021e06860f45d4dd
primary,primary_903cdd7eae0a,energy,normalized_regret,64,64,0.8470821759848443,1.0,1.0,1.0,1.0,1.0,raw_unit_tail_descriptive_not_class_bootstrap,class_seed_set,9ed386af3e565cf6ed8b4cf6119bb9126795d5b67de8900f021e06860f45d4dd
primary,primary_903cdd7eae0a,hybrid,absolute_regret,64,64,0.0,0.0,0.0,0.0,0.0,0.0,raw_unit_tail_descriptive_not_class_bootstrap,class_seed_set,9ed386af3e565cf6ed8b4cf6119bb9126795d5b67de8900f021e06860f45d4dd
primary,primary_903cdd7eae0a,hybrid,normalized_regret,64,64,0.0,0.0,0.0,0.0,0.0,0.0,raw_unit_tail_descriptive_not_class_bootstrap,class_seed_set,9ed386af3e565cf6ed8b4cf6119bb9126795d5b67de8900f021e06860f45d4dd
primary,primary_903cdd7eae0a,latest_stage,absolute_regret,64,64,0.0,0.0,0.0,0.0,0.0,0.0,raw_unit_tail_descriptive_not_class_bootstrap,class_seed_set,9ed386af3e565cf6ed8b4cf6119bb9126795d5b67de8900f021e06860f45d4dd
primary,primary_903cdd7eae0a,latest_stage,normalized_regret,64,64,0.0,0.0,0.0,0.0,0.0,0.0,raw_unit_tail_descriptive_not_class_bootstrap,class_seed_set,9ed386af3e565cf6ed8b4cf6119bb9126795d5b67de8900f021e06860f45d4dd
primary,primary_903cdd7eae0a,pure_G,absolute_regret,64,64,0.0,0.0,0.0,0.0,0.0,0.0,raw_unit_tail_descriptive_not_class_bootstrap,class_seed_set,9ed386af3e565cf6ed8b4cf6119bb9126795d5b67de8900f021e06860f45d4dd
primary,primary_903cdd7eae0a,pure_G,normalized_regret,64,64,0.0,0.0,0.0,0.0,0.0,0.0,raw_unit_tail_descriptive_not_class_bootstrap,class_seed_set,9ed386af3e565cf6ed8b4cf6119bb9126795d5b67de8900f021e06860f45d4dd
primary,primary_903cdd7eae0a,stage_position_only,absolute_regret,64,64,0.0,0.0,0.0,0.0,0.0,0.0,raw_unit_tail_descriptive_not_class_bootstrap,class_seed_set,9ed386af3e565cf6ed8b4cf6119bb9126795d5b67de8900f021e06860f45d4dd
primary,primary_903cdd7eae0a,stage_position_only,normalized_regret,64,64,0.0,0.0,0.0,0.0,0.0,0.0,raw_unit_tail_descriptive_not_class_bootstrap,class_seed_set,9ed386af3e565cf6ed8b4cf6119bb9126795d5b67de8900f021e06860f45d4dd
primary,primary_903cdd7eae0a,uniform_random_expected,absolute_regret,64,64,0.012965305023920756,0.005078349304066402,0.03532113806471317,0.05090802255602679,0.10581208710210294,0.1408693111167736,raw_unit_tail_descriptive_not_class_bootstrap,class_seed_set,9ed386af3e565cf6ed8b4cf6119bb9126795d5b67de8900f021e06860f45d4dd
primary,primary_903cdd7eae0a,uniform_random_expected,normalized_regret,64,64,0.47420559721775846,0.47200186564866653,0.5947294198668548,0.6113794247445146,0.66242580151612,0.6632790594908019,raw_unit_tail_descriptive_not_class_bootstrap,class_seed_set,9ed386af3e565cf6ed8b4cf6119bb9126795d5b67de8900f021e06860f45d4dd
primary,primary_9688e435275c,candidate_B,absolute_regret,64,64,0.0009734730871313595,0.0,0.0,0.0,0.02399968570595737,0.04048410238313238,raw_unit_tail_descriptive_not_class_bootstrap,class_seed_set,9ed386af3e565cf6ed8b4cf6119bb9126795d5b67de8900f021e06860f45d4dd
primary,primary_9688e435275c,candidate_B,normalized_regret,64,64,0.002013579457784636,0.0,0.0,0.0,0.058162635776691236,0.06547525449352495,raw_unit_tail_descriptive_not_class_bootstrap,class_seed_set,9ed386af3e565cf6ed8b4cf6119bb9126795d5b67de8900f021e06860f45d4dd
primary,primary_9688e435275c,constant,absolute_regret,64,64,0.0009734730871313595,0.0,0.0,0.0,0.02399968570595737,0.04048410238313238,raw_unit_tail_descriptive_not_class_bootstrap,class_seed_set,9ed386af3e565cf6ed8b4cf6119bb9126795d5b67de8900f021e06860f45d4dd
primary,primary_9688e435275c,constant,normalized_regret,64,64,0.002013579457784636,0.0,0.0,0.0,0.058162635776691236,0.06547525449352495,raw_unit_tail_descriptive_not_class_bootstrap,class_seed_set,9ed386af3e565cf6ed8b4cf6119bb9126795d5b67de8900f021e06860f45d4dd
primary,primary_9688e435275c,energy,absolute_regret,64,64,0.524693746493313,0.05027378994873999,1.2490456292082484,2.0506758913719914,5.654115055676007,9.120213269433151,raw_unit_tail_descriptive_not_class_bootstrap,class_seed_set,9ed386af3e565cf6ed8b4cf6119bb9126795d5b67de8900f021e06860f45d4dd
primary,primary_9688e435275c,energy,normalized_regret,64,64,0.2352857539781847,0.07177177233922433,0.7976825275052274,1.0,1.0,1.0,raw_unit_tail_descriptive_not_class_bootstrap,class_seed_set,9ed386af3e565cf6ed8b4cf6119bb9126795d5b67de8900f021e06860f45d4dd
primary,primary_9688e435275c,hybrid,absolute_regret,64,64,0.0009734730871313595,0.0,0.0,0.0,0.02399968570595737,0.04048410238313238,raw_unit_tail_descriptive_not_class_bootstrap,class_seed_set,9ed386af3e565cf6ed8b4cf6119bb9126795d5b67de8900f021e06860f45d4dd
primary,primary_9688e435275c,hybrid,normalized_regret,64,64,0.002013579457784636,0.0,0.0,0.0,0.058162635776691236,0.06547525449352495,raw_unit_tail_descriptive_not_class_bootstrap,class_seed_set,9ed386af3e565cf6ed8b4cf6119bb9126795d5b67de8900f021e06860f45d4dd
primary,primary_9688e435275c,latest_stage,absolute_regret,64,64,0.0009734730871313595,0.0,0.0,0.0,0.02399968570595737,0.04048410238313238,raw_unit_tail_descriptive_not_class_bootstrap,class_seed_set,9ed386af3e565cf6ed8b4cf6119bb9126795d5b67de8900f021e06860f45d4dd
primary,primary_9688e435275c,latest_stage,normalized_regret,64,64,0.002013579457784636,0.0,0.0,0.0,0.058162635776691236,0.06547525449352495,raw_unit_tail_descriptive_not_class_bootstrap,class_seed_set,9ed386af3e565cf6ed8b4cf6119bb9126795d5b67de8900f021e06860f45d4dd
primary,primary_9688e435275c,pure_G,absolute_regret,64,64,0.0009734730871313595,0.0,0.0,0.0,0.02399968570595737,0.04048410238313238,raw_unit_tail_descriptive_not_class_bootstrap,class_seed_set,9ed386af3e565cf6ed8b4cf6119bb9126795d5b67de8900f021e06860f45d4dd
primary,primary_9688e435275c,pure_G,normalized_regret,64,64,0.002013579457784636,0.0,0.0,0.0,0.058162635776691236,0.06547525449352495,raw_unit_tail_descriptive_not_class_bootstrap,class_seed_set,9ed386af3e565cf6ed8b4cf6119bb9126795d5b67de8900f021e06860f45d4dd
primary,primary_9688e435275c,stage_position_only,absolute_regret,64,64,0.0009734730871313595,0.0,0.0,0.0,0.02399968570595737,0.04048410238313238,raw_unit_tail_descriptive_not_class_bootstrap,class_seed_set,9ed386af3e565cf6ed8b4cf6119bb9126795d5b67de8900f021e06860f45d4dd
primary,primary_9688e435275c,stage_position_only,normalized_regret,64,64,0.002013579457784636,0.0,0.0,0.0,0.058162635776691236,0.06547525449352495,raw_unit_tail_descriptive_not_class_bootstrap,class_seed_set,9ed386af3e565cf6ed8b4cf6119bb9126795d5b67de8900f021e06860f45d4dd
primary,primary_9688e435275c,uniform_random_expected,absolute_regret,64,64,1.480963107869064,0.5441082689017047,3.9738043452784653,6.799028838113376,8.024613049028419,9.036573326365064,raw_unit_tail_descriptive_not_class_bootstrap,class_seed_set,9ed386af3e565cf6ed8b4cf6119bb9126795d5b67de8900f021e06860f45d4dd
primary,primary_9688e435275c,uniform_random_expected,normalized_regret,64,64,0.4425881987654044,0.41603879880636563,0.5589610771102735,0.6100546980068269,0.6418885799834313,0.6600383628809817,raw_unit_tail_descriptive_not_class_bootstrap,class_seed_set,9ed386af3e565cf6ed8b4cf6119bb9126795d5b67de8900f021e06860f45d4dd
primary,primary_98d1f6d8741d,candidate_B,absolute_regret,64,64,0.0,0.0,0.0,0.0,0.0,0.0,raw_unit_tail_descriptive_not_class_bootstrap,class_seed_set,9ed386af3e565cf6ed8b4cf6119bb9126795d5b67de8900f021e06860f45d4dd
primary,primary_98d1f6d8741d,candidate_B,normalized_regret,64,64,0.0,0.0,0.0,0.0,0.0,0.0,raw_unit_tail_descriptive_not_class_bootstrap,class_seed_set,9ed386af3e565cf6ed8b4cf6119bb9126795d5b67de8900f021e06860f45d4dd
primary,primary_98d1f6d8741d,constant,absolute_regret,64,64,0.0,0.0,0.0,0.0,0.0,0.0,raw_unit_tail_descriptive_not_class_bootstrap,class_seed_set,9ed386af3e565cf6ed8b4cf6119bb9126795d5b67de8900f021e06860f45d4dd
primary,primary_98d1f6d8741d,constant,normalized_regret,64,64,0.0,0.0,0.0,0.0,0.0,0.0,raw_unit_tail_descriptive_not_class_bootstrap,class_seed_set,9ed386af3e565cf6ed8b4cf6119bb9126795d5b67de8900f021e06860f45d4dd
primary,primary_98d1f6d8741d,energy,absolute_regret,64,64,0.008591542282302078,0.0025697765171344145,0.020309813220723078,0.04715757089009113,0.08043559970561998,0.09071908858504685,raw_unit_tail_descriptive_not_class_bootstrap,class_seed_set,9ed386af3e565cf6ed8b4cf6119bb9126795d5b67de8900f021e06860f45d4dd
primary,primary_98d1f6d8741d,energy,normalized_regret,64,64,0.2509901808454193,0.1547016191337532,0.7237459707838937,0.8544122553408892,1.0,1.0,raw_unit_tail_descriptive_not_class_bootstrap,class_seed_set,9ed386af3e565cf6ed8b4cf6119bb9126795d5b67de8900f021e06860f45d4dd
primary,primary_98d1f6d8741d,hybrid,absolute_regret,64,64,0.0,0.0,0.0,0.0,0.0,0.0,raw_unit_tail_descriptive_not_class_bootstrap,class_seed_set,9ed386af3e565cf6ed8b4cf6119bb9126795d5b67de8900f021e06860f45d4dd
primary,primary_98d1f6d8741d,hybrid,normalized_regret,64,64,0.0,0.0,0.0,0.0,0.0,0.0,raw_unit_tail_descriptive_not_class_bootstrap,class_seed_set,9ed386af3e565cf6ed8b4cf6119bb9126795d5b67de8900f021e06860f45d4dd
primary,primary_98d1f6d8741d,latest_stage,absolute_regret,64,64,0.0,0.0,0.0,0.0,0.0,0.0,raw_unit_tail_descriptive_not_class_bootstrap,class_seed_set,9ed386af3e565cf6ed8b4cf6119bb9126795d5b67de8900f021e06860f45d4dd
primary,primary_98d1f6d8741d,latest_stage,normalized_regret,64,64,0.0,0.0,0.0,0.0,0.0,0.0,raw_unit_tail_descriptive_not_class_bootstrap,class_seed_set,9ed386af3e565cf6ed8b4cf6119bb9126795d5b67de8900f021e06860f45d4dd
primary,primary_98d1f6d8741d,pure_G,absolute_regret,64,64,0.0,0.0,0.0,0.0,0.0,0.0,raw_unit_tail_descriptive_not_class_bootstrap,class_seed_set,9ed386af3e565cf6ed8b4cf6119bb9126795d5b67de8900f021e06860f45d4dd
primary,primary_98d1f6d8741d,pure_G,normalized_regret,64,64,0.0,0.0,0.0,0.0,0.0,0.0,raw_unit_tail_descriptive_not_class_bootstrap,class_seed_set,9ed386af3e565cf6ed8b4cf6119bb9126795d5b67de8900f021e06860f45d4dd
primary,primary_98d1f6d8741d,stage_position_only,absolute_regret,64,64,0.0,0.0,0.0,0.0,0.0,0.0,raw_unit_tail_descriptive_not_class_bootstrap,class_seed_set,9ed386af3e565cf6ed8b4cf6119bb9126795d5b67de8900f021e06860f45d4dd
primary,primary_98d1f6d8741d,stage_position_only,normalized_regret,64,64,0.0,0.0,0.0,0.0,0.0,0.0,raw_unit_tail_descriptive_not_class_bootstrap,class_seed_set,9ed386af3e565cf6ed8b4cf6119bb9126795d5b67de8900f021e06860f45d4dd
primary,primary_98d1f6d8741d,uniform_random_expected,absolute_regret,64,64,0.037534174183987905,0.007668743640126152,0.023581683709360732,0.04222470876402242,0.6711777172820043,1.5353029526802022,raw_unit_tail_descriptive_not_class_bootstrap,class_seed_set,9ed386af3e565cf6ed8b4cf6119bb9126795d5b67de8900f021e06860f45d4dd
primary,primary_98d1f6d8741d,uniform_random_expected,normalized_regret,64,64,0.4568623328176511,0.43247201714438993,0.5949074565653932,0.6181374184469631,0.6541974358108946,0.6618633845073657,raw_unit_tail_descriptive_not_class_bootstrap,class_seed_set,9ed386af3e565cf6ed8b4cf6119bb9126795d5b67de8900f021e06860f45d4dd
primary,primary_a8226b7ab73c,candidate_B,absolute_regret,64,64,3.123345731381746e-06,0.0,0.0,0.0,7.396082691911924e-05,0.00019989412680843175,raw_unit_tail_descriptive_not_class_bootstrap,class_seed_set,9ed386af3e565cf6ed8b4cf6119bb9126795d5b67de8900f021e06860f45d4dd
primary,primary_a8226b7ab73c,candidate_B,normalized_regret,64,64,0.00011379185144980164,0.0,0.0,0.0,0.002694591042331284,0.007282678492787305,raw_unit_tail_descriptive_not_class_bootstrap,class_seed_set,9ed386af3e565cf6ed8b4cf6119bb9126795d5b67de8900f021e06860f45d4dd
primary,primary_a8226b7ab73c,constant,absolute_regret,64,64,3.123345731381746e-06,0.0,0.0,0.0,7.396082691911924e-05,0.00019989412680843175,raw_unit_tail_descriptive_not_class_bootstrap,class_seed_set,9ed386af3e565cf6ed8b4cf6119bb9126795d5b67de8900f021e06860f45d4dd
primary,primary_a8226b7ab73c,constant,normalized_regret,64,64,0.00011379185144980164,0.0,0.0,0.0,0.002694591042331284,0.007282678492787305,raw_unit_tail_descriptive_not_class_bootstrap,class_seed_set,9ed386af3e565cf6ed8b4cf6119bb9126795d5b67de8900f021e06860f45d4dd
primary,primary_a8226b7ab73c,energy,absolute_regret,64,64,0.013929863319892877,0.004842181668948342,0.025690982819713437,0.06509579977947194,0.1361645858728962,0.15611040508707671,raw_unit_tail_descriptive_not_class_bootstrap,class_seed_set,9ed386af3e565cf6ed8b4cf6119bb9126795d5b67de8900f021e06860f45d4dd
primary,primary_a8226b7ab73c,energy,normalized_regret,64,64,0.1731949388201372,0.07155994317666067,0.5796561940364918,0.7560829136809989,1.0,1.0,raw_unit_tail_descriptive_not_class_bootstrap,class_seed_set,9ed386af3e565cf6ed8b4cf6119bb9126795d5b67de8900f021e06860f45d4dd
primary,primary_a8226b7ab73c,hybrid,absolute_regret,64,64,3.123345731381746e-06,0.0,0.0,0.0,7.396082691911924e-05,0.00019989412680843175,raw_unit_tail_descriptive_not_class_bootstrap,class_seed_set,9ed386af3e565cf6ed8b4cf6119bb9126795d5b67de8900f021e06860f45d4dd
primary,primary_a8226b7ab73c,hybrid,normalized_regret,64,64,0.00011379185144980164,0.0,0.0,0.0,0.002694591042331284,0.007282678492787305,raw_unit_tail_descriptive_not_class_bootstrap,class_seed_set,9ed386af3e565cf6ed8b4cf6119bb9126795d5b67de8900f021e06860f45d4dd
primary,primary_a8226b7ab73c,latest_stage,absolute_regret,64,64,3.123345731381746e-06,0.0,0.0,0.0,7.396082691911924e-05,0.00019989412680843175,raw_unit_tail_descriptive_not_class_bootstrap,class_seed_set,9ed386af3e565cf6ed8b4cf6119bb9126795d5b67de8900f021e06860f45d4dd
primary,primary_a8226b7ab73c,latest_stage,normalized_regret,64,64,0.00011379185144980164,0.0,0.0,0.0,0.002694591042331284,0.007282678492787305,raw_unit_tail_descriptive_not_class_bootstrap,class_seed_set,9ed386af3e565cf6ed8b4cf6119bb9126795d5b67de8900f021e06860f45d4dd
primary,primary_a8226b7ab73c,pure_G,absolute_regret,64,64,3.123345731381746e-06,0.0,0.0,0.0,7.396082691911924e-05,0.00019989412680843175,raw_unit_tail_descriptive_not_class_bootstrap,class_seed_set,9ed386af3e565cf6ed8b4cf6119bb9126795d5b67de8900f021e06860f45d4dd
primary,primary_a8226b7ab73c,pure_G,normalized_regret,64,64,0.00011379185144980164,0.0,0.0,0.0,0.002694591042331284,0.007282678492787305,raw_unit_tail_descriptive_not_class_bootstrap,class_seed_set,9ed386af3e565cf6ed8b4cf6119bb9126795d5b67de8900f021e06860f45d4dd
primary,primary_a8226b7ab73c,stage_position_only,absolute_regret,64,64,3.123345731381746e-06,0.0,0.0,0.0,7.396082691911924e-05,0.00019989412680843175,raw_unit_tail_descriptive_not_class_bootstrap,class_seed_set,9ed386af3e565cf6ed8b4cf6119bb9126795d5b67de8900f021e06860f45d4dd
primary,primary_a8226b7ab73c,stage_position_only,normalized_regret,64,64,0.00011379185144980164,0.0,0.0,0.0,0.002694591042331284,0.007282678492787305,raw_unit_tail_descriptive_not_class_bootstrap,class_seed_set,9ed386af3e565cf6ed8b4cf6119bb9126795d5b67de8900f021e06860f45d4dd
primary,primary_a8226b7ab73c,uniform_random_expected,absolute_regret,64,64,1.0482189347717903,0.022243118590665748,0.15319238941523233,0.44703421465493526,23.902533932385452,62.25420235312319,raw_unit_tail_descriptive_not_class_bootstrap,class_seed_set,9ed386af3e565cf6ed8b4cf6119bb9126795d5b67de8900f021e06860f45d4dd
primary,primary_a8226b7ab73c,uniform_random_expected,normalized_regret,64,64,0.3814403518624546,0.35590280007779035,0.4505474128276077,0.5535918074254552,0.607704278218007,0.6415993426529409,raw_unit_tail_descriptive_not_class_bootstrap,class_seed_set,9ed386af3e565cf6ed8b4cf6119bb9126795d5b67de8900f021e06860f45d4dd
primary,primary_abefa8b91ecd,candidate_B,absolute_regret,64,64,0.0,0.0,0.0,0.0,0.0,0.0,raw_unit_tail_descriptive_not_class_bootstrap,class_seed_set,9ed386af3e565cf6ed8b4cf6119bb9126795d5b67de8900f021e06860f45d4dd
primary,primary_abefa8b91ecd,candidate_B,normalized_regret,64,64,0.0,0.0,0.0,0.0,0.0,0.0,raw_unit_tail_descriptive_not_class_bootstrap,class_seed_set,9ed386af3e565cf6ed8b4cf6119bb9126795d5b67de8900f021e06860f45d4dd
primary,primary_abefa8b91ecd,constant,absolute_regret,64,64,0.0,0.0,0.0,0.0,0.0,0.0,raw_unit_tail_descriptive_not_class_bootstrap,class_seed_set,9ed386af3e565cf6ed8b4cf6119bb9126795d5b67de8900f021e06860f45d4dd
primary,primary_abefa8b91ecd,constant,normalized_regret,64,64,0.0,0.0,0.0,0.0,0.0,0.0,raw_unit_tail_descriptive_not_class_bootstrap,class_seed_set,9ed386af3e565cf6ed8b4cf6119bb9126795d5b67de8900f021e06860f45d4dd
primary,primary_abefa8b91ecd,energy,absolute_regret,64,64,0.0,0.0,0.0,0.0,0.0,0.0,raw_unit_tail_descriptive_not_class_bootstrap,class_seed_set,9ed386af3e565cf6ed8b4cf6119bb9126795d5b67de8900f021e06860f45d4dd
primary,primary_abefa8b91ecd,energy,normalized_regret,64,64,0.0,0.0,0.0,0.0,0.0,0.0,raw_unit_tail_descriptive_not_class_bootstrap,class_seed_set,9ed386af3e565cf6ed8b4cf6119bb9126795d5b67de8900f021e06860f45d4dd
primary,primary_abefa8b91ecd,hybrid,absolute_regret,64,64,0.0,0.0,0.0,0.0,0.0,0.0,raw_unit_tail_descriptive_not_class_bootstrap,class_seed_set,9ed386af3e565cf6ed8b4cf6119bb9126795d5b67de8900f021e06860f45d4dd
primary,primary_abefa8b91ecd,hybrid,normalized_regret,64,64,0.0,0.0,0.0,0.0,0.0,0.0,raw_unit_tail_descriptive_not_class_bootstrap,class_seed_set,9ed386af3e565cf6ed8b4cf6119bb9126795d5b67de8900f021e06860f45d4dd
primary,primary_abefa8b91ecd,latest_stage,absolute_regret,64,64,0.0,0.0,0.0,0.0,0.0,0.0,raw_unit_tail_descriptive_not_class_bootstrap,class_seed_set,9ed386af3e565cf6ed8b4cf6119bb9126795d5b67de8900f021e06860f45d4dd
primary,primary_abefa8b91ecd,latest_stage,normalized_regret,64,64,0.0,0.0,0.0,0.0,0.0,0.0,raw_unit_tail_descriptive_not_class_bootstrap,class_seed_set,9ed386af3e565cf6ed8b4cf6119bb9126795d5b67de8900f021e06860f45d4dd
primary,primary_abefa8b91ecd,pure_G,absolute_regret,64,64,0.0,0.0,0.0,0.0,0.0,0.0,raw_unit_tail_descriptive_not_class_bootstrap,class_seed_set,9ed386af3e565cf6ed8b4cf6119bb9126795d5b67de8900f021e06860f45d4dd
primary,primary_abefa8b91ecd,pure_G,normalized_regret,64,64,0.0,0.0,0.0,0.0,0.0,0.0,raw_unit_tail_descriptive_not_class_bootstrap,class_seed_set,9ed386af3e565cf6ed8b4cf6119bb9126795d5b67de8900f021e06860f45d4dd
primary,primary_abefa8b91ecd,stage_position_only,absolute_regret,64,64,0.0,0.0,0.0,0.0,0.0,0.0,raw_unit_tail_descriptive_not_class_bootstrap,class_seed_set,9ed386af3e565cf6ed8b4cf6119bb9126795d5b67de8900f021e06860f45d4dd
primary,primary_abefa8b91ecd,stage_position_only,normalized_regret,64,64,0.0,0.0,0.0,0.0,0.0,0.0,raw_unit_tail_descriptive_not_class_bootstrap,class_seed_set,9ed386af3e565cf6ed8b4cf6119bb9126795d5b67de8900f021e06860f45d4dd
primary,primary_abefa8b91ecd,uniform_random_expected,absolute_regret,64,64,666.8982699569409,638.8891027933416,960.7631357116175,1005.5355568775858,1049.6677079656358,1065.6657456979804,raw_unit_tail_descriptive_not_class_bootstrap,class_seed_set,9ed386af3e565cf6ed8b4cf6119bb9126795d5b67de8900f021e06860f45d4dd
primary,primary_abefa8b91ecd,uniform_random_expected,normalized_regret,64,64,0.4291345821888588,0.42241330077078665,0.48521610996512166,0.49601025412203825,0.5032576340854318,0.5124393245778429,raw_unit_tail_descriptive_not_class_bootstrap,class_seed_set,9ed386af3e565cf6ed8b4cf6119bb9126795d5b67de8900f021e06860f45d4dd
primary,primary_c3b87c54a36d,candidate_B,absolute_regret,64,64,0.00019379065653341016,0.0,0.0,0.0,0.005937899814332466,0.00621432043294589,raw_unit_tail_descriptive_not_class_bootstrap,class_seed_set,9ed386af3e565cf6ed8b4cf6119bb9126795d5b67de8900f021e06860f45d4dd
primary,primary_c3b87c54a36d,candidate_B,normalized_regret,64,64,0.004704792204078572,0.0,0.0,0.0,0.1316885389138979,0.2036243963016413,raw_unit_tail_descriptive_not_class_bootstrap,class_seed_set,9ed386af3e565cf6ed8b4cf6119bb9126795d5b67de8900f021e06860f45d4dd
primary,primary_c3b87c54a36d,constant,absolute_regret,64,64,0.00019379065653341016,0.0,0.0,0.0,0.005937899814332466,0.00621432043294589,raw_unit_tail_descriptive_not_class_bootstrap,class_seed_set,9ed386af3e565cf6ed8b4cf6119bb9126795d5b67de8900f021e06860f45d4dd
primary,primary_c3b87c54a36d,constant,normalized_regret,64,64,0.004704792204078572,0.0,0.0,0.0,0.1316885389138979,0.2036243963016413,raw_unit_tail_descriptive_not_class_bootstrap,class_seed_set,9ed386af3e565cf6ed8b4cf6119bb9126795d5b67de8900f021e06860f45d4dd
primary,primary_c3b87c54a36d,energy,absolute_regret,64,64,0.00019379065653341016,0.0,0.0,0.0,0.005937899814332466,0.00621432043294589,raw_unit_tail_descriptive_not_class_bootstrap,class_seed_set,9ed386af3e565cf6ed8b4cf6119bb9126795d5b67de8900f021e06860f45d4dd
primary,primary_c3b87c54a36d,energy,normalized_regret,64,64,0.004704792204078572,0.0,0.0,0.0,0.1316885389138979,0.2036243963016413,raw_unit_tail_descriptive_not_class_bootstrap,class_seed_set,9ed386af3e565cf6ed8b4cf6119bb9126795d5b67de8900f021e06860f45d4dd
primary,primary_c3b87c54a36d,hybrid,absolute_regret,64,64,0.00019379065653341016,0.0,0.0,0.0,0.005937899814332466,0.00621432043294589,raw_unit_tail_descriptive_not_class_bootstrap,class_seed_set,9ed386af3e565cf6ed8b4cf6119bb9126795d5b67de8900f021e06860f45d4dd
primary,primary_c3b87c54a36d,hybrid,normalized_regret,64,64,0.004704792204078572,0.0,0.0,0.0,0.1316885389138979,0.2036243963016413,raw_unit_tail_descriptive_not_class_bootstrap,class_seed_set,9ed386af3e565cf6ed8b4cf6119bb9126795d5b67de8900f021e06860f45d4dd
primary,primary_c3b87c54a36d,latest_stage,absolute_regret,64,64,0.00019379065653341016,0.0,0.0,0.0,0.005937899814332466,0.00621432043294589,raw_unit_tail_descriptive_not_class_bootstrap,class_seed_set,9ed386af3e565cf6ed8b4cf6119bb9126795d5b67de8900f021e06860f45d4dd
primary,primary_c3b87c54a36d,latest_stage,normalized_regret,64,64,0.004704792204078572,0.0,0.0,0.0,0.1316885389138979,0.2036243963016413,raw_unit_tail_descriptive_not_class_bootstrap,class_seed_set,9ed386af3e565cf6ed8b4cf6119bb9126795d5b67de8900f021e06860f45d4dd
primary,primary_c3b87c54a36d,pure_G,absolute_regret,64,64,0.00019379065653341016,0.0,0.0,0.0,0.005937899814332466,0.00621432043294589,raw_unit_tail_descriptive_not_class_bootstrap,class_seed_set,9ed386af3e565cf6ed8b4cf6119bb9126795d5b67de8900f021e06860f45d4dd
primary,primary_c3b87c54a36d,pure_G,normalized_regret,64,64,0.004704792204078572,0.0,0.0,0.0,0.1316885389138979,0.2036243963016413,raw_unit_tail_descriptive_not_class_bootstrap,class_seed_set,9ed386af3e565cf6ed8b4cf6119bb9126795d5b67de8900f021e06860f45d4dd
primary,primary_c3b87c54a36d,stage_position_only,absolute_regret,64,64,0.00019379065653341016,0.0,0.0,0.0,0.005937899814332466,0.00621432043294589,raw_unit_tail_descriptive_not_class_bootstrap,class_seed_set,9ed386af3e565cf6ed8b4cf6119bb9126795d5b67de8900f021e06860f45d4dd
primary,primary_c3b87c54a36d,stage_position_only,normalized_regret,64,64,0.004704792204078572,0.0,0.0,0.0,0.1316885389138979,0.2036243963016413,raw_unit_tail_descriptive_not_class_bootstrap,class_seed_set,9ed386af3e565cf6ed8b4cf6119bb9126795d5b67de8900f021e06860f45d4dd
primary,primary_c3b87c54a36d,uniform_random_expected,absolute_regret,64,64,0.28279882108482984,0.08642377442901092,0.579551741776517,0.9168758588623691,3.089865038035607,4.505925447559776,raw_unit_tail_descriptive_not_class_bootstrap,class_seed_set,9ed386af3e565cf6ed8b4cf6119bb9126795d5b67de8900f021e06860f45d4dd
primary,primary_c3b87c54a36d,uniform_random_expected,normalized_regret,64,64,0.46969399680145885,0.46230270380248584,0.5902398495776913,0.6055046914105677,0.6424315726018344,0.6615545002718236,raw_unit_tail_descriptive_not_class_bootstrap,class_seed_set,9ed386af3e565cf6ed8b4cf6119bb9126795d5b67de8900f021e06860f45d4dd
primary,primary_d0adb13a6bdf,candidate_B,absolute_regret,64,64,4.6311287956261955,0.0,5.6921109658037405,17.174973642945474,83.14911403927894,186.50799487293583,raw_unit_tail_descriptive_not_class_bootstrap,class_seed_set,9ed386af3e565cf6ed8b4cf6119bb9126795d5b67de8900f021e06860f45d4dd
primary,primary_d0adb13a6bdf,candidate_B,normalized_regret,64,64,0.2676743815559838,0.0,1.0,1.0,1.0,1.0,raw_unit_tail_descriptive_not_class_bootstrap,class_seed_set,9ed386af3e565cf6ed8b4cf6119bb9126795d5b67de8900f021e06860f45d4dd
primary,primary_d0adb13a6bdf,constant,absolute_regret,64,64,4.678504403212519,0.0038466472888832315,5.6921109658037405,17.174973642945474,83.14911403927894,186.50799487293583,raw_unit_tail_descriptive_not_class_bootstrap,class_seed_set,9ed386af3e565cf6ed8b4cf6119bb9126795d5b67de8900f021e06860f45d4dd
primary,primary_d0adb13a6bdf,constant,normalized_regret,64,64,0.30211137671405447,0.0006927358755117824,1.0,1.0,1.0,1.0,raw_unit_tail_descriptive_not_class_bootstrap,class_seed_set,9ed386af3e565cf6ed8b4cf6119bb9126795d5b67de8900f021e06860f45d4dd
primary,primary_d0adb13a6bdf,energy,absolute_regret,64,64,4.678504403212519,0.0038466472888832315,5.6921109658037405,17.174973642945474,83.14911403927894,186.50799487293583,raw_unit_tail_descriptive_not_class_bootstrap,class_seed_set,9ed386af3e565cf6ed8b4cf6119bb9126795d5b67de8900f021e06860f45d4dd
primary,primary_d0adb13a6bdf,energy,normalized_regret,64,64,0.30211137671405447,0.0006927358755117824,1.0,1.0,1.0,1.0,raw_unit_tail_descriptive_not_class_bootstrap,class_seed_set,9ed386af3e565cf6ed8b4cf6119bb9126795d5b67de8900f021e06860f45d4dd
primary,primary_d0adb13a6bdf,hybrid,absolute_regret,64,64,4.6311287956261955,0.0,5.6921109658037405,17.174973642945474,83.14911403927894,186.50799487293583,raw_unit_tail_descriptive_not_class_bootstrap,class_seed_set,9ed386af3e565cf6ed8b4cf6119bb9126795d5b67de8900f021e06860f45d4dd
primary,primary_d0adb13a6bdf,hybrid,normalized_regret,64,64,0.2676743815559838,0.0,1.0,1.0,1.0,1.0,raw_unit_tail_descriptive_not_class_bootstrap,class_seed_set,9ed386af3e565cf6ed8b4cf6119bb9126795d5b67de8900f021e06860f45d4dd
primary,primary_d0adb13a6bdf,latest_stage,absolute_regret,64,64,0.30626431450763847,0.1365231302457275,0.8211798611722614,0.984137092772052,2.1001803193331243,2.9701772721567177,raw_unit_tail_descriptive_not_class_bootstrap,class_seed_set,9ed386af3e565cf6ed8b4cf6119bb9126795d5b67de8900f021e06860f45d4dd
primary,primary_d0adb13a6bdf,latest_stage,normalized_regret,64,64,0.282283011802404,0.03950005227620935,1.0,1.0,1.0,1.0,raw_unit_tail_descriptive_not_class_bootstrap,class_seed_set,9ed386af3e565cf6ed8b4cf6119bb9126795d5b67de8900f021e06860f45d4dd
primary,primary_d0adb13a6bdf,pure_G,absolute_regret,64,64,0.30626431450763847,0.1365231302457275,0.8211798611722614,0.984137092772052,2.1001803193331243,2.9701772721567177,raw_unit_tail_descriptive_not_class_bootstrap,class_seed_set,9ed386af3e565cf6ed8b4cf6119bb9126795d5b67de8900f021e06860f45d4dd
primary,primary_d0adb13a6bdf,pure_G,normalized_regret,64,64,0.282283011802404,0.03950005227620935,1.0,1.0,1.0,1.0,raw_unit_tail_descriptive_not_class_bootstrap,class_seed_set,9ed386af3e565cf6ed8b4cf6119bb9126795d5b67de8900f021e06860f45d4dd
primary,primary_d0adb13a6bdf,stage_position_only,absolute_regret,64,64,0.30626431450763847,0.1365231302457275,0.8211798611722614,0.984137092772052,2.1001803193331243,2.9701772721567177,raw_unit_tail_descriptive_not_class_bootstrap,class_seed_set,9ed386af3e565cf6ed8b4cf6119bb9126795d5b67de8900f021e06860f45d4dd
primary,primary_d0adb13a6bdf,stage_position_only,normalized_regret,64,64,0.282283011802404,0.03950005227620935,1.0,1.0,1.0,1.0,raw_unit_tail_descriptive_not_class_bootstrap,class_seed_set,9ed386af3e565cf6ed8b4cf6119bb9126795d5b67de8900f021e06860f45d4dd
primary,primary_d0adb13a6bdf,uniform_random_expected,absolute_regret,64,64,3.477000454749298,0.9031341216227015,7.513029510081926,9.323540874960573,51.283402973044424,62.30308844092867,raw_unit_tail_descriptive_not_class_bootstrap,class_seed_set,9ed386af3e565cf6ed8b4cf6119bb9126795d5b67de8900f021e06860f45d4dd
primary,primary_d0adb13a6bdf,uniform_random_expected,normalized_regret,64,64,0.45864328237125146,0.44070169005524085,0.5982892145825438,0.6173276986836226,0.6417735507627749,0.6455999927397381,raw_unit_tail_descriptive_not_class_bootstrap,class_seed_set,9ed386af3e565cf6ed8b4cf6119bb9126795d5b67de8900f021e06860f45d4dd
primary,primary_d82bcfdaeedc,candidate_B,absolute_regret,64,64,0.08098084325942012,0.0,0.029908399416592256,0.20436461278376528,1.9362172087108058,2.2640375049313524,raw_unit_tail_descriptive_not_class_bootstrap,class_seed_set,9ed386af3e565cf6ed8b4cf6119bb9126795d5b67de8900f021e06860f45d4dd
primary,primary_d82bcfdaeedc,candidate_B,normalized_regret,64,64,0.22974519555370249,0.0,1.0,1.0,1.0,1.0,raw_unit_tail_descriptive_not_class_bootstrap,class_seed_set,9ed386af3e565cf6ed8b4cf6119bb9126795d5b67de8900f021e06860f45d4dd
primary,primary_d82bcfdaeedc,constant,absolute_regret,64,64,0.006868249595870457,0.0,0.02390890876486509,0.025912511927196565,0.04282626558179897,0.04966059569680682,raw_unit_tail_descriptive_not_class_bootstrap,class_seed_set,9ed386af3e565cf6ed8b4cf6119bb9126795d5b67de8900f021e06860f45d4dd
primary,primary_d82bcfdaeedc,constant,normalized_regret,64,64,0.21092837538496706,0.0,1.0,1.0,1.0,1.0,raw_unit_tail_descriptive_not_class_bootstrap,class_seed_set,9ed386af3e565cf6ed8b4cf6119bb9126795d5b67de8900f021e06860f45d4dd
primary,primary_d82bcfdaeedc,energy,absolute_regret,64,64,0.26936524740515205,0.006626952601038738,0.4015343873822935,0.8787876546894186,4.846130814341594,9.242668070905026,raw_unit_tail_descriptive_not_class_bootstrap,class_seed_set,9ed386af3e565cf6ed8b4cf6119bb9126795d5b67de8900f021e06860f45d4dd
primary,primary_d82bcfdaeedc,energy,normalized_regret,64,64,0.4064795465707326,0.1863132370512813,1.0,1.0,1.0,1.0,raw_unit_tail_descriptive_not_class_bootstrap,class_seed_set,9ed386af3e565cf6ed8b4cf6119bb9126795d5b67de8900f021e06860f45d4dd
primary,primary_d82bcfdaeedc,hybrid,absolute_regret,64,64,0.08098084325942012,0.0,0.029908399416592256,0.20436461278376528,1.9362172087108058,2.2640375049313524,raw_unit_tail_descriptive_not_class_bootstrap,class_seed_set,9ed386af3e565cf6ed8b4cf6119bb9126795d5b67de8900f021e06860f45d4dd
primary,primary_d82bcfdaeedc,hybrid,normalized_regret,64,64,0.22974519555370249,0.0,1.0,1.0,1.0,1.0,raw_unit_tail_descriptive_not_class_bootstrap,class_seed_set,9ed386af3e565cf6ed8b4cf6119bb9126795d5b67de8900f021e06860f45d4dd
primary,primary_d82bcfdaeedc,latest_stage,absolute_regret,64,64,0.006868249595870457,0.0,0.02390890876486509,0.025912511927196565,0.04282626558179897,0.04966059569680682,raw_unit_tail_descriptive_not_class_bootstrap,class_seed_set,9ed386af3e565cf6ed8b4cf6119bb9126795d5b67de8900f021e06860f45d4dd
primary,primary_d82bcfdaeedc,latest_stage,normalized_regret,64,64,0.21092837538496706,0.0,1.0,1.0,1.0,1.0,raw_unit_tail_descriptive_not_class_bootstrap,class_seed_set,9ed386af3e565cf6ed8b4cf6119bb9126795d5b67de8900f021e06860f45d4dd
primary,primary_d82bcfdaeedc,pure_G,absolute_regret,64,64,0.006868249595870457,0.0,0.02390890876486509,0.025912511927196565,0.04282626558179897,0.04966059569680682,raw_unit_tail_descriptive_not_class_bootstrap,class_seed_set,9ed386af3e565cf6ed8b4cf6119bb9126795d5b67de8900f021e06860f45d4dd
primary,primary_d82bcfdaeedc,pure_G,normalized_regret,64,64,0.21092837538496706,0.0,1.0,1.0,1.0,1.0,raw_unit_tail_descriptive_not_class_bootstrap,class_seed_set,9ed386af3e565cf6ed8b4cf6119bb9126795d5b67de8900f021e06860f45d4dd
primary,primary_d82bcfdaeedc,stage_position_only,absolute_regret,64,64,0.006868249595870457,0.0,0.02390890876486509,0.025912511927196565,0.04282626558179897,0.04966059569680682,raw_unit_tail_descriptive_not_class_bootstrap,class_seed_set,9ed386af3e565cf6ed8b4cf6119bb9126795d5b67de8900f021e06860f45d4dd
primary,primary_d82bcfdaeedc,stage_position_only,normalized_regret,64,64,0.21092837538496706,0.0,1.0,1.0,1.0,1.0,raw_unit_tail_descriptive_not_class_bootstrap,class_seed_set,9ed386af3e565cf6ed8b4cf6119bb9126795d5b67de8900f021e06860f45d4dd
primary,primary_d82bcfdaeedc,uniform_random_expected,absolute_regret,64,64,0.15797226887818527,0.02636434747890881,0.438079045025431,0.7156921003310641,1.8096532675980397,3.1693580909292365,raw_unit_tail_descriptive_not_class_bootstrap,class_seed_set,9ed386af3e565cf6ed8b4cf6119bb9126795d5b67de8900f021e06860f45d4dd
primary,primary_d82bcfdaeedc,uniform_random_expected,normalized_regret,64,64,0.444191575779006,0.4226828354268254,0.5843707072583967,0.6030623145062806,0.6525183490501111,0.6614759803983891,raw_unit_tail_descriptive_not_class_bootstrap,class_seed_set,9ed386af3e565cf6ed8b4cf6119bb9126795d5b67de8900f021e06860f45d4dd
primary,primary_da06c09aa41a,candidate_B,absolute_regret,64,64,0.03075657388469577,0.0,0.043517452811539306,0.15472903985103661,0.47969465821957646,0.6597996635846357,raw_unit_tail_descriptive_not_class_bootstrap,class_seed_set,9ed386af3e565cf6ed8b4cf6119bb9126795d5b67de8900f021e06860f45d4dd
primary,primary_da06c09aa41a,candidate_B,normalized_regret,64,64,0.19282228963352477,0.0,1.0,1.0,1.0,1.0,raw_unit_tail_descriptive_not_class_bootstrap,class_seed_set,9ed386af3e565cf6ed8b4cf6119bb9126795d5b67de8900f021e06860f45d4dd
primary,primary_da06c09aa41a,constant,absolute_regret,64,64,0.05489176473593721,0.0,0.16810972236210484,0.25667382523729493,0.6101836944183786,0.6597996635846357,raw_unit_tail_descriptive_not_class_bootstrap,class_seed_set,9ed386af3e565cf6ed8b4cf6119bb9126795d5b67de8900f021e06860f45d4dd
primary,primary_da06c09aa41a,constant,normalized_regret,64,64,0.27492615327553144,0.0,1.0,1.0,1.0,1.0,raw_unit_tail_descriptive_not_class_bootstrap,class_seed_set,9ed386af3e565cf6ed8b4cf6119bb9126795d5b67de8900f021e06860f45d4dd
primary,primary_da06c09aa41a,energy,absolute_regret,64,64,0.05336655171127108,0.0,0.16810972236210484,0.25667382523729493,0.6101836944183786,0.6597996635846357,raw_unit_tail_descriptive_not_class_bootstrap,class_seed_set,9ed386af3e565cf6ed8b4cf6119bb9126795d5b67de8900f021e06860f45d4dd
primary,primary_da06c09aa41a,energy,normalized_regret,64,64,0.25930115327553144,0.0,1.0,1.0,1.0,1.0,raw_unit_tail_descriptive_not_class_bootstrap,class_seed_set,9ed386af3e565cf6ed8b4cf6119bb9126795d5b67de8900f021e06860f45d4dd
primary,primary_da06c09aa41a,hybrid,absolute_regret,64,64,0.03075657388469577,0.0,0.043517452811539306,0.15472903985103661,0.47969465821957646,0.6597996635846357,raw_unit_tail_descriptive_not_class_bootstrap,class_seed_set,9ed386af3e565cf6ed8b4cf6119bb9126795d5b67de8900f021e06860f45d4dd
primary,primary_da06c09aa41a,hybrid,normalized_regret,64,64,0.19282228963352477,0.0,1.0,1.0,1.0,1.0,raw_unit_tail_descriptive_not_class_bootstrap,class_seed_set,9ed386af3e565cf6ed8b4cf6119bb9126795d5b67de8900f021e06860f45d4dd
primary,primary_da06c09aa41a,latest_stage,absolute_regret,64,64,0.02991882743629326,0.016998120500574025,0.08510057534695187,0.11309970210953674,0.13478412422601646,0.14709912576722672,raw_unit_tail_descriptive_not_class_bootstrap,class_seed_set,9ed386af3e565cf6ed8b4cf6119bb9126795d5b67de8900f021e06860f45d4dd
primary,primary_da06c09aa41a,latest_stage,normalized_regret,64,64,0.43286002704965,0.3003361102758595,1.0,1.0,1.0,1.0,raw_unit_tail_descriptive_not_class_bootstrap,class_seed_set,9ed386af3e565cf6ed8b4cf6119bb9126795d5b67de8900f021e06860f45d4dd
primary,primary_da06c09aa41a,pure_G,absolute_regret,64,64,0.02991882743629326,0.016998120500574025,0.08510057534695187,0.11309970210953674,0.13478412422601646,0.14709912576722672,raw_unit_tail_descriptive_not_class_bootstrap,class_seed_set,9ed386af3e565cf6ed8b4cf6119bb9126795d5b67de8900f021e06860f45d4dd
primary,primary_da06c09aa41a,pure_G,normalized_regret,64,64,0.43286002704965,0.3003361102758595,1.0,1.0,1.0,1.0,raw_unit_tail_descriptive_not_class_bootstrap,class_seed_set,9ed386af3e565cf6ed8b4cf6119bb9126795d5b67de8900f021e06860f45d4dd
primary,primary_da06c09aa41a,stage_position_only,absolute_regret,64,64,0.02991882743629326,0.016998120500574025,0.08510057534695187,0.11309970210953674,0.13478412422601646,0.14709912576722672,raw_unit_tail_descriptive_not_class_bootstrap,class_seed_set,9ed386af3e565cf6ed8b4cf6119bb9126795d5b67de8900f021e06860f45d4dd
primary,primary_da06c09aa41a,stage_position_only,normalized_regret,64,64,0.43286002704965,0.3003361102758595,1.0,1.0,1.0,1.0,raw_unit_tail_descriptive_not_class_bootstrap,class_seed_set,9ed386af3e565cf6ed8b4cf6119bb9126795d5b67de8900f021e06860f45d4dd
primary,primary_da06c09aa41a,uniform_random_expected,absolute_regret,64,64,0.11899462865153254,0.04158049557379151,0.25636912279680224,0.6767056865396694,1.1505353046020588,1.6516290813204362,raw_unit_tail_descriptive_not_class_bootstrap,class_seed_set,9ed386af3e565cf6ed8b4cf6119bb9126795d5b67de8900f021e06860f45d4dd
primary,primary_da06c09aa41a,uniform_random_expected,normalized_regret,64,64,0.4486148117176979,0.4296573167173117,0.5784097657320939,0.6150184183035959,0.6358426161743714,0.6608790844965613,raw_unit_tail_descriptive_not_class_bootstrap,class_seed_set,9ed386af3e565cf6ed8b4cf6119bb9126795d5b67de8900f021e06860f45d4dd
primary,primary_e3ec35ff3518,candidate_B,absolute_regret,64,64,0.0,0.0,0.0,0.0,0.0,0.0,raw_unit_tail_descriptive_not_class_bootstrap,class_seed_set,9ed386af3e565cf6ed8b4cf6119bb9126795d5b67de8900f021e06860f45d4dd
primary,primary_e3ec35ff3518,candidate_B,normalized_regret,64,64,0.0,0.0,0.0,0.0,0.0,0.0,raw_unit_tail_descriptive_not_class_bootstrap,class_seed_set,9ed386af3e565cf6ed8b4cf6119bb9126795d5b67de8900f021e06860f45d4dd
primary,primary_e3ec35ff3518,constant,absolute_regret,64,64,0.0,0.0,0.0,0.0,0.0,0.0,raw_unit_tail_descriptive_not_class_bootstrap,class_seed_set,9ed386af3e565cf6ed8b4cf6119bb9126795d5b67de8900f021e06860f45d4dd
primary,primary_e3ec35ff3518,constant,normalized_regret,64,64,0.0,0.0,0.0,0.0,0.0,0.0,raw_unit_tail_descriptive_not_class_bootstrap,class_seed_set,9ed386af3e565cf6ed8b4cf6119bb9126795d5b67de8900f021e06860f45d4dd
primary,primary_e3ec35ff3518,energy,absolute_regret,64,64,0.000469507083204479,0.0,0.0013939537382967218,0.0025906425211438488,0.007488159789251344,0.013795341248542316,raw_unit_tail_descriptive_not_class_bootstrap,class_seed_set,9ed386af3e565cf6ed8b4cf6119bb9126795d5b67de8900f021e06860f45d4dd
primary,primary_e3ec35ff3518,energy,normalized_regret,64,64,0.022809495156514478,0.0,0.0562078233768981,0.17828776283722758,0.3764491703465564,0.43870201081135085,raw_unit_tail_descriptive_not_class_bootstrap,class_seed_set,9ed386af3e565cf6ed8b4cf6119bb9126795d5b67de8900f021e06860f45d4dd
primary,primary_e3ec35ff3518,hybrid,absolute_regret,64,64,0.0,0.0,0.0,0.0,0.0,0.0,raw_unit_tail_descriptive_not_class_bootstrap,class_seed_set,9ed386af3e565cf6ed8b4cf6119bb9126795d5b67de8900f021e06860f45d4dd
primary,primary_e3ec35ff3518,hybrid,normalized_regret,64,64,0.0,0.0,0.0,0.0,0.0,0.0,raw_unit_tail_descriptive_not_class_bootstrap,class_seed_set,9ed386af3e565cf6ed8b4cf6119bb9126795d5b67de8900f021e06860f45d4dd
primary,primary_e3ec35ff3518,latest_stage,absolute_regret,64,64,0.0,0.0,0.0,0.0,0.0,0.0,raw_unit_tail_descriptive_not_class_bootstrap,class_seed_set,9ed386af3e565cf6ed8b4cf6119bb9126795d5b67de8900f021e06860f45d4dd
primary,primary_e3ec35ff3518,latest_stage,normalized_regret,64,64,0.0,0.0,0.0,0.0,0.0,0.0,raw_unit_tail_descriptive_not_class_bootstrap,class_seed_set,9ed386af3e565cf6ed8b4cf6119bb9126795d5b67de8900f021e06860f45d4dd
primary,primary_e3ec35ff3518,pure_G,absolute_regret,64,64,0.0,0.0,0.0,0.0,0.0,0.0,raw_unit_tail_descriptive_not_class_bootstrap,class_seed_set,9ed386af3e565cf6ed8b4cf6119bb9126795d5b67de8900f021e06860f45d4dd
primary,primary_e3ec35ff3518,pure_G,normalized_regret,64,64,0.0,0.0,0.0,0.0,0.0,0.0,raw_unit_tail_descriptive_not_class_bootstrap,class_seed_set,9ed386af3e565cf6ed8b4cf6119bb9126795d5b67de8900f021e06860f45d4dd
primary,primary_e3ec35ff3518,stage_position_only,absolute_regret,64,64,0.0,0.0,0.0,0.0,0.0,0.0,raw_unit_tail_descriptive_not_class_bootstrap,class_seed_set,9ed386af3e565cf6ed8b4cf6119bb9126795d5b67de8900f021e06860f45d4dd
primary,primary_e3ec35ff3518,stage_position_only,normalized_regret,64,64,0.0,0.0,0.0,0.0,0.0,0.0,raw_unit_tail_descriptive_not_class_bootstrap,class_seed_set,9ed386af3e565cf6ed8b4cf6119bb9126795d5b67de8900f021e06860f45d4dd
primary,primary_e3ec35ff3518,uniform_random_expected,absolute_regret,64,64,0.026524973454694737,0.009588016371382105,0.05235576795159638,0.09293963601290997,0.24310235763522856,0.3988021462478091,raw_unit_tail_descriptive_not_class_bootstrap,class_seed_set,9ed386af3e565cf6ed8b4cf6119bb9126795d5b67de8900f021e06860f45d4dd
primary,primary_e3ec35ff3518,uniform_random_expected,normalized_regret,64,64,0.40726264117169386,0.40313680125097595,0.4786932238403513,0.49325350610645885,0.5271001779945798,0.5364185933179081,raw_unit_tail_descriptive_not_class_bootstrap,class_seed_set,9ed386af3e565cf6ed8b4cf6119bb9126795d5b67de8900f021e06860f45d4dd
primary,primary_ec9365fcc9ef,candidate_B,absolute_regret,64,64,0.014306831542063636,0.0,0.03153930977929916,0.049072740709912896,0.25913304150401767,0.45709897282490897,raw_unit_tail_descriptive_not_class_bootstrap,class_seed_set,9ed386af3e565cf6ed8b4cf6119bb9126795d5b67de8900f021e06860f45d4dd
primary,primary_ec9365fcc9ef,candidate_B,normalized_regret,64,64,0.017975951474826148,0.0,0.025804007503274815,0.10573133990087674,0.3242942808684058,0.4355581586883711,raw_unit_tail_descriptive_not_class_bootstrap,class_seed_set,9ed386af3e565cf6ed8b4cf6119bb9126795d5b67de8900f021e06860f45d4dd
primary,primary_ec9365fcc9ef,constant,absolute_regret,64,64,0.014306831542063636,0.0,0.03153930977929916,0.049072740709912896,0.25913304150401767,0.45709897282490897,raw_unit_tail_descriptive_not_class_bootstrap,class_seed_set,9ed386af3e565cf6ed8b4cf6119bb9126795d5b67de8900f021e06860f45d4dd
primary,primary_ec9365fcc9ef,constant,normalized_regret,64,64,0.017975951474826148,0.0,0.025804007503274815,0.10573133990087674,0.3242942808684058,0.4355581586883711,raw_unit_tail_descriptive_not_class_bootstrap,class_seed_set,9ed386af3e565cf6ed8b4cf6119bb9126795d5b67de8900f021e06860f45d4dd
primary,primary_ec9365fcc9ef,energy,absolute_regret,64,64,1.3475975180656339,0.23195682366813303,1.436559271253667,3.0772560050105096,22.669203389528114,40.73845567995546,raw_unit_tail_descriptive_not_class_bootstrap,class_seed_set,9ed386af3e565cf6ed8b4cf6119bb9126795d5b67de8900f021e06860f45d4dd
primary,primary_ec9365fcc9ef,energy,normalized_regret,64,64,0.24821011817846317,0.09560534126394275,0.750557160038249,1.0,1.0,1.0,raw_unit_tail_descriptive_not_class_bootstrap,class_seed_set,9ed386af3e565cf6ed8b4cf6119bb9126795d5b67de8900f021e06860f45d4dd
primary,primary_ec9365fcc9ef,hybrid,absolute_regret,64,64,0.014306831542063636,0.0,0.03153930977929916,0.049072740709912896,0.25913304150401767,0.45709897282490897,raw_unit_tail_descriptive_not_class_bootstrap,class_seed_set,9ed386af3e565cf6ed8b4cf6119bb9126795d5b67de8900f021e06860f45d4dd
primary,primary_ec9365fcc9ef,hybrid,normalized_regret,64,64,0.017975951474826148,0.0,0.025804007503274815,0.10573133990087674,0.3242942808684058,0.4355581586883711,raw_unit_tail_descriptive_not_class_bootstrap,class_seed_set,9ed386af3e565cf6ed8b4cf6119bb9126795d5b67de8900f021e06860f45d4dd
primary,primary_ec9365fcc9ef,latest_stage,absolute_regret,64,64,0.014306831542063636,0.0,0.03153930977929916,0.049072740709912896,0.25913304150401767,0.45709897282490897,raw_unit_tail_descriptive_not_class_bootstrap,class_seed_set,9ed386af3e565cf6ed8b4cf6119bb9126795d5b67de8900f021e06860f45d4dd
primary,primary_ec9365fcc9ef,latest_stage,normalized_regret,64,64,0.017975951474826148,0.0,0.025804007503274815,0.10573133990087674,0.3242942808684058,0.4355581586883711,raw_unit_tail_descriptive_not_class_bootstrap,class_seed_set,9ed386af3e565cf6ed8b4cf6119bb9126795d5b67de8900f021e06860f45d4dd
primary,primary_ec9365fcc9ef,pure_G,absolute_regret,64,64,0.014306831542063636,0.0,0.03153930977929916,0.049072740709912896,0.25913304150401767,0.45709897282490897,raw_unit_tail_descriptive_not_class_bootstrap,class_seed_set,9ed386af3e565cf6ed8b4cf6119bb9126795d5b67de8900f021e06860f45d4dd
primary,primary_ec9365fcc9ef,pure_G,normalized_regret,64,64,0.017975951474826148,0.0,0.025804007503274815,0.10573133990087674,0.3242942808684058,0.4355581586883711,raw_unit_tail_descriptive_not_class_bootstrap,class_seed_set,9ed386af3e565cf6ed8b4cf6119bb9126795d5b67de8900f021e06860f45d4dd
primary,primary_ec9365fcc9ef,stage_position_only,absolute_regret,64,64,0.014306831542063636,0.0,0.03153930977929916,0.049072740709912896,0.25913304150401767,0.45709897282490897,raw_unit_tail_descriptive_not_class_bootstrap,class_seed_set,9ed386af3e565cf6ed8b4cf6119bb9126795d5b67de8900f021e06860f45d4dd
primary,primary_ec9365fcc9ef,stage_position_only,normalized_regret,64,64,0.017975951474826148,0.0,0.025804007503274815,0.10573133990087674,0.3242942808684058,0.4355581586883711,raw_unit_tail_descriptive_not_class_bootstrap,class_seed_set,9ed386af3e565cf6ed8b4cf6119bb9126795d5b67de8900f021e06860f45d4dd
primary,primary_ec9365fcc9ef,uniform_random_expected,absolute_regret,64,64,3.2713814966934684,0.9611972708936245,5.880629914243114,15.523219369526782,36.02714261250496,56.18297260379367,raw_unit_tail_descriptive_not_class_bootstrap,class_seed_set,9ed386af3e565cf6ed8b4cf6119bb9126795d5b67de8900f021e06860f45d4dd
primary,primary_ec9365fcc9ef,uniform_random_expected,normalized_regret,64,64,0.4107097192591265,0.37394937140488826,0.5373953955150429,0.5754537303780835,0.6267468960034976,0.6444386327822613,raw_unit_tail_descriptive_not_class_bootstrap,class_seed_set,9ed386af3e565cf6ed8b4cf6119bb9126795d5b67de8900f021e06860f45d4dd
primary,primary_f52ef9bf6b5e,candidate_B,absolute_regret,64,64,0.0,0.0,0.0,0.0,0.0,0.0,raw_unit_tail_descriptive_not_class_bootstrap,class_seed_set,9ed386af3e565cf6ed8b4cf6119bb9126795d5b67de8900f021e06860f45d4dd
primary,primary_f52ef9bf6b5e,candidate_B,normalized_regret,64,64,0.0,0.0,0.0,0.0,0.0,0.0,raw_unit_tail_descriptive_not_class_bootstrap,class_seed_set,9ed386af3e565cf6ed8b4cf6119bb9126795d5b67de8900f021e06860f45d4dd
primary,primary_f52ef9bf6b5e,constant,absolute_regret,64,64,0.0,0.0,0.0,0.0,0.0,0.0,raw_unit_tail_descriptive_not_class_bootstrap,class_seed_set,9ed386af3e565cf6ed8b4cf6119bb9126795d5b67de8900f021e06860f45d4dd
primary,primary_f52ef9bf6b5e,constant,normalized_regret,64,64,0.0,0.0,0.0,0.0,0.0,0.0,raw_unit_tail_descriptive_not_class_bootstrap,class_seed_set,9ed386af3e565cf6ed8b4cf6119bb9126795d5b67de8900f021e06860f45d4dd
primary,primary_f52ef9bf6b5e,energy,absolute_regret,64,64,0.0,0.0,0.0,0.0,0.0,0.0,raw_unit_tail_descriptive_not_class_bootstrap,class_seed_set,9ed386af3e565cf6ed8b4cf6119bb9126795d5b67de8900f021e06860f45d4dd
primary,primary_f52ef9bf6b5e,energy,normalized_regret,64,64,0.0,0.0,0.0,0.0,0.0,0.0,raw_unit_tail_descriptive_not_class_bootstrap,class_seed_set,9ed386af3e565cf6ed8b4cf6119bb9126795d5b67de8900f021e06860f45d4dd
primary,primary_f52ef9bf6b5e,hybrid,absolute_regret,64,64,0.0,0.0,0.0,0.0,0.0,0.0,raw_unit_tail_descriptive_not_class_bootstrap,class_seed_set,9ed386af3e565cf6ed8b4cf6119bb9126795d5b67de8900f021e06860f45d4dd
primary,primary_f52ef9bf6b5e,hybrid,normalized_regret,64,64,0.0,0.0,0.0,0.0,0.0,0.0,raw_unit_tail_descriptive_not_class_bootstrap,class_seed_set,9ed386af3e565cf6ed8b4cf6119bb9126795d5b67de8900f021e06860f45d4dd
primary,primary_f52ef9bf6b5e,latest_stage,absolute_regret,64,64,0.0,0.0,0.0,0.0,0.0,0.0,raw_unit_tail_descriptive_not_class_bootstrap,class_seed_set,9ed386af3e565cf6ed8b4cf6119bb9126795d5b67de8900f021e06860f45d4dd
primary,primary_f52ef9bf6b5e,latest_stage,normalized_regret,64,64,0.0,0.0,0.0,0.0,0.0,0.0,raw_unit_tail_descriptive_not_class_bootstrap,class_seed_set,9ed386af3e565cf6ed8b4cf6119bb9126795d5b67de8900f021e06860f45d4dd
primary,primary_f52ef9bf6b5e,pure_G,absolute_regret,64,64,0.0,0.0,0.0,0.0,0.0,0.0,raw_unit_tail_descriptive_not_class_bootstrap,class_seed_set,9ed386af3e565cf6ed8b4cf6119bb9126795d5b67de8900f021e06860f45d4dd
primary,primary_f52ef9bf6b5e,pure_G,normalized_regret,64,64,0.0,0.0,0.0,0.0,0.0,0.0,raw_unit_tail_descriptive_not_class_bootstrap,class_seed_set,9ed386af3e565cf6ed8b4cf6119bb9126795d5b67de8900f021e06860f45d4dd
primary,primary_f52ef9bf6b5e,stage_position_only,absolute_regret,64,64,0.0,0.0,0.0,0.0,0.0,0.0,raw_unit_tail_descriptive_not_class_bootstrap,class_seed_set,9ed386af3e565cf6ed8b4cf6119bb9126795d5b67de8900f021e06860f45d4dd
primary,primary_f52ef9bf6b5e,stage_position_only,normalized_regret,64,64,0.0,0.0,0.0,0.0,0.0,0.0,raw_unit_tail_descriptive_not_class_bootstrap,class_seed_set,9ed386af3e565cf6ed8b4cf6119bb9126795d5b67de8900f021e06860f45d4dd
primary,primary_f52ef9bf6b5e,uniform_random_expected,absolute_regret,64,64,0.3468755438932371,0.1939479776892489,0.6033542246592802,1.1520740231081013,2.5723292197616963,4.031921902202566,raw_unit_tail_descriptive_not_class_bootstrap,class_seed_set,9ed386af3e565cf6ed8b4cf6119bb9126795d5b67de8900f021e06860f45d4dd
primary,primary_f52ef9bf6b5e,uniform_random_expected,normalized_regret,64,64,0.3774934090667537,0.37006341866571985,0.4153934787572344,0.4283026093193134,0.4650366350562857,0.4791749393975349,raw_unit_tail_descriptive_not_class_bootstrap,class_seed_set,9ed386af3e565cf6ed8b4cf6119bb9126795d5b67de8900f021e06860f45d4dd
primary,primary_f948566cda47,candidate_B,absolute_regret,64,64,0.0,0.0,0.0,0.0,0.0,0.0,raw_unit_tail_descriptive_not_class_bootstrap,class_seed_set,9ed386af3e565cf6ed8b4cf6119bb9126795d5b67de8900f021e06860f45d4dd
primary,primary_f948566cda47,candidate_B,normalized_regret,64,64,0.0,0.0,0.0,0.0,0.0,0.0,raw_unit_tail_descriptive_not_class_bootstrap,class_seed_set,9ed386af3e565cf6ed8b4cf6119bb9126795d5b67de8900f021e06860f45d4dd
primary,primary_f948566cda47,constant,absolute_regret,64,64,0.0,0.0,0.0,0.0,0.0,0.0,raw_unit_tail_descriptive_not_class_bootstrap,class_seed_set,9ed386af3e565cf6ed8b4cf6119bb9126795d5b67de8900f021e06860f45d4dd
primary,primary_f948566cda47,constant,normalized_regret,64,64,0.0,0.0,0.0,0.0,0.0,0.0,raw_unit_tail_descriptive_not_class_bootstrap,class_seed_set,9ed386af3e565cf6ed8b4cf6119bb9126795d5b67de8900f021e06860f45d4dd
primary,primary_f948566cda47,energy,absolute_regret,64,64,0.0,0.0,0.0,0.0,0.0,0.0,raw_unit_tail_descriptive_not_class_bootstrap,class_seed_set,9ed386af3e565cf6ed8b4cf6119bb9126795d5b67de8900f021e06860f45d4dd
primary,primary_f948566cda47,energy,normalized_regret,64,64,0.0,0.0,0.0,0.0,0.0,0.0,raw_unit_tail_descriptive_not_class_bootstrap,class_seed_set,9ed386af3e565cf6ed8b4cf6119bb9126795d5b67de8900f021e06860f45d4dd
primary,primary_f948566cda47,hybrid,absolute_regret,64,64,0.0,0.0,0.0,0.0,0.0,0.0,raw_unit_tail_descriptive_not_class_bootstrap,class_seed_set,9ed386af3e565cf6ed8b4cf6119bb9126795d5b67de8900f021e06860f45d4dd
primary,primary_f948566cda47,hybrid,normalized_regret,64,64,0.0,0.0,0.0,0.0,0.0,0.0,raw_unit_tail_descriptive_not_class_bootstrap,class_seed_set,9ed386af3e565cf6ed8b4cf6119bb9126795d5b67de8900f021e06860f45d4dd
primary,primary_f948566cda47,latest_stage,absolute_regret,64,64,0.0,0.0,0.0,0.0,0.0,0.0,raw_unit_tail_descriptive_not_class_bootstrap,class_seed_set,9ed386af3e565cf6ed8b4cf6119bb9126795d5b67de8900f021e06860f45d4dd
primary,primary_f948566cda47,latest_stage,normalized_regret,64,64,0.0,0.0,0.0,0.0,0.0,0.0,raw_unit_tail_descriptive_not_class_bootstrap,class_seed_set,9ed386af3e565cf6ed8b4cf6119bb9126795d5b67de8900f021e06860f45d4dd
primary,primary_f948566cda47,pure_G,absolute_regret,64,64,0.0,0.0,0.0,0.0,0.0,0.0,raw_unit_tail_descriptive_not_class_bootstrap,class_seed_set,9ed386af3e565cf6ed8b4cf6119bb9126795d5b67de8900f021e06860f45d4dd
primary,primary_f948566cda47,pure_G,normalized_regret,64,64,0.0,0.0,0.0,0.0,0.0,0.0,raw_unit_tail_descriptive_not_class_bootstrap,class_seed_set,9ed386af3e565cf6ed8b4cf6119bb9126795d5b67de8900f021e06860f45d4dd
primary,primary_f948566cda47,stage_position_only,absolute_regret,64,64,0.0,0.0,0.0,0.0,0.0,0.0,raw_unit_tail_descriptive_not_class_bootstrap,class_seed_set,9ed386af3e565cf6ed8b4cf6119bb9126795d5b67de8900f021e06860f45d4dd
primary,primary_f948566cda47,stage_position_only,normalized_regret,64,64,0.0,0.0,0.0,0.0,0.0,0.0,raw_unit_tail_descriptive_not_class_bootstrap,class_seed_set,9ed386af3e565cf6ed8b4cf6119bb9126795d5b67de8900f021e06860f45d4dd
primary,primary_f948566cda47,uniform_random_expected,absolute_regret,64,64,7.397315346946793,4.36131516978727,14.93727655324101,16.574227002478786,44.56233805252977,59.24818268404945,raw_unit_tail_descriptive_not_class_bootstrap,class_seed_set,9ed386af3e565cf6ed8b4cf6119bb9126795d5b67de8900f021e06860f45d4dd
primary,primary_f948566cda47,uniform_random_expected,normalized_regret,64,64,0.39422120029808405,0.39087817214311393,0.4465731890235849,0.4618985934569788,0.474700512740826,0.4844307831486864,raw_unit_tail_descriptive_not_class_bootstrap,class_seed_set,9ed386af3e565cf6ed8b4cf6119bb9126795d5b67de8900f021e06860f45d4dd
