class_id,seed,cell_id,energy,native_Y,source_B_score
19,79,adaln_conditioning_all_blocks_stage4_w8,0.0012380414891595137,0.0698286286186658,0.023486001894250482
85,79,adaln_conditioning_all_blocks_stage4_w8,0.0011503547211759724,0.10974230828431075,0.021822558773002376
131,79,adaln_conditioning_all_blocks_stage4_w8,0.0015484273353649767,1.4352626642366888,0.02937411035891827
224,79,adaln_conditioning_all_blocks_stage4_w8,0.0012577491434058172,0.0678963376734032,0.023859861743870014
301,79,adaln_conditioning_all_blocks_stage4_w8,0.001360822989454391,0.20804729387327825,0.02581520214622432
345,79,adaln_conditioning_all_blocks_stage4_w8,0.001361890234875318,0.06666829977798726,0.02583544809775098
384,79,adaln_conditioning_all_blocks_stage4_w8,0.0012947643263032662,0.049041981284574376,0.024562050372649892
462,79,adaln_conditioning_all_blocks_stage4_w8,0.0011884150590049103,0.10381307188487199,0.022544574290392746
511,79,adaln_conditioning_all_blocks_stage4_w8,0.0014537909155478703,0.2699012832540575,0.027578830350492578
568,79,adaln_conditioning_all_blocks_stage4_w8,0.0012906063202535731,0.040466946927381287,0.024483171806128107
679,79,adaln_conditioning_all_blocks_stage4_w8,0.0011991949650109748,0.25340476160482694,0.022749072197042183
712,79,adaln_conditioning_all_blocks_stage4_w8,0.0012472288080971337,0.09454408284517514,0.02366028796774751
780,79,adaln_conditioning_all_blocks_stage4_w8,0.0013396584690781312,0.05817347397351114,0.025413705128555557
870,79,adaln_conditioning_all_blocks_stage4_w8,0.0011599063373068927,0.038225459994411175,0.022003755668670424
888,79,adaln_conditioning_all_blocks_stage4_w8,0.0013397131733654535,0.1220344858489284,0.02541474288456529
975,79,adaln_conditioning_all_blocks_stage4_w8,0.0015580012404825538,0.5813402468304503,0.029555730083051616
19,80,adaln_conditioning_all_blocks_stage4_w8,0.001045455199346179,0.020532554180590523,0.019832584777806913
85,80,adaln_conditioning_all_blocks_stage4_w8,0.0010542974087002224,0.008283003430790359,0.020000324023588898
131,80,adaln_conditioning_all_blocks_stage4_w8,0.0010983201973431278,0.01346675383189222,0.020835448941865568
224,80,adaln_conditioning_all_blocks_stage4_w8,0.0010246964666293936,0.036196903731990915,0.0194387856683444
301,80,adaln_conditioning_all_blocks_stage4_w8,0.0011007494504156055,0.03290509471389669,0.02088153256891797
345,80,adaln_conditioning_all_blocks_stage4_w8,0.0011310673990010402,0.10494258613102048,0.02145667274325147
384,80,adaln_conditioning_all_blocks_stage4_w8,0.0010968503356707515,0.03032385590564957,0.020807565244651875
462,80,adaln_conditioning_all_blocks_stage4_w8,0.0009710256163089072,0.022831039006508295,0.018420634254736508
511,80,adaln_conditioning_all_blocks_stage4_w8,0.0012645778988371605,0.04799667231031889,0.023989405191646374
568,80,adaln_conditioning_all_blocks_stage4_w8,0.0010870965497815632,0.02776890001337051,0.020622533130724006
679,80,adaln_conditioning_all_blocks_stage4_w8,0.000997189159534173,0.0203807148259898,0.01891696416866052
712,80,adaln_conditioning_all_blocks_stage4_w8,0.0011461139183666091,0.02269130288041765,0.021742109528218614
780,80,adaln_conditioning_all_blocks_stage4_w8,0.001018406092953228,0.02860827432205326,0.019319455476773627
870,80,adaln_conditioning_all_blocks_stage4_w8,0.0009176217411095422,0.010505729187485713,0.017407547435696148
888,80,adaln_conditioning_all_blocks_stage4_w8,0.001279510059248423,0.062415655529150633,0.024272672554472997
975,80,adaln_conditioning_all_blocks_stage4_w8,0.0010155219679290894,0.2366283387817134,0.019264742798423762
19,81,adaln_conditioning_all_blocks_stage4_w8,0.001059724574588472,0.020566706211241126,0.020103278916012074
85,81,adaln_conditioning_all_blocks_stage4_w8,0.0010773746071208736,0.05864771439456718,0.0204381050919676
131,81,adaln_conditioning_all_blocks_stage4_w8,0.0010791848444569043,0.06562757528869057,0.02047244581307859
224,81,adaln_conditioning_all_blocks_stage4_w8,0.00134336638438981,0.0552278426009849,0.02548404534477313
301,81,adaln_conditioning_all_blocks_stage4_w8,0.0013700598221930706,1.7848498970707283,0.025990427510718995
345,81,adaln_conditioning_all_blocks_stage4_w8,0.0011213647703698373,0.06401742660386844,0.02127261109717017
384,81,adaln_conditioning_all_blocks_stage4_w8,0.0010500646967557257,0.05028050436033027,0.019920028264830643
462,81,adaln_conditioning_all_blocks_stage4_w8,0.0012064641150573152,0.18058596529563783,0.022886970056890034
511,81,adaln_conditioning_all_blocks_stage4_w8,0.0019511300254180242,0.05589213951702731,0.037013495811037835
568,81,adaln_conditioning_all_blocks_stage4_w8,0.001157429505838081,0.036812206099966716,0.021956769465802745
679,81,adaln_conditioning_all_blocks_stage4_w8,0.001140033458796097,0.20436531172367722,0.021626761467397233
712,81,adaln_conditioning_all_blocks_stage4_w8,0.0012651305826238966,0.07035439947799205,0.023999889761489843
780,81,adaln_conditioning_all_blocks_stage4_w8,0.0011612420130404644,0.030421712955899242,0.022029093820164897
870,81,adaln_conditioning_all_blocks_stage4_w8,0.001014337748529215,0.07343169984551423,0.019242277816989627
888,81,adaln_conditioning_all_blocks_stage4_w8,0.0012570682010846215,0.027712060085150366,0.02384694407286665
975,81,adaln_conditioning_all_blocks_stage4_w8,0.0013051656424067912,0.033039667509910935,0.024759366320337498
19,82,adaln_conditioning_all_blocks_stage4_w8,0.0012369616924843283,0.14394908764234063,0.023465517841833122
85,82,adaln_conditioning_all_blocks_stage4_w8,0.0014843543467577547,186.76208726221657,0.028158627400571613
131,82,adaln_conditioning_all_blocks_stage4_w8,0.0010194897558903904,0.0669424089510926,0.01934001287328883
224,82,adaln_conditioning_all_blocks_stage4_w8,0.006010434757627081,0.21571090385447178,0.1140196700505817
301,82,adaln_conditioning_all_blocks_stage4_w8,0.0022579594306080253,0.08987072627246563,0.042834137570302536
345,82,adaln_conditioning_all_blocks_stage4_w8,0.001183858810691163,0.09166922165246659,0.022458140953978478
384,82,adaln_conditioning_all_blocks_stage4_w8,0.002104466115270043,0.4598020609026321,0.039922325384403996
462,82,adaln_conditioning_all_blocks_stage4_w8,0.0025084072367462795,0.2418125092252836,0.047585204235578125
511,82,adaln_conditioning_all_blocks_stage4_w8,0.0012465461513784246,0.05208442208964925,0.02364733777413194
568,82,adaln_conditioning_all_blocks_stage4_w8,0.0018065275944536554,0.4516508929530118,0.03427034624999367
679,82,adaln_conditioning_all_blocks_stage4_w8,0.003642249477707082,4.067317334929896,0.06909451652612575
712,82,adaln_conditioning_all_blocks_stage4_w8,0.0017398691134076216,0.1066786580973371,0.03300581575903425
780,82,adaln_conditioning_all_blocks_stage4_w8,0.0012003396841464562,0.04451729689948536,0.0227707878471393
870,82,adaln_conditioning_all_blocks_stage4_w8,0.0011467962067399642,0.12704194551793083,0.021755052734217243
888,82,adaln_conditioning_all_blocks_stage4_w8,0.0035678652529895767,0.6476799341153311,0.06768342646338182
975,82,adaln_conditioning_all_blocks_stage4_w8,0.001294970323215239,0.05250196192059776,0.024565958193112424
19,79,adaln_conditioning_all_blocks_stage4_w6,0.003585817299608607,0.040916633835252014,0.12601164754577482
85,79,adaln_conditioning_all_blocks_stage4_w6,0.004205276786706237,0.18761436154376554,0.1477804952128194
131,79,adaln_conditioning_all_blocks_stage4_w6,0.004335508274380118,2.5044833833910616,0.15235704860440302
224,79,adaln_conditioning_all_blocks_stage4_w6,0.004052875388879329,0.20764903520972663,0.14242485391158974
301,79,adaln_conditioning_all_blocks_stage4_w6,0.004448482935003994,0.5646249233222989,0.15632716808530722
345,79,adaln_conditioning_all_blocks_stage4_w6,0.003700306865766834,0.1265383727871381,0.13003500335366103
384,79,adaln_conditioning_all_blocks_stage4_w6,0.003523365510773147,0.03706963923383455,0.12381698670675323
462,79,adaln_conditioning_all_blocks_stage4_w6,0.0038302814355120063,0.034343395223061186,0.1346025282173595
511,79,adaln_conditioning_all_blocks_stage4_w6,0.003779470254812623,0.03393313144421483,0.13281693791570798
568,79,adaln_conditioning_all_blocks_stage4_w6,0.0037222957507765386,0.02187738981479015,0.1308077297354736
679,79,adaln_conditioning_all_blocks_stage4_w6,0.0040234306106867734,0.18746127817200886,0.14139011491022765
712,79,adaln_conditioning_all_blocks_stage4_w6,0.0033668650294202958,0.19291448340891648,0.11831729672000121
780,79,adaln_conditioning_all_blocks_stage4_w6,0.0037243242550175637,0.038662089792651955,0.1308790147843502
870,79,adaln_conditioning_all_blocks_stage4_w6,0.004021390320303908,0.054327338485506964,0.14131841567651468
888,79,adaln_conditioning_all_blocks_stage4_w6,0.004264867427991703,0.17552316996290074,0.14987461051744203
975,79,adaln_conditioning_all_blocks_stage4_w6,0.004433259204233763,0.3401749269041829,0.1557921805954651
19,80,adaln_conditioning_all_blocks_stage4_w6,0.0030981825875642244,0.05098200456974666,0.10887534406708695
85,80,adaln_conditioning_all_blocks_stage4_w6,0.003937084909011902,0.01535154013971862,0.1383557818091703
131,80,adaln_conditioning_all_blocks_stage4_w6,0.0036384456034284085,0.018608215395090614,0.1278610946084003
224,80,adaln_conditioning_all_blocks_stage4_w6,0.003672568171168677,0.02843803001775314,0.12906021899767492
301,80,adaln_conditioning_all_blocks_stage4_w6,0.003881658227328444,0.058953878176794206,0.13640799504443746
345,80,adaln_conditioning_all_blocks_stage4_w6,0.003458895083895186,0.30052410124869766,0.12155138753365592
384,80,adaln_conditioning_all_blocks_stage4_w6,0.0030868338344589574,0.016711702781279317,0.10847652980609795
462,80,adaln_conditioning_all_blocks_stage4_w6,0.003611200801969972,0.09617370366660795,0.1269036664875616
511,80,adaln_conditioning_all_blocks_stage4_w6,0.0032779769753688015,0.031669071685882955,0.11519362108282102
568,80,adaln_conditioning_all_blocks_stage4_w6,0.0033678254621918318,0.11959109219543505,0.11835104794204798
679,80,adaln_conditioning_all_blocks_stage4_w6,0.003665146119601559,0.058372559775421,0.12879939562938889
712,80,adaln_conditioning_all_blocks_stage4_w6,0.002607099989290873,0.07429064069566492,0.09161787607053304
780,80,adaln_conditioning_all_blocks_stage4_w6,0.0035031718998652654,0.06103743052223365,0.12310734927467373
870,80,adaln_conditioning_all_blocks_stage4_w6,0.0036278163245242467,0.03206681905705011,0.12748756388024993
888,80,adaln_conditioning_all_blocks_stage4_w6,0.004141631528909784,0.1682621147497798,0.14554389386832758
975,80,adaln_conditioning_all_blocks_stage4_w6,0.004272561523976038,1.919078196605881,0.1501449939838465
19,81,adaln_conditioning_all_blocks_stage4_w6,0.0030689149898535106,0.1523809133198597,0.10784683148569119
85,81,adaln_conditioning_all_blocks_stage4_w6,0.003717936495377217,0.08376943272890003,0.13065453817298064
131,81,adaln_conditioning_all_blocks_stage4_w6,0.0036088338529225443,0.12403086604427925,0.12682048791927375
224,81,adaln_conditioning_all_blocks_stage4_w6,0.004013800164102577,0.06828715006368212,0.1410516848288042
301,81,adaln_conditioning_all_blocks_stage4_w6,0.003944158599779257,2.054777376291497,0.13860436319336997
345,81,adaln_conditioning_all_blocks_stage4_w6,0.003463967725110706,0.09115868147161164,0.1217296486729075
384,81,adaln_conditioning_all_blocks_stage4_w6,0.0030186427065927997,0.029110427111309182,0.10608017894590298
462,81,adaln_conditioning_all_blocks_stage4_w6,0.003689617970849213,0.04200290200194345,0.12965937761858523
511,81,adaln_conditioning_all_blocks_stage4_w6,0.003898061747349857,0.033660952260333936,0.13698444231175191
568,81,adaln_conditioning_all_blocks_stage4_w6,0.0031113322256715037,0.03362109328151064,0.10933744445427337
679,81,adaln_conditioning_all_blocks_stage4_w6,0.003895114603665206,0.1298247920060476,0.13688087472862448
712,81,adaln_conditioning_all_blocks_stage4_w6,0.0026164206631165143,0.02815828708276058,0.09194542021650334
780,81,adaln_conditioning_all_blocks_stage4_w6,0.003536998039635364,0.11129930435606637,0.1242960566867912
870,81,adaln_conditioning_all_blocks_stage4_w6,0.0037506947846850376,0.06906684414754238,0.13180571952483316
888,81,adaln_conditioning_all_blocks_stage4_w6,0.004097782788448968,0.0527656626118187,0.14400297542028576
975,81,adaln_conditioning_all_blocks_stage4_w6,0.004352712527179392,0.034467855145067006,0.15296163496753626
19,82,adaln_conditioning_all_blocks_stage4_w6,0.0032385278618676243,0.024947460369162403,0.11380731292176491
85,82,adaln_conditioning_all_blocks_stage4_w6,0.004288452604669145,5.001244634515671,0.15070343327177116
131,82,adaln_conditioning_all_blocks_stage4_w6,0.0038711011475243136,0.15417637807701112,0.13603700151402642
224,82,adaln_conditioning_all_blocks_stage4_w6,0.009868946832284564,0.17326439528335413,0.3468113810521169
301,82,adaln_conditioning_all_blocks_stage4_w6,0.008417430570261786,1.203482556606559,0.29580265965492264
345,82,adaln_conditioning_all_blocks_stage4_w6,0.003862951201881515,0.42999900365227006,0.13575059872435566
384,82,adaln_conditioning_all_blocks_stage4_w6,0.003706195337144891,0.06026150880268233,0.13024193413620705
462,82,adaln_conditioning_all_blocks_stage4_w6,0.00412986477749655,0.09861399266686989,0.14513039044415565
511,82,adaln_conditioning_all_blocks_stage4_w6,0.003409012279007584,0.18744114415395075,0.11979842191859871
568,82,adaln_conditioning_all_blocks_stage4_w6,0.004020941883936758,0.5991064610391986,0.1413026568687667
679,82,adaln_conditioning_all_blocks_stage4_w6,0.004648571284633363,0.0776183705686435,0.1633586090330275
712,82,adaln_conditioning_all_blocks_stage4_w6,0.003471451870609599,0.07031864812324784,0.12199265412633392
780,82,adaln_conditioning_all_blocks_stage4_w6,0.0038479213872051336,0.01912659258235649,0.13522242577201782
870,82,adaln_conditioning_all_blocks_stage4_w6,0.0039057370668160733,0.07177121074641946,0.13725416593974704
888,82,adaln_conditioning_all_blocks_stage4_w6,0.005617115253699011,0.3592855605598401,0.19739487219562868
975,82,adaln_conditioning_all_blocks_stage4_w6,0.004651680683309677,0.06669609806199617,0.16346787852930716
19,79,adaln_conditioning_all_blocks_stage4_w4,0.07199634340577177,2.087596760951101,1.3466891241804613
85,79,adaln_conditioning_all_blocks_stage4_w4,0.06488535902826698,0.9350706292186857,1.2136784062689852
131,79,adaln_conditioning_all_blocks_stage4_w4,0.07159771630017532,6.716861872079575,1.3392328178971726
224,79,adaln_conditioning_all_blocks_stage4_w4,0.06740096042722143,4.795629814651135,1.2607326438106314
301,79,adaln_conditioning_all_blocks_stage4_w4,0.07513451429349516,14.610378998649365,1.405388502571087
345,79,adaln_conditioning_all_blocks_stage4_w4,0.07331790518787784,2.2505153029861162,1.371408891806217
384,79,adaln_conditioning_all_blocks_stage4_w4,0.07212502277252497,1.2302133613602564,1.3490960673044516
462,79,adaln_conditioning_all_blocks_stage4_w4,0.06789273625327043,2.519960320820303,1.2699312937023697
511,79,adaln_conditioning_all_blocks_stage4_w4,0.07656985284120309,2.664928218424393,1.4322364606794746
568,79,adaln_conditioning_all_blocks_stage4_w4,0.07085295112119638,0.5500155963429735,1.325302010870675
679,79,adaln_conditioning_all_blocks_stage4_w4,0.07060855856252603,3.4466197059008437,1.3207306564765071
712,79,adaln_conditioning_all_blocks_stage4_w4,0.07310955987577474,2.460690248545589,1.3675117999177875
780,79,adaln_conditioning_all_blocks_stage4_w4,0.07289133424637838,3.8209583465493324,1.3634298970346204
870,79,adaln_conditioning_all_blocks_stage4_w4,0.07174918710916244,1.2008194199062812,1.3420660741633152
888,79,adaln_conditioning_all_blocks_stage4_w4,0.07743812469561816,3.5782361479380707,1.4484774558170004
975,79,adaln_conditioning_all_blocks_stage4_w4,0.07497582762516686,27.6901519585474,1.4024202739044487
19,80,adaln_conditioning_all_blocks_stage4_w4,0.06429913580723225,2.2131438505007845,1.2027131211063748
85,80,adaln_conditioning_all_blocks_stage4_w4,0.064172922859143,0.20791839750586405,1.2003523122585618
131,80,adaln_conditioning_all_blocks_stage4_w4,0.06289787607238395,0.16491388241615823,1.1765026060190085
224,80,adaln_conditioning_all_blocks_stage4_w4,0.06376345780881822,0.5728602469788484,1.1926932825923386
301,80,adaln_conditioning_all_blocks_stage4_w4,0.06633220097864978,1.3985902432119135,1.2407415351282818
345,80,adaln_conditioning_all_blocks_stage4_w4,0.06827737495223117,0.3667381423682628,1.2771259473212342
384,80,adaln_conditioning_all_blocks_stage4_w4,0.06420234895085743,1.0285315069934884,1.20090272629078
462,80,adaln_conditioning_all_blocks_stage4_w4,0.06415525486954719,1.3485879099796707,1.2000218331215768
511,80,adaln_conditioning_all_blocks_stage4_w4,0.07186736947642201,1.3341922175827678,1.344276671273246
568,80,adaln_conditioning_all_blocks_stage4_w4,0.06500861344557052,3.816290872164018,1.21598387590033
679,80,adaln_conditioning_all_blocks_stage4_w4,0.06371517549996496,3.0114497372056803,1.19179016366786
712,80,adaln_conditioning_all_blocks_stage4_w4,0.06564990542756277,1.8647064773797977,1.2279792203403348
780,80,adaln_conditioning_all_blocks_stage4_w4,0.06984965724495852,1.3997648118809138,1.3065354334644943
870,80,adaln_conditioning_all_blocks_stage4_w4,0.06766019028509618,0.6038122496370485,1.2655815293754888
888,80,adaln_conditioning_all_blocks_stage4_w4,0.07388313444243977,64.35888366332239,1.3819814855488899
975,80,adaln_conditioning_all_blocks_stage4_w4,0.07140316793174863,3.7253378708574583,1.3355937973651064
19,81,adaln_conditioning_all_blocks_stage4_w4,0.06502354593612837,8.174649999377207,1.216263187622008
85,81,adaln_conditioning_all_blocks_stage4_w4,0.060613341321186454,0.4810197054960667,1.1337704621667786
131,81,adaln_conditioning_all_blocks_stage4_w4,0.05977807190811291,1.0580227023981477,1.118146776558093
224,81,adaln_conditioning_all_blocks_stage4_w4,0.06467961966700386,0.6288779016577025,1.2098300586012805
301,81,adaln_conditioning_all_blocks_stage4_w4,0.0735306974568175,33.64144001474875,1.375389163869142
345,81,adaln_conditioning_all_blocks_stage4_w4,0.06999697618107346,0.7572348803296904,1.3092910290915345
384,81,adaln_conditioning_all_blocks_stage4_w4,0.06381220196271897,1.2185869849145663,1.1936050403125267
462,81,adaln_conditioning_all_blocks_stage4_w4,0.06582614600847592,2.756647254457693,1.2312757943373964
511,81,adaln_conditioning_all_blocks_stage4_w4,0.09407396563983639,1.776753048974797,1.7596502878163918
568,81,adaln_conditioning_all_blocks_stage4_w4,0.06338021247393044,0.9353169184016679,1.1855246918004778
679,81,adaln_conditioning_all_blocks_stage4_w4,0.06359279460684775,2.115820230837599,1.1895010332763405
712,81,adaln_conditioning_all_blocks_stage4_w4,0.07036398890340935,1.594582585138198,1.3161559894245891
780,81,adaln_conditioning_all_blocks_stage4_w4,0.0726648295276391,0.9766056344408865,1.3591931340703878
870,81,adaln_conditioning_all_blocks_stage4_w4,0.06643606570014528,2.778780457211852,1.2426843211672296
888,81,adaln_conditioning_all_blocks_stage4_w4,0.0753960320762417,1.2084140759885147,1.4102801836918857
975,81,adaln_conditioning_all_blocks_stage4_w4,0.07589987312530866,0.5883431574604855,1.419704513164704
19,82,adaln_conditioning_all_blocks_stage4_w4,0.07130814126288952,2.5424987895285653,1.3338163267963803
85,82,adaln_conditioning_all_blocks_stage4_w4,0.06837195047410205,18.385048410509288,1.2788949792010809
131,82,adaln_conditioning_all_blocks_stage4_w4,0.06587193385348657,0.8237956683966132,1.2321322544015967
224,82,adaln_conditioning_all_blocks_stage4_w4,0.16741816231660778,3.20996767243497,3.1315509610170045
301,82,adaln_conditioning_all_blocks_stage4_w4,0.10748517881438602,1.0343458603251747,2.0105065684255514
345,82,adaln_conditioning_all_blocks_stage4_w4,0.07260312667131073,2.9774230681451286,1.3580389842675296
384,82,adaln_conditioning_all_blocks_stage4_w4,0.08846168558011414,11.548853063606943,1.6546727825605219
462,82,adaln_conditioning_all_blocks_stage4_w4,0.10794058487590517,6.126656001883177,2.0190249231241673
511,82,adaln_conditioning_all_blocks_stage4_w4,0.07536051364149898,2.0807969632629413,1.4096158125931155
568,82,adaln_conditioning_all_blocks_stage4_w4,0.09680731537810063,10.271895680741634,1.8107775005465714
679,82,adaln_conditioning_all_blocks_stage4_w4,0.16711483477411093,60.62011743401786,3.125877229779813
712,82,adaln_conditioning_all_blocks_stage4_w4,0.08327253546303837,11.19587841956394,1.557609908311196
780,82,adaln_conditioning_all_blocks_stage4_w4,0.07850523192610125,1.5197342516270995,1.4684376598168984
870,82,adaln_conditioning_all_blocks_stage4_w4,0.07053932699636788,2.452597493274141,1.319435682415537
888,82,adaln_conditioning_all_blocks_stage4_w4,0.10020524231731542,10.489755398548255,1.8743356069355346
975,82,adaln_conditioning_all_blocks_stage4_w4,0.07978491277026477,168.53613731153771,1.4923740459406265
19,79,adaln_conditioning_all_blocks_stage10_w8,0.0011180129949934783,0.005480489889578165,0.0232027390754484
85,79,adaln_conditioning_all_blocks_stage10_w8,0.0011474458733573556,0.022641078388247134,0.02381357580093784
131,79,adaln_conditioning_all_blocks_stage10_w8,0.0010242852149531247,0.030946629926436483,0.021257554865483086
224,79,adaln_conditioning_all_blocks_stage10_w8,0.0010968159913318232,0.009619982262449865,0.022762825990944785
301,79,adaln_conditioning_all_blocks_stage10_w8,0.0009973397245630622,0.01026935664874884,0.020698340271752654
345,79,adaln_conditioning_all_blocks_stage10_w8,0.0010709785856306553,0.009443337360494297,0.02222660808868847
384,79,adaln_conditioning_all_blocks_stage10_w8,0.001226566033437848,0.010939415947007092,0.025455600033371814
462,79,adaln_conditioning_all_blocks_stage10_w8,0.0008227411308325827,0.005266879745931874,0.01707479955137653
511,79,adaln_conditioning_all_blocks_stage10_w8,0.0009530059760436416,0.008763172633734937,0.019778257586006532
568,79,adaln_conditioning_all_blocks_stage10_w8,0.000955545241595246,0.00820601545046884,0.019830956361692496
679,79,adaln_conditioning_all_blocks_stage10_w8,0.00099658832186833,0.022606727637196403,0.02068274599803264
712,79,adaln_conditioning_all_blocks_stage10_w8,0.0013329000648809597,0.020184387581196006,0.027662408717585216
780,79,adaln_conditioning_all_blocks_stage10_w8,0.001079820329323411,0.007897591345056298,0.022410105662324632
870,79,adaln_conditioning_all_blocks_stage10_w8,0.0009598067990737035,0.03121522899027696,0.019919398809741366
888,79,adaln_conditioning_all_blocks_stage10_w8,0.0010349801304982973,0.006370274025357503,0.02147951233461791
975,79,adaln_conditioning_all_blocks_stage10_w8,0.0009439250570721924,0.012563574626256013,0.01958979627616187
19,80,adaln_conditioning_all_blocks_stage10_w8,0.0008723921748696739,0.021521637303010266,0.01810523499781152
85,80,adaln_conditioning_all_blocks_stage10_w8,0.0008612709934823215,0.0037637671546804086,0.017874430999023493
131,80,adaln_conditioning_all_blocks_stage10_w8,0.0007437684762408027,0.0033954938965621295,0.015435836581541573
224,80,adaln_conditioning_all_blocks_stage10_w8,0.0008278158638859167,0.009579316788517646,0.01718011827972883
301,80,adaln_conditioning_all_blocks_stage10_w8,0.0007395881402771921,0.005457209020960363,0.015349079768297256
345,80,adaln_conditioning_all_blocks_stage10_w8,0.0008176329429261386,0.01795626323667321,0.016968786516043003
384,80,adaln_conditioning_all_blocks_stage10_w8,0.0007888569525675848,0.0037827356221988855,0.01637158254890035
462,80,adaln_conditioning_all_blocks_stage10_w8,0.0007250559028761927,0.003905925064501048,0.01504748424650296
511,80,adaln_conditioning_all_blocks_stage10_w8,0.0008749875123612583,0.018640837927762274,0.018159097465331685
568,80,adaln_conditioning_all_blocks_stage10_w8,0.0007446880917996168,0.010625204711004699,0.015454921869419654
679,80,adaln_conditioning_all_blocks_stage10_w8,0.0009423192823305725,0.0157128901582837,0.019556470749078913
712,80,adaln_conditioning_all_blocks_stage10_w8,0.000936309646931477,0.015301144223773377,0.019431749477744672
780,80,adaln_conditioning_all_blocks_stage10_w8,0.0009232928860001267,0.00880734695033425,0.019161605473292046
870,80,adaln_conditioning_all_blocks_stage10_w8,0.0008902786066755652,0.005990012061516837,0.018476441962347132
888,80,adaln_conditioning_all_blocks_stage10_w8,0.000897409234312363,0.005094026311258658,0.01862442780262063
975,80,adaln_conditioning_all_blocks_stage10_w8,0.0008144488092511893,0.15862303352503201,0.016902704437237088
19,81,adaln_conditioning_all_blocks_stage10_w8,0.0010859446629183367,0.07459121732682662,0.02253720732845052
85,81,adaln_conditioning_all_blocks_stage10_w8,0.0007879693293944,0.010097430519095951,0.016353161216610877
131,81,adaln_conditioning_all_blocks_stage10_w8,0.0007869809669500683,0.005976896658296483,0.016332649186777147
224,81,adaln_conditioning_all_blocks_stage10_w8,0.0010977660422213376,0.004968514807444536,0.022782542919993473
301,81,adaln_conditioning_all_blocks_stage10_w8,0.0008860822417773306,0.02349594778866404,0.01838935249179972
345,81,adaln_conditioning_all_blocks_stage10_w8,0.000922323320992291,0.00610688002268489,0.019141483557004634
384,81,adaln_conditioning_all_blocks_stage10_w8,0.0008902566623874009,0.006281731905747989,0.018475986540456013
462,81,adaln_conditioning_all_blocks_stage10_w8,0.0010230445186607542,0.024581332829541228,0.021231806012408334
511,81,adaln_conditioning_all_blocks_stage10_w8,0.0011850878363475201,0.009570933035320195,0.0245947801782211
568,81,adaln_conditioning_all_blocks_stage10_w8,0.0009515020065009594,0.008554701071489035,0.01974704487825399
679,81,adaln_conditioning_all_blocks_stage10_w8,0.0008815347828203812,0.009137471738597469,0.018294976572998327
712,81,adaln_conditioning_all_blocks_stage10_w8,0.001085550815332681,0.011887670547437779,0.022529033592719013
780,81,adaln_conditioning_all_blocks_stage10_w8,0.000882348045706749,0.010476154396656055,0.018311854665325193
870,81,adaln_conditioning_all_blocks_stage10_w8,0.001009021319077874,0.03681142279128835,0.020940774832644272
888,81,adaln_conditioning_all_blocks_stage10_w8,0.0009210698517563288,0.005059161605686313,0.019115469620000887
975,81,adaln_conditioning_all_blocks_stage10_w8,0.0008547713659936562,0.0036908422628130215,0.017739540652146987
19,82,adaln_conditioning_all_blocks_stage10_w8,0.0011569455527933312,0.0037910841486450404,0.02401072787720206
85,82,adaln_conditioning_all_blocks_stage10_w8,0.0011685547215165573,0.006291574457634396,0.024251659345775414
131,82,adaln_conditioning_all_blocks_stage10_w8,0.0010108530550496655,0.003819880891398953,0.020978789857513315
224,82,adaln_conditioning_all_blocks_stage10_w8,0.0015956857823766766,0.004380618735240204,0.03311614535849357
301,82,adaln_conditioning_all_blocks_stage10_w8,0.001315526431426406,0.006089344630268556,0.027301844139495636
345,82,adaln_conditioning_all_blocks_stage10_w8,0.001076849759556353,0.0068788486394169,0.022348455792851638
384,82,adaln_conditioning_all_blocks_stage10_w8,0.0013846364454366265,0.006910619648365922,0.028736122300626568
462,82,adaln_conditioning_all_blocks_stage10_w8,0.0012529738014563918,0.009574020154389018,0.02600365497874641
511,82,adaln_conditioning_all_blocks_stage10_w8,0.0009645121754147111,0.007177405346965316,0.020017052074936932
568,82,adaln_conditioning_all_blocks_stage10_w8,0.0012474115937948225,0.007107361484997909,0.02588821942152768
679,82,adaln_conditioning_all_blocks_stage10_w8,0.001331849489361048,0.07340072664399955,0.0276406055455499
712,82,adaln_conditioning_all_blocks_stage10_w8,0.001253755996003747,0.005782103487547374,0.026019888292732735
780,82,adaln_conditioning_all_blocks_stage10_w8,0.0011501460685394702,0.008015876019388914,0.02386961443782663
870,82,adaln_conditioning_all_blocks_stage10_w8,0.0012060766021022573,0.008043373376494854,0.0250303715868216
888,82,adaln_conditioning_all_blocks_stage10_w8,0.0014286842197179794,0.032937172313268086,0.02965027000560064
975,82,adaln_conditioning_all_blocks_stage10_w8,0.0011553518124856055,0.002478266586706468,0.02397765210734985
19,79,adaln_conditioning_all_blocks_stage10_w6,0.00238131161313504,0.03952991078119795,0.05844573662135158
85,79,adaln_conditioning_all_blocks_stage10_w6,0.0020452149910852313,0.03531897602033496,0.050196747054720214
131,79,adaln_conditioning_all_blocks_stage10_w6,0.0021530447411350906,0.03972866767162486,0.052843267206303106
224,79,adaln_conditioning_all_blocks_stage10_w6,0.0021470867359312247,0.035117798775274885,0.052697036867941235
301,79,adaln_conditioning_all_blocks_stage10_w6,0.001946084958035499,0.0343051907982499,0.04776374846229199
345,79,adaln_conditioning_all_blocks_stage10_w6,0.0019823437360173557,0.046728459500059216,0.04865366600876115
384,79,adaln_conditioning_all_blocks_stage10_w6,0.0026171840727329254,0.01735920440694372,0.0642348738236597
462,79,adaln_conditioning_all_blocks_stage10_w6,0.001614773296751082,0.07766636646874758,0.03963219861043587
511,79,adaln_conditioning_all_blocks_stage10_w6,0.0015982858021743593,0.10513935433868939,0.03922753768312932
568,79,adaln_conditioning_all_blocks_stage10_w6,0.0013931816938566046,0.013799193776549144,0.03419356370484978
679,79,adaln_conditioning_all_blocks_stage10_w6,0.00202481378801167,0.3771662792206029,0.04969602999819593
712,79,adaln_conditioning_all_blocks_stage10_w6,0.0018073589308187368,0.022685762544142566,0.04435892533687033
780,79,adaln_conditioning_all_blocks_stage10_w6,0.0039111499208956966,0.1362757233712841,0.09599333279290861
870,79,adaln_conditioning_all_blocks_stage10_w6,0.0014815648464718831,0.033429171509169464,0.036362796169439604
888,79,adaln_conditioning_all_blocks_stage10_w6,0.00320403890509624,0.10014848466653346,0.07863834910933146
975,79,adaln_conditioning_all_blocks_stage10_w6,0.0017237252322956922,0.7844624022000062,0.042306261128798796
19,80,adaln_conditioning_all_blocks_stage10_w6,0.0013810380596623872,0.0480858596924918,0.033895516342284375
85,80,adaln_conditioning_all_blocks_stage10_w6,0.0012198671465739606,0.006229754623973349,0.02993981701867185
131,80,adaln_conditioning_all_blocks_stage10_w6,0.0011145515636599155,0.00501604069734185,0.027355003344070525
224,80,adaln_conditioning_all_blocks_stage10_w6,0.00125504974857904,0.01301987856714959,0.03080332143325604
301,80,adaln_conditioning_all_blocks_stage10_w6,0.001196797442389652,0.01296939624677407,0.029373605588277195
345,80,adaln_conditioning_all_blocks_stage10_w6,0.001355543558020145,0.04931589974258088,0.033269791880161825
384,80,adaln_conditioning_all_blocks_stage10_w6,0.0012758398806909101,0.03133752969845105,0.03131358417208919
462,80,adaln_conditioning_all_blocks_stage10_w6,0.0014681214097436168,0.027183661656195568,0.036032847095168026
511,80,adaln_conditioning_all_blocks_stage10_w6,0.0015619880286976697,0.07865963536022492,0.038336663050486365
568,80,adaln_conditioning_all_blocks_stage10_w6,0.0011122882133349778,0.00730807952459145,0.027299452791071287
679,80,adaln_conditioning_all_blocks_stage10_w6,0.00126639285008423,0.05411354024209913,0.03108172091671079
712,80,adaln_conditioning_all_blocks_stage10_w6,0.0011818601633422079,0.010147893974536968,0.029006992385607257
780,80,adaln_conditioning_all_blocks_stage10_w6,0.001253037611604668,0.014273339457133716,0.0307539365367135
870,80,adaln_conditioning_all_blocks_stage10_w6,0.001155944133643061,0.009798716963970834,0.028370922146956988
888,80,adaln_conditioning_all_blocks_stage10_w6,0.001345007010968402,0.013440576055206321,0.03301118807103081
975,80,adaln_conditioning_all_blocks_stage10_w6,0.0013691129424842075,0.4114532687552241,0.03360283215348261
19,81,adaln_conditioning_all_blocks_stage10_w6,0.00202949253434781,0.6253531875756835,0.04981086283845581
85,81,adaln_conditioning_all_blocks_stage10_w6,0.001308490929659456,0.032513653669525404,0.03211495539872767
131,81,adaln_conditioning_all_blocks_stage10_w6,0.0011793233315984255,0.011846725157568017,0.028944729639676838
224,81,adaln_conditioning_all_blocks_stage10_w6,0.0022385285701602697,0.011943937506202927,0.054941340104042315
301,81,adaln_conditioning_all_blocks_stage10_w6,0.00147745746653527,0.2123705251622745,0.03626198666401621
345,81,adaln_conditioning_all_blocks_stage10_w6,0.0013370542583288627,0.009542934767424072,0.03281599963637931
384,81,adaln_conditioning_all_blocks_stage10_w6,0.0014788846601732073,0.05252407319909481,0.03629701500008549
462,81,adaln_conditioning_all_blocks_stage10_w6,0.0032067620231828187,0.12327467973523197,0.0787051839752932
511,81,adaln_conditioning_all_blocks_stage10_w6,0.002483229676727205,0.025088587740640378,0.060947163259011894
568,81,adaln_conditioning_all_blocks_stage10_w6,0.0013981156516820195,0.023009857235422263,0.03431466032990903
679,81,adaln_conditioning_all_blocks_stage10_w6,0.0015769178862683475,0.02074090436286724,0.0387030941040944
712,81,adaln_conditioning_all_blocks_stage10_w6,0.002316200698260218,0.1099570156835057,0.05684768647077127
780,81,adaln_conditioning_all_blocks_stage10_w6,0.0017048698500730097,0.1907358603507987,0.041843483936094064
870,81,adaln_conditioning_all_blocks_stage10_w6,0.003180630164024478,0.17889489646950096,0.07806381652494766
888,81,adaln_conditioning_all_blocks_stage10_w6,0.0014840392432233784,0.007848684105056236,0.036423526541742385
975,81,adaln_conditioning_all_blocks_stage10_w6,0.0015249798889271913,0.010199929783993868,0.03742835353822393
19,82,adaln_conditioning_all_blocks_stage10_w6,0.0018095077248290183,0.013305857692557765,0.04441166427623708
85,82,adaln_conditioning_all_blocks_stage10_w6,0.002252671984024346,0.04894260033495356,0.055288469071568876
131,82,adaln_conditioning_all_blocks_stage10_w6,0.001979265143745579,0.007027897652562842,0.04857810655988923
224,82,adaln_conditioning_all_blocks_stage10_w6,0.0025993558811023836,0.007021538025142603,0.06379730748974263
301,82,adaln_conditioning_all_blocks_stage10_w6,0.00262768636457622,0.06162388961435284,0.06449263688986574
345,82,adaln_conditioning_all_blocks_stage10_w6,0.0023767147295075115,0.06970056842851591,0.05833291297899768
384,82,adaln_conditioning_all_blocks_stage10_w6,0.0030107595957815647,0.048044299909875576,0.07389459716008934
462,82,adaln_conditioning_all_blocks_stage10_w6,0.0024166769435396414,0.06477910167791379,0.05931372583156386
511,82,adaln_conditioning_all_blocks_stage10_w6,0.0019870182877639304,0.09987648809995166,0.04876839589908554
568,82,adaln_conditioning_all_blocks_stage10_w6,0.0024379937822232023,0.3029386805825424,0.05983691579646687
679,82,adaln_conditioning_all_blocks_stage10_w6,0.002287007577251643,0.042582592635007195,0.05613118492086443
712,82,adaln_conditioning_all_blocks_stage10_w6,0.00229267735267058,0.08621543394798437,0.05627034108967896
780,82,adaln_conditioning_all_blocks_stage10_w6,0.0032060232624644414,0.03109860854402768,0.07868705219693445
870,82,adaln_conditioning_all_blocks_stage10_w6,0.002109324577759253,0.16510229251321107,0.051770221100278103
888,82,adaln_conditioning_all_blocks_stage10_w6,0.003469255578238517,0.23138896113039206,0.08514769620215379
975,82,adaln_conditioning_all_blocks_stage10_w6,0.002860117820091546,0.01123506997515733,0.0701973197867344
19,79,adaln_conditioning_all_blocks_stage10_w4,0.02008872299870745,0.23745202200058202,0.30706057022385413
85,79,adaln_conditioning_all_blocks_stage10_w4,0.016969337943010032,0.997143169946085,0.259380080328511
131,79,adaln_conditioning_all_blocks_stage10_w4,0.017897062178235505,0.25222756665698404,0.2735605502716304
224,79,adaln_conditioning_all_blocks_stage10_w4,0.022218027210328724,0.7904762807123121,0.33960745563028594
301,79,adaln_conditioning_all_blocks_stage10_w4,0.019181539784767665,1.066419264954561,0.29319407433022354
345,79,adaln_conditioning_all_blocks_stage10_w4,0.011600735804677242,0.15803716392294123,0.17731981029504315
384,79,adaln_conditioning_all_blocks_stage10_w4,0.04561895900405944,5.331826385344087,0.6972958692151018
462,79,adaln_conditioning_all_blocks_stage10_w4,0.012989370210561901,1.1930802349568237,0.19854539404821858
511,79,adaln_conditioning_all_blocks_stage10_w4,0.010951372212730348,1.392692168038966,0.1673941442963307
568,79,adaln_conditioning_all_blocks_stage10_w4,0.009436930387892064,0.06345733977968847,0.1442455663436346
679,79,adaln_conditioning_all_blocks_stage10_w4,0.010744080180302262,1.4593795210058147,0.1642256397734536
712,79,adaln_conditioning_all_blocks_stage10_w4,0.015140223826165311,0.2697168929025793,0.23142166685648596
780,79,adaln_conditioning_all_blocks_stage10_w4,0.024117936613038186,0.5686403336097213,0.3686479906910345
870,79,adaln_conditioning_all_blocks_stage10_w4,0.00992463315196801,0.15136376465829926,0.1517002108646699
888,79,adaln_conditioning_all_blocks_stage10_w4,0.03784093555077561,0.8177095929037251,0.5784070619507717
975,79,adaln_conditioning_all_blocks_stage10_w4,0.013705241959542038,0.31673691093897105,0.20948765192409907
19,80,adaln_conditioning_all_blocks_stage10_w4,0.011543525945171497,0.4597225526565012,0.17644534495031264
85,80,adaln_conditioning_all_blocks_stage10_w4,0.00842131669924129,0.08769749655994019,0.12872168668317419
131,80,adaln_conditioning_all_blocks_stage10_w4,0.0056025070282430525,0.03496051976196668,0.0856355579638462
224,80,adaln_conditioning_all_blocks_stage10_w4,0.008573880259064028,0.33172154081843536,0.13105365440842806
301,80,adaln_conditioning_all_blocks_stage10_w4,0.007288852895726449,0.073735053107967,0.11141172719557929
345,80,adaln_conditioning_all_blocks_stage10_w4,0.007108377467375249,0.20438020591456052,0.10865312039192733
384,80,adaln_conditioning_all_blocks_stage10_w4,0.006865971095976419,0.29942215034127523,0.1049478854383462
462,80,adaln_conditioning_all_blocks_stage10_w4,0.007183699057350167,0.41173382930544733,0.10980442753919369
511,80,adaln_conditioning_all_blocks_stage10_w4,0.01115797774400562,0.21899342017786694,0.17055215549738462
568,80,adaln_conditioning_all_blocks_stage10_w4,0.006504516233690083,0.5352938162707801,0.09942296799431712
679,80,adaln_conditioning_all_blocks_stage10_w4,0.009871674134046769,1.6751269291908102,0.1508907205729058
712,80,adaln_conditioning_all_blocks_stage10_w4,0.01481940859594033,1.4391324555659857,0.22651793516902538
780,80,adaln_conditioning_all_blocks_stage10_w4,0.010160655845538713,0.4413670806593473,0.15530786989198853
870,80,adaln_conditioning_all_blocks_stage10_w4,0.006498567992821336,0.07171313707451077,0.0993320478182012
888,80,adaln_conditioning_all_blocks_stage10_w4,0.008103385014692321,0.4349105791429402,0.12386203062857488
975,80,adaln_conditioning_all_blocks_stage10_w4,0.006645681700319983,0.09030305679954155,0.10158071334637771
19,81,adaln_conditioning_all_blocks_stage10_w4,0.0201176783448318,40.81665163628487,0.3075031590878921
85,81,adaln_conditioning_all_blocks_stage10_w4,0.007526559696998448,0.10158799528113605,0.11504512818126487
131,81,adaln_conditioning_all_blocks_stage10_w4,0.010532988180784743,1.443710945841815,0.16099905191390107
224,81,adaln_conditioning_all_blocks_stage10_w4,0.019514344399794933,0.062085637176551245,0.29828106641379093
301,81,adaln_conditioning_all_blocks_stage10_w4,0.012379225168842822,0.36303145745438664,0.18921919225621953
345,81,adaln_conditioning_all_blocks_stage10_w4,0.015428390179295093,0.8563781101685776,0.23582635324282583
384,81,adaln_conditioning_all_blocks_stage10_w4,0.008938749844674021,0.06923648547950734,0.13663076665304183
462,81,adaln_conditioning_all_blocks_stage10_w4,0.027900509471692207,1.8184648217048223,0.42646545270523567
511,81,adaln_conditioning_all_blocks_stage10_w4,0.021596957056317475,0.5181131310601472,0.3301142610826792
568,81,adaln_conditioning_all_blocks_stage10_w4,0.014930747347534636,0.12711637312099813,0.22821977259068527
679,81,adaln_conditioning_all_blocks_stage10_w4,0.014606397104216741,1.0901715938207985,0.22326200744693536
712,81,adaln_conditioning_all_blocks_stage10_w4,0.026360240823123604,1.2013214776358723,0.4029221060446326
780,81,adaln_conditioning_all_blocks_stage10_w4,0.014649557007942349,4.495199092120743,0.2239217161128194
870,81,adaln_conditioning_all_blocks_stage10_w4,0.008697467227648303,0.11058716001207357,0.13294270853338
888,81,adaln_conditioning_all_blocks_stage10_w4,0.011677092876198003,0.0824630891574003,0.1784869450065575
975,81,adaln_conditioning_all_blocks_stage10_w4,0.011799694912042469,0.18840939350775798,0.18036094421693188
19,82,adaln_conditioning_all_blocks_stage10_w4,0.014354902901686728,0.4932882791019893,0.21941786298629304
85,82,adaln_conditioning_all_blocks_stage10_w4,0.01775944321707357,0.2934135672049933,0.2714570140393514
131,82,adaln_conditioning_all_blocks_stage10_w4,0.010992384297423996,0.07931925475378422,0.16802102307368807
224,82,adaln_conditioning_all_blocks_stage10_w4,0.013476963038556276,0.0537577217490366,0.20599835817195344
301,82,adaln_conditioning_all_blocks_stage10_w4,0.01701052632415667,0.5950205999011615,0.26000965383611013
345,82,adaln_conditioning_all_blocks_stage10_w4,0.01844878559131757,1.5525676819304408,0.2819937645599518
384,82,adaln_conditioning_all_blocks_stage10_w4,0.019481139257550243,0.2830281218480905,0.2977735184769373
462,82,adaln_conditioning_all_blocks_stage10_w4,0.014486718544503674,0.4348221910713619,0.22143269421525666
511,82,adaln_conditioning_all_blocks_stage10_w4,0.01505177648505196,1.0495328589834119,0.23006972970255155
568,82,adaln_conditioning_all_blocks_stage10_w4,0.013734470121562483,0.5043417087115927,0.2099344108393955
679,82,adaln_conditioning_all_blocks_stage10_w4,0.0214655403397046,12.16554811431181,0.3281055275288992
712,82,adaln_conditioning_all_blocks_stage10_w4,0.02474399143829942,0.9271765805374911,0.3782173770402056
780,82,adaln_conditioning_all_blocks_stage10_w4,0.016883292119018734,0.09278196638075543,0.25806485089447234
870,82,adaln_conditioning_all_blocks_stage10_w4,0.014347628111863742,3.4006148615293337,0.21930666621627193
888,82,adaln_conditioning_all_blocks_stage10_w4,0.017452785177738406,1.1372996728132991,0.26676967814308544
975,82,adaln_conditioning_all_blocks_stage10_w4,0.013028441462665796,0.01867316839599198,0.19914260677055806
19,79,adaln_conditioning_all_blocks_stage15_w8,0.0018463660126144532,0.004038955516818986,0.002350265543369063
85,79,adaln_conditioning_all_blocks_stage15_w8,0.0014209678192855788,0.002397484972021857,0.0018087701360870636
131,79,adaln_conditioning_all_blocks_stage15_w8,0.0019518449553288517,0.003938623573503718,0.0024845311889230663
224,79,adaln_conditioning_all_blocks_stage15_w8,0.0018275589682161808,0.0034942194043310333,0.002326325789214207
301,79,adaln_conditioning_all_blocks_stage15_w8,0.001752943153405795,0.0027709554551655913,0.002231346257885564
345,79,adaln_conditioning_all_blocks_stage15_w8,0.0016696188831701875,0.003450754040670745,0.0021252816098563145
384,79,adaln_conditioning_all_blocks_stage15_w8,0.0016216345247812571,0.003028599358927409,0.0020642016379700877
462,79,adaln_conditioning_all_blocks_stage15_w8,0.0017503071269402426,0.003737368003498886,0.002227990822326704
511,79,adaln_conditioning_all_blocks_stage15_w8,0.0015455300454050303,0.0034882680411669757,0.001967327164354364
568,79,adaln_conditioning_all_blocks_stage15_w8,0.0016935890453169122,0.0033053603506232325,0.002155793569986389
679,79,adaln_conditioning_all_blocks_stage15_w8,0.0014334933366626499,0.002588685069667917,0.0018247140452053408
712,79,adaln_conditioning_all_blocks_stage15_w8,0.002234972231235588,0.004281608389021584,0.002844927923051262
780,79,adaln_conditioning_all_blocks_stage15_w8,0.0016525847604498267,0.003113883107005222,0.00210359863290718
870,79,adaln_conditioning_all_blocks_stage15_w8,0.0017420968652004378,0.00859730108140866,0.0022175398634500395
888,79,adaln_conditioning_all_blocks_stage15_w8,0.0019574691577872727,0.0038728600634954087,0.002491690316179878
975,79,adaln_conditioning_all_blocks_stage15_w8,0.0019281620625406506,0.0049184735153176016,0.0024543848980429625
19,80,adaln_conditioning_all_blocks_stage15_w8,0.0014768013643333688,0.008369281113758122,0.0018798414492467727
85,80,adaln_conditioning_all_blocks_stage15_w8,0.0010527992999413982,0.0021032675299039742,0.0013401231943343942
131,80,adaln_conditioning_all_blocks_stage15_w8,0.001095254090614617,0.0022618180018980634,0.001394164500873028
224,80,adaln_conditioning_all_blocks_stage15_w8,0.0011402708405512387,0.001854335793268547,0.0014514669617760473
301,80,adaln_conditioning_all_blocks_stage15_w8,0.0013463099021464586,0.005657103147768795,0.0017137370121056937
345,80,adaln_conditioning_all_blocks_stage15_w8,0.0011938603020098526,0.0047469506307358245,0.0015196817490356657
384,80,adaln_conditioning_all_blocks_stage15_w8,0.0011309046649330412,0.0022087076537360417,0.001439544623692374
462,80,adaln_conditioning_all_blocks_stage15_w8,0.001021372459945269,0.0025105018707591857,0.001300119522973867
511,80,adaln_conditioning_all_blocks_stage15_w8,0.001381737587507814,0.0028430240725612066,0.0017588334164032424
568,80,adaln_conditioning_all_blocks_stage15_w8,0.0011451371246948838,0.003018715498512847,0.0014576613240362458
679,80,adaln_conditioning_all_blocks_stage15_w8,0.001306063582887873,0.004021937293373412,0.0016625069002239518
712,80,adaln_conditioning_all_blocks_stage15_w8,0.001259511467651464,0.002900482497466328,0.0016032500510057657
780,80,adaln_conditioning_all_blocks_stage15_w8,0.0012151575792813676,0.006935903462718328,0.0015467913560132886
870,80,adaln_conditioning_all_blocks_stage15_w8,0.0012168876855866986,0.003532697035325327,0.0015489936329226362
888,80,adaln_conditioning_all_blocks_stage15_w8,0.0012734646334138233,0.003518195339452745,0.0016210112340475581
975,80,adaln_conditioning_all_blocks_stage15_w8,0.0012376951053738592,0.0025126284379552995,0.0015754796933451483
19,81,adaln_conditioning_all_blocks_stage15_w8,0.001461898966226727,0.0027893227006643424,0.001860871974860698
85,81,adaln_conditioning_all_blocks_stage15_w8,0.001238894066773355,0.005624032752336917,0.0015770058683536854
131,81,adaln_conditioning_all_blocks_stage15_w8,0.0013864273205399513,0.003973411472770749,0.0017648030442439459
224,81,adaln_conditioning_all_blocks_stage15_w8,0.0016792082024039698,0.0027527650157139756,0.00213748799062023
301,81,adaln_conditioning_all_blocks_stage15_w8,0.0015997367445379498,0.002704802478106672,0.002036327642223579
345,81,adaln_conditioning_all_blocks_stage15_w8,0.0016042268835008147,0.004629696510619397,0.0020420432039362957
384,81,adaln_conditioning_all_blocks_stage15_w8,0.0015336528304032981,0.002742565628807369,0.0019522084885452108
462,81,adaln_conditioning_all_blocks_stage15_w8,0.0019691501511260867,0.004281366923180485,0.0025065592186450307
511,81,adaln_conditioning_all_blocks_stage15_w8,0.0018014168745139614,0.002625150481435412,0.002293049146533349
568,81,adaln_conditioning_all_blocks_stage15_w8,0.0015394944348372517,0.0036447954321943143,0.0019596443498670255
679,81,adaln_conditioning_all_blocks_stage15_w8,0.0014301932096714154,0.0026116597092027405,0.0018205132666472162
712,81,adaln_conditioning_all_blocks_stage15_w8,0.0019064698863076046,0.00402667376821242,0.0024267726185637564
780,81,adaln_conditioning_all_blocks_stage15_w8,0.0012521229800768199,0.0020980174570581767,0.0015938451401453736
870,81,adaln_conditioning_all_blocks_stage15_w8,0.0015456671826541422,0.004317009840690389,0.001967501728308151
888,81,adaln_conditioning_all_blocks_stage15_w8,0.0016077963664429262,0.004391796189565867,0.00204658684951316
975,81,adaln_conditioning_all_blocks_stage15_w8,0.0015289273724192753,0.002026909077358141,0.0019461933859054254
19,82,adaln_conditioning_all_blocks_stage15_w8,0.001762235362548381,0.0023142887314975273,0.002243174442991005
85,82,adaln_conditioning_all_blocks_stage15_w8,0.0016904193471418694,0.0028858886523153164,0.002151758816122427
131,82,adaln_conditioning_all_blocks_stage15_w8,0.0015068305656313898,0.0022673928865515336,0.0019180660464411805
224,82,adaln_conditioning_all_blocks_stage15_w8,0.0022060355549911033,0.0021972376720214015,0.0028080940165276375
301,82,adaln_conditioning_all_blocks_stage15_w8,0.0024342547915239265,0.003026715161979609,0.0030985975268243747
345,82,adaln_conditioning_all_blocks_stage15_w8,0.0017374004819430413,0.0026055475012185525,0.0022115617704430712
384,82,adaln_conditioning_all_blocks_stage15_w8,0.001999436470214277,0.0022592607216438405,0.0025451111047294496
462,82,adaln_conditioning_all_blocks_stage15_w8,0.0023264904739335184,0.007344979914435613,0.0029614227951043188
511,82,adaln_conditioning_all_blocks_stage15_w8,0.0015473245875909927,0.003965660144160665,0.001969611462612117
568,82,adaln_conditioning_all_blocks_stage15_w8,0.0017478248919360342,0.002643699101838592,0.0022248311501051193
679,82,adaln_conditioning_all_blocks_stage15_w8,0.0020109393080929294,0.0025517409535495967,0.0025597532305769006
712,82,adaln_conditioning_all_blocks_stage15_w8,0.002027423426625319,0.0031503641499170953,0.00258073609937691
780,82,adaln_conditioning_all_blocks_stage15_w8,0.001751637610141188,0.0035382159576471395,0.0022296844133058756
870,82,adaln_conditioning_all_blocks_stage15_w8,0.0019286604510853065,0.0025915709295531997,0.002455019303905999
888,82,adaln_conditioning_all_blocks_stage15_w8,0.001984029309824109,0.001907206543933171,0.002525499111257528
975,82,adaln_conditioning_all_blocks_stage15_w8,0.0018758830265142024,0.0020512764482987222,0.002387838169943517
19,79,adaln_conditioning_all_blocks_stage15_w6,0.029336779993172968,0.106029693568928,0.05750050231310469
85,79,adaln_conditioning_all_blocks_stage15_w6,0.020244898405508135,0.03541351952387117,0.039680286243595535
131,79,adaln_conditioning_all_blocks_stage15_w6,0.03079984709620476,0.14370035439742423,0.06036813445820325
224,79,adaln_conditioning_all_blocks_stage15_w6,0.022127943462692205,0.04431366404384107,0.04337108109877358
301,79,adaln_conditioning_all_blocks_stage15_w6,0.02312123811861966,0.04549390940229613,0.045317952625711526
345,79,adaln_conditioning_all_blocks_stage15_w6,0.027296160289552066,0.07104079005631546,0.05350085892976384
384,79,adaln_conditioning_all_blocks_stage15_w6,0.018653405262739394,0.03672741195032714,0.036560937250339966
462,79,adaln_conditioning_all_blocks_stage15_w6,0.024580963118069118,0.05140014549471061,0.048179034200678955
511,79,adaln_conditioning_all_blocks_stage15_w6,0.021121806465089318,0.04972690145615388,0.04139903840112823
568,79,adaln_conditioning_all_blocks_stage15_w6,0.019767521196627058,0.0424554780863673,0.03874462018515703
679,79,adaln_conditioning_all_blocks_stage15_w6,0.026973421918228272,0.11995191887814373,0.05286828717270154
712,79,adaln_conditioning_all_blocks_stage15_w6,0.02430981132783927,0.05515255214237413,0.04764757286971686
780,79,adaln_conditioning_all_blocks_stage15_w6,0.02118183254788164,0.05104404545693342,0.04151669036951909
870,79,adaln_conditioning_all_blocks_stage15_w6,0.025330678399768658,0.1805282972763962,0.049648486720674886
888,79,adaln_conditioning_all_blocks_stage15_w6,0.028487314386438815,0.07896182362679836,0.05583553774997654
975,79,adaln_conditioning_all_blocks_stage15_w6,0.029069354524835948,0.12466273861537047,0.05697634462557817
19,80,adaln_conditioning_all_blocks_stage15_w6,0.024577103540650565,0.16279638804621754,0.04817146937453461
85,80,adaln_conditioning_all_blocks_stage15_w6,0.01772257960692514,0.06424749629742622,0.03473650584417678
131,80,adaln_conditioning_all_blocks_stage15_w6,0.01663326675770804,0.036685718274270585,0.03260143730493427
224,80,adaln_conditioning_all_blocks_stage15_w6,0.01669278700865107,0.031022708251384756,0.0327180978357704
301,80,adaln_conditioning_all_blocks_stage15_w6,0.018595216155517846,0.09230522748896774,0.03644688577996153
345,80,adaln_conditioning_all_blocks_stage15_w6,0.017186388789014018,0.04649212669482949,0.033685564283012295
384,80,adaln_conditioning_all_blocks_stage15_w6,0.014524551407703255,0.033651193510777944,0.028468325494815833
462,80,adaln_conditioning_all_blocks_stage15_w6,0.015431702035130003,0.04760776807478706,0.030246353511620156
511,80,adaln_conditioning_all_blocks_stage15_w6,0.019060212976910407,0.03936451849027734,0.03735828610441061
568,80,adaln_conditioning_all_blocks_stage15_w6,0.018707422364968807,0.07205981178549335,0.03666681153212591
679,80,adaln_conditioning_all_blocks_stage15_w6,0.026609592256136235,0.1816650445153414,0.052155175906517325
712,80,adaln_conditioning_all_blocks_stage15_w6,0.018105938361259174,0.05367192624208883,0.03548789440643421
780,80,adaln_conditioning_all_blocks_stage15_w6,0.018828323591151278,0.10848785587569411,0.0369037796396476
870,80,adaln_conditioning_all_blocks_stage15_w6,0.016433650234830562,0.048799815785230294,0.032210186106332334
888,80,adaln_conditioning_all_blocks_stage15_w6,0.022639205722953193,0.06768036474309726,0.04437316233555489
975,80,adaln_conditioning_all_blocks_stage15_w6,0.019131426350213587,0.03753456606750661,0.03749786531989699
19,81,adaln_conditioning_all_blocks_stage15_w6,0.018838158634025604,0.04430903060415403,0.036923056462314446
85,81,adaln_conditioning_all_blocks_stage15_w6,0.01785165962064639,0.05849743773745785,0.03498950449056133
131,81,adaln_conditioning_all_blocks_stage15_w6,0.02240962308133021,0.0994179051208448,0.04392317712181422
224,81,adaln_conditioning_all_blocks_stage15_w6,0.016834982729051262,0.020536877103722873,0.03299680345212255
301,81,adaln_conditioning_all_blocks_stage15_w6,0.02026661607669666,0.04290216467184394,0.03972285318525381
345,81,adaln_conditioning_all_blocks_stage15_w6,0.021838362474227324,0.06808153274107552,0.04280349827949584
384,81,adaln_conditioning_all_blocks_stage15_w6,0.01803356678283308,0.03263046625636434,0.035346045092581053
462,81,adaln_conditioning_all_blocks_stage15_w6,0.028388426522724327,0.08489378453919018,0.05564171614318888
511,81,adaln_conditioning_all_blocks_stage15_w6,0.0210627022315748,0.035056475098826916,0.0412831932703161
568,81,adaln_conditioning_all_blocks_stage15_w6,0.020318711875006553,0.037280547362001926,0.039824961684275115
679,81,adaln_conditioning_all_blocks_stage15_w6,0.020502615723671624,0.04491183219306549,0.04018541581993743
712,81,adaln_conditioning_all_blocks_stage15_w6,0.02326298979460262,0.07175908913680827,0.04559578790874673
780,81,adaln_conditioning_all_blocks_stage15_w6,0.017414049652870748,0.02579629362145397,0.034131782785242044
870,81,adaln_conditioning_all_blocks_stage15_w6,0.02403618476819247,0.0798914446413619,0.04711126095581359
888,81,adaln_conditioning_all_blocks_stage15_w6,0.022120280365925286,0.06830740786881508,0.043356061321092654
975,81,adaln_conditioning_all_blocks_stage15_w6,0.01981312777206767,0.02649586281313532,0.03883400971588351
19,82,adaln_conditioning_all_blocks_stage15_w6,0.024341683092643507,0.03561265177563655,0.04771004197799238
85,82,adaln_conditioning_all_blocks_stage15_w6,0.025745232429471798,0.04764999544465808,0.05046101846237931
131,82,adaln_conditioning_all_blocks_stage15_w6,0.020849784370511774,0.02840520068934893,0.04086587126137698
224,82,adaln_conditioning_all_blocks_stage15_w6,0.024937263515312228,0.022191692290064676,0.048877388001627976
301,82,adaln_conditioning_all_blocks_stage15_w6,0.028157188240584222,0.04596981202564621,0.05518848585069701
345,82,adaln_conditioning_all_blocks_stage15_w6,0.024975429987534877,0.042812182914644836,0.04895219482517276
384,82,adaln_conditioning_all_blocks_stage15_w6,0.024876299139577892,0.033315597041905676,0.04875789696584474
462,82,adaln_conditioning_all_blocks_stage15_w6,0.03725254554592539,0.18494473393482735,0.07301551437584494
511,82,adaln_conditioning_all_blocks_stage15_w6,0.024589545108028684,0.07858725728557658,0.04819585502197004
568,82,adaln_conditioning_all_blocks_stage15_w6,0.026563754337985298,0.0493278876078449,0.05206533294081764
679,82,adaln_conditioning_all_blocks_stage15_w6,0.026903758378466588,0.05335450958915544,0.0527317456528027
712,82,adaln_conditioning_all_blocks_stage15_w6,0.024643355121952485,0.05128392514330926,0.048301323407757904
780,82,adaln_conditioning_all_blocks_stage15_w6,0.024251066963188347,0.05732237559422515,0.04753243308695003
870,82,adaln_conditioning_all_blocks_stage15_w6,0.025623332665418275,0.03997046476865763,0.05022209320655513
888,82,adaln_conditioning_all_blocks_stage15_w6,0.02476497343741357,0.02428183313891452,0.048539697020373654
975,82,adaln_conditioning_all_blocks_stage15_w6,0.029265017554280348,0.03320131852490249,0.057359846921323475
19,79,adaln_conditioning_all_blocks_stage15_w4,0.04867325922532473,0.17800064096513776,0.10084236268552468
85,79,adaln_conditioning_all_blocks_stage15_w4,0.033467023400589824,0.06629849800012266,0.06933773832863162
131,79,adaln_conditioning_all_blocks_stage15_w4,0.03884261148050428,0.10089792196890812,0.08047500366550202
224,79,adaln_conditioning_all_blocks_stage15_w4,0.04251982652931474,0.09500916968397634,0.08809354122650999
301,79,adaln_conditioning_all_blocks_stage15_w4,0.03526767728908453,0.08523609325004601,0.07306837390522367
345,79,adaln_conditioning_all_blocks_stage15_w4,0.05137259481125512,0.1674081121319091,0.10643490739074356
384,79,adaln_conditioning_all_blocks_stage15_w4,0.03345039435953368,0.07260178699857534,0.06930328590411793
462,79,adaln_conditioning_all_blocks_stage15_w4,0.04018936906345515,0.0971444931405614,0.08326524657898152
511,79,adaln_conditioning_all_blocks_stage15_w4,0.03026749624405056,0.06685427760403682,0.06270888537986413
568,79,adaln_conditioning_all_blocks_stage15_w4,0.031278247537557036,0.07613586941965877,0.06480298284008949
679,79,adaln_conditioning_all_blocks_stage15_w4,0.03674697177484632,0.23937280769234803,0.07613320978073601
712,79,adaln_conditioning_all_blocks_stage15_w4,0.04653619386954233,0.12058400770098389,0.09641474219903073
780,79,adaln_conditioning_all_blocks_stage15_w4,0.032137654605321586,0.07833748348809878,0.06658352189996253
870,79,adaln_conditioning_all_blocks_stage15_w4,0.04493053212354425,0.6084627374832082,0.09308809576693883
888,79,adaln_conditioning_all_blocks_stage15_w4,0.04251346079763607,0.128517459224895,0.0880803525592024
975,79,adaln_conditioning_all_blocks_stage15_w4,0.04301476711407304,0.18359041382882427,0.08911897035844724
19,80,adaln_conditioning_all_blocks_stage15_w4,0.03931262325204443,0.2834623215297256,0.08144878471666814
85,80,adaln_conditioning_all_blocks_stage15_w4,0.026172968980972655,0.0702221634310831,0.05422575090601246
131,80,adaln_conditioning_all_blocks_stage15_w4,0.02791431930381805,0.06861179082189395,0.05783352000990607
224,80,adaln_conditioning_all_blocks_stage15_w4,0.027849524405610282,0.04883215672981577,0.057699276469834276
301,80,adaln_conditioning_all_blocks_stage15_w4,0.03322234965162352,0.21660238891558947,0.0688308177047493
345,80,adaln_conditioning_all_blocks_stage15_w4,0.02655882444014424,0.06456793130399775,0.05502517500000708
384,80,adaln_conditioning_all_blocks_stage15_w4,0.02531365061167889,0.07774257734941159,0.05244539561364346
462,80,adaln_conditioning_all_blocks_stage15_w4,0.02902679561520927,0.13691771835046396,0.06013837366996256
511,80,adaln_conditioning_all_blocks_stage15_w4,0.03656734667310957,0.09526268554238015,0.07576105841990546
568,80,adaln_conditioning_all_blocks_stage15_w4,0.028228885843418542,0.10993495651683816,0.058485246103042204
679,80,adaln_conditioning_all_blocks_stage15_w4,0.03401050613319966,0.11032085061816588,0.07046373818373575
712,80,adaln_conditioning_all_blocks_stage15_w4,0.027770312095526602,0.09119864741113659,0.05753516260875837
780,80,adaln_conditioning_all_blocks_stage15_w4,0.03202381543815135,0.4655305333765369,0.06634766733081492
870,80,adaln_conditioning_all_blocks_stage15_w4,0.029568154102889817,0.12162608605376592,0.06125997246623065
888,80,adaln_conditioning_all_blocks_stage15_w4,0.03240148623808636,0.10343124638514212,0.0671301342621225
975,80,adaln_conditioning_all_blocks_stage15_w4,0.027915117563679814,0.058219855218567325,0.05783517386279734
19,81,adaln_conditioning_all_blocks_stage15_w4,0.030193852089723805,0.07819595632940947,0.062556307750207
85,81,adaln_conditioning_all_blocks_stage15_w4,0.029453330746036954,0.14589955579810973,0.06102207883057082
131,81,adaln_conditioning_all_blocks_stage15_w4,0.03788198438996915,0.17173894002780798,0.07848475466613192
224,81,adaln_conditioning_all_blocks_stage15_w4,0.029467684653354812,0.03800915251800063,0.061051817581390874
301,81,adaln_conditioning_all_blocks_stage15_w4,0.037442420842126005,0.1356195893427099,0.07757405693558275
345,81,adaln_conditioning_all_blocks_stage15_w4,0.03769463358912617,0.19949794783588,0.07809659702662457
384,81,adaln_conditioning_all_blocks_stage15_w4,0.03324041121231857,0.06950435260063159,0.06886823805594965
462,81,adaln_conditioning_all_blocks_stage15_w4,0.04413987912994343,0.12726169388548667,0.09145000295770271
511,81,adaln_conditioning_all_blocks_stage15_w4,0.03376776102231816,0.07191952988068805,0.06996081335599144
568,81,adaln_conditioning_all_blocks_stage15_w4,0.03684652107767761,0.08411288768934355,0.07633945828476017
679,81,adaln_conditioning_all_blocks_stage15_w4,0.03693805626971879,0.1092294581958555,0.07652910297223783
712,81,adaln_conditioning_all_blocks_stage15_w4,0.038321261188176685,0.14645593728122108,0.0793948583022807
780,81,adaln_conditioning_all_blocks_stage15_w4,0.028246410613064654,0.05405587525461896,0.05852155431836948
870,81,adaln_conditioning_all_blocks_stage15_w4,0.03987545659765602,0.14216317330851777,0.08261487561078562
888,81,adaln_conditioning_all_blocks_stage15_w4,0.03476858546491712,0.1607477394377952,0.0720343441413018
975,81,adaln_conditioning_all_blocks_stage15_w4,0.031790747452760115,0.04919387166603428,0.06586479179120078
19,82,adaln_conditioning_all_blocks_stage15_w4,0.03861208046146203,0.051744059611312565,0.07999738427032442
85,82,adaln_conditioning_all_blocks_stage15_w4,0.03916807367932052,0.06066533200129598,0.08114930363258496
131,82,adaln_conditioning_all_blocks_stage15_w4,0.037303855177015066,0.05800504823361052,0.07728697344704563
224,82,adaln_conditioning_all_blocks_stage15_w4,0.04224520585557911,0.03963603779403968,0.08752457588450176
301,82,adaln_conditioning_all_blocks_stage15_w4,0.048219977357803145,0.10398768082183098,0.09990324302904603
345,82,adaln_conditioning_all_blocks_stage15_w4,0.04203394819342066,0.07802606934870936,0.0870868874673597
384,82,adaln_conditioning_all_blocks_stage15_w4,0.04722487216349692,0.05186270971552176,0.09784156151209789
462,82,adaln_conditioning_all_blocks_stage15_w4,0.0648557911190437,0.3487043535258323,0.13436969938681154
511,82,adaln_conditioning_all_blocks_stage15_w4,0.04001416116079781,0.14772257314626816,0.08290224687141418
568,82,adaln_conditioning_all_blocks_stage15_w4,0.03808811843919103,0.06664355544400281,0.07891182786575553
679,82,adaln_conditioning_all_blocks_stage15_w4,0.044239696027943864,0.10844527630439416,0.0916568058714691
712,82,adaln_conditioning_all_blocks_stage15_w4,0.03835190688550938,0.06641065633550623,0.07945835075325605
780,82,adaln_conditioning_all_blocks_stage15_w4,0.039177239232230925,0.0902112837230362,0.08116829303303841
870,82,adaln_conditioning_all_blocks_stage15_w4,0.042929643881507225,0.07876128995566489,0.08894261011407512
888,82,adaln_conditioning_all_blocks_stage15_w4,0.042597235704306506,0.04096454309377861,0.08825391931139577
975,82,adaln_conditioning_all_blocks_stage15_w4,0.04839697352144867,0.050126836635286054,0.10026994769629793
19,79,adaln_modulation_projection_all_blocks_stage4_w8,0.0012216735412948767,0.02119533354317582,0.008259990178209395
85,79,adaln_modulation_projection_all_blocks_stage4_w8,0.0010852192144739094,0.016141984429637542,0.007337393951626051
131,79,adaln_modulation_projection_all_blocks_stage4_w8,0.0013615833195217422,0.40236130223780725,0.009205949434038463
224,79,adaln_modulation_projection_all_blocks_stage4_w8,0.0012571960251079872,0.027310273663772474,0.008500165116508295
301,79,adaln_modulation_projection_all_blocks_stage4_w8,0.0012809824693249539,0.03791517282570566,0.008660990237922009
345,79,adaln_modulation_projection_all_blocks_stage4_w8,0.0011534785001003909,0.020370925163206266,0.007798909249934567
384,79,adaln_modulation_projection_all_blocks_stage4_w8,0.0011241042120673228,0.012749683527090381,0.007600303548457341
462,79,adaln_modulation_projection_all_blocks_stage4_w8,0.0010160860692849383,0.033983971370048494,0.006869970306153325
511,79,adaln_modulation_projection_all_blocks_stage4_w8,0.0010985462431563064,0.06816674130573121,0.0074275007782866635
568,79,adaln_modulation_projection_all_blocks_stage4_w8,0.0013105945545248687,0.01030596981746612,0.00886120373575085
679,79,adaln_modulation_projection_all_blocks_stage4_w8,0.0010990774899255487,0.04230842418212433,0.007431092648739628
712,79,adaln_modulation_projection_all_blocks_stage4_w8,0.0011496467413962817,0.023181218198544684,0.007773001928386403
780,79,adaln_modulation_projection_all_blocks_stage4_w8,0.0011290638212813067,0.012140012979216408,0.007633836503056523
870,79,adaln_modulation_projection_all_blocks_stage4_w8,0.0011155221445733334,0.013035952560244368,0.007542278396227272
888,79,adaln_modulation_projection_all_blocks_stage4_w8,0.0013312290102476254,0.04024212038996211,0.009000717604097392
975,79,adaln_modulation_projection_all_blocks_stage4_w8,0.0014121451749815603,0.11872053499268985,0.00954780870770946
19,80,adaln_modulation_projection_all_blocks_stage4_w8,0.0011478503474791069,0.031498750152096015,0.007760856133613495
85,80,adaln_modulation_projection_all_blocks_stage4_w8,0.0010886916315939745,0.008154741942689725,0.007360871689611587
131,80,adaln_modulation_projection_all_blocks_stage4_w8,0.0014246873506635893,0.01002455032812577,0.009632608979177342
224,80,adaln_modulation_projection_all_blocks_stage4_w8,0.0011332341673551125,0.009108830712079906,0.007662033084585873
301,80,adaln_modulation_projection_all_blocks_stage4_w8,0.0013522866793209687,0.019841230845258902,0.009143092906371223
345,80,adaln_modulation_projection_all_blocks_stage4_w8,0.0011436064278314007,0.06604700551828911,0.007732162105771976
384,80,adaln_modulation_projection_all_blocks_stage4_w8,0.0010943371971734448,0.028257761978125018,0.0073990425385827745
462,80,adaln_modulation_projection_all_blocks_stage4_w8,0.00107155973182671,0.008534379919666435,0.0072450393342168035
511,80,adaln_modulation_projection_all_blocks_stage4_w8,0.0010358560721215326,0.0712764720708492,0.007003639427840577
568,80,adaln_modulation_projection_all_blocks_stage4_w8,0.0013576087230831038,0.0141323047653259,0.009179076356709882
679,80,adaln_modulation_projection_all_blocks_stage4_w8,0.00104024769825628,0.019900372785116357,0.00703333213011596
712,80,adaln_modulation_projection_all_blocks_stage4_w8,0.0010506969774723986,0.020364310587410728,0.007103981891101226
780,80,adaln_modulation_projection_all_blocks_stage4_w8,0.000974404826592945,0.01897702100013987,0.006588154711713496
870,80,adaln_modulation_projection_all_blocks_stage4_w8,0.0010882560582103904,0.014820106101652188,0.007357926686917594
888,80,adaln_modulation_projection_all_blocks_stage4_w8,0.001320593899436062,0.031168142915760203,0.008928811396851083
975,80,adaln_modulation_projection_all_blocks_stage4_w8,0.0013791330711683256,0.013524849233249371,0.00932460697333259
19,81,adaln_modulation_projection_all_blocks_stage4_w8,0.001039524140651338,0.022807452212248336,0.0070284400059042376
85,81,adaln_modulation_projection_all_blocks_stage4_w8,0.001023243091367476,0.017915331498727486,0.006918360428480382
131,81,adaln_modulation_projection_all_blocks_stage4_w8,0.0012296123350097332,0.017157155868119393,0.008313666021955705
224,81,adaln_modulation_projection_all_blocks_stage4_w8,0.0011892156180692839,0.014702865394625066,0.00804053537462553
301,81,adaln_modulation_projection_all_blocks_stage4_w8,0.0012162011735199487,0.06303209133284327,0.008222990355798127
345,81,adaln_modulation_projection_all_blocks_stage4_w8,0.0011504996264193321,0.014579455389252871,0.007778768462305172
384,81,adaln_modulation_projection_all_blocks_stage4_w8,0.0009953298431355506,0.013205276897963357,0.0067296331224987495
462,81,adaln_modulation_projection_all_blocks_stage4_w8,0.001051030701091804,0.02406733615039869,0.007106238266250027
511,81,adaln_modulation_projection_all_blocks_stage4_w8,0.0010278637237206567,0.010300957300387383,0.0069496014896675935
568,81,adaln_modulation_projection_all_blocks_stage4_w8,0.0012305694435781336,0.03456102585352028,0.008320137233050355
679,81,adaln_modulation_projection_all_blocks_stage4_w8,0.0009898929138216772,0.01759986994125029,0.006692872906930347
712,81,adaln_modulation_projection_all_blocks_stage4_w8,0.001057159857964507,0.01871770856200783,0.007147678777039489
780,81,adaln_modulation_projection_all_blocks_stage4_w8,0.0008991350077849347,0.04099646017073155,0.006079239733158109
870,81,adaln_modulation_projection_all_blocks_stage4_w8,0.0009942652477548108,0.04052274123046118,0.006722435170597984
888,81,adaln_modulation_projection_all_blocks_stage4_w8,0.0012327142903814092,0.012061602584253704,0.008334638990623039
975,81,adaln_modulation_projection_all_blocks_stage4_w8,0.0013071773428237068,0.012741500688434826,0.008838099253142067
19,82,adaln_modulation_projection_all_blocks_stage4_w8,0.001174057637399528,0.017553336860714808,0.007938049098855848
85,82,adaln_modulation_projection_all_blocks_stage4_w8,0.0012043090173392557,4.605482305695546,0.00814258500205187
131,82,adaln_modulation_projection_all_blocks_stage4_w8,0.0014739068365088315,0.01427288996688958,0.009965392211289666
224,82,adaln_modulation_projection_all_blocks_stage4_w8,0.0012681285370490514,0.01579710556148939,0.008574082114956695
301,82,adaln_modulation_projection_all_blocks_stage4_w8,0.0013304826570674775,0.009056111425934434,0.00899567135423676
345,82,adaln_modulation_projection_all_blocks_stage4_w8,0.0011749976256396621,0.011287295263002761,0.00794440455583244
384,82,adaln_modulation_projection_all_blocks_stage4_w8,0.0011875400123244617,0.03222501173519277,0.00802920625393416
462,82,adaln_modulation_projection_all_blocks_stage4_w8,0.001175739849713864,0.060730581974013376,0.007949422887944667
511,82,adaln_modulation_projection_all_blocks_stage4_w8,0.0010790098458528517,0.03796779621673352,0.007295411112439359
568,82,adaln_modulation_projection_all_blocks_stage4_w8,0.0013353209506021813,0.029202816702536435,0.009028384068169804
679,82,adaln_modulation_projection_all_blocks_stage4_w8,0.0011229285191802774,0.023569894760157695,0.007592354443093814
712,82,adaln_modulation_projection_all_blocks_stage4_w8,0.0012236963593750259,0.031434850665391416,0.008273666874077447
780,82,adaln_modulation_projection_all_blocks_stage4_w8,0.0010272651707055047,0.00812183235821351,0.006945554547617058
870,82,adaln_modulation_projection_all_blocks_stage4_w8,0.0011091460401075892,0.019656337444303066,0.007499168221141985
888,82,adaln_modulation_projection_all_blocks_stage4_w8,0.0013815823767799886,0.0362220546055596,0.009341167240549581
975,82,adaln_modulation_projection_all_blocks_stage4_w8,0.001344686810625717,0.013646134426835488,0.009091708605527707
19,79,adaln_modulation_projection_all_blocks_stage4_w6,0.008698953497514594,0.08887951719026431,0.1279919805835089
85,79,adaln_modulation_projection_all_blocks_stage4_w6,0.010210714939603347,0.13791843113610014,0.15023527010080598
131,79,adaln_modulation_projection_all_blocks_stage4_w6,0.011616042342211585,0.6246875633569289,0.1709125432555019
224,79,adaln_modulation_projection_all_blocks_stage4_w6,0.011336015424603831,0.6256930648544455,0.16679236951143578
301,79,adaln_modulation_projection_all_blocks_stage4_w6,0.011072922600078527,0.5327240859160157,0.16292135540635705
345,79,adaln_modulation_projection_all_blocks_stage4_w6,0.018402890824518185,1.0621076530821938,0.2707707824585039
384,79,adaln_modulation_projection_all_blocks_stage4_w6,0.009184320795611713,0.18426143417104868,0.13513342832336245
462,79,adaln_modulation_projection_all_blocks_stage4_w6,0.010356092203437584,0.9961407074982276,0.1523742772739414
511,79,adaln_modulation_projection_all_blocks_stage4_w6,0.015234688376949636,0.6899868498198884,0.22415546186049434
568,79,adaln_modulation_projection_all_blocks_stage4_w6,0.007726098752755207,0.06874265983606163,0.11367789031536409
679,79,adaln_modulation_projection_all_blocks_stage4_w6,0.02301773761791992,1.2692646376740984,0.3386712927147897
712,79,adaln_modulation_projection_all_blocks_stage4_w6,0.013681842690857593,0.5057503198114545,0.2013076796576967
780,79,adaln_modulation_projection_all_blocks_stage4_w6,0.011900264682481065,0.20119647058731974,0.17509444631632
870,79,adaln_modulation_projection_all_blocks_stage4_w6,0.01584036968779401,0.9433064353410714,0.23306714883520188
888,79,adaln_modulation_projection_all_blocks_stage4_w6,0.009727593496791089,0.414254639395324,0.1431268667341745
975,79,adaln_modulation_projection_all_blocks_stage4_w6,0.00871657786774449,1.327368347931497,0.12825129660961548
19,80,adaln_modulation_projection_all_blocks_stage4_w6,0.008453661434032256,0.2405068882951582,0.1243828778293109
85,80,adaln_modulation_projection_all_blocks_stage4_w6,0.009640252923418304,0.08877764990529612,0.14184178192776922
131,80,adaln_modulation_projection_all_blocks_stage4_w6,0.010921267083176645,0.09435983845310147,0.16068997320846004
224,80,adaln_modulation_projection_all_blocks_stage4_w6,0.010741356079961406,0.13711741305456826,0.15804285414559074
301,80,adaln_modulation_projection_all_blocks_stage4_w6,0.010594143765047193,0.12901595724133585,0.15587684696351572
345,80,adaln_modulation_projection_all_blocks_stage4_w6,0.017257589918699523,0.8624159823462492,0.25391940702102167
384,80,adaln_modulation_projection_all_blocks_stage4_w6,0.008724047622308717,0.03676055930378652,0.1283612027818259
462,80,adaln_modulation_projection_all_blocks_stage4_w6,0.00941580040307599,0.14717360269335697,0.13853930161978953
511,80,adaln_modulation_projection_all_blocks_stage4_w6,0.014918029297405154,0.2026330078866181,0.2194963011037172
568,80,adaln_modulation_projection_all_blocks_stage4_w6,0.007147729703319784,0.11723456726855376,0.10516806207377254
679,80,adaln_modulation_projection_all_blocks_stage4_w6,0.021655844362612697,1.4134909718439417,0.3186330875283961
712,80,adaln_modulation_projection_all_blocks_stage4_w6,0.012895933939034878,0.2668615718053502,0.18974421771570074
780,80,adaln_modulation_projection_all_blocks_stage4_w6,0.01126319865215919,0.12068445003984607,0.1657209805302726
870,80,adaln_modulation_projection_all_blocks_stage4_w6,0.015874216657778106,0.2574638893731987,0.23356515594907515
888,80,adaln_modulation_projection_all_blocks_stage4_w6,0.009625657588912873,0.059436219376436845,0.14162703359382736
975,80,adaln_modulation_projection_all_blocks_stage4_w6,0.007751020970317767,0.40571483760129473,0.11404458315804643
19,81,adaln_modulation_projection_all_blocks_stage4_w6,0.00792992584320018,0.7123031939948419,0.11667689853055685
85,81,adaln_modulation_projection_all_blocks_stage4_w6,0.009221181936482028,0.17395358388876045,0.13567578441572542
131,81,adaln_modulation_projection_all_blocks_stage4_w6,0.010799999312439466,0.21577000745332953,0.1589057008632828
224,81,adaln_modulation_projection_all_blocks_stage4_w6,0.0104776499356376,0.05776134074763206,0.1541628159647121
301,81,adaln_modulation_projection_all_blocks_stage4_w6,0.010163870524593221,0.9180185734488191,0.14954602518667523
345,81,adaln_modulation_projection_all_blocks_stage4_w6,0.016206592323442234,0.7394250195675341,0.23845556256617784
384,81,adaln_modulation_projection_all_blocks_stage4_w6,0.008044537553359989,0.09428836373768944,0.11836323698329236
462,81,adaln_modulation_projection_all_blocks_stage4_w6,0.008960188846685924,0.9716291312485802,0.13183566474027741
511,81,adaln_modulation_projection_all_blocks_stage4_w6,0.01392431873773603,0.1273987105873857,0.20487534897480456
568,81,adaln_modulation_projection_all_blocks_stage4_w6,0.007088182639563456,0.1602302130543194,0.10429191684201766
679,81,adaln_modulation_projection_all_blocks_stage4_w6,0.020502037605183432,0.8737265096492594,0.3016565613133518
712,81,adaln_modulation_projection_all_blocks_stage4_w6,0.012838823888159823,0.24806039014970335,0.1889039294528871
780,81,adaln_modulation_projection_all_blocks_stage4_w6,0.01082458927339758,0.4249533676684792,0.15926750505115428
870,81,adaln_modulation_projection_all_blocks_stage4_w6,0.014579033769351213,0.4158888077529354,0.21450849319590704
888,81,adaln_modulation_projection_all_blocks_stage4_w6,0.009092902389966186,0.09628253914729612,0.1337883443654242
975,81,adaln_modulation_projection_all_blocks_stage4_w6,0.00797524525114568,0.08009627280898714,0.11734370526581227
19,82,adaln_modulation_projection_all_blocks_stage4_w6,0.009059326286660507,0.11010423315889283,0.13329432264619118
85,82,adaln_modulation_projection_all_blocks_stage4_w6,0.01056148318821215,3.1406884626638316,0.15539629583546205
131,82,adaln_modulation_projection_all_blocks_stage4_w6,0.011732018425391287,0.10313061568723468,0.1726189563994196
224,82,adaln_modulation_projection_all_blocks_stage4_w6,0.014538715571688952,0.3574284783406938,0.21391527172693095
301,82,adaln_modulation_projection_all_blocks_stage4_w6,0.011613663697062293,0.15921049128155573,0.17087754507970404
345,82,adaln_modulation_projection_all_blocks_stage4_w6,0.018626063421834264,0.4345626173083588,0.274054430629587
384,82,adaln_modulation_projection_all_blocks_stage4_w6,0.010207787582658057,0.3458968029231642,0.15019219845852053
462,82,adaln_modulation_projection_all_blocks_stage4_w6,0.01101947675124393,0.8466470174270312,0.16213498035006305
511,82,adaln_modulation_projection_all_blocks_stage4_w6,0.015470338290469956,0.3672994904112699,0.22762269492070278
568,82,adaln_modulation_projection_all_blocks_stage4_w6,0.00798798311734572,0.9041984091223298,0.11753112375515318
679,82,adaln_modulation_projection_all_blocks_stage4_w6,0.027008899753127483,12.141565867256077,0.3973952238935315
712,82,adaln_modulation_projection_all_blocks_stage4_w6,0.013710976281799956,0.2442475845751346,0.20173633650789002
780,82,adaln_modulation_projection_all_blocks_stage4_w6,0.012235630671057152,0.17921448559572184,0.18002885102493968
870,82,adaln_modulation_projection_all_blocks_stage4_w6,0.01625115650313091,0.20282962957708148,0.23911125725670157
888,82,adaln_modulation_projection_all_blocks_stage4_w6,0.014444991102209313,2.453655439307113,0.21253625751777752
975,82,adaln_modulation_projection_all_blocks_stage4_w6,0.00879572203848511,0.0854066164856704,0.12941578371345222
19,79,adaln_modulation_projection_all_blocks_stage4_w4,0.11100404732133029,0.34460292296559203,0.9872438004700884
85,79,adaln_modulation_projection_all_blocks_stage4_w4,0.10914294772737776,5.6670311926727805,0.9706916198917684
131,79,adaln_modulation_projection_all_blocks_stage4_w4,0.08396066084605991,4.939842724778146,0.7467263032644076
224,79,adaln_modulation_projection_all_blocks_stage4_w4,0.10707658911996987,0.6753262826519517,0.9523139140878879
301,79,adaln_modulation_projection_all_blocks_stage4_w4,0.0988182395021795,1.1189962603375532,0.8788661015169006
345,79,adaln_modulation_projection_all_blocks_stage4_w4,0.11868130491734519,1.3612397333026822,1.0555235177342461
384,79,adaln_modulation_projection_all_blocks_stage4_w4,0.09901028588501505,0.33834108956830283,0.8805741167238441
462,79,adaln_modulation_projection_all_blocks_stage4_w4,0.12458054321905367,0.6938256380648228,1.1079899509985967
511,79,adaln_modulation_projection_all_blocks_stage4_w4,0.09775157778130959,5.624700123918104,0.8693794638983711
568,79,adaln_modulation_projection_all_blocks_stage4_w4,0.12026584304476272,0.4276110129524114,1.0696160258963412
679,79,adaln_modulation_projection_all_blocks_stage4_w4,0.13015281913249055,18.782779471938117,1.1575484579431652
712,79,adaln_modulation_projection_all_blocks_stage4_w4,0.10639889860249241,1.8178814016841331,0.9462866945570517
780,79,adaln_modulation_projection_all_blocks_stage4_w4,0.1117419108195463,0.420764399672862,0.9938061842910877
870,79,adaln_modulation_projection_all_blocks_stage4_w4,0.09510835910350578,1.626727937697183,0.8458713007645109
888,79,adaln_modulation_projection_all_blocks_stage4_w4,0.10343960393220188,9.223064985815029,0.9199674261383847
975,79,adaln_modulation_projection_all_blocks_stage4_w4,0.11045727190139586,3.447498818808299,0.9823809089214848
19,80,adaln_modulation_projection_all_blocks_stage4_w4,0.11214753811509581,0.9845929437853016,0.9974137377316706
85,80,adaln_modulation_projection_all_blocks_stage4_w4,0.10874332802359277,0.6809272068901464,0.9671374965545771
131,80,adaln_modulation_projection_all_blocks_stage4_w4,0.08187144127077774,0.17384327623636864,0.7281452774073285
224,80,adaln_modulation_projection_all_blocks_stage4_w4,0.10780390030140552,1.3426151422696648,0.9587824480937371
301,80,adaln_modulation_projection_all_blocks_stage4_w4,0.10420457427971995,1.2935859048375278,0.9267708918799942
345,80,adaln_modulation_projection_all_blocks_stage4_w4,0.11875836891067591,0.34184974762649745,1.0562089067042084
384,80,adaln_modulation_projection_all_blocks_stage4_w4,0.09638738705052675,0.4357833621888041,0.8572466734810498
462,80,adaln_modulation_projection_all_blocks_stage4_w4,0.11934317100167391,1.8064977332936396,1.0614099984911454
511,80,adaln_modulation_projection_all_blocks_stage4_w4,0.09997523739821189,3.8429773499508424,0.8891561677584351
568,80,adaln_modulation_projection_all_blocks_stage4_w4,0.11241668141974513,0.7926450919178478,0.9998074347667337
679,80,adaln_modulation_projection_all_blocks_stage4_w4,0.13314529732815575,5.208202026426591,1.1841628528053667
712,80,adaln_modulation_projection_all_blocks_stage4_w4,0.10666917027083402,2.054341052463826,0.9486904269925057
780,80,adaln_modulation_projection_all_blocks_stage4_w4,0.11461435387627715,0.8173235262893287,1.0193530149553058
870,80,adaln_modulation_projection_all_blocks_stage4_w4,0.09439653274966986,0.38195957842427225,0.839540485160991
888,80,adaln_modulation_projection_all_blocks_stage4_w4,0.10630531083370441,0.4260315110803959,0.9454543470277015
975,80,adaln_modulation_projection_all_blocks_stage4_w4,0.10775665422625023,9.948081879004974,0.9583622526511459
19,81,adaln_modulation_projection_all_blocks_stage4_w4,0.10290229475504019,0.9392453248431707,0.9151887251190154
85,81,adaln_modulation_projection_all_blocks_stage4_w4,0.10307907261540095,1.005526724218555,0.9167609456903638
131,81,adaln_modulation_projection_all_blocks_stage4_w4,0.07774110788886901,0.519318279689287,0.6914110670468699
224,81,adaln_modulation_projection_all_blocks_stage4_w4,0.10193730122978194,0.48105096053497215,0.9066063004390649
301,81,adaln_modulation_projection_all_blocks_stage4_w4,0.09679493966996235,11.137190126970724,0.8608713502979086
345,81,adaln_modulation_projection_all_blocks_stage4_w4,0.11293781128938464,0.3909931584463493,1.0044422408432374
384,81,adaln_modulation_projection_all_blocks_stage4_w4,0.0906764931314683,0.31294710341637705,0.8064553307076463
462,81,adaln_modulation_projection_all_blocks_stage4_w4,0.12222177399689828,7.0515296336813735,1.0870116141946098
511,81,adaln_modulation_projection_all_blocks_stage4_w4,0.09671672261652021,0.6565489391791743,0.8601757062834319
568,81,adaln_modulation_projection_all_blocks_stage4_w4,0.10991469749205862,0.8464166044234956,0.9775553801697149
679,81,adaln_modulation_projection_all_blocks_stage4_w4,0.1254535627676887,1.2493185719584403,1.1157543808358636
712,81,adaln_modulation_projection_all_blocks_stage4_w4,0.09960389397019753,0.7791046230674965,0.8858535269448867
780,81,adaln_modulation_projection_all_blocks_stage4_w4,0.10913800509297288,11.174500231950617,0.9706476612678087
870,81,adaln_modulation_projection_all_blocks_stage4_w4,0.09148705253483057,0.9379568401053008,0.8136642547531424
888,81,adaln_modulation_projection_all_blocks_stage4_w4,0.1001608926744666,0.3433013578223836,0.8908073419717181
975,81,adaln_modulation_projection_all_blocks_stage4_w4,0.10590116205639787,0.4033183871872552,0.9418599431794484
19,82,adaln_modulation_projection_all_blocks_stage4_w4,0.11286516588370434,0.80175565567788,1.0037961497490728
85,82,adaln_modulation_projection_all_blocks_stage4_w4,0.11554914907901549,25.090989685322825,1.027666862881419
131,82,adaln_modulation_projection_all_blocks_stage4_w4,0.08481447086160186,0.8374758728332949,0.7543198880476994
224,82,adaln_modulation_projection_all_blocks_stage4_w4,0.17585554728793798,3.7614846461940057,1.5640177365400467
301,82,adaln_modulation_projection_all_blocks_stage4_w4,0.11904660380969291,1.9563581796878677,1.058772399874056
345,82,adaln_modulation_projection_all_blocks_stage4_w4,0.12595121690560515,0.5088629265538317,1.1201803992945787
384,82,adaln_modulation_projection_all_blocks_stage4_w4,0.1076808763500594,1.2335295716188173,0.9576883021035085
462,82,adaln_modulation_projection_all_blocks_stage4_w4,0.14339967693740616,3.9614700591684624,1.2753628850671996
511,82,adaln_modulation_projection_all_blocks_stage4_w4,0.10449586391405319,1.589587346562794,0.9293615531448418
568,82,adaln_modulation_projection_all_blocks_stage4_w4,0.12637914388324134,7.321289542950807,1.123986280845026
679,82,adaln_modulation_projection_all_blocks_stage4_w4,0.137228377196152,4.2886485800723335,1.220476801564683
712,82,adaln_modulation_projection_all_blocks_stage4_w4,0.1102463646166143,0.5518700117945629,0.980505149303713
780,82,adaln_modulation_projection_all_blocks_stage4_w4,0.11408141517313196,0.41342259389536196,1.0146131839004289
870,82,adaln_modulation_projection_all_blocks_stage4_w4,0.09862148568572594,18.72651597515255,0.8771162195062897
888,82,adaln_modulation_projection_all_blocks_stage4_w4,0.12247491140806231,3.0262286034028425,1.0892629585903264
975,82,adaln_modulation_projection_all_blocks_stage4_w4,0.11155507059083902,9.881840945681233,0.9921444713903345
19,79,adaln_modulation_projection_all_blocks_stage10_w8,0.0010135405464097857,0.009076506137773775,0.005257361953677044
85,79,adaln_modulation_projection_all_blocks_stage10_w8,0.000833523808978498,0.004727551624739589,0.004323592555157414
131,79,adaln_modulation_projection_all_blocks_stage10_w8,0.0011504419380798936,0.0927726946920302,0.005967486645305183
224,79,adaln_modulation_projection_all_blocks_stage10_w8,0.0009583961218595506,0.006187406983883647,0.004971320906168122
301,79,adaln_modulation_projection_all_blocks_stage10_w8,0.0009452340891584755,0.009600511347628073,0.004903047791490272
345,79,adaln_modulation_projection_all_blocks_stage10_w8,0.0007940322866488715,0.004470284239118883,0.004118745074981104
384,79,adaln_modulation_projection_all_blocks_stage10_w8,0.0011038910597562792,0.0071334895022801,0.0057260214000560096
462,79,adaln_modulation_projection_all_blocks_stage10_w8,0.0007384170894511044,0.006564692934716732,0.0038302620706952835
511,79,adaln_modulation_projection_all_blocks_stage10_w8,0.0009089807863347233,0.0691312058152107,0.004714997362096136
568,79,adaln_modulation_projection_all_blocks_stage10_w8,0.0008432942267972976,0.005193231289013056,0.00437427293799364
679,79,adaln_modulation_projection_all_blocks_stage10_w8,0.0009303756523877382,0.052720075034926595,0.004825975216104613
712,79,adaln_modulation_projection_all_blocks_stage10_w8,0.0008285710791824386,0.007727552516499258,0.004297902124430316
780,79,adaln_modulation_projection_all_blocks_stage10_w8,0.000931035727262497,0.008268563552974229,0.004829399107280381
870,79,adaln_modulation_projection_all_blocks_stage10_w8,0.0007632343476871029,0.007435044403337088,0.003958992302264889
888,79,adaln_modulation_projection_all_blocks_stage10_w8,0.0010763623304796963,0.02278777977517166,0.005583226428069495
975,79,adaln_modulation_projection_all_blocks_stage10_w8,0.0009401282877661288,0.07688946916118768,0.004876563359191792
19,80,adaln_modulation_projection_all_blocks_stage10_w8,0.0008388085191199934,0.008446577228653497,0.004351005009580205
85,80,adaln_modulation_projection_all_blocks_stage10_w8,0.0007187634473666549,0.0032276571630518447,0.003728316163832476
131,80,adaln_modulation_projection_all_blocks_stage10_w8,0.0008986455416106763,0.005260749880221738,0.004661387151249991
224,80,adaln_modulation_projection_all_blocks_stage10_w8,0.0007391292165266349,0.006596113144098581,0.003833955963165929
301,80,adaln_modulation_projection_all_blocks_stage10_w8,0.0006892910460010171,0.003961227881518426,0.0035754391209040356
345,80,adaln_modulation_projection_all_blocks_stage10_w8,0.0006851379293948413,0.003491117723058324,0.0035538963840970714
384,80,adaln_modulation_projection_all_blocks_stage10_w8,0.0007627082086401061,0.004247052740172562,0.003956263153028756
462,80,adaln_modulation_projection_all_blocks_stage10_w8,0.0006795515801059083,0.004553297872050166,0.003524919289578632
511,80,adaln_modulation_projection_all_blocks_stage10_w8,0.0007487903931178153,0.0052846965057256065,0.0038840696980511746
568,80,adaln_modulation_projection_all_blocks_stage10_w8,0.00077793124364689,0.005317266596875925,0.004035226945200324
679,80,adaln_modulation_projection_all_blocks_stage10_w8,0.0007535791373811663,0.005741986870418714,0.003908909515249619
712,80,adaln_modulation_projection_all_blocks_stage10_w8,0.0007616066141054034,0.005229198570436465,0.003950549043992231
780,80,adaln_modulation_projection_all_blocks_stage10_w8,0.0007295906543731689,0.01322967324495039,0.003784478244749975
870,80,adaln_modulation_projection_all_blocks_stage10_w8,0.0007171889883466066,0.004967770992180931,0.0037201492473939116
888,80,adaln_modulation_projection_all_blocks_stage10_w8,0.0009290508751291781,0.00437193210740361,0.004819103430283195
975,80,adaln_modulation_projection_all_blocks_stage10_w8,0.0007872009300626815,0.004889999312126748,0.004083309971436942
19,81,adaln_modulation_projection_all_blocks_stage10_w8,0.0009821790736168623,0.03013010580616537,0.005094686060288432
85,81,adaln_modulation_projection_all_blocks_stage10_w8,0.0007294366951100529,0.008951413739524128,0.003783679638739402
131,81,adaln_modulation_projection_all_blocks_stage10_w8,0.0008722296952328178,0.006185418711595503,0.004524364842460204
224,81,adaln_modulation_projection_all_blocks_stage10_w8,0.0009544652421027421,0.004326590540358665,0.004950930939776418
301,81,adaln_modulation_projection_all_blocks_stage10_w8,0.0008078624960035086,0.02776551103086788,0.0041904841057776665
345,81,adaln_modulation_projection_all_blocks_stage10_w8,0.000735178415197879,0.013988692707584962,0.003813462661081554
384,81,adaln_modulation_projection_all_blocks_stage10_w8,0.0007641760748811066,0.004283020295872575,0.003963877159351304
462,81,adaln_modulation_projection_all_blocks_stage10_w8,0.0008691650182299782,0.011218737233438249,0.0045084679784106
511,81,adaln_modulation_projection_all_blocks_stage10_w8,0.0009295838535763324,0.007098049876731238,0.004821868056345887
568,81,adaln_modulation_projection_all_blocks_stage10_w8,0.0009208541014231741,0.005080138232429477,0.004776585736859393
679,81,adaln_modulation_projection_all_blocks_stage10_w8,0.0007703979063080625,0.014947224077616283,0.003996150579435126
712,81,adaln_modulation_projection_all_blocks_stage10_w8,0.0008321398054249586,0.008487319404423488,0.004316413555114538
780,81,adaln_modulation_projection_all_blocks_stage10_w8,0.0008151535876095294,0.014632581438092984,0.00422830391253927
870,81,adaln_modulation_projection_all_blocks_stage10_w8,0.0008212179563997779,0.02137652688708158,0.004259760554174235
888,81,adaln_modulation_projection_all_blocks_stage10_w8,0.000924354393646354,0.006935950105628309,0.004794742191700872
975,81,adaln_modulation_projection_all_blocks_stage10_w8,0.0008263807976618409,0.003814522435277468,0.004286540859432067
19,82,adaln_modulation_projection_all_blocks_stage10_w8,0.001010735591989942,0.0034685473315221316,0.0052428123032452765
85,82,adaln_modulation_projection_all_blocks_stage10_w8,0.0009111205145018175,0.004094987498660885,0.004726096400508304
131,82,adaln_modulation_projection_all_blocks_stage10_w8,0.001051005572662689,0.006385538645020006,0.0054516977444978775
224,82,adaln_modulation_projection_all_blocks_stage10_w8,0.001029271399602294,0.0039058396273219382,0.005338959862479139
301,82,adaln_modulation_projection_all_blocks_stage10_w8,0.0010155985364690423,0.0039665539940330055,0.005268037006270556
345,82,adaln_modulation_projection_all_blocks_stage10_w8,0.0009363440949528011,0.0073993082846755,0.004856934276376467
384,82,adaln_modulation_projection_all_blocks_stage10_w8,0.00105558690847829,0.005026155711689738,0.005475461708060339
462,82,adaln_modulation_projection_all_blocks_stage10_w8,0.0009291093447245657,0.003969007671457803,0.004819406719408951
511,82,adaln_modulation_projection_all_blocks_stage10_w8,0.0007631551707163454,0.006480862121748031,0.003958581601385539
568,82,adaln_modulation_projection_all_blocks_stage10_w8,0.0010674819932319222,0.03356204863740686,0.005537163004807696
679,82,adaln_modulation_projection_all_blocks_stage10_w8,0.0009210117859765887,0.02043889366243334,0.004777403666418048
712,82,adaln_modulation_projection_all_blocks_stage10_w8,0.0010385932982899249,0.024320775682610925,0.0053873137203193444
780,82,adaln_modulation_projection_all_blocks_stage10_w8,0.0009770725155249238,0.0069196833451599105,0.005068197702894248
870,82,adaln_modulation_projection_all_blocks_stage10_w8,0.0008923162567953112,0.005685110375679869,0.004628556356961439
888,82,adaln_modulation_projection_all_blocks_stage10_w8,0.0010862409835681317,0.007760272140160395,0.005634468240826453
975,82,adaln_modulation_projection_all_blocks_stage10_w8,0.0009762350236997009,0.002766045194960043,0.00506385352774108
19,79,adaln_modulation_projection_all_blocks_stage10_w6,0.0035416255268501113,0.044384907487710734,0.03513295186484596
85,79,adaln_modulation_projection_all_blocks_stage10_w6,0.004877089406363666,0.10659777107048286,0.04838076359437099
131,79,adaln_modulation_projection_all_blocks_stage10_w6,0.004110132227651775,0.10194807786098183,0.04077254261284673
224,79,adaln_modulation_projection_all_blocks_stage10_w6,0.004889671181445011,0.1461240337289951,0.048505574897812306
301,79,adaln_modulation_projection_all_blocks_stage10_w6,0.004553060163743793,0.1039739155317534,0.04516639107038159
345,79,adaln_modulation_projection_all_blocks_stage10_w6,0.006373640910169343,0.2950976174466859,0.06322656576850155
384,79,adaln_modulation_projection_all_blocks_stage10_w6,0.00566229922696948,0.06135199832630178,0.056170050920771014
462,79,adaln_modulation_projection_all_blocks_stage10_w6,0.002845243609044701,0.05181648889151803,0.028224838002348932
511,79,adaln_modulation_projection_all_blocks_stage10_w6,0.0035023295204155147,0.03245150093994198,0.03474313518544812
568,79,adaln_modulation_projection_all_blocks_stage10_w6,0.002262883586809039,0.020421162429386186,0.022447822201524532
679,79,adaln_modulation_projection_all_blocks_stage10_w6,0.0072535405051894495,0.3566508711674175,0.07195517636930468
712,79,adaln_modulation_projection_all_blocks_stage10_w6,0.004880854088696652,0.12406883318982408,0.048418109271430435
780,79,adaln_modulation_projection_all_blocks_stage10_w6,0.003555204952135682,0.05878337359973784,0.03526765986581707
870,79,adaln_modulation_projection_all_blocks_stage10_w6,0.00431669871613849,0.4607967988144992,0.042821683732333915
888,79,adaln_modulation_projection_all_blocks_stage10_w6,0.003741719952813583,0.17030129152499285,0.03711789007542266
975,79,adaln_modulation_projection_all_blocks_stage10_w6,0.0032481651287525897,0.2638819843296006,0.0322218225084432
19,80,adaln_modulation_projection_all_blocks_stage10_w6,0.00248447516082706,0.048023139796157466,0.024646012282494113
85,80,adaln_modulation_projection_all_blocks_stage10_w6,0.0039655170403420925,0.036040667655584,0.03933795886700516
131,80,adaln_modulation_projection_all_blocks_stage10_w6,0.0027893989063159097,0.027015596210915756,0.027670858131240924
224,80,adaln_modulation_projection_all_blocks_stage10_w6,0.0032952218753052875,0.04015604472266432,0.03268862578818536
301,80,adaln_modulation_projection_all_blocks_stage10_w6,0.0029248474747873843,0.05470363804238332,0.029014508949260345
345,80,adaln_modulation_projection_all_blocks_stage10_w6,0.004726144426967948,0.37433836047074825,0.04688338826342613
384,80,adaln_modulation_projection_all_blocks_stage10_w6,0.0024923571181716393,0.007910772484340356,0.02472420135863683
462,80,adaln_modulation_projection_all_blocks_stage10_w6,0.0025856860193016473,0.05219040822250066,0.02565002475982396
511,80,adaln_modulation_projection_all_blocks_stage10_w6,0.0034402065211907025,0.046057304300859414,0.0341268745658771
568,80,adaln_modulation_projection_all_blocks_stage10_w6,0.0030050543718971308,0.06599969123317351,0.02981016197186875
679,80,adaln_modulation_projection_all_blocks_stage10_w6,0.006063540073228069,0.08053586005303259,0.06015036313360697
712,80,adaln_modulation_projection_all_blocks_stage10_w6,0.0039003835699986666,0.05668423440500092,0.0386918343512941
780,80,adaln_modulation_projection_all_blocks_stage10_w6,0.0027324756374582653,0.03417559397013293,0.02710617887602221
870,80,adaln_modulation_projection_all_blocks_stage10_w6,0.004397620388772339,0.025777049000666352,0.043624427333517624
888,80,adaln_modulation_projection_all_blocks_stage10_w6,0.0024820570542942733,0.016918797326486157,0.024622024647500972
975,80,adaln_modulation_projection_all_blocks_stage10_w6,0.0023428840358974416,0.08080696987218516,0.023241427258208398
19,81,adaln_modulation_projection_all_blocks_stage10_w6,0.0025791244697757065,0.011445149247094834,0.025584934139173645
85,81,adaln_modulation_projection_all_blocks_stage10_w6,0.003961301350500434,0.05041405615713756,0.03929613919206741
131,81,adaln_modulation_projection_all_blocks_stage10_w6,0.0024877544055925682,0.02039230298441907,0.02467854241523294
224,81,adaln_modulation_projection_all_blocks_stage10_w6,0.003473812830634415,0.013223598678905546,0.03446024940833006
301,81,adaln_modulation_projection_all_blocks_stage10_w6,0.003912614265573212,0.6839010754910114,0.038813162943387304
345,81,adaln_modulation_projection_all_blocks_stage10_w6,0.004989735840354116,0.28756331449278605,0.04949821706683138
384,81,adaln_modulation_projection_all_blocks_stage10_w6,0.002908589842263609,0.02216000166123422,0.028853233112341992
462,81,adaln_modulation_projection_all_blocks_stage10_w6,0.003970197303715396,0.11665228692856999,0.03938438711487113
511,81,adaln_modulation_projection_all_blocks_stage10_w6,0.00401775271166116,0.03800332815262664,0.03985613711938322
568,81,adaln_modulation_projection_all_blocks_stage10_w6,0.0026035429073090204,0.02409632744530654,0.025827165223168476
679,81,adaln_modulation_projection_all_blocks_stage10_w6,0.00657472167222295,0.4676180906493527,0.06522128844051117
712,81,adaln_modulation_projection_all_blocks_stage10_w6,0.0036889142938889563,0.030373569019104703,0.03659405754171027
780,81,adaln_modulation_projection_all_blocks_stage10_w6,0.003203951113391667,0.030897073786491095,0.031783219143505174
870,81,adaln_modulation_projection_all_blocks_stage10_w6,0.0047726217344461475,0.07883544790939824,0.047344443503190996
888,81,adaln_modulation_projection_all_blocks_stage10_w6,0.002825608131388435,0.020392053422884974,0.028030053916309663
975,81,adaln_modulation_projection_all_blocks_stage10_w6,0.0028759043343598023,0.01282189473499784,0.02852899262809074
19,82,adaln_modulation_projection_all_blocks_stage10_w6,0.002896865073125809,0.04146595447019762,0.028736923314306648
85,82,adaln_modulation_projection_all_blocks_stage10_w6,0.004560380955808795,0.029361048413079516,0.04523901338273007
131,82,adaln_modulation_projection_all_blocks_stage10_w6,0.004599323860020377,0.01938920441153869,0.04562532728541974
224,82,adaln_modulation_projection_all_blocks_stage10_w6,0.004312905541155486,0.01871266693865437,0.042784055407971984
301,82,adaln_modulation_projection_all_blocks_stage10_w6,0.0034908948582597073,0.012924662175933578,0.03462970325085619
345,82,adaln_modulation_projection_all_blocks_stage10_w6,0.005974819513539843,0.06837159578844876,0.05927025451418416
384,82,adaln_modulation_projection_all_blocks_stage10_w6,0.011249860515818,0.1545432558524595,0.11159870093323741
462,82,adaln_modulation_projection_all_blocks_stage10_w6,0.0028773861849913374,0.026844420159022775,0.02854369259750137
511,82,adaln_modulation_projection_all_blocks_stage10_w6,0.0037602692173095424,0.08912001042818929,0.037301898918741694
568,82,adaln_modulation_projection_all_blocks_stage10_w6,0.0031892671249806885,0.21188487624255,0.031637553868022
679,82,adaln_modulation_projection_all_blocks_stage10_w6,0.0063093540957197556,0.09521568929969604,0.06258884008562553
712,82,adaln_modulation_projection_all_blocks_stage10_w6,0.00466023018816486,0.07925315325280735,0.046229518518722645
780,82,adaln_modulation_projection_all_blocks_stage10_w6,0.003620976000092923,0.02085405891921255,0.035920109156252746
870,82,adaln_modulation_projection_all_blocks_stage10_w6,0.004516789082117612,0.06425431944285263,0.044806581667835334
888,82,adaln_modulation_projection_all_blocks_stage10_w6,0.0036119584692642093,0.14255786913192026,0.03583065518260615
975,82,adaln_modulation_projection_all_blocks_stage10_w6,0.003162002074532211,0.0062194057377382705,0.03136708436249782
19,79,adaln_modulation_projection_all_blocks_stage10_w4,0.05001906235702336,0.4591867199015383,0.8750492486147406
85,79,adaln_modulation_projection_all_blocks_stage10_w4,0.06917591532692315,3.0313428024412055,1.2101852749057271
131,79,adaln_modulation_projection_all_blocks_stage10_w4,0.044976961391512305,3.384037622655797,0.7868411444760074
224,79,adaln_modulation_projection_all_blocks_stage10_w4,0.034393297872156836,0.3733530782772619,0.6016871976847029
301,79,adaln_modulation_projection_all_blocks_stage10_w4,0.03455015720101073,0.9779972594121773,0.6044313442437105
345,79,adaln_modulation_projection_all_blocks_stage10_w4,0.028721525901346467,0.5652491449222339,0.5024634304347981
384,79,adaln_modulation_projection_all_blocks_stage10_w4,0.03345907642506062,0.20101088932375433,0.5853436331155336
462,79,adaln_modulation_projection_all_blocks_stage10_w4,0.032815486207255155,1.0580903177994971,0.5740844629118484
511,79,adaln_modulation_projection_all_blocks_stage10_w4,0.03338819120835978,9.224510363310461,0.5841035447834249
568,79,adaln_modulation_projection_all_blocks_stage10_w4,0.027344131231075153,0.09494930020923677,0.47836685376041305
679,79,adaln_modulation_projection_all_blocks_stage10_w4,0.04121248429873958,3.728858102337256,0.7209841952204276
712,79,adaln_modulation_projection_all_blocks_stage10_w4,0.031470782229007455,0.8849874506655055,0.5505597875115771
780,79,adaln_modulation_projection_all_blocks_stage10_w4,0.04811426345258951,1.0165786692899133,0.8417260959696575
870,79,adaln_modulation_projection_all_blocks_stage10_w4,0.025569576086127196,0.4000298998501534,0.4473222265115359
888,79,adaln_modulation_projection_all_blocks_stage10_w4,0.04245030514084647,0.7398710204514601,0.7426390233352373
975,79,adaln_modulation_projection_all_blocks_stage10_w4,0.03135810268577188,1.0195155188549163,0.5485885360527082
19,80,adaln_modulation_projection_all_blocks_stage10_w4,0.020131805107268974,0.25640712383952285,0.3521921463987727
85,80,adaln_modulation_projection_all_blocks_stage10_w4,0.02582967997295782,0.06261571354366424,0.4518725659223056
131,80,adaln_modulation_projection_all_blocks_stage10_w4,0.01785477552971315,0.11332824472744107,0.31235707298832555
224,80,adaln_modulation_projection_all_blocks_stage10_w4,0.028834363431087695,0.1561866596738355,0.5044374457594125
301,80,adaln_modulation_projection_all_blocks_stage10_w4,0.018424836744088683,0.10507305786842379,0.32232990362123864
345,80,adaln_modulation_projection_all_blocks_stage10_w4,0.03154445113614201,1.5912442722281523,0.5518485746018714
384,80,adaln_modulation_projection_all_blocks_stage10_w4,0.020034041081089523,0.31547078660671346,0.35048183169836394
462,80,adaln_modulation_projection_all_blocks_stage10_w4,0.02452027732601891,0.5894499920223241,0.42896546314297573
511,80,adaln_modulation_projection_all_blocks_stage10_w4,0.029451906797476116,0.9348547778336068,0.5152409441314553
568,80,adaln_modulation_projection_all_blocks_stage10_w4,0.025975298543926325,0.22342362383278666,0.4544200631184911
679,80,adaln_modulation_projection_all_blocks_stage10_w4,0.0318849232426146,0.9358776664330436,0.5578049009883312
712,80,adaln_modulation_projection_all_blocks_stage10_w4,0.021704711980419237,0.28165293303715444,0.3797090751981755
780,80,adaln_modulation_projection_all_blocks_stage10_w4,0.02556634969369043,0.6274958422150122,0.4472657829849185
870,80,adaln_modulation_projection_all_blocks_stage10_w4,0.02058508760819677,0.1161546099765758,0.3601220133965971
888,80,adaln_modulation_projection_all_blocks_stage10_w4,0.022193803772097457,0.4185514932511331,0.3882654012195802
975,80,adaln_modulation_projection_all_blocks_stage10_w4,0.02385706706263591,0.7611773133975249,0.41736305367547016
19,81,adaln_modulation_projection_all_blocks_stage10_w4,0.027204237077967264,0.6351003402890002,0.4759195013352738
85,81,adaln_modulation_projection_all_blocks_stage10_w4,0.025449619337450716,0.1417960768395119,0.44522366532607455
131,81,adaln_modulation_projection_all_blocks_stage10_w4,0.02441815573547501,0.3591741384722127,0.4271789158375716
224,81,adaln_modulation_projection_all_blocks_stage10_w4,0.038580865599215024,0.10175706490868207,0.6749458279031297
301,81,adaln_modulation_projection_all_blocks_stage10_w4,0.04163883987348527,9.971072163439036,0.7284429940811689
345,81,adaln_modulation_projection_all_blocks_stage10_w4,0.02940684917848557,1.0664851499822137,0.5144526919375092
384,81,adaln_modulation_projection_all_blocks_stage10_w4,0.02815942927554715,0.27939801324515656,0.49262993482578843
462,81,adaln_modulation_projection_all_blocks_stage10_w4,0.059882379151531495,3.2528475615898174,1.0476012226657216
511,81,adaln_modulation_projection_all_blocks_stage10_w4,0.051536803948692984,0.8907082737414385,0.9016010985855021
568,81,adaln_modulation_projection_all_blocks_stage10_w4,0.02784780495858286,0.1622787066557976,0.48717828076511616
679,81,adaln_modulation_projection_all_blocks_stage10_w4,0.04019426375452894,2.1571138613597896,0.7031711239601961
712,81,adaln_modulation_projection_all_blocks_stage10_w4,0.027977127872873098,0.5086625161453071,0.48944069660511347
780,81,adaln_modulation_projection_all_blocks_stage10_w4,0.02895388503384311,1.4776717249627038,0.5065283943649229
870,81,adaln_modulation_projection_all_blocks_stage10_w4,0.02749183070136496,1.9374708684435973,0.48095075486546335
888,81,adaln_modulation_projection_all_blocks_stage10_w4,0.02224645193200558,0.10302082161047112,0.3891864447297468
975,81,adaln_modulation_projection_all_blocks_stage10_w4,0.023686941145570017,0.05658409594548174,0.41438681723913284
19,82,adaln_modulation_projection_all_blocks_stage10_w4,0.02761681476840749,0.11934516672687324,0.4831372655436073
85,82,adaln_modulation_projection_all_blocks_stage10_w4,0.12149113633495291,2.164197493609549,2.125404246973536
131,82,adaln_modulation_projection_all_blocks_stage10_w4,0.023251953723956834,0.050168891031546536,0.406777010127544
224,82,adaln_modulation_projection_all_blocks_stage10_w4,0.040250572375953204,0.16477671755683335,0.7041562047383231
301,82,adaln_modulation_projection_all_blocks_stage10_w4,0.03188294527353719,0.4491465769047665,0.5577702977736085
345,82,adaln_modulation_projection_all_blocks_stage10_w4,0.04224189184969873,0.7838656848032316,0.7389929755041439
384,82,adaln_modulation_projection_all_blocks_stage10_w4,0.029953759803902354,0.1359931573336013,0.5240205188674592
462,82,adaln_modulation_projection_all_blocks_stage10_w4,0.036467372963670634,0.4981155592871147,0.637971721321817
511,82,adaln_modulation_projection_all_blocks_stage10_w4,0.03669133596122264,0.9467034226809119,0.6418898006197964
568,82,adaln_modulation_projection_all_blocks_stage10_w4,0.037224092870019376,0.563978174830595,0.6512100179683216
679,82,adaln_modulation_projection_all_blocks_stage10_w4,0.047733979357872165,2.7970773689735076,0.8350732861075425
712,82,adaln_modulation_projection_all_blocks_stage10_w4,0.045662366785109036,1.7832709880552213,0.7988318425499208
780,82,adaln_modulation_projection_all_blocks_stage10_w4,0.03678691864479333,0.1798132703272586,0.6435619542247982
870,82,adaln_modulation_projection_all_blocks_stage10_w4,0.028949067000212377,2.030289937266389,0.5064441061653905
888,82,adaln_modulation_projection_all_blocks_stage10_w4,0.0637956921127625,16.301038893280182,1.116061953534234
975,82,adaln_modulation_projection_all_blocks_stage10_w4,0.03343650548777077,0.17456927568542824,0.5849487700216387
19,79,adaln_modulation_projection_all_blocks_stage15_w8,0.000997087117866613,0.0016913356869849851,0.0008815785382144797
85,79,adaln_modulation_projection_all_blocks_stage15_w8,0.0009611074929125608,0.0015415106973080128,0.0008497670098092539
131,79,adaln_modulation_projection_all_blocks_stage15_w8,0.0011843029060401025,0.0020536061069833522,0.0010471061214228465
224,79,adaln_modulation_projection_all_blocks_stage15_w8,0.0011286540539003909,0.002037625805883181,0.0009979039676254855
301,79,adaln_modulation_projection_all_blocks_stage15_w8,0.0012325203279033303,0.002003309229849037,0.0010897377466048117
345,79,adaln_modulation_projection_all_blocks_stage15_w8,0.0009670269355410711,0.0021197048915837513,0.0008550007085362538
384,79,adaln_modulation_projection_all_blocks_stage15_w8,0.001078444256563671,0.0021118081378972415,0.0009535107757498761
462,79,adaln_modulation_projection_all_blocks_stage15_w8,0.0009194486412980042,0.0019070334069510861,0.000812934170579886
511,79,adaln_modulation_projection_all_blocks_stage15_w8,0.0009767461451701822,0.0022002700166581235,0.0008635939863591231
568,79,adaln_modulation_projection_all_blocks_stage15_w8,0.0009875201067188755,0.0018773167407744042,0.0008731198272838342
679,79,adaln_modulation_projection_all_blocks_stage15_w8,0.0009510526433587073,0.0018098153832397654,0.0008408769746129126
712,79,adaln_modulation_projection_all_blocks_stage15_w8,0.0014259715826483446,0.0028944277905793565,0.0012607784423654415
780,79,adaln_modulation_projection_all_blocks_stage15_w8,0.0011049938620999455,0.002186870391142292,0.0009769847150069783
870,79,adaln_modulation_projection_all_blocks_stage15_w8,0.0008620939479442312,0.002757218135002404,0.0007622237904931952
888,79,adaln_modulation_projection_all_blocks_stage15_w8,0.0011636962917691562,0.002081005907712097,0.0010288867015135817
975,79,adaln_modulation_projection_all_blocks_stage15_w8,0.001100631197914481,0.00249337879745326,0.00097312744812786
19,80,adaln_modulation_projection_all_blocks_stage15_w8,0.0007672174542676656,0.0022222732523573545,0.0006783383615195846
85,80,adaln_modulation_projection_all_blocks_stage15_w8,0.0007222531130537392,0.001186260951158147,0.0006385829605231661
131,80,adaln_modulation_projection_all_blocks_stage15_w8,0.0006942708278074861,0.0012914195619515567,0.0006138423118062578
224,80,adaln_modulation_projection_all_blocks_stage15_w8,0.000702814391843276,0.0013469249834088257,0.0006213961379051534
301,80,adaln_modulation_projection_all_blocks_stage15_w8,0.0007381162868114188,0.0015312035977785854,0.0006526084486496793
345,80,adaln_modulation_projection_all_blocks_stage15_w8,0.0006468343344749883,0.0015332898045699037,0.0005719011476885616
384,80,adaln_modulation_projection_all_blocks_stage15_w8,0.0005866591964149847,0.0014030602133203731,0.0005186970602049148
462,80,adaln_modulation_projection_all_blocks_stage15_w8,0.0005082398711238056,0.0014107218083587723,0.0004493623020687539
511,80,adaln_modulation_projection_all_blocks_stage15_w8,0.0007887772662797942,0.0019923071179874796,0.0006974005550002288
568,80,adaln_modulation_projection_all_blocks_stage15_w8,0.0006657702615484595,0.0015392643201721514,0.0005886434228719824
679,80,adaln_modulation_projection_all_blocks_stage15_w8,0.0007160735694924369,0.0043309328394798285,0.0006331192925226591
712,80,adaln_modulation_projection_all_blocks_stage15_w8,0.0005550498754018918,0.0012156168375554444,0.0004907495533989924
780,80,adaln_modulation_projection_all_blocks_stage15_w8,0.0006577548920176923,0.0019510886683065112,0.0005815566020440275
870,80,adaln_modulation_projection_all_blocks_stage15_w8,0.000631424249149859,0.001559365118623646,0.0005582762595005012
888,80,adaln_modulation_projection_all_blocks_stage15_w8,0.0007206029440567364,0.0021493735456630247,0.0006371239570458197
975,80,adaln_modulation_projection_all_blocks_stage15_w8,0.0005839169025421143,0.0011524826818458676,0.000516272450177887
19,81,adaln_modulation_projection_all_blocks_stage15_w8,0.0009351057815365494,0.0017739595687089604,0.0008267774933515701
85,81,adaln_modulation_projection_all_blocks_stage15_w8,0.0006765488797100261,0.002041160285457977,0.0005981733809594732
131,81,adaln_modulation_projection_all_blocks_stage15_w8,0.0008587916381657124,0.0022018341098828387,0.0007593040401773884
224,81,adaln_modulation_projection_all_blocks_stage15_w8,0.0011027595173800364,0.00201388441388417,0.0009750092102424005
301,81,adaln_modulation_projection_all_blocks_stage15_w8,0.0010771087836474178,0.0018731764564847708,0.0009523300120630937
345,81,adaln_modulation_projection_all_blocks_stage15_w8,0.0008747554966248571,0.002976390275094332,0.0007734185490828764
384,81,adaln_modulation_projection_all_blocks_stage15_w8,0.000899730614037253,0.0016378255864424318,0.0007955003984074009
462,81,adaln_modulation_projection_all_blocks_stage15_w8,0.001037205453030765,0.002104281593076962,0.0009170493237013935
511,81,adaln_modulation_projection_all_blocks_stage15_w8,0.0010315639083273709,0.0017706876842566997,0.0009120613295293986
568,81,adaln_modulation_projection_all_blocks_stage15_w8,0.000966584135312587,0.0017952166563190985,0.0008546092049543169
679,81,adaln_modulation_projection_all_blocks_stage15_w8,0.0008930619951570405,0.001629665668190228,0.000789604312519835
712,81,adaln_modulation_projection_all_blocks_stage15_w8,0.001007866536383517,0.0021774208042053544,0.0008911092039393233
780,81,adaln_modulation_projection_all_blocks_stage15_w8,0.0008213007240556182,0.001667619754584848,0.0007261562994581838
870,81,adaln_modulation_projection_all_blocks_stage15_w8,0.000878244172781706,0.001992955175410316,0.0007765030759728025
888,81,adaln_modulation_projection_all_blocks_stage15_w8,0.000894476310350001,0.0013950524207757553,0.0007908547849189291
975,81,adaln_modulation_projection_all_blocks_stage15_w8,0.0008682504849275575,0.001320164110438782,0.0007676671171363444
19,82,adaln_modulation_projection_all_blocks_stage15_w8,0.001037685782648623,0.0013878583291102586,0.0009174740090421071
85,82,adaln_modulation_projection_all_blocks_stage15_w8,0.001003608704195358,0.0018342175767998017,0.0008873446246872805
131,82,adaln_modulation_projection_all_blocks_stage15_w8,0.001013608416542411,0.0016386625729865045,0.0008961859101030847
224,82,adaln_modulation_projection_all_blocks_stage15_w8,0.0013070970890112221,0.0014900493304281783,0.0011556750863459325
301,82,adaln_modulation_projection_all_blocks_stage15_w8,0.001558784453663975,0.001838673154963999,0.0013782054701426583
345,82,adaln_modulation_projection_all_blocks_stage15_w8,0.0011635606642812493,0.0018773812585664016,0.0010287667859310934
384,82,adaln_modulation_projection_all_blocks_stage15_w8,0.0012581113260239363,0.0016264414394981943,0.0011123641293053366
462,82,adaln_modulation_projection_all_blocks_stage15_w8,0.0010997284553013744,0.0015359796822309588,0.0009723292846585042
511,82,adaln_modulation_projection_all_blocks_stage15_w8,0.000795345360529609,0.0017082596835393815,0.0007032077616362905
568,82,adaln_modulation_projection_all_blocks_stage15_w8,0.0010227060265606271,0.0013624802988942974,0.0009042295981594148
679,82,adaln_modulation_projection_all_blocks_stage15_w8,0.0012579875328810886,0.0015156198601857798,0.001112254677106068
712,82,adaln_modulation_projection_all_blocks_stage15_w8,0.0012679574429057539,0.001842487111389346,0.001121069612680083
780,82,adaln_modulation_projection_all_blocks_stage15_w8,0.0011091905762441454,0.0019872908404323653,0.000980695256497539
870,82,adaln_modulation_projection_all_blocks_stage15_w8,0.0010091968579217792,0.00146128088573505,0.0008922854130147806
888,82,adaln_modulation_projection_all_blocks_stage15_w8,0.0011693346314132216,0.001353463490900708,0.0010338718619196325
975,82,adaln_modulation_projection_all_blocks_stage15_w8,0.0011770250894187486,0.0012207398650758707,0.0010406714109311758
19,79,adaln_modulation_projection_all_blocks_stage15_w6,0.0026904981641564523,0.004910215950133079,0.004215043210178494
85,79,adaln_modulation_projection_all_blocks_stage15_w6,0.0028854513075202703,0.006907344724567111,0.004520464687206803
131,79,adaln_modulation_projection_all_blocks_stage15_w6,0.0028896848671138287,0.005608835227803865,0.00452709715284363
224,79,adaln_modulation_projection_all_blocks_stage15_w6,0.0033207457745447755,0.006641754311260683,0.005202414599718698
301,79,adaln_modulation_projection_all_blocks_stage15_w6,0.0029274621774675325,0.004880372615900797,0.004586280614711967
345,79,adaln_modulation_projection_all_blocks_stage15_w6,0.004290160082746297,0.010843746573584665,0.0067211382517438694
384,79,adaln_modulation_projection_all_blocks_stage15_w6,0.0031389548094011843,0.007157499964250746,0.004917613523282903
462,79,adaln_modulation_projection_all_blocks_stage15_w6,0.0031095462766188575,0.011146955536844416,0.004871540926736708
511,79,adaln_modulation_projection_all_blocks_stage15_w6,0.0028701223200187087,0.009062312691924035,0.004496449675582505
568,79,adaln_modulation_projection_all_blocks_stage15_w6,0.002344352207728662,0.004153757361109456,0.0036727569589521747
679,79,adaln_modulation_projection_all_blocks_stage15_w6,0.0031874838750809427,0.007178912721087727,0.00499364111977595
712,79,adaln_modulation_projection_all_blocks_stage15_w6,0.004168342133198165,0.007865340588352863,0.00653029332645781
780,79,adaln_modulation_projection_all_blocks_stage15_w6,0.003107759810518474,0.006854794228956962,0.0048687421767108
870,79,adaln_modulation_projection_all_blocks_stage15_w6,0.00293821026571095,0.009514636999103489,0.0046031190043367455
888,79,adaln_modulation_projection_all_blocks_stage15_w6,0.002882768807467073,0.005022886366532474,0.004516262174160644
975,79,adaln_modulation_projection_all_blocks_stage15_w6,0.002525371266528964,0.007130482966203998,0.003956348735699711
19,80,adaln_modulation_projection_all_blocks_stage15_w6,0.0020090451725991443,0.005473269560994254,0.0031474514000870654
85,80,adaln_modulation_projection_all_blocks_stage15_w6,0.002092625029035844,0.0038659399418179423,0.0032783909826054787
131,80,adaln_modulation_projection_all_blocks_stage15_w6,0.001550163433421403,0.0026342117784707852,0.0024285487133043496
224,80,adaln_modulation_projection_all_blocks_stage15_w6,0.0016265754675259814,0.0024232222186810763,0.002548258895537242
301,80,adaln_modulation_projection_all_blocks_stage15_w6,0.0017438726645195857,0.0035396796051827546,0.0027320214270816086
345,80,adaln_modulation_projection_all_blocks_stage15_w6,0.0021289647120283912,0.019707545646042487,0.0033353221993215475
384,80,adaln_modulation_projection_all_blocks_stage15_w6,0.0018815648627423798,0.008582455898604733,0.0029477355921925536
462,80,adaln_modulation_projection_all_blocks_stage15_w6,0.0019956178875872865,0.011602029195078245,0.0031264156724755926
511,80,adaln_modulation_projection_all_blocks_stage15_w6,0.002872133816708811,0.009652460022280705,0.004499600967629036
568,80,adaln_modulation_projection_all_blocks_stage15_w6,0.0018796077347360551,0.005327564027766129,0.002944669476324344
679,80,adaln_modulation_projection_all_blocks_stage15_w6,0.0026563774008536716,0.023556882336720264,0.004161588242767065
712,80,adaln_modulation_projection_all_blocks_stage15_w6,0.0025374897086294372,0.006313022366668974,0.003975333977085132
780,80,adaln_modulation_projection_all_blocks_stage15_w6,0.0022844202030682936,0.014071776767707435,0.0035788650571915675
870,80,adaln_modulation_projection_all_blocks_stage15_w6,0.0022284535953076556,0.008616020620024756,0.003491185506548885
888,80,adaln_modulation_projection_all_blocks_stage15_w6,0.0018457789419699113,0.0063666351381499444,0.002891671921760996
975,80,adaln_modulation_projection_all_blocks_stage15_w6,0.0014729498070664704,0.002620116290245278,0.0023075827242408863
19,81,adaln_modulation_projection_all_blocks_stage15_w6,0.002969512075651437,0.005314061961144035,0.004652157685430703
85,81,adaln_modulation_projection_all_blocks_stage15_w6,0.0027089978684671223,0.013977584350357121,0.004244025594959065
131,81,adaln_modulation_projection_all_blocks_stage15_w6,0.0024414732033619657,0.008045050735745463,0.0038249106376514056
224,81,adaln_modulation_projection_all_blocks_stage15_w6,0.0028616068448172882,0.003556774762557779,0.004483108987821641
301,81,adaln_modulation_projection_all_blocks_stage15_w6,0.002772626234218478,0.006307953717637816,0.004343708365461565
345,81,adaln_modulation_projection_all_blocks_stage15_w6,0.002479228991433047,0.008354883970469018,0.003884060381841566
384,81,adaln_modulation_projection_all_blocks_stage15_w6,0.002630933202453889,0.0051116285022345664,0.00412172633275641
462,81,adaln_modulation_projection_all_blocks_stage15_w6,0.0029504589911084626,0.007202748311613051,0.004622308352803115
511,81,adaln_modulation_projection_all_blocks_stage15_w6,0.0027589843521127477,0.003946120489672467,0.004322336441365923
568,81,adaln_modulation_projection_all_blocks_stage15_w6,0.0023077065125107765,0.007524449275720712,0.0036153463311107514
679,81,adaln_modulation_projection_all_blocks_stage15_w6,0.0030234139558160673,0.008206861502003447,0.004736602550337352
712,81,adaln_modulation_projection_all_blocks_stage15_w6,0.003210081049473956,0.00804431899158331,0.005029042766862504
780,81,adaln_modulation_projection_all_blocks_stage15_w6,0.003034116729395464,0.008650620674984568,0.004753369948177246
870,81,adaln_modulation_projection_all_blocks_stage15_w6,0.002920513798017055,0.009964919841422672,0.004575395002517669
888,81,adaln_modulation_projection_all_blocks_stage15_w6,0.0023525169235654175,0.004903007380562486,0.0036855481329099325
975,81,adaln_modulation_projection_all_blocks_stage15_w6,0.0020185175089864065,0.0033504872080811765,0.0031622911452708997
19,82,adaln_modulation_projection_all_blocks_stage15_w6,0.0030486134928651154,0.006097331986438803,0.004776081163983437
85,82,adaln_modulation_projection_all_blocks_stage15_w6,0.002871758784749545,0.005732695616302407,0.0044990134273978025
131,82,adaln_modulation_projection_all_blocks_stage15_w6,0.002358905505388975,0.003326968049350399,0.0036955567435073304
224,82,adaln_modulation_projection_all_blocks_stage15_w6,0.0031374542886624113,0.003949650807001603,0.004915262746822261
301,82,adaln_modulation_projection_all_blocks_stage15_w6,0.00343327235009383,0.006346003528562961,0.0053787032828151934
345,82,adaln_modulation_projection_all_blocks_stage15_w6,0.004055311961565168,0.013787156404930554,0.006353215689374065
384,82,adaln_modulation_projection_all_blocks_stage15_w6,0.004052450181916356,0.006217485181835513,0.006348732309664519
462,82,adaln_modulation_projection_all_blocks_stage15_w6,0.0025971111608669166,0.006339437856027529,0.004068739354863325
511,82,adaln_modulation_projection_all_blocks_stage15_w6,0.0024719216889934614,0.008382536142448773,0.003872612466380024
568,82,adaln_modulation_projection_all_blocks_stage15_w6,0.002576243714429438,0.0037393755790731125,0.004036047569530837
679,82,adaln_modulation_projection_all_blocks_stage15_w6,0.00308132209465839,0.004769449640718903,0.004827323782075466
712,82,adaln_modulation_projection_all_blocks_stage15_w6,0.0034214676707051694,0.005350766991114143,0.0053602095947806174
780,82,adaln_modulation_projection_all_blocks_stage15_w6,0.002595163241494447,0.004382525779206503,0.00406568766561325
870,82,adaln_modulation_projection_all_blocks_stage15_w6,0.0042237204615958035,0.011795080514730216,0.006617051254864233
888,82,adaln_modulation_projection_all_blocks_stage15_w6,0.003258646524045616,0.007113210682476279,0.005105127402997744
975,82,adaln_modulation_projection_all_blocks_stage15_w6,0.0021473857486853376,0.0022974367886376967,0.0033641813401749866
19,79,adaln_modulation_projection_all_blocks_stage15_w4,0.03341804242518264,0.04182446923533689,0.06335537852985461
85,79,adaln_modulation_projection_all_blocks_stage15_w4,0.04172953718807549,0.06910309200347341,0.07911267185518626
131,79,adaln_modulation_projection_all_blocks_stage15_w4,0.048932657242403366,0.0964534348156576,0.09276866019321157
224,79,adaln_modulation_projection_all_blocks_stage15_w4,0.040740571756032296,0.05999993997841102,0.07723774816866828
301,79,adaln_modulation_projection_all_blocks_stage15_w4,0.03336696737096644,0.0681490946067811,0.06325854822028322
345,79,adaln_modulation_projection_all_blocks_stage15_w4,0.03466963792743627,0.06918468555710433,0.06572820772800621
384,79,adaln_modulation_projection_all_blocks_stage15_w4,0.04033615137450396,0.07188132231141253,0.07647103041689453
462,79,adaln_modulation_projection_all_blocks_stage15_w4,0.044539159396890675,0.12926953470753233,0.08443927585851455
511,79,adaln_modulation_projection_all_blocks_stage15_w4,0.03640467522200196,0.10429709387731023,0.069017566905963
568,79,adaln_modulation_projection_all_blocks_stage15_w4,0.03175589407328517,0.06697703530471699,0.0602042053801107
679,79,adaln_modulation_projection_all_blocks_stage15_w4,0.04683617387490813,0.11038802934399426,0.08879405582712477
712,79,adaln_modulation_projection_all_blocks_stage15_w4,0.03901497276092414,0.07745736014022953,0.07396628252939344
780,79,adaln_modulation_projection_all_blocks_stage15_w4,0.041393204708583646,0.1044001164387396,0.0784750381099483
870,79,adaln_modulation_projection_all_blocks_stage15_w4,0.039584497644682415,0.14058173895729453,0.07504601257861639
888,79,adaln_modulation_projection_all_blocks_stage15_w4,0.04678888415583061,0.14061649012660382,0.0887044019205731
975,79,adaln_modulation_projection_all_blocks_stage15_w4,0.03985694935545326,0.12093683086141026,0.0755625383836703
19,80,adaln_modulation_projection_all_blocks_stage15_w4,0.027752851616241966,0.0937359854403894,0.05261506335586284
85,80,adaln_modulation_projection_all_blocks_stage15_w4,0.031023684903630052,0.10309981592679662,0.05881605138484337
131,80,adaln_modulation_projection_all_blocks_stage15_w4,0.028942341159563515,0.0656083185568832,0.05487014937543326
224,80,adaln_modulation_projection_all_blocks_stage15_w4,0.036202010454871925,0.07827232569320587,0.06863334622442743
301,80,adaln_modulation_projection_all_blocks_stage15_w4,0.023382637489703487,0.08413340641413926,0.044329821308449584
345,80,adaln_modulation_projection_all_blocks_stage15_w4,0.024192210672481448,0.07486769694321539,0.0458646453651653
384,80,adaln_modulation_projection_all_blocks_stage15_w4,0.022602673050641894,0.06845819222623108,0.042851130796065305
462,80,adaln_modulation_projection_all_blocks_stage15_w4,0.026798985229106616,0.10770937475581731,0.05080668196550572
511,80,adaln_modulation_projection_all_blocks_stage15_w4,0.032131778138136724,0.08517676230124493,0.060916822741385726
568,80,adaln_modulation_projection_all_blocks_stage15_w4,0.02744603418977931,0.10598662500819955,0.052033385532075975
679,80,adaln_modulation_projection_all_blocks_stage15_w4,0.0319179166253889,0.1789891550766356,0.06051137478244437
712,80,adaln_modulation_projection_all_blocks_stage15_w4,0.023382344355923124,0.05392294566019018,0.044329265572677315
780,80,adaln_modulation_projection_all_blocks_stage15_w4,0.0345381153310882,0.43003408505575175,0.06547886146855618
870,80,adaln_modulation_projection_all_blocks_stage15_w4,0.034640388621483005,0.13047297160228763,0.06567275562142176
888,80,adaln_modulation_projection_all_blocks_stage15_w4,0.022789546244894158,0.04986600071170245,0.04320541312679852
975,80,adaln_modulation_projection_all_blocks_stage15_w4,0.023225642755278383,0.03239347834824003,0.044032183861583425
19,81,adaln_modulation_projection_all_blocks_stage15_w4,0.02494433108950034,0.027645205677345075,0.04729054796933329
85,81,adaln_modulation_projection_all_blocks_stage15_w4,0.02947156406298745,0.08896842311258979,0.05587347317718371
131,81,adaln_modulation_projection_all_blocks_stage15_w4,0.055700001772493124,0.2013597047526936,0.10559848633595083
224,81,adaln_modulation_projection_all_blocks_stage15_w4,0.03305568965515704,0.029961864728193177,0.06266841438592816
301,81,adaln_modulation_projection_all_blocks_stage15_w4,0.039077674970030785,0.1684091903020004,0.07408515610499271
345,81,adaln_modulation_projection_all_blocks_stage15_w4,0.03710424895689357,0.13681873634146766,0.07034384922434928
384,81,adaln_modulation_projection_all_blocks_stage15_w4,0.03529131926188711,0.09129353174597553,0.06690681824528168
462,81,adaln_modulation_projection_all_blocks_stage15_w4,0.04371988774801139,0.11332438808926783,0.0828860650278762
511,81,adaln_modulation_projection_all_blocks_stage15_w4,0.03784250933676958,0.058325662359493435,0.0717434753671838
568,81,adaln_modulation_projection_all_blocks_stage15_w4,0.036291480995714664,0.11607081812974229,0.06880296836776671
679,81,adaln_modulation_projection_all_blocks_stage15_w4,0.040848141259630204,0.0906104276489259,0.07744168311291201
712,81,adaln_modulation_projection_all_blocks_stage15_w4,0.04271135367980606,0.11185291389555017,0.08097404226967739
780,81,adaln_modulation_projection_all_blocks_stage15_w4,0.0327436142397346,0.09174928908267076,0.062076768237946396
870,81,adaln_modulation_projection_all_blocks_stage15_w4,0.046194325899705284,0.20074889167108267,0.08757721251505352
888,81,adaln_modulation_projection_all_blocks_stage15_w4,0.02833490079501644,0.05682915346483241,0.053718537508390084
975,81,adaln_modulation_projection_all_blocks_stage15_w4,0.023732346264296215,0.03929075028827356,0.044992814415814784
19,82,adaln_modulation_projection_all_blocks_stage15_w4,0.04038971466070507,0.089442250828327,0.07657257802490214
85,82,adaln_modulation_projection_all_blocks_stage15_w4,0.035773698502453044,0.0727335999185925,0.06782133379326508
131,82,adaln_modulation_projection_all_blocks_stage15_w4,0.03604814503341913,0.05766870459910933,0.06834164146522073
224,82,adaln_modulation_projection_all_blocks_stage15_w4,0.03757415880681947,0.034546870630492776,0.07123472475913308
301,82,adaln_modulation_projection_all_blocks_stage15_w4,0.029127705671271542,0.06030264160405352,0.055221571480170734
345,82,adaln_modulation_projection_all_blocks_stage15_w4,0.034101606404874474,0.07507497348302651,0.06465130885790144
384,82,adaln_modulation_projection_all_blocks_stage15_w4,0.06259466306073591,0.11231386991914859,0.11866968512713405
462,82,adaln_modulation_projection_all_blocks_stage15_w4,0.04079718934372068,0.08832486758002746,0.07734508625429899
511,82,adaln_modulation_projection_all_blocks_stage15_w4,0.02695486377342604,0.07348031150604938,0.05110220329061475
568,82,adaln_modulation_projection_all_blocks_stage15_w4,0.03659103295649402,0.06271173850032952,0.06937087200566008
679,82,adaln_modulation_projection_all_blocks_stage15_w4,0.04771821493341122,0.07881274797506423,0.09046626763502608
712,82,adaln_modulation_projection_all_blocks_stage15_w4,0.03520342749834526,0.05134942215250149,0.06674018921662696
780,82,adaln_modulation_projection_all_blocks_stage15_w4,0.04109914903528988,0.09013444520526549,0.07791755457296114
870,82,adaln_modulation_projection_all_blocks_stage15_w4,0.03345170000102371,0.06930345248133561,0.06341918802625411
888,82,adaln_modulation_projection_all_blocks_stage15_w4,0.0378351875115186,0.09157588833382135,0.07172959433237022
975,82,adaln_modulation_projection_all_blocks_stage15_w4,0.029086452501360324,0.032269226815756724,0.05514336192612121
19,79,attention_output_all_blocks_stage4_w8,0.0006752342924301047,0.009770890493257411,0.0033315117825916942
85,79,attention_output_all_blocks_stage4_w8,0.0006027820645613247,0.011684311096374243,0.0029740425996342182
131,79,attention_output_all_blocks_stage4_w8,0.0007175138780439738,0.15681463387045372,0.003540113358688749
224,79,attention_output_all_blocks_stage4_w8,0.0006936017307452859,0.010831179051649542,0.0034221341604078895
301,79,attention_output_all_blocks_stage4_w8,0.0006376479877872044,0.016436364863295697,0.003146066199946223
345,79,attention_output_all_blocks_stage4_w8,0.0006758078309303528,0.022915082691568497,0.003334341541525397
384,79,attention_output_all_blocks_stage4_w8,0.0007089810133038554,0.0167675516643726,0.003498013394661954
462,79,attention_output_all_blocks_stage4_w8,0.0006512331974590779,0.010741616029747549,0.003213093728906492
511,79,attention_output_all_blocks_stage4_w8,0.0006311582737907884,0.014259676229357865,0.0031140468566055587
568,79,attention_output_all_blocks_stage4_w8,0.0006521020004583988,0.008481108141722872,0.0032173802816800063
679,79,attention_output_all_blocks_stage4_w8,0.0006646038018516264,0.4190743513357802,0.003279062425362705
712,79,attention_output_all_blocks_stage4_w8,0.0006917577893545968,0.015429827679895425,0.0034130364108736046
780,79,attention_output_all_blocks_stage4_w8,0.0007334662514040247,0.016468408601951978,0.0036188201429932687
870,79,attention_output_all_blocks_stage4_w8,0.0006606149954677675,0.01464964671016844,0.0032593822112277297
888,79,attention_output_all_blocks_stage4_w8,0.0007428900025843177,0.014811521803324013,0.0036653156164094215
975,79,attention_output_all_blocks_stage4_w8,0.0007096468689269386,0.07962751804848266,0.003501298633398605
19,80,attention_output_all_blocks_stage4_w8,0.0006498262555396651,0.009546300890978188,0.0032061520737884184
85,80,attention_output_all_blocks_stage4_w8,0.0006280623128986917,0.005558611861715689,0.0030987718175471256
131,80,attention_output_all_blocks_stage4_w8,0.0006883645000925753,0.0050654660247460015,0.00339629439512455
224,80,attention_output_all_blocks_stage4_w8,0.0006000357680022717,0.006958963236513682,0.002960492755605935
301,80,attention_output_all_blocks_stage4_w8,0.0006931115094630513,0.00866842554211189,0.0034197154770025133
345,80,attention_output_all_blocks_stage4_w8,0.0006459708783950191,0.010958264226704983,0.0031871301809021763
384,80,attention_output_all_blocks_stage4_w8,0.0006012213789290399,0.010636897195865915,0.0029663423944888815
462,80,attention_output_all_blocks_stage4_w8,0.0006735579590895212,0.01643372068384963,0.003323240987790076
511,80,attention_output_all_blocks_stage4_w8,0.0005954856278549413,0.011595126095528485,0.0029380429990055715
568,80,attention_output_all_blocks_stage4_w8,0.0006855216097392259,0.010864294253451591,0.003382267970793058
679,80,attention_output_all_blocks_stage4_w8,0.0006538458619615994,0.012610935608449834,0.003225984251013691
712,80,attention_output_all_blocks_stage4_w8,0.000691969600666198,0.00734937530245361,0.003414081458330756
780,80,attention_output_all_blocks_stage4_w8,0.0006410991090888274,0.02097268641546179,0.003163093550909297
870,80,attention_output_all_blocks_stage4_w8,0.000609879979492689,0.0103140610317638,0.0030090627215249048
888,80,attention_output_all_blocks_stage4_w8,0.0006142820493550971,0.017719452798303337,0.003030781919999888
975,80,attention_output_all_blocks_stage4_w8,0.0006764644786017017,0.15329014182236733,0.0033375813495129876
19,81,attention_output_all_blocks_stage4_w8,0.0005931899686402177,0.019258325984537805,0.0029267165367562347
85,81,attention_output_all_blocks_stage4_w8,0.0006296131250564941,0.008879553708041499,0.0031064233083470246
131,81,attention_output_all_blocks_stage4_w8,0.0005327542867235024,0.011908832826350137,0.0026285353148430396
224,81,attention_output_all_blocks_stage4_w8,0.0006430195935536176,0.0068953669842954915,0.0031725689532910487
301,81,attention_output_all_blocks_stage4_w8,0.0006035812230038573,0.21690826904250568,0.002977985535882129
345,81,attention_output_all_blocks_stage4_w8,0.0005852827800936211,0.012368292069822928,0.00288770357176692
384,81,attention_output_all_blocks_stage4_w8,0.0006037368802935816,0.008362061154716827,0.002978753527230579
462,81,attention_output_all_blocks_stage4_w8,0.0006134798722996493,0.010526658628425167,0.0030268240903370447
511,81,attention_output_all_blocks_stage4_w8,0.0006093876183967949,0.007907723389507737,0.003006633480577503
568,81,attention_output_all_blocks_stage4_w8,0.0005717362400901037,0.01386320466963298,0.002820866833554695
679,81,attention_output_all_blocks_stage4_w8,0.0006087685833335854,0.017026372910777358,0.0030035792479503397
712,81,attention_output_all_blocks_stage4_w8,0.0005242260267550591,0.008664301557619323,0.00258645807011718
780,81,attention_output_all_blocks_stage4_w8,0.000584491019253619,0.016239193648743825,0.0028837971342576983
870,81,attention_output_all_blocks_stage4_w8,0.0006175123783123125,0.03905627104268205,0.003046719912343078
888,81,attention_output_all_blocks_stage4_w8,0.0006176544848131016,0.006504601678045673,0.0030474210459896793
975,81,attention_output_all_blocks_stage4_w8,0.0005544387713598553,0.00507714893069533,0.002735523536376406
19,82,attention_output_all_blocks_stage4_w8,0.0006752856024831999,0.007511439302845701,0.0033317649392343124
85,82,attention_output_all_blocks_stage4_w8,0.0006297914987953845,0.08247834874612181,0.003107303379486006
131,82,attention_output_all_blocks_stage4_w8,0.0006370403862092644,0.009634840008232006,0.003143068378540051
224,82,attention_output_all_blocks_stage4_w8,0.0006247919118322898,0.005778542158680011,0.0030826361150085193
301,82,attention_output_all_blocks_stage4_w8,0.000746205915675091,0.009663407596292473,0.003681675868925928
345,82,attention_output_all_blocks_stage4_w8,0.0006609930424019694,0.017669774018770564,0.0032612474420517356
384,82,attention_output_all_blocks_stage4_w8,0.0007186237417045048,0.00797593767157423,0.0035455892711291886
462,82,attention_output_all_blocks_stage4_w8,0.0007457657920895144,0.024777221335355645,0.0036795043605656703
511,82,attention_output_all_blocks_stage4_w8,0.0006276009407883976,0.053548673485892095,0.0030964954719307435
568,82,attention_output_all_blocks_stage4_w8,0.0007116225169738755,0.09443780039015338,0.0035110462051976274
679,82,attention_output_all_blocks_stage4_w8,0.000824297901999671,0.09967579104272774,0.004066970833181995
712,82,attention_output_all_blocks_stage4_w8,0.0007224109685921576,0.009329638223789518,0.0035642749201565136
780,82,attention_output_all_blocks_stage4_w8,0.0006455921538872643,0.009465985920897424,0.0031852616070248032
870,82,attention_output_all_blocks_stage4_w8,0.0006676442171738017,0.017091114043068952,0.0032940634103294864
888,82,attention_output_all_blocks_stage4_w8,0.0007751612865831702,0.0753851902471183,0.003824537628808427
975,82,attention_output_all_blocks_stage4_w8,0.0006485269441327545,0.009760095689046011,0.003199741452601215
19,79,attention_output_all_blocks_stage4_w6,0.001598409264261136,0.010889912448021732,0.012874045177010704
85,79,attention_output_all_blocks_stage4_w6,0.0015461324182979295,0.05874298988443627,0.01245299251441052
131,79,attention_output_all_blocks_stage4_w6,0.0016840443568071353,0.020803011274438173,0.013563774694240636
224,79,attention_output_all_blocks_stage4_w6,0.001767228968674317,0.029766126550725858,0.01423376733952553
301,79,attention_output_all_blocks_stage4_w6,0.0015937592843329185,0.09761447944583779,0.0128365929093052
345,79,attention_output_all_blocks_stage4_w6,0.0016777024568455088,0.020770611953707885,0.013512695218889996
384,79,attention_output_all_blocks_stage4_w6,0.0016063333350757603,0.014437257530744317,0.012937867908731707
462,79,attention_output_all_blocks_stage4_w6,0.001654056428378681,0.04080433176915221,0.013322243345552326
511,79,attention_output_all_blocks_stage4_w6,0.0015913235329207964,0.1032095208668693,0.012816974671085014
568,79,attention_output_all_blocks_stage4_w6,0.0016479521182191093,0.019541077349913394,0.013273077486391005
679,79,attention_output_all_blocks_stage4_w6,0.001761637624440482,0.033030061071656285,0.014188733054579813
712,79,attention_output_all_blocks_stage4_w6,0.0016812256617413368,0.031468575540827715,0.013541072118355556
780,79,attention_output_all_blocks_stage4_w6,0.0016283897712128237,0.020008785578397692,0.01311551675100344
870,79,attention_output_all_blocks_stage4_w6,0.001629563234928355,0.022562852801232935,0.013124968163245047
888,79,attention_output_all_blocks_stage4_w6,0.0017313029275101144,0.03252297917822489,0.013944408733240871
975,79,attention_output_all_blocks_stage4_w6,0.0016607997604296543,0.0627104284942561,0.013376556069714335
19,80,attention_output_all_blocks_stage4_w6,0.0014361919502334783,0.014582167045048777,0.011567500554191118
85,80,attention_output_all_blocks_stage4_w6,0.0014997687248978764,0.009750394724505895,0.012079566073040846
131,80,attention_output_all_blocks_stage4_w6,0.0015065941588545684,0.009588648986039061,0.01213454006942329
224,80,attention_output_all_blocks_stage4_w6,0.0014871465245960278,0.010386324010426051,0.011977903263300818
301,80,attention_output_all_blocks_stage4_w6,0.0014804298261879014,0.015286479169390079,0.011923805054112481
345,80,attention_output_all_blocks_stage4_w6,0.0014584267710233687,0.020418305512350795,0.011746586157454376
384,80,attention_output_all_blocks_stage4_w6,0.0014250501444621477,0.009834840088274177,0.011477761265223787
462,80,attention_output_all_blocks_stage4_w6,0.0015617427561664952,0.017075150290480682,0.012578722638379248
511,80,attention_output_all_blocks_stage4_w6,0.0015382195051643066,0.01880289955488479,0.012389259649842126
568,80,attention_output_all_blocks_stage4_w6,0.0014407161345388886,0.018941479114346293,0.011603939627987338
679,80,attention_output_all_blocks_stage4_w6,0.001535891271487344,0.01641465307358203,0.012370507390198718
712,80,attention_output_all_blocks_stage4_w6,0.0015054418454951703,0.013718837218959836,0.01212525900819657
780,80,attention_output_all_blocks_stage4_w6,0.0014457960533036383,0.021857934241680258,0.011644854745995718
870,80,attention_output_all_blocks_stage4_w6,0.0014456510507443454,0.016495249071809322,0.011643686853928989
888,80,attention_output_all_blocks_stage4_w6,0.0015920419937174302,0.036136773752161844,0.012822761359738904
975,80,attention_output_all_blocks_stage4_w6,0.0015329158231907059,0.07321127771484726,0.012346542278978917
19,81,attention_output_all_blocks_stage4_w6,0.0014112429271335714,0.03967851829145274,0.011366553989570849
85,81,attention_output_all_blocks_stage4_w6,0.0014263376588132817,0.00981258617925107,0.011488131273890003
131,81,attention_output_all_blocks_stage4_w6,0.0014111182217675375,0.011665039744002572,0.011365549576901309
224,81,attention_output_all_blocks_stage4_w6,0.0014735526492586362,0.009580593885189614,0.011868414305036348
301,81,attention_output_all_blocks_stage4_w6,0.001483515902691579,0.7802943973922538,0.011948661196538821
345,81,attention_output_all_blocks_stage4_w6,0.0014493440542082683,0.01849356441130112,0.011673431359604997
384,81,attention_output_all_blocks_stage4_w6,0.0013708547048736361,0.020014744479396995,0.011041255701066555
462,81,attention_output_all_blocks_stage4_w6,0.0015169558437264639,0.023538479727040592,0.012217996041641014
511,81,attention_output_all_blocks_stage4_w6,0.0015182728611762284,0.01943096320701443,0.01222860367669812
568,81,attention_output_all_blocks_stage4_w6,0.0014318523171823474,0.017474466130124707,0.011532547908957462
679,81,attention_output_all_blocks_stage4_w6,0.0014429874063353054,0.0942412725619306,0.011622233100360233
712,81,attention_output_all_blocks_stage4_w6,0.0015088037000623442,0.02353678320133668,0.012152336345987365
780,81,attention_output_all_blocks_stage4_w6,0.001472974650823744,0.012985978349945528,0.01186375894040013
870,81,attention_output_all_blocks_stage4_w6,0.0015058894496178252,0.0342655771396494,0.012128864139764134
888,81,attention_output_all_blocks_stage4_w6,0.0015153195563470943,0.009214244833231078,0.0122048169152961
975,81,attention_output_all_blocks_stage4_w6,0.0014929530188965148,0.012485786081015249,0.012024670428391717
19,82,attention_output_all_blocks_stage4_w6,0.0016872626947588285,0.020940181492960615,0.013589696108180976
85,82,attention_output_all_blocks_stage4_w6,0.0016618408772046678,2.1364672270258898,0.013384941521860887
131,82,attention_output_all_blocks_stage4_w6,0.0015487689561268778,0.013348396029925878,0.012474227943833828
224,82,attention_output_all_blocks_stage4_w6,0.0022915721929166466,0.03912410369400732,0.018456977569901407
301,82,attention_output_all_blocks_stage4_w6,0.0018643600642462845,0.0560081981352596,0.015016088951671643
345,82,attention_output_all_blocks_stage4_w6,0.0016625373391434548,0.04511638799050388,0.013390551025424517
384,82,attention_output_all_blocks_stage4_w6,0.0016650756624585483,0.012429551944435957,0.013410995407075094
462,82,attention_output_all_blocks_stage4_w6,0.0017920212776516564,0.013541708443611357,0.014433451683800284
511,82,attention_output_all_blocks_stage4_w6,0.001666002532147104,0.080153886048393,0.013418460680525685
568,82,attention_output_all_blocks_stage4_w6,0.0016091555880848316,0.029315701903442456,0.012960599141309074
679,82,attention_output_all_blocks_stage4_w6,0.0018340052338317034,0.038543180255373954,0.014771602469494965
712,82,attention_output_all_blocks_stage4_w6,0.0017236893263543605,0.019799353867938404,0.013883086612911303
780,82,attention_output_all_blocks_stage4_w6,0.0016676032537361607,0.011380235268248383,0.01343135334982766
870,82,attention_output_all_blocks_stage4_w6,0.0017044949090632142,0.02889306773005274,0.013728489288635383
888,82,attention_output_all_blocks_stage4_w6,0.0017817151747294704,0.2162883466729113,0.014350443384495613
975,82,attention_output_all_blocks_stage4_w6,0.0015874228702159598,0.015477764258903903,0.012785557618515839
19,79,attention_output_all_blocks_stage4_w4,0.01640818973464775,0.12028954884391398,0.19543701455680632
85,79,attention_output_all_blocks_stage4_w4,0.01564256432016009,0.10211848814653024,0.18631769379710536
131,79,attention_output_all_blocks_stage4_w4,0.01775991902468377,0.5669236515375928,0.21153738523790527
224,79,attention_output_all_blocks_stage4_w4,0.016914001553232083,0.4304377660306961,0.20146171035508373
301,79,attention_output_all_blocks_stage4_w4,0.014303663779173803,1.6497235299273143,0.1703701256161801
345,79,attention_output_all_blocks_stage4_w4,0.016144885004905518,0.349135098412944,0.19230080689881918
384,79,attention_output_all_blocks_stage4_w4,0.015614011535944883,0.1536457027027609,0.18597760320853046
462,79,attention_output_all_blocks_stage4_w4,0.016308061494783033,0.28610392599155426,0.19424439278752811
511,79,attention_output_all_blocks_stage4_w4,0.01668136582156876,2.341373376125887,0.19869079938862214
568,79,attention_output_all_blocks_stage4_w4,0.01796511698194081,0.18228636804474266,0.21398148643419923
679,79,attention_output_all_blocks_stage4_w4,0.017310608287516516,6.000546541613521,0.20618567060634774
712,79,attention_output_all_blocks_stage4_w4,0.01698645153373946,0.46336584629818844,0.20232465795162213
780,79,attention_output_all_blocks_stage4_w4,0.015466317359823732,0.18304676125262634,0.184218426278269
870,79,attention_output_all_blocks_stage4_w4,0.016606120667347568,0.4688870044013811,0.1977945586369807
888,79,attention_output_all_blocks_stage4_w4,0.018370145407970995,1.4149509501185664,0.2188057569767827
975,79,attention_output_all_blocks_stage4_w4,0.016027279452828225,1.384220572341519,0.1909000138579661
19,80,attention_output_all_blocks_stage4_w4,0.015561683310806982,0.13780221696141834,0.18535432469558077
85,80,attention_output_all_blocks_stage4_w4,0.016412560114986263,0.09711206460578124,0.1954890699084112
131,80,attention_output_all_blocks_stage4_w4,0.01639502503530821,0.070659585132546,0.1952802105718411
224,80,attention_output_all_blocks_stage4_w4,0.01575061764015118,0.10342462538835663,0.1876047107449541
301,80,attention_output_all_blocks_stage4_w4,0.013473341605276799,0.04632481476619432,0.16048020543540084
345,80,attention_output_all_blocks_stage4_w4,0.015615403883202816,0.23380447340770164,0.18599418737751663
384,80,attention_output_all_blocks_stage4_w4,0.015249728710841737,0.09843055450762962,0.18163865120079353
462,80,attention_output_all_blocks_stage4_w4,0.01667631198506569,0.1233976484205357,0.19863060342951933
511,80,attention_output_all_blocks_stage4_w4,0.015771222624607617,0.1150195816139785,0.18785013554270935
568,80,attention_output_all_blocks_stage4_w4,0.015527061438660892,0.1265137658635922,0.1849419455458985
679,80,attention_output_all_blocks_stage4_w4,0.014736702152731594,0.2044310179791182,0.17552802105043144
712,80,attention_output_all_blocks_stage4_w4,0.01663691495195962,0.16089960167437312,0.19816134760927565
780,80,attention_output_all_blocks_stage4_w4,0.015413616846672086,0.19173679008936517,0.18359071346396505
870,80,attention_output_all_blocks_stage4_w4,0.015382820133709174,0.09522821895087928,0.18322389556772112
888,80,attention_output_all_blocks_stage4_w4,0.018210674672445748,0.7153640350480259,0.21690631011736342
975,80,attention_output_all_blocks_stage4_w4,0.015365232222393388,11.607806713505456,0.18301440695651933
19,81,attention_output_all_blocks_stage4_w4,0.014206864773768755,2.469884808277243,0.169217158169169
85,81,attention_output_all_blocks_stage4_w4,0.014992840385275485,0.17721337939065052,0.1785788689679522
131,81,attention_output_all_blocks_stage4_w4,0.015616739027791482,0.09899185582901282,0.18601009020876313
224,81,attention_output_all_blocks_stage4_w4,0.014770573427085765,0.06453841826966311,0.1759314598725116
301,81,attention_output_all_blocks_stage4_w4,0.013030447827077296,1.4811000754426118,0.15520492283708234
345,81,attention_output_all_blocks_stage4_w4,0.015276347902045016,0.10991188710931965,0.18195571087299495
384,81,attention_output_all_blocks_stage4_w4,0.015473957701033214,0.09252064314711105,0.18430942994779775
462,81,attention_output_all_blocks_stage4_w4,0.015482830440305404,0.1351803815453714,0.18441511264054697
511,81,attention_output_all_blocks_stage4_w4,0.01536398589541932,0.08212724474878998,0.18299956202682796
568,81,attention_output_all_blocks_stage4_w4,0.014968956242228161,0.192184527740892,0.17829438629875438
679,81,attention_output_all_blocks_stage4_w4,0.014840308391285362,0.4281605983047143,0.17676206906425054
712,81,attention_output_all_blocks_stage4_w4,0.015023386389657391,0.17826567028828325,0.17894270068854917
780,81,attention_output_all_blocks_stage4_w4,0.014336062719848996,1.9555298189534935,0.170756027555563
870,81,attention_output_all_blocks_stage4_w4,0.014299539816420292,0.20679898164326008,0.1703210053304128
888,81,attention_output_all_blocks_stage4_w4,0.016969423603768515,0.1605585817190445,0.20212183924636445
975,81,attention_output_all_blocks_stage4_w4,0.014615685977332761,0.11173096361676471,0.17408660426920733
19,82,attention_output_all_blocks_stage4_w4,0.017212575377925532,0.14946178970944857,0.20501800619676805
85,82,attention_output_all_blocks_stage4_w4,0.016999145987938388,1.6824157220866345,0.2024758608734672
131,82,attention_output_all_blocks_stage4_w4,0.018356554857746236,0.06972609870996394,0.218643880706148
224,82,attention_output_all_blocks_stage4_w4,0.019344609584550195,0.12820456136131497,0.23041254435205583
301,82,attention_output_all_blocks_stage4_w4,0.019190230545973467,2.1230621249135306,0.22857374440535141
345,82,attention_output_all_blocks_stage4_w4,0.016748180009926728,0.4129157705145304,0.19948661938545847
384,82,attention_output_all_blocks_stage4_w4,0.01647333156870445,0.16635763372920565,0.19621291523669138
462,82,attention_output_all_blocks_stage4_w4,0.018203853716840968,0.598066746024827,0.2168250661031619
511,82,attention_output_all_blocks_stage4_w4,0.016927662672969745,0.36079123208919844,0.20162442717517232
568,82,attention_output_all_blocks_stage4_w4,0.017629089168622155,5.96747230128983,0.2099790782645536
679,82,attention_output_all_blocks_stage4_w4,0.018878462378779663,18.825052034461805,0.2248602915006997
712,82,attention_output_all_blocks_stage4_w4,0.018001677995926002,0.1966989242205841,0.2144169625920198
780,82,attention_output_all_blocks_stage4_w4,0.016292255284497514,0.13770528346925914,0.19405612591594656
870,82,attention_output_all_blocks_stage4_w4,0.016285837718896804,0.2287264718877395,0.19397968665713686
888,82,attention_output_all_blocks_stage4_w4,0.021043691525846953,0.5538533352416835,0.25065021270332016
975,82,attention_output_all_blocks_stage4_w4,0.01615922487690113,0.082104390579687,0.19247160829844168
19,79,attention_output_all_blocks_stage10_w8,0.0010010582627728584,0.007058407851047832,0.007698201484835587
85,79,attention_output_all_blocks_stage10_w8,0.0007391665712930262,0.0035406672184308268,0.005684237779434753
131,79,attention_output_all_blocks_stage10_w8,0.0008116600220091641,0.025432649914364447,0.006241717009862377
224,79,attention_output_all_blocks_stage10_w8,0.000788925801316509,0.004804569829047977,0.0060668894119081836
301,79,attention_output_all_blocks_stage10_w8,0.0007564398692920804,0.005419175581209857,0.005817070535778025
345,79,attention_output_all_blocks_stage10_w8,0.0009576452139299362,0.008570136869536784,0.007364352387842863
384,79,attention_output_all_blocks_stage10_w8,0.0012856589164584877,0.01691124747645745,0.009886798548825869
462,79,attention_output_all_blocks_stage10_w8,0.0006606797687709332,0.009473637346673058,0.0050806692937784195
511,79,attention_output_all_blocks_stage10_w8,0.0007112107123248278,0.009527027848889702,0.005469255452209638
568,79,attention_output_all_blocks_stage10_w8,0.0007855212897993623,0.006711657012374417,0.006040708502573453
679,79,attention_output_all_blocks_stage10_w8,0.0007492448785342275,0.009977944169179409,0.005761740600852899
712,79,attention_output_all_blocks_stage10_w8,0.0008060425898293034,0.008500208684210975,0.00619851860038301
780,79,attention_output_all_blocks_stage10_w8,0.0007173710037022828,0.006668948613196336,0.005516628483323317
870,79,attention_output_all_blocks_stage10_w8,0.0007060270436340943,0.008683232107614458,0.005429392711452306
888,79,attention_output_all_blocks_stage10_w8,0.0008766702433149475,0.008686800591931389,0.006741649731859426
975,79,attention_output_all_blocks_stage10_w8,0.0010205960134044287,0.06452033410459991,0.00784844802543722
19,80,attention_output_all_blocks_stage10_w8,0.0005949719798081787,0.009654183133946505,0.004575372232289488
85,80,attention_output_all_blocks_stage10_w8,0.0007028152467682958,0.003967624109609603,0.005404693790000127
131,80,attention_output_all_blocks_stage10_w8,0.0006827234121828952,0.003444220505173235,0.0052501863086773385
224,80,attention_output_all_blocks_stage10_w8,0.0006035347178112715,0.0042037948383608645,0.004641220230214284
301,80,attention_output_all_blocks_stage10_w8,0.0006105081556597725,0.0038073901846473746,0.004694846409225125
345,80,attention_output_all_blocks_stage10_w8,0.0006111172260716558,0.012638001018672186,0.004699530199293589
384,80,attention_output_all_blocks_stage10_w8,0.0005522102146642284,0.005742174410855227,0.004246531548218292
462,80,attention_output_all_blocks_stage10_w8,0.0005566704967350232,0.00434934739990922,0.004280831400022192
511,80,attention_output_all_blocks_stage10_w8,0.0006186046521179379,0.0077576771918757,0.004757108980120419
568,80,attention_output_all_blocks_stage10_w8,0.0005954467924311757,0.005563733828466867,0.004579023571452555
679,80,attention_output_all_blocks_stage10_w8,0.0005786001129308715,0.004228851048651449,0.004449471538402489
712,80,attention_output_all_blocks_stage10_w8,0.0006021837034495548,0.005219736392760411,0.004630830844149388
780,80,attention_output_all_blocks_stage10_w8,0.0006104303902247921,0.015480123456200088,0.004694248388101582
870,80,attention_output_all_blocks_stage10_w8,0.0006154992152005433,0.006463014361003162,0.004733227973412246
888,80,attention_output_all_blocks_stage10_w8,0.0006843994051450863,0.008299076632116709,0.005263074800776066
975,80,attention_output_all_blocks_stage10_w8,0.0006156237213872372,0.0044664578720698955,0.004734185433878757
19,81,attention_output_all_blocks_stage10_w8,0.0007249105401569977,0.04305785162364373,0.005574607996493599
85,81,attention_output_all_blocks_stage10_w8,0.0006048738141544163,0.0033918951754685622,0.004651517965961033
131,81,attention_output_all_blocks_stage10_w8,0.0005812284107378217,0.005334769951332419,0.004469683315111678
224,81,attention_output_all_blocks_stage10_w8,0.0008011608151718973,0.004152353181339664,0.006160977443875115
301,81,attention_output_all_blocks_stage10_w8,0.0007439639884978534,0.04429685497015967,0.005721130221785989
345,81,attention_output_all_blocks_stage10_w8,0.0006277420470723881,0.004693172181490014,0.004827376126421212
384,81,attention_output_all_blocks_stage10_w8,0.0006622775108553469,0.005913983779581854,0.005092956031667729
462,81,attention_output_all_blocks_stage10_w8,0.0010671442732927972,0.02702987041413962,0.008206407094069829
511,81,attention_output_all_blocks_stage10_w8,0.0009117681765928864,0.01112990336838493,0.0070115550631699945
568,81,attention_output_all_blocks_stage10_w8,0.0007136187050491573,0.00575526893095457,0.00548777306887119
679,81,attention_output_all_blocks_stage10_w8,0.0007199368119472637,0.015304466340523959,0.005536359711340559
712,81,attention_output_all_blocks_stage10_w8,0.0007407819502986969,0.012772415313349939,0.005696660146366305
780,81,attention_output_all_blocks_stage10_w8,0.0007125495467334986,0.006570754272615885,0.005479551173663682
870,81,attention_output_all_blocks_stage10_w8,0.0006671957098660642,0.011729253463272473,0.005130777293761054
888,81,attention_output_all_blocks_stage10_w8,0.0007676216082472819,0.004399966906248664,0.005903058817009072
975,81,attention_output_all_blocks_stage10_w8,0.0006771801272407173,0.0032084524291349226,0.005207558096154983
19,82,attention_output_all_blocks_stage10_w8,0.0007335873233387246,0.004031046867112308,0.005641333009069937
85,82,attention_output_all_blocks_stage10_w8,0.0012896287953481078,0.03225863424762565,0.009917327169086231
131,82,attention_output_all_blocks_stage10_w8,0.0008272163249785081,0.003875457509423086,0.006361345965609111
224,82,attention_output_all_blocks_stage10_w8,0.0009428249322809279,0.003656047869611711,0.0072503834826963655
301,82,attention_output_all_blocks_stage10_w8,0.0009397270623594521,0.004064688167218833,0.007226560666666383
345,82,attention_output_all_blocks_stage10_w8,0.0009520896455796901,0.033759904508372074,0.007321629715133978
384,82,attention_output_all_blocks_stage10_w8,0.0010395314311608672,0.006899491825961946,0.007994062588055012
462,82,attention_output_all_blocks_stage10_w8,0.0008156942931236698,0.004376568991929731,0.006272740810413099
511,82,attention_output_all_blocks_stage10_w8,0.0008178323623724282,0.006368286918188915,0.006289182698440557
568,82,attention_output_all_blocks_stage10_w8,0.0008991289214463905,0.005350611215931168,0.006914358390054826
679,82,attention_output_all_blocks_stage10_w8,0.0009571550181135534,0.019800005490854033,0.007360582750947718
712,82,attention_output_all_blocks_stage10_w8,0.0010634958744049072,0.007496942774480431,0.008178350675397223
780,82,attention_output_all_blocks_stage10_w8,0.0008678037556819619,0.004380257098603125,0.006673465880030001
870,82,attention_output_all_blocks_stage10_w8,0.0008445218118140474,0.009825358661373684,0.006494426256144987
888,82,attention_output_all_blocks_stage10_w8,0.0008702742634341122,0.007502709793982375,0.0066924642412175125
975,82,attention_output_all_blocks_stage10_w8,0.0008565342286601662,0.004218395712655365,0.006586802503003096
19,79,attention_output_all_blocks_stage10_w6,0.003835405645077117,0.050989824972077706,0.07329213014667242
85,79,attention_output_all_blocks_stage10_w6,0.0038851681165397167,0.2131441328582611,0.07424305890685148
131,79,attention_output_all_blocks_stage10_w6,0.003277193463873118,1.1943660155984617,0.06262505510422571
224,79,attention_output_all_blocks_stage10_w6,0.0030619971366832033,0.05515702176654713,0.058512791975100543
301,79,attention_output_all_blocks_stage10_w6,0.0027081835432909425,0.0725248865114736,0.051751642220875256
345,79,attention_output_all_blocks_stage10_w6,0.002123706421116367,0.018309498410189914,0.040582661082946565
384,79,attention_output_all_blocks_stage10_w6,0.0034457389265298843,0.05000674621925327,0.06584585027631563
462,79,attention_output_all_blocks_stage10_w6,0.0017731704283505678,0.06408282553570643,0.03388414416444018
511,79,attention_output_all_blocks_stage10_w6,0.0021839207620359957,0.34969603970154145,0.04173331833273241
568,79,attention_output_all_blocks_stage10_w6,0.0018321701099921484,0.022850254242712257,0.03501159005821083
679,79,attention_output_all_blocks_stage10_w6,0.0030757440254092216,0.25240486861082445,0.05877548615945947
712,79,attention_output_all_blocks_stage10_w6,0.002476482579368167,0.05735885001014651,0.04732398612021369
780,79,attention_output_all_blocks_stage10_w6,0.0025283067952841525,0.05112250817097674,0.04831431348820381
870,79,attention_output_all_blocks_stage10_w6,0.0017028050060616808,0.1094357715685419,0.03253950629156168
888,79,attention_output_all_blocks_stage10_w6,0.005767103142716223,0.24568733622231773,0.11020562444229867
975,79,attention_output_all_blocks_stage10_w6,0.0024213249562308192,0.1490510377727787,0.04626995948844074
19,80,attention_output_all_blocks_stage10_w6,0.001396563890921243,0.013697169714589563,0.02668743593860068
85,80,attention_output_all_blocks_stage10_w6,0.0016323342715622855,0.01167964192927684,0.031192855970208926
131,80,attention_output_all_blocks_stage10_w6,0.0013560277584474536,0.012714204252677773,0.02591281657057501
224,80,attention_output_all_blocks_stage10_w6,0.0016791988164186478,0.021220579821431326,0.032088407220514294
301,80,attention_output_all_blocks_stage10_w6,0.0012316906504565852,0.014592098914874894,0.023536814566034923
345,80,attention_output_all_blocks_stage10_w6,0.0015077957650646565,0.007583142683905918,0.0288130053699961
384,80,attention_output_all_blocks_stage10_w6,0.0012734772899420934,0.006069723960028029,0.024335330317164127
462,80,attention_output_all_blocks_stage10_w6,0.0011432002720539458,0.030459761551881567,0.02184582046246752
511,80,attention_output_all_blocks_stage10_w6,0.001602213771548122,0.014031410376063038,0.030617272626122634
568,80,attention_output_all_blocks_stage10_w6,0.00135794619563967,0.017880793056292536,0.02594947666897962
679,80,attention_output_all_blocks_stage10_w6,0.001189217626233585,0.008707432323944886,0.02272518244491353
712,80,attention_output_all_blocks_stage10_w6,0.0015072001988301056,0.038265918619192256,0.028801624483067046
780,80,attention_output_all_blocks_stage10_w6,0.0015624023071723057,0.028882144732733653,0.029856501198436195
870,80,attention_output_all_blocks_stage10_w6,0.0012773195048794153,0.011944025636537958,0.024408752568497342
888,80,attention_output_all_blocks_stage10_w6,0.0013317982375156134,0.014858394130445872,0.025449806040304945
975,80,attention_output_all_blocks_stage10_w6,0.0014522165438393133,0.20973944450298632,0.027750922270460835
19,81,attention_output_all_blocks_stage10_w6,0.002437338771414943,0.4114066882377756,0.04657597317649119
85,81,attention_output_all_blocks_stage10_w6,0.0013670253683812918,0.011857293585705976,0.02612297380899066
131,81,attention_output_all_blocks_stage10_w6,0.0014045660645933822,0.016518851025466574,0.02684035232046696
224,81,attention_output_all_blocks_stage10_w6,0.0031997046899050474,0.015072681881122207,0.06114429457140865
301,81,attention_output_all_blocks_stage10_w6,0.0027461876161396503,0.938210166932496,0.052477875561253814
345,81,attention_output_all_blocks_stage10_w6,0.0022307956387521703,0.05418003736838273,0.04262906701822041
384,81,attention_output_all_blocks_stage10_w6,0.0016735406243242326,0.008925504958199326,0.0319802828160172
462,81,attention_output_all_blocks_stage10_w6,0.0042869540957326535,0.18579424267801412,0.08192093003787884
511,81,attention_output_all_blocks_stage10_w6,0.0037427675306389574,0.03076913097447687,0.0715218754804786
568,81,attention_output_all_blocks_stage10_w6,0.0016660303954267877,0.009032352517579056,0.03183676718176105
679,81,attention_output_all_blocks_stage10_w6,0.002369083322264487,0.11306249285712867,0.045271655530513946
712,81,attention_output_all_blocks_stage10_w6,0.0021376591757871206,0.02571868361184215,0.040849289232838884
780,81,attention_output_all_blocks_stage10_w6,0.0017737323069013655,0.08796100445351838,0.03389488130144277
870,81,attention_output_all_blocks_stage10_w6,0.0016951971711023364,0.0512378861471916,0.032394125468364954
888,81,attention_output_all_blocks_stage10_w6,0.0017523645401524846,0.006578783548548018,0.03348655704934889
975,81,attention_output_all_blocks_stage10_w6,0.0020334620494395494,0.022518577306982483,0.03885814929827222
19,82,attention_output_all_blocks_stage10_w6,0.003278118208982051,0.03531605264765859,0.06264272638730456
85,82,attention_output_all_blocks_stage10_w6,0.002395165283815004,0.052171410983604,0.04577006500719984
131,82,attention_output_all_blocks_stage10_w6,0.0021019823761889715,0.02839584394001804,0.04016752858446509
224,82,attention_output_all_blocks_stage10_w6,0.0031889749807305634,0.018521244384160696,0.06093925674385537
301,82,attention_output_all_blocks_stage10_w6,0.0030782751273363833,0.049993236727587494,0.05882385388611653
345,82,attention_output_all_blocks_stage10_w6,0.0037077629967825487,0.40343735400688274,0.07085296139718718
384,82,attention_output_all_blocks_stage10_w6,0.0026492279139347374,0.027269106152758123,0.0506250381378886
462,82,attention_output_all_blocks_stage10_w6,0.0021399642282631253,0.01417037399619403,0.04089333730016211
511,82,attention_output_all_blocks_stage10_w6,0.0018306825077161195,0.05847764468730076,0.03498316293740259
568,82,attention_output_all_blocks_stage10_w6,0.002847771465894766,0.1960683946268205,0.0544190774642672
679,82,attention_output_all_blocks_stage10_w6,0.0024482040316797793,0.1490333940241477,0.04678360129802508
712,82,attention_output_all_blocks_stage10_w6,0.003597772214561701,0.051860782901314906,0.06875110843260913
780,82,attention_output_all_blocks_stage10_w6,0.003234535804949701,0.0318345626379255,0.06180989473296735
870,82,attention_output_all_blocks_stage10_w6,0.0026111610532097984,0.06691440827080442,0.04989760496165897
888,82,attention_output_all_blocks_stage10_w6,0.0033222281490452588,0.25961469064083076,0.06348563891522038
975,82,attention_output_all_blocks_stage10_w6,0.015193994215223938,0.022654696586698716,0.29034743766916216
19,79,attention_output_all_blocks_stage10_w4,0.04869929695269092,1.2321843484432409,0.839442200448483
85,79,attention_output_all_blocks_stage10_w4,0.02797133632702753,0.9479433913761567,0.4821490572780671
131,79,attention_output_all_blocks_stage10_w4,0.0488303757738322,5.301525577485336,0.8417016395150863
224,79,attention_output_all_blocks_stage10_w4,0.02542967150293407,0.3436690267629388,0.4383377325517124
301,79,attention_output_all_blocks_stage10_w4,0.02816907265514601,0.8348458855218474,0.4855574887908594
345,79,attention_output_all_blocks_stage10_w4,0.05138753210849245,4.11072111590795,0.8857799953595923
384,79,attention_output_all_blocks_stage10_w4,0.0862324326299131,8.245654742891816,1.4864104314935085
462,79,attention_output_all_blocks_stage10_w4,0.015445138167706318,1.2798468930629954,0.2662317852827613
511,79,attention_output_all_blocks_stage10_w4,0.01893568912055343,1.393027441408151,0.3263993021872045
568,79,attention_output_all_blocks_stage10_w4,0.01885790636879392,0.11337506812105858,0.3250585410596389
679,79,attention_output_all_blocks_stage10_w4,0.02387938485480845,3.8236077712438714,0.4116150462572326
712,79,attention_output_all_blocks_stage10_w4,0.030437144829193134,0.7575106254039952,0.5246528272391261
780,79,attention_output_all_blocks_stage10_w4,0.042562724789604545,1.7036978641011162,0.7336645411776237
870,79,attention_output_all_blocks_stage10_w4,0.01803134383226279,0.5849271222641619,0.3108108718345982
888,79,attention_output_all_blocks_stage10_w4,0.04935113122337498,5.794769202072075,0.8506780339974213
975,79,attention_output_all_blocks_stage10_w4,0.02360111271264032,33.22965701398356,0.4068183983801174
19,80,attention_output_all_blocks_stage10_w4,0.013329633986586487,0.2514535569652025,0.2297663002351569
85,80,attention_output_all_blocks_stage10_w4,0.015330696071032435,0.15833736528890086,0.2642591176783565
131,80,attention_output_all_blocks_stage10_w4,0.011882217588436106,0.06457974793005404,0.2048168146725848
224,80,attention_output_all_blocks_stage10_w4,0.01443228889547754,0.24763854722215228,0.24877304408926262
301,80,attention_output_all_blocks_stage10_w4,0.010399107530247422,0.07824830036884121,0.17925206838964297
345,80,attention_output_all_blocks_stage10_w4,0.011572745977900922,0.09444447706522398,0.1994823736030072
384,80,attention_output_all_blocks_stage10_w4,0.010537646725424567,0.25096365671251775,0.18164010382598283
462,80,attention_output_all_blocks_stage10_w4,0.00974252373634954,0.28742788157212823,0.16793436609788542
511,80,attention_output_all_blocks_stage10_w4,0.021013340621721,8.172725740107865,0.36221231093760753
568,80,attention_output_all_blocks_stage10_w4,0.009065018050023356,0.7133827213751828,0.15625602781102058
679,80,attention_output_all_blocks_stage10_w4,0.008255297041614542,0.09551459124008943,0.14229866030100558
712,80,attention_output_all_blocks_stage10_w4,0.011952255052165128,0.38475123092566216,0.2060240682952323
780,80,attention_output_all_blocks_stage10_w4,0.013308985406183636,0.5520194607468056,0.22941037538912998
870,80,attention_output_all_blocks_stage10_w4,0.008323472808115184,0.0681558790981569,0.1434738233737735
888,80,attention_output_all_blocks_stage10_w4,0.01856089636567049,1.294392531130246,0.3199389038948694
975,80,attention_output_all_blocks_stage10_w4,0.01118866246906691,1.4323293403552382,0.1928618282155695
19,81,attention_output_all_blocks_stage10_w4,0.03881997569988016,28.460897388971265,0.6691498206744318
85,81,attention_output_all_blocks_stage10_w4,0.011253977092565037,0.38621776616270154,0.19398767303677902
131,81,attention_output_all_blocks_stage10_w4,0.012427029840182515,0.4667357707168094,0.21420788238926214
224,81,attention_output_all_blocks_stage10_w4,0.05088072316721082,0.3766793946675193,0.877044000396673
301,81,attention_output_all_blocks_stage10_w4,0.022885147249326113,4.77382975732309,0.3944771191096292
345,81,attention_output_all_blocks_stage10_w4,0.015123369288630785,0.16793964595200706,0.26068537305941025
384,81,attention_output_all_blocks_stage10_w4,0.017780979978851974,0.14948168027387962,0.30649528624772404
462,81,attention_output_all_blocks_stage10_w4,0.05298762513575639,1.3226000101067825,0.9133612069124727
511,81,attention_output_all_blocks_stage10_w4,0.04842726253264118,1.170932058555309,0.8347530737782125
568,81,attention_output_all_blocks_stage10_w4,0.014179141508066094,0.38228235332218213,0.24440947801698676
679,81,attention_output_all_blocks_stage10_w4,0.021521047528949563,0.9868047970040266,0.37096378436854566
712,81,attention_output_all_blocks_stage10_w4,0.019802399969194084,0.38873926139700643,0.3413390181063535
780,81,attention_output_all_blocks_stage10_w4,0.0233569968258962,10.086331192811258,0.40261051058797975
870,81,attention_output_all_blocks_stage10_w4,0.03120606388347369,1.6997273380675895,0.5379068810608696
888,81,attention_output_all_blocks_stage10_w4,0.023622165132110236,0.4687880935411641,0.40718128430312694
975,81,attention_output_all_blocks_stage10_w4,0.021601312226266604,0.2218346071977635,0.37234732742461074
19,82,attention_output_all_blocks_stage10_w4,0.027331475954269994,0.08316697500936243,0.47111962086116843
85,82,attention_output_all_blocks_stage10_w4,0.03858506592223421,0.19861405081985595,0.6651006209324819
131,82,attention_output_all_blocks_stage10_w4,0.04574676860647742,0.40049485624632547,0.788548716416471
224,82,attention_output_all_blocks_stage10_w4,0.03685628733364866,0.32849564328899206,0.6353012235428181
301,82,attention_output_all_blocks_stage10_w4,0.030779049789998677,0.5235383429230894,0.5305463302381873
345,82,attention_output_all_blocks_stage10_w4,0.03910477323006489,0.7546904927411333,0.6740589483288375
384,82,attention_output_all_blocks_stage10_w4,0.040711474663112306,0.4736744887525966,0.7017540706574263
462,82,attention_output_all_blocks_stage10_w4,0.02885135175893083,0.35422802785114976,0.4973181076917345
511,82,attention_output_all_blocks_stage10_w4,0.02068458631401882,0.9944888555606504,0.35654548909965517
568,82,attention_output_all_blocks_stage10_w4,0.049759314686525606,11.266139169448094,0.8577139964431771
679,82,attention_output_all_blocks_stage10_w4,0.026210469251964245,1.5664483865020387,0.4517965424640574
712,82,attention_output_all_blocks_stage10_w4,0.04255095217376948,0.27552257065696034,0.7334616135963237
780,82,attention_output_all_blocks_stage10_w4,0.0480745550012216,0.5121993882563062,0.8286733641146986
870,82,attention_output_all_blocks_stage10_w4,0.021202557156357216,0.8568984239784642,0.36547388459750174
888,82,attention_output_all_blocks_stage10_w4,0.043936265050433576,6.32510908583646,0.7573406049219319
975,82,attention_output_all_blocks_stage10_w4,0.17024425663112197,110.57582334132901,2.9345436657735697
19,79,attention_output_all_blocks_stage15_w8,0.0011843778811453378,0.0021088475216970437,0.001241780847882411
85,79,attention_output_all_blocks_stage15_w8,0.0012256798363523558,0.0024360699387813156,0.0012850845753267085
131,79,attention_output_all_blocks_stage15_w8,0.001360040914732963,0.002427298541775258,0.0014259577007793033
224,79,attention_output_all_blocks_stage15_w8,0.001393435522913933,0.0021459256140019534,0.0014609708376521094
301,79,attention_output_all_blocks_stage15_w8,0.0015786572039360183,0.0027381209375221265,0.001655169614720951
345,79,attention_output_all_blocks_stage15_w8,0.0012982929038116708,0.003120362234881213,0.001361216963403539
384,79,attention_output_all_blocks_stage15_w8,0.001282487777643837,0.002771885519280204,0.0013446458138692352
462,79,attention_output_all_blocks_stage15_w8,0.0012661200819366056,0.0031380731191461564,0.001327484828868779
511,79,attention_output_all_blocks_stage15_w8,0.0011895765201188624,0.0026358960690799904,0.0012472314480794827
568,79,attention_output_all_blocks_stage15_w8,0.001155185527750291,0.0021637791677591167,0.0012111736354988695
679,79,attention_output_all_blocks_stage15_w8,0.0011504951398819685,0.0032221810773194193,0.0012062559196948641
712,79,attention_output_all_blocks_stage15_w8,0.0016852648986969145,0.0029608455648144627,0.0017669442397780784
780,79,attention_output_all_blocks_stage15_w8,0.0012538417940959337,0.002346552796382184,0.001314611452112883
870,79,attention_output_all_blocks_stage15_w8,0.0011466381401987744,0.0034688233865836082,0.0012022119837069283
888,79,attention_output_all_blocks_stage15_w8,0.001353843315882841,0.0023625265996543017,0.0014194597243501106
975,79,attention_output_all_blocks_stage15_w8,0.0013898757752031086,0.0030169784295139834,0.001457238560478611
19,80,attention_output_all_blocks_stage15_w8,0.0008595673280069605,0.0020707031540609933,0.00090122777736468
85,80,attention_output_all_blocks_stage15_w8,0.0007603052654303611,0.0014844496841419643,0.0007971548035349697
131,80,attention_output_all_blocks_stage15_w8,0.0007023616344667971,0.0013249675376414414,0.0007364028321137046
224,80,attention_output_all_blocks_stage15_w8,0.0008931673582992515,0.001551694669842618,0.0009364562924944014
301,80,attention_output_all_blocks_stage15_w8,0.0008739886252442375,0.002355622432560267,0.0009163480282541616
345,80,attention_output_all_blocks_stage15_w8,0.0007326366066990886,0.002500963742249951,0.0007681451343693629
384,80,attention_output_all_blocks_stage15_w8,0.0007015018645688541,0.00196224147192936,0.000735501391948494
462,80,attention_output_all_blocks_stage15_w8,0.0005988443881506101,0.0012417760603575798,0.0006278684395458035
511,80,attention_output_all_blocks_stage15_w8,0.0010544757242314517,0.0020902180716007024,0.001105582753404079
568,80,attention_output_all_blocks_stage15_w8,0.000784765521530062,0.0016002035938527113,0.0008228005691664034
679,80,attention_output_all_blocks_stage15_w8,0.0007814833952579647,0.002902749526185744,0.0008193593688452013
712,80,attention_output_all_blocks_stage15_w8,0.0006272485479712487,0.0013735330534245804,0.0006576492571606606
780,80,attention_output_all_blocks_stage15_w8,0.0008846697310218588,0.002480935218727609,0.0009275468126961928
870,80,attention_output_all_blocks_stage15_w8,0.0007882549543865025,0.002621728869428353,0.0008264591235518579
888,80,attention_output_all_blocks_stage15_w8,0.0008028740312511217,0.0017570096329393436,0.000841786739807786
975,80,attention_output_all_blocks_stage15_w8,0.0007008414249867201,0.0012271331566466868,0.0007348089429950532
19,81,attention_output_all_blocks_stage15_w8,0.0010509719722904267,0.0018700887295040047,0.0011019091859343047
85,81,attention_output_all_blocks_stage15_w8,0.0007509287243010477,0.0028031606773879507,0.000787323811772017
131,81,attention_output_all_blocks_stage15_w8,0.0009859700221568348,0.0034769935402891865,0.0010337568014327939
224,81,attention_output_all_blocks_stage15_w8,0.0014369110722327605,0.0022962825585182145,0.0015065535062874604
301,81,attention_output_all_blocks_stage15_w8,0.001361135859042406,0.0027681763184830292,0.0014271057134994068
345,81,attention_output_all_blocks_stage15_w8,0.0009818674589041623,0.001984378068584647,0.001029455400203088
384,81,attention_output_all_blocks_stage15_w8,0.00105476618045941,0.001920462606562978,0.0011058872871063446
462,81,attention_output_all_blocks_stage15_w8,0.001390314326272346,0.002845094835265627,0.0014576983667003137
511,81,attention_output_all_blocks_stage15_w8,0.001491683826316148,0.0028228829351064633,0.0015639809186777948
568,81,attention_output_all_blocks_stage15_w8,0.0011803124216385186,0.0021603724601959584,0.0012375183486971616
679,81,attention_output_all_blocks_stage15_w8,0.0011896801770490126,0.002397552204911335,0.0012473401289259084
712,81,attention_output_all_blocks_stage15_w8,0.001178691542008892,0.0023829468541443077,0.0012358189102722843
780,81,attention_output_all_blocks_stage15_w8,0.00102758030698169,0.0022293403623763197,0.0010773838022346575
870,81,attention_output_all_blocks_stage15_w8,0.0011166275944560766,0.0028355010999803203,0.0011707469238379082
888,81,attention_output_all_blocks_stage15_w8,0.0010546544363023713,0.0019940932197641814,0.0011057701270712897
975,81,attention_output_all_blocks_stage15_w8,0.001090703153749928,0.0016779638046955372,0.0011435660093059457
19,82,attention_output_all_blocks_stage15_w8,0.0011710373364621776,0.0017844678062601817,0.0012277937301292089
85,82,attention_output_all_blocks_stage15_w8,0.0012482056663429828,0.002241296456279684,0.0013087021594696728
131,82,attention_output_all_blocks_stage15_w8,0.0010366316419094803,0.0015133888120999472,0.0010868738261029095
224,82,attention_output_all_blocks_stage15_w8,0.0016496811440447345,0.0018135309032913938,0.0017296358555822396
301,82,attention_output_all_blocks_stage15_w8,0.0018204595601218898,0.002365091336642422,0.0019086913493501795
345,82,attention_output_all_blocks_stage15_w8,0.0011905031278729439,0.0019116014960331995,0.001248202965515628
384,82,attention_output_all_blocks_stage15_w8,0.0015528729418292642,0.0016311931895529594,0.00162813567279189
462,82,attention_output_all_blocks_stage15_w8,0.0014622294693253937,0.0022449852510959545,0.0015330990042313347
511,82,attention_output_all_blocks_stage15_w8,0.000941719757975079,0.002341117410708193,0.0009873618700098061
568,82,attention_output_all_blocks_stage15_w8,0.0013610510068247095,0.0019186372408626085,0.0014270167487690506
679,82,attention_output_all_blocks_stage15_w8,0.0014052379119675604,0.0018796056866108302,0.0014733452503453612
712,82,attention_output_all_blocks_stage15_w8,0.00150136963929981,0.0022604655316627027,0.0015741361717019826
780,82,attention_output_all_blocks_stage15_w8,0.0013684842851944268,0.002492977053989875,0.0014348102941091302
870,82,attention_output_all_blocks_stage15_w8,0.0013129835133440795,0.00212589104125982,0.001376619579284395
888,82,attention_output_all_blocks_stage15_w8,0.0014629073557443917,0.0018322817745826114,0.0015338097456134155
975,82,attention_output_all_blocks_stage15_w8,0.0014252098044380546,0.0015558405264641804,0.0014942851158736192
19,79,attention_output_all_blocks_stage15_w6,0.007063700963044539,0.010122829775355058,0.014046299756027388
85,79,attention_output_all_blocks_stage15_w6,0.006141327437944711,0.012373800144956702,0.01221214297499179
131,79,attention_output_all_blocks_stage15_w6,0.007026652630884201,0.011239899436986887,0.013972628463640079
224,79,attention_output_all_blocks_stage15_w6,0.006977864599321037,0.012790148664407754,0.013875612562283552
301,79,attention_output_all_blocks_stage15_w6,0.007004104936640943,0.01410274924984378,0.013927791957422588
345,79,attention_output_all_blocks_stage15_w6,0.00823746070091147,0.019448874738429826,0.016380342661565246
384,79,attention_output_all_blocks_stage15_w6,0.005587031599134208,0.010927872084266708,0.011109915467600933
462,79,attention_output_all_blocks_stage15_w6,0.005824252497632188,0.01216562959524836,0.01158163360319718
511,79,attention_output_all_blocks_stage15_w6,0.005110427868203261,0.014692194935435055,0.010162180150870921
568,79,attention_output_all_blocks_stage15_w6,0.004829878933378494,0.01004401305135616,0.009604303415233406
679,79,attention_output_all_blocks_stage15_w6,0.006551173049956559,0.01771890629606787,0.013027128539942668
712,79,attention_output_all_blocks_stage15_w6,0.007768176150420914,0.018220958847280144,0.015447161670247941
780,79,attention_output_all_blocks_stage15_w6,0.006652283133007586,0.0148598955394732,0.013228187806511537
870,79,attention_output_all_blocks_stage15_w6,0.005964954791124909,0.03889582740782772,0.011861422711074062
888,79,attention_output_all_blocks_stage15_w6,0.007978604760864982,0.016904952439290355,0.015865602846481953
975,79,attention_output_all_blocks_stage15_w6,0.005524048814550042,0.02202919022056449,0.010984673037836864
19,80,attention_output_all_blocks_stage15_w6,0.0056557815842097625,0.02321530581656361,0.011246626082000645
85,80,attention_output_all_blocks_stage15_w6,0.00498085377330426,0.012787139623046785,0.00990451967131647
131,80,attention_output_all_blocks_stage15_w6,0.0036315553006716077,0.007040388921041085,0.00722141475137386
224,80,attention_output_all_blocks_stage15_w6,0.005410973702964839,0.010226260640777696,0.01075982109116167
301,80,attention_output_all_blocks_stage15_w6,0.004083058680407703,0.014920884044215654,0.008119237556417861
345,80,attention_output_all_blocks_stage15_w6,0.0037063448398839682,0.00901145058981001,0.007370135130660584
384,80,attention_output_all_blocks_stage15_w6,0.0029611088775709504,0.007558175780516762,0.005888219663062925
462,80,attention_output_all_blocks_stage15_w6,0.0026063599507324398,0.009002550096756323,0.0051827948736257665
511,80,attention_output_all_blocks_stage15_w6,0.00653889357636217,0.01708506133418553,0.013002710580029673
568,80,attention_output_all_blocks_stage15_w6,0.003953646169975401,0.010404229952257536,0.007861898390558175
679,80,attention_output_all_blocks_stage15_w6,0.0037046482466394086,0.0242829202755388,0.007366761423675844
712,80,attention_output_all_blocks_stage15_w6,0.003274556671385653,0.011527709975453604,0.006511516387092014
780,80,attention_output_all_blocks_stage15_w6,0.004117460470297374,0.017328162147919098,0.008187646150646617
870,80,attention_output_all_blocks_stage15_w6,0.00512016391439829,0.024505987318775624,0.010181540458450388
888,80,attention_output_all_blocks_stage15_w6,0.004391949696582742,0.015897108234085522,0.008733473043995528
975,80,attention_output_all_blocks_stage15_w6,0.003106305492110551,0.006405142068672375,0.006176945811303571
19,81,attention_output_all_blocks_stage15_w6,0.0050010427949018785,0.008278489446183812,0.00994466591343865
85,81,attention_output_all_blocks_stage15_w6,0.0035160408733645454,0.01382094134386591,0.006991712180357675
131,81,attention_output_all_blocks_stage15_w6,0.005518769205082209,0.03793430232741457,0.010974174436952155
224,81,attention_output_all_blocks_stage15_w6,0.006929461786057799,0.007675169621052192,0.013779362674627291
301,81,attention_output_all_blocks_stage15_w6,0.006136122392490505,0.013243787955801169,0.012201792646024577
345,81,attention_output_all_blocks_stage15_w6,0.005447896346595371,0.02156044459378847,0.010833242449587338
384,81,attention_output_all_blocks_stage15_w6,0.0047217466635629535,0.00887094868346594,0.009389280400658612
462,81,attention_output_all_blocks_stage15_w6,0.00856813917926047,0.023022284309035964,0.017037902919857253
511,81,attention_output_all_blocks_stage15_w6,0.008549874473828822,0.023272593928822975,0.01700158321595265
568,81,attention_output_all_blocks_stage15_w6,0.0054661648464389145,0.012551021740875967,0.010869569698750043
679,81,attention_output_all_blocks_stage15_w6,0.005621682736091317,0.01114647205804431,0.011178819893076064
712,81,attention_output_all_blocks_stage15_w6,0.0052060103371331925,0.010934266641275057,0.010352247654724075
780,81,attention_output_all_blocks_stage15_w6,0.004606712042004802,0.012703357206362398,0.009160531932231018
870,81,attention_output_all_blocks_stage15_w6,0.005991029087454081,0.016996577021927806,0.011913271930638018
888,81,attention_output_all_blocks_stage15_w6,0.00648107734741643,0.017673679967685985,0.01288774194152364
975,81,attention_output_all_blocks_stage15_w6,0.003962749629863539,0.006800605449143405,0.007880000788589284
19,82,attention_output_all_blocks_stage15_w6,0.005145746181369758,0.008548067578942664,0.010232411268554032
85,82,attention_output_all_blocks_stage15_w6,0.004086792414454975,0.008598353671800396,0.008126662155492998
131,82,attention_output_all_blocks_stage15_w6,0.004468719474971294,0.007519948657773058,0.008886131165437948
224,82,attention_output_all_blocks_stage15_w6,0.0057689460372785115,0.005684746257273331,0.011471655685865051
301,82,attention_output_all_blocks_stage15_w6,0.005937249898352094,0.010389837019431523,0.01180633102038224
345,82,attention_output_all_blocks_stage15_w6,0.004938085854519158,0.007829845236585697,0.009819474875346219
384,82,attention_output_all_blocks_stage15_w6,0.0058983920607715845,0.009103959942990514,0.011729061493064708
462,82,attention_output_all_blocks_stage15_w6,0.005356635701900814,0.013424129077989733,0.0106517689730041
511,82,attention_output_all_blocks_stage15_w6,0.004097954501048663,0.010810814465742169,0.00814885817072891
568,82,attention_output_all_blocks_stage15_w6,0.0058647666774049876,0.011009557038107689,0.011662196797539008
679,82,attention_output_all_blocks_stage15_w6,0.004819305177079514,0.009392737635664618,0.009583277305648686
712,82,attention_output_all_blocks_stage15_w6,0.00561161404766608,0.008040498417642539,0.011158798120281487
780,82,attention_output_all_blocks_stage15_w6,0.006576852232683451,0.011309228068299147,0.013078192068814968
870,82,attention_output_all_blocks_stage15_w6,0.0060921391122974455,0.022159895460617914,0.012114331081459876
888,82,attention_output_all_blocks_stage15_w6,0.0063838528585620224,0.011450142445383449,0.01269440925074012
975,82,attention_output_all_blocks_stage15_w6,0.004382350714877248,0.0048202031283040014,0.008714385291683618
19,79,attention_output_all_blocks_stage15_w4,0.10777032680925915,0.16606760649165153,0.2198872900146745
85,79,attention_output_all_blocks_stage15_w4,0.0924432024039561,0.20685901459265207,0.18861486142526515
131,79,attention_output_all_blocks_stage15_w4,0.136330301000271,0.24395267314730518,0.2781591308235593
224,79,attention_output_all_blocks_stage15_w4,0.13772343221353367,0.3401555472223236,0.2810015815814693
301,79,attention_output_all_blocks_stage15_w4,0.09612181731790771,0.16737751995174574,0.1961204586372696
345,79,attention_output_all_blocks_stage15_w4,0.11273392204020638,0.31229441754142323,0.23001467420637745
384,79,attention_output_all_blocks_stage15_w4,0.11566067674721124,0.2899213082376946,0.23598622667461863
462,79,attention_output_all_blocks_stage15_w4,0.1038957733655934,0.2947048662004476,0.2119819130712366
511,79,attention_output_all_blocks_stage15_w4,0.08603530749678612,0.2518648432185984,0.17554062580259477
568,79,attention_output_all_blocks_stage15_w4,0.07624246420164126,0.15760061032830208,0.15555997029693872
679,79,attention_output_all_blocks_stage15_w4,0.13320844620466232,0.4019690432205607,0.2717895093224512
712,79,attention_output_all_blocks_stage15_w4,0.1347390259034,0.41919383713258185,0.2749124006792026
780,79,attention_output_all_blocks_stage15_w4,0.11510769528103994,0.307589598127322,0.2348579606701928
870,79,attention_output_all_blocks_stage15_w4,0.09792462592304217,0.35728859190300005,0.19979878745313892
888,79,attention_output_all_blocks_stage15_w4,0.1569474579919188,0.3867123688487481,0.32022498431887453
975,79,attention_output_all_blocks_stage15_w4,0.08085248363204302,0.30554456876143377,0.16496594232540013
19,80,attention_output_all_blocks_stage15_w4,0.09875457265297882,0.32140857068520745,0.20149215466010031
85,80,attention_output_all_blocks_stage15_w4,0.06988492888922339,0.09604038827916384,0.14258848498731025
131,80,attention_output_all_blocks_stage15_w4,0.07644842570880428,0.2254792547623907,0.15598020023404904
224,80,attention_output_all_blocks_stage15_w4,0.0881512811356515,0.21413033176713725,0.1798579153846899
301,80,attention_output_all_blocks_stage15_w4,0.05787006643367932,0.17076696291782412,0.11807417178563905
345,80,attention_output_all_blocks_stage15_w4,0.06622690686344868,0.19985787774101027,0.13512490411235198
384,80,attention_output_all_blocks_stage15_w4,0.04757711125876085,0.10890836591364915,0.09707312180588812
462,80,attention_output_all_blocks_stage15_w4,0.047089074985706254,0.22217373184316003,0.09607736558348408
511,80,attention_output_all_blocks_stage15_w4,0.1328021106601227,0.38039362893466944,0.27096044974389405
568,80,attention_output_all_blocks_stage15_w4,0.07477673055836931,0.24043853242823235,0.15256938644844736
679,80,attention_output_all_blocks_stage15_w4,0.08328720316058026,1.0587328161844063,0.16993357947494123
712,80,attention_output_all_blocks_stage15_w4,0.04724814076325856,0.13415890722211898,0.09640191264384475
780,80,attention_output_all_blocks_stage15_w4,0.08412507391767578,1.3961465287277974,0.17164311433128768
870,80,attention_output_all_blocks_stage15_w4,0.07007000323210376,0.26244214870298777,0.14296609816630004
888,80,attention_output_all_blocks_stage15_w4,0.06386046399074985,0.28205600875647013,0.13029657403617761
975,80,attention_output_all_blocks_stage15_w4,0.05365681502735242,0.17436031194398538,0.10947773841370143
19,81,attention_output_all_blocks_stage15_w4,0.11616447882261126,0.22917254764320205,0.23701415037442838
85,81,attention_output_all_blocks_stage15_w4,0.0716855885257246,0.37888227293427684,0.14626242919284124
131,81,attention_output_all_blocks_stage15_w4,0.11310869618318975,0.9853471207190979,0.23077933803461317
224,81,attention_output_all_blocks_stage15_w4,0.12090787920169534,0.1382894603794398,0.24669226387460721
301,81,attention_output_all_blocks_stage15_w4,0.0996944464277476,0.2738809710269408,0.20340980957874544
345,81,attention_output_all_blocks_stage15_w4,0.10486233151914348,0.35986397343852156,0.21395401299259875
384,81,attention_output_all_blocks_stage15_w4,0.10298665789014193,0.4548330330032719,0.21012701530739078
462,81,attention_output_all_blocks_stage15_w4,0.1554590654850472,0.37325936756907657,0.3171881688567354
511,81,attention_output_all_blocks_stage15_w4,0.1799987252015853,0.762567960172774,0.3672572317677355
568,81,attention_output_all_blocks_stage15_w4,0.08660283318022265,0.146058923756982,0.17669856684480253
679,81,attention_output_all_blocks_stage15_w4,0.10233763064388769,0.20609554183852197,0.20880278398556215
712,81,attention_output_all_blocks_stage15_w4,0.10191371610562783,0.2958276441081899,0.20793785741648194
780,81,attention_output_all_blocks_stage15_w4,0.08220253077161033,0.2533574670913233,0.1677204872516387
870,81,attention_output_all_blocks_stage15_w4,0.13763336243573576,0.8326728136989915,0.280817809295177
888,81,attention_output_all_blocks_stage15_w4,0.07750755264714826,0.13727247550127686,0.15814117124665608
975,81,attention_output_all_blocks_stage15_w4,0.0577195485093398,0.10350770783770714,0.11776706518717592
19,82,attention_output_all_blocks_stage15_w4,0.08703068843169605,0.12737771425395292,0.1775715337787485
85,82,attention_output_all_blocks_stage15_w4,0.07663224097632337,0.19656697716453664,0.1563552444807797
131,82,attention_output_all_blocks_stage15_w4,0.10198109922930598,0.28300069665471383,0.20807534138722777
224,82,attention_output_all_blocks_stage15_w4,0.10603120028099511,0.12596150617243038,0.21633889380381924
301,82,attention_output_all_blocks_stage15_w4,0.08297398531067303,0.14976061589760548,0.16929451094615944
345,82,attention_output_all_blocks_stage15_w4,0.10725334346352611,0.30344581683385746,0.218832472141874
384,82,attention_output_all_blocks_stage15_w4,0.10069823474623263,0.17945273661473493,0.2054578714120431
462,82,attention_output_all_blocks_stage15_w4,0.10842359613161534,0.4205923765169502,0.22122017658183563
511,82,attention_output_all_blocks_stage15_w4,0.07457223435631022,0.31422420323066547,0.15215214622082282
568,82,attention_output_all_blocks_stage15_w4,0.0813533086766256,0.1313841532867741,0.16598779189276436
679,82,attention_output_all_blocks_stage15_w4,0.07104351425368806,0.12909119707427408,0.14495238424961548
712,82,attention_output_all_blocks_stage15_w4,0.08906581708288287,0.132906858223123,0.181723872712755
780,82,attention_output_all_blocks_stage15_w4,0.12012446695007382,0.2042268934414011,0.24509384247167101
870,82,attention_output_all_blocks_stage15_w4,0.1543998682172969,2.332253763995155,0.31502705434876166
888,82,attention_output_all_blocks_stage15_w4,0.11583415872883053,0.18362622101257384,0.23634018758328468
975,82,attention_output_all_blocks_stage15_w4,0.07952029223451972,0.1067350649201444,0.16224782904825735
19,79,input_patch_projection_stage4_w8,0.003447163038799772,0.017840221838071105,0.0129063481719211
85,79,input_patch_projection_stage4_w8,0.0032011659604904708,0.01672104600051227,0.011985322996668404
131,79,input_patch_projection_stage4_w8,0.0032437020017823666,0.2700706634921061,0.012144580029941643
224,79,input_patch_projection_stage4_w8,0.003414700011489913,0.03198721358518242,0.01278480499903958
301,79,input_patch_projection_stage4_w8,0.0032577726108229403,0.045187065287791484,0.012197261083093065
345,79,input_patch_projection_stage4_w8,0.003357575091513354,0.05232895647839086,0.012570926485545393
384,79,input_patch_projection_stage4_w8,0.003227759902074467,0.09648658314108614,0.01208489202357068
462,79,input_patch_projection_stage4_w8,0.0033320652146358043,0.024497936681939333,0.012475416250288541
511,79,input_patch_projection_stage4_w8,0.0032710051173125976,0.0741104286605605,0.01224680423902171
568,79,input_patch_projection_stage4_w8,0.003325886827951763,0.011061749866030368,0.01245228406629043
679,79,input_patch_projection_stage4_w8,0.0033454153199272696,0.3233298136507301,0.012525399701922279
712,79,input_patch_projection_stage4_w8,0.0032558029633946717,0.042697431698229586,0.012189886626126847
780,79,input_patch_projection_stage4_w8,0.0032307545625371863,0.018679858120663088,0.012096104179814382
870,79,input_patch_projection_stage4_w8,0.003313297883323685,0.06766764383485226,0.012405150437663576
888,79,input_patch_projection_stage4_w8,0.003307035185571294,0.04479353957145805,0.012381702588873689
975,79,input_patch_projection_stage4_w8,0.00332410436385544,0.44848982715598135,0.012445610432936814
19,80,input_patch_projection_stage4_w8,0.0032389619700552434,0.22552957086253758,0.012126833117733654
85,80,input_patch_projection_stage4_w8,0.003274726725067012,0.00862166282513499,0.012260738121723852
131,80,input_patch_projection_stage4_w8,0.0033348655306326695,0.013153785468830392,0.012485900771281644
224,80,input_patch_projection_stage4_w8,0.003149811876937747,0.013889740900935976,0.011793050778928406
301,80,input_patch_projection_stage4_w8,0.0032498272194061424,0.035202065462328846,0.012167513146359823
345,80,input_patch_projection_stage4_w8,0.003348036934767151,0.11102742331561898,0.012535215156983541
384,80,input_patch_projection_stage4_w8,0.0032671259434664535,0.01737133128523283,0.012232280421112832
462,80,input_patch_projection_stage4_w8,0.003327894450194435,0.01642319336284004,0.012459800702831836
511,80,input_patch_projection_stage4_w8,0.003215393768186914,0.023349922897523356,0.012038592609328606
568,80,input_patch_projection_stage4_w8,0.0032101969154609837,0.013082881397522785,0.012019135336805053
679,80,input_patch_projection_stage4_w8,0.003319723288768728,0.05490249789056988,0.012429207472067251
712,80,input_patch_projection_stage4_w8,0.0032455219261464663,0.011348722291643298,0.01215139391638254
780,80,input_patch_projection_stage4_w8,0.003290109551926435,0.031237896261245627,0.012318332183008873
870,80,input_patch_projection_stage4_w8,0.003170517534783812,0.011609295915846474,0.011870573781548854
888,80,input_patch_projection_stage4_w8,0.0033981243150265072,0.03639787788057447,0.012722744775214694
975,80,input_patch_projection_stage4_w8,0.0033954111604543864,0.15015589587244452,0.012712586590888076
19,81,input_patch_projection_stage4_w8,0.0031240284952218644,0.09500808068020206,0.011696516528088159
85,81,input_patch_projection_stage4_w8,0.0031080386261237436,0.06851840127342257,0.011636649670767815
131,81,input_patch_projection_stage4_w8,0.0030916098521629465,0.025024375609064006,0.011575139532027854
224,81,input_patch_projection_stage4_w8,0.0031282846757676452,0.012733949023598258,0.011712451877646076
301,81,input_patch_projection_stage4_w8,0.00308634875750613,1.1922880463082495,0.011555441734551484
345,81,input_patch_projection_stage4_w8,0.0031648661663439266,0.018613895633052376,0.011849414779809742
384,81,input_patch_projection_stage4_w8,0.003040061117644655,0.014934778444796848,0.011382138531487236
462,81,input_patch_projection_stage4_w8,0.003114889933385712,0.02217150289012082,0.011662301302547484
511,81,input_patch_projection_stage4_w8,0.003128378844849067,0.014761202314730326,0.01171280445132425
568,81,input_patch_projection_stage4_w8,0.003145517304801615,0.04287275755137899,0.011776971689365631
679,81,input_patch_projection_stage4_w8,0.0032177304565266236,0.019222908880010433,0.012047341285542095
712,81,input_patch_projection_stage4_w8,0.0031489305883951606,0.034676420055134834,0.011789751191226135
780,81,input_patch_projection_stage4_w8,0.003055224926356459,0.044115683382244704,0.011438912578042078
870,81,input_patch_projection_stage4_w8,0.0031916277423533757,0.028687690823062436,0.011949611438256028
888,81,input_patch_projection_stage4_w8,0.00295126398850698,0.010728614998015472,0.011049677707204058
975,81,input_patch_projection_stage4_w8,0.0030812426011834764,0.009343440927523263,0.011536324033828118
19,82,input_patch_projection_stage4_w8,0.003466172660409938,0.01436346083846729,0.012977521131353476
85,82,input_patch_projection_stage4_w8,0.003456256177742034,0.2035341010674188,0.012940393331910213
131,82,input_patch_projection_stage4_w8,0.0033404222558601755,0.0101134808951997,0.012506705424172926
224,82,input_patch_projection_stage4_w8,0.003428707929742814,0.01041616437993298,0.012837251334794764
301,82,input_patch_projection_stage4_w8,0.0034940786172228404,0.015298688563461836,0.013082002407882628
345,82,input_patch_projection_stage4_w8,0.0034359801211394365,0.04462178737941258,0.01286447877750091
384,82,input_patch_projection_stage4_w8,0.0034775911663018637,0.00924030322346425,0.013020272579714224
462,82,input_patch_projection_stage4_w8,0.0033761322301870678,0.023066142496830366,0.012640405326581287
511,82,input_patch_projection_stage4_w8,0.0034294225661142264,0.10245411914173984,0.012839926968561417
568,82,input_patch_projection_stage4_w8,0.003582928067771718,0.05569316830542448,0.013414659126105902
679,82,input_patch_projection_stage4_w8,0.003401547208341072,0.1461744647230034,0.012735560256343922
712,82,input_patch_projection_stage4_w8,0.003445403795922175,0.011886831403899123,0.012899761479953916
780,82,input_patch_projection_stage4_w8,0.00333513917576056,0.008157535452440356,0.01248692531211605
870,82,input_patch_projection_stage4_w8,0.003448404575465247,0.010523862578565968,0.012910996546335792
888,82,input_patch_projection_stage4_w8,0.0034384149657853413,0.1064114287155462,0.012873594955758473
975,82,input_patch_projection_stage4_w8,0.0034797289845300843,0.006256953979004721,0.013028276676436988
19,79,input_patch_projection_stage4_w6,0.031686715120713416,0.041151079570227005,0.09548302198864549
85,79,input_patch_projection_stage4_w6,0.03162817435077159,0.15538675807541225,0.09530661842007444
131,79,input_patch_projection_stage4_w6,0.03161594352059183,0.2819895522845854,0.09526976270238505
224,79,input_patch_projection_stage4_w6,0.03171942608969403,0.051375978086923624,0.09558159144144447
301,79,input_patch_projection_stage4_w6,0.03160296065652801,0.10822577001476928,0.09523064084673802
345,79,input_patch_projection_stage4_w6,0.031617996964087076,0.0697564151782899,0.09527595043720269
384,79,input_patch_projection_stage4_w6,0.03163282429522952,0.06730066187810736,0.09532063030951238
462,79,input_patch_projection_stage4_w6,0.03148980847981875,0.0783668531788635,0.09488967423863004
511,79,input_patch_projection_stage4_w6,0.03126799230085453,0.2948519543599559,0.09422126544293152
568,79,input_patch_projection_stage4_w6,0.03149606521765236,0.05524383969105883,0.0949085279517356
679,79,input_patch_projection_stage4_w6,0.0313633539917646,2.114355756204816,0.0945086231698323
712,79,input_patch_projection_stage4_w6,0.03135303869203199,0.12067677100128547,0.09447753960729083
780,79,input_patch_projection_stage4_w6,0.03185972373466939,0.08706351671321501,0.09600435672554235
870,79,input_patch_projection_stage4_w6,0.03168300895504217,0.07423221391434254,0.09547185403081417
888,79,input_patch_projection_stage4_w6,0.0315732337658119,0.3101263833970052,0.09514106345289687
975,79,input_patch_projection_stage4_w6,0.030925480184123447,4.668903119692004,0.09318915808031529
19,80,input_patch_projection_stage4_w6,0.030848678641632432,0.06613595633132618,0.09295772849405194
85,80,input_patch_projection_stage4_w6,0.031088122801520516,0.028076528110943858,0.09367925648761481
131,80,input_patch_projection_stage4_w6,0.030999707440059865,0.041345694904748605,0.0934128304516461
224,80,input_patch_projection_stage4_w6,0.030893386141542578,0.04508366589385559,0.09309244763993738
301,80,input_patch_projection_stage4_w6,0.030907354928785935,0.08760963616100526,0.09313454042280966
345,80,input_patch_projection_stage4_w6,0.03080843802763411,0.17044064658341543,0.0928364696189492
384,80,input_patch_projection_stage4_w6,0.03069182956278382,0.05334840729405243,0.09248508802035352
462,80,input_patch_projection_stage4_w6,0.03072373349368718,0.0664251278842869,0.0925812255885541
511,80,input_patch_projection_stage4_w6,0.031299291651521344,0.1555861674669501,0.09431558120196697
568,80,input_patch_projection_stage4_w6,0.030849683386804827,0.08036011511330797,0.0929607561384456
679,80,input_patch_projection_stage4_w6,0.030911632977222325,0.08905942492905083,0.0931474316610262
712,80,input_patch_projection_stage4_w6,0.030667807289319168,0.08551132832667463,0.0924127006095189
780,80,input_patch_projection_stage4_w6,0.030652652309981935,0.06817068832401672,0.09236703341997964
870,80,input_patch_projection_stage4_w6,0.030594950524118758,0.0508453701349083,0.09219315800034814
888,80,input_patch_projection_stage4_w6,0.030611378559115113,0.12302991694610911,0.09224266134649213
975,80,input_patch_projection_stage4_w6,0.030873894932483378,0.08710138192930118,0.09303371389186361
19,81,input_patch_projection_stage4_w6,0.03006646368521615,0.22087411228841347,0.09060064453634879
85,81,input_patch_projection_stage4_w6,0.030030172868464433,0.06659108175790607,0.09049128776520071
131,81,input_patch_projection_stage4_w6,0.02984908643702511,0.10320374450293457,0.08994561177294037
224,81,input_patch_projection_stage4_w6,0.02991505470708944,0.03666960409522347,0.09014439696594978
301,81,input_patch_projection_stage4_w6,0.029953640912026454,0.27358221895129015,0.0902606705348705
345,81,input_patch_projection_stage4_w6,0.030067697178537856,0.03820080295326988,0.09060436147796015
384,81,input_patch_projection_stage4_w6,0.02994164256961085,0.06620236486907059,0.09022451538315054
462,81,input_patch_projection_stage4_w6,0.029949743017823494,0.08716068339227333,0.09024892483272141
511,81,input_patch_projection_stage4_w6,0.030055008753379298,0.05499633071895004,0.0905661268684779
568,81,input_patch_projection_stage4_w6,0.02974837562214816,0.04921768857030883,0.08964213528714005
679,81,input_patch_projection_stage4_w6,0.029638947967214335,0.07126386103409743,0.08931239195014826
712,81,input_patch_projection_stage4_w6,0.029615821284096455,0.040253015299413164,0.08924270326249929
780,81,input_patch_projection_stage4_w6,0.029774551676382544,0.0965680527156678,0.08972101278367182
870,81,input_patch_projection_stage4_w6,0.02974003743679532,0.11109120116270789,0.08961700945341579
888,81,input_patch_projection_stage4_w6,0.030031516464077868,0.05334893241411009,0.09049533648306285
975,81,input_patch_projection_stage4_w6,0.029561582941823875,0.041775555155481925,0.08907926439519762
19,82,input_patch_projection_stage4_w6,0.03148028336363495,0.10316345777710012,0.09486097177216872
85,82,input_patch_projection_stage4_w6,0.03182496603767504,0.45657804483317926,0.09589961977399207
131,82,input_patch_projection_stage4_w6,0.031205600600515027,0.053386843604641854,0.09403325769038505
224,82,input_patch_projection_stage4_w6,0.032004160188080284,0.02952932147496767,0.09643959366961989
301,82,input_patch_projection_stage4_w6,0.03150985616957769,0.04434201193384979,0.09495008485534376
345,82,input_patch_projection_stage4_w6,0.031051290356117537,0.03466247596662698,0.09356826760218095
384,82,input_patch_projection_stage4_w6,0.0311234715518367,0.1351689212077645,0.093785774487062
462,82,input_patch_projection_stage4_w6,0.030885961419699015,0.05095678842521068,0.09307007438741348
511,82,input_patch_projection_stage4_w6,0.03114858169283252,0.09917886819688704,0.09386144001868015
568,82,input_patch_projection_stage4_w6,0.03096851916416199,0.03332082298993555,0.0933188493992713
679,82,input_patch_projection_stage4_w6,0.030777981759456455,0.2912088078481361,0.09274469435878038
712,82,input_patch_projection_stage4_w6,0.03122625419200631,0.08585790286815607,0.09409549409838738
780,82,input_patch_projection_stage4_w6,0.0309553070255788,0.058085267307106385,0.09327903666027171
870,82,input_patch_projection_stage4_w6,0.03130262100330584,0.22479477616373342,0.09432561368934964
888,82,input_patch_projection_stage4_w6,0.030876066317432563,0.024775469167934713,0.0930402570250366
975,82,input_patch_projection_stage4_w6,0.03153829630537075,0.039765567686345094,0.09503578481196419
19,79,input_patch_projection_stage4_w4,0.6733671260371921,0.8363172131597594,3.511414516790968
85,79,input_patch_projection_stage4_w4,0.6729133309308963,2.0368082735694912,3.509048106756559
131,79,input_patch_projection_stage4_w4,0.6749046197546704,2.991255851804681,3.51943210118182
224,79,input_patch_projection_stage4_w4,0.6736602609425972,0.9857349181919517,3.5129431304140826
301,79,input_patch_projection_stage4_w4,0.6725379188910664,2.3880740774677633,3.5070904417095665
345,79,input_patch_projection_stage4_w4,0.6702936879730714,6.981469300195044,3.495387427529389
384,79,input_patch_projection_stage4_w4,0.6692741849583398,0.9409610818718194,3.490071014613735
462,79,input_patch_projection_stage4_w4,0.6727248839051755,1.1934223650660554,3.5080654101024225
511,79,input_patch_projection_stage4_w4,0.6712497837143019,2.7374416882071273,3.500373189880094
568,79,input_patch_projection_stage4_w4,0.6721397998335306,0.8646228962145415,3.505014366142484
679,79,input_patch_projection_stage4_w4,0.6709194062095776,11.017581309401862,3.4986503668891094
712,79,input_patch_projection_stage4_w4,0.6759028127453349,1.768575306763637,3.5246373884945608
780,79,input_patch_projection_stage4_w4,0.6727827686991077,1.3217491846380656,3.5083672625360443
870,79,input_patch_projection_stage4_w4,0.6724112615202102,1.9087891791872382,3.5064299602077442
888,79,input_patch_projection_stage4_w4,0.672831882198807,6.116194278115472,3.5086233752109073
975,79,input_patch_projection_stage4_w4,0.6732502830527666,15.886324296189967,3.510805214471576
19,80,input_patch_projection_stage4_w4,0.6082723140498274,1.9082687649167838,3.171963927443982
85,80,input_patch_projection_stage4_w4,0.6113648453974747,0.897962692444537,3.18809058264865
131,80,input_patch_projection_stage4_w4,0.6129633643868145,1.2169137460515775,3.1964263961558625
224,80,input_patch_projection_stage4_w4,0.6098417776411225,0.502506160093219,3.1801482254664903
301,80,input_patch_projection_stage4_w4,0.6097726814668931,0.9392625898328789,3.179787908932074
345,80,input_patch_projection_stage4_w4,0.6068929527364162,0.8025921503033829,3.164770957736185
384,80,input_patch_projection_stage4_w4,0.6088306485453359,0.7908693900338335,3.174875480112571
462,80,input_patch_projection_stage4_w4,0.6107952055499483,1.391537428524799,3.1851200758439617
511,80,input_patch_projection_stage4_w4,0.6100437797758788,5.890019870466246,3.181201608087915
568,80,input_patch_projection_stage4_w4,0.6075398925504487,0.8349968945051388,3.168144561475727
679,80,input_patch_projection_stage4_w4,0.6088044988318871,7.581754884416512,3.174739116931383
712,80,input_patch_projection_stage4_w4,0.6114004642113287,1.8812421155893873,3.18827632444566
780,80,input_patch_projection_stage4_w4,0.6080358348153823,5.257551806209737,3.1707307567342133
870,80,input_patch_projection_stage4_w4,0.607182264659059,1.6627274496307367,3.1662796356115472
888,80,input_patch_projection_stage4_w4,0.6119641469049384,49.28254598148465,3.191215766418204
975,80,input_patch_projection_stage4_w4,0.6085978363335016,2.4337676175513256,3.173661431863539
19,81,input_patch_projection_stage4_w4,0.615675914719759,5.963441479140158,3.2105715604330114
85,81,input_patch_projection_stage4_w4,0.6150435523459237,1.4290474809599798,3.20727397382164
131,81,input_patch_projection_stage4_w4,0.617928965817555,1.9179469853298199,3.2223205692960244
224,81,input_patch_projection_stage4_w4,0.6177777198099648,0.6419408913752278,3.221531865175904
301,81,input_patch_projection_stage4_w4,0.6176481969714588,21.022447570080715,3.2208564410902905
345,81,input_patch_projection_stage4_w4,0.6143429749465668,1.3058958211638583,3.2036206656111323
384,81,input_patch_projection_stage4_w4,0.6144553503290808,1.1439553678341134,3.2042066706806285
462,81,input_patch_projection_stage4_w4,0.6169539159209309,9.113560395335261,3.217235966515145
511,81,input_patch_projection_stage4_w4,0.6151172381732976,1.8138309266214494,3.20765822406778
568,81,input_patch_projection_stage4_w4,0.615028105971362,2.5412068229190936,3.2071934254524512
679,81,input_patch_projection_stage4_w4,0.6135835219211003,2.133488314344163,3.1996603380642004
712,81,input_patch_projection_stage4_w4,0.6183586576044036,5.031455197975958,3.2245612875012113
780,81,input_patch_projection_stage4_w4,0.6152136620403325,6.600737992506141,3.2081610466045203
870,81,input_patch_projection_stage4_w4,0.6122184084415493,4.2225806053347705,3.1925416666829993
888,81,input_patch_projection_stage4_w4,0.6155400215648115,0.6789298784565857,3.209862916992362
975,81,input_patch_projection_stage4_w4,0.6142417187002139,0.6292803335081772,3.2030926436159817
19,82,input_patch_projection_stage4_w4,0.6642905072149006,0.9578607344224679,3.46408257873878
85,82,input_patch_projection_stage4_w4,0.6763803331400595,194.48316799894823,3.527127519035931
131,82,input_patch_projection_stage4_w4,0.6675688992727373,1.1626303089245198,3.481178443711232
224,82,input_patch_projection_stage4_w4,0.6956197294712183,6.091472590464094,3.6274553980773474
301,82,input_patch_projection_stage4_w4,0.6699901622050674,3.1641576312268427,3.493804628567607
345,82,input_patch_projection_stage4_w4,0.6627636897828779,3.6437193726913506,3.456120668084119
384,82,input_patch_projection_stage4_w4,0.6699636223820562,2.568320332392261,3.4936662310780493
462,82,input_patch_projection_stage4_w4,0.6681685217554331,1.7422694479611922,3.4843053012736487
511,82,input_patch_projection_stage4_w4,0.66589430379463,6.948472205167619,3.472445913351183
568,82,input_patch_projection_stage4_w4,0.6638126395118888,16.57529450801582,3.4615906370852927
679,82,input_patch_projection_stage4_w4,0.6764866320927467,53.419331168880774,3.5276818372839602
712,82,input_patch_projection_stage4_w4,0.6669807674006734,3.731676791008795,3.478111506354925
780,82,input_patch_projection_stage4_w4,0.6615654164424996,0.6536618195269881,3.4498720197022914
870,82,input_patch_projection_stage4_w4,0.6643273012487043,0.9768501933656921,3.464274448967417
888,82,input_patch_projection_stage4_w4,0.6732166745678114,3.7456843862562432,3.510629955957467
975,82,input_patch_projection_stage4_w4,0.6651227563124849,0.6831867347568732,3.4684225167159157
19,79,input_patch_projection_stage10_w8,0.0018579586176201701,0.0043489734630952626,0.003067706115571998
85,79,input_patch_projection_stage10_w8,0.0017745065269991753,0.004234213703924183,0.002929916992430381
131,79,input_patch_projection_stage10_w8,0.0017651814850978553,0.021356913913223256,0.0029145202619556805
224,79,input_patch_projection_stage10_w8,0.001979947210202227,0.01076353532999974,0.0032691234926572506
301,79,input_patch_projection_stage10_w8,0.0018500043661333623,0.005942105814501275,0.0030545727197581916
345,79,input_patch_projection_stage10_w8,0.0017707642400637271,0.005517957818881315,0.0029237380407523264
384,79,input_patch_projection_stage10_w8,0.0018356312066316602,0.005640843394658646,0.0030308409590584077
462,79,input_patch_projection_stage10_w8,0.0017640948644839227,0.008022501179311803,0.0029127261247391383
511,79,input_patch_projection_stage10_w8,0.0018363655544817445,0.03540473361795193,0.0030320534529047704
568,79,input_patch_projection_stage10_w8,0.0019306712929392236,0.005138119388959695,0.003187763212990872
679,79,input_patch_projection_stage10_w8,0.001820146106183529,0.022551929909297996,0.003005273254323506
712,79,input_patch_projection_stage10_w8,0.0019533392041921616,0.0060308795330001885,0.0032251905751066933
780,79,input_patch_projection_stage10_w8,0.0018254844471812248,0.008726086250906206,0.0030140874771863472
870,79,input_patch_projection_stage10_w8,0.0017238117870874705,0.008031275657458536,0.0028462140712890763
888,79,input_patch_projection_stage10_w8,0.0019149470608681438,0.006976004228818057,0.0031618006740894884
975,79,input_patch_projection_stage10_w8,0.001956977706868201,0.011055434264562791,0.0032311981668823966
19,80,input_patch_projection_stage10_w8,0.0016405161079546817,0.006551860393415155,0.0027086832017352218
85,80,input_patch_projection_stage10_w8,0.0016466922243125735,0.002849936521968743,0.0027188806893121286
131,80,input_patch_projection_stage10_w8,0.0016529622444068082,0.0037944126986104725,0.0027292332228968006
224,80,input_patch_projection_stage10_w8,0.0017687181971268728,0.0035786509365607344,0.0029203597855153233
301,80,input_patch_projection_stage10_w8,0.0016574267647229137,0.006421738313122204,0.002736604666020951
345,80,input_patch_projection_stage10_w8,0.0017839301144704223,0.005850471911131193,0.002945476433120831
384,80,input_patch_projection_stage10_w8,0.0017620156577322632,0.005927740211621567,0.0029092931121805624
462,80,input_patch_projection_stage10_w8,0.0016473510077048557,0.004540780107738841,0.002719968417435982
511,80,input_patch_projection_stage10_w8,0.0016649690805934367,0.009747708348246675,0.0027490579081449417
568,80,input_patch_projection_stage10_w8,0.0016220611869357524,0.007965778026118642,0.00267821197727669
679,80,input_patch_projection_stage10_w8,0.0016825226193759588,0.006252876293956434,0.0027780408455270714
712,80,input_patch_projection_stage10_w8,0.0017241937603103,0.007363875422530696,0.0028468447535769086
780,80,input_patch_projection_stage10_w8,0.0017552866047481073,0.013134060255893587,0.0028981826618208317
870,80,input_patch_projection_stage10_w8,0.0016900383634492757,0.005458346238430778,0.002790450214518465
888,80,input_patch_projection_stage10_w8,0.001686599658569321,0.0049962622034094295,0.0027847725121790037
975,80,input_patch_projection_stage10_w8,0.0016544612153666092,0.0057119132518579354,0.0027317081985700135
19,81,input_patch_projection_stage10_w8,0.0016517126932740211,0.04161989269874766,0.002727170068413478
85,81,input_patch_projection_stage10_w8,0.0016034068539738655,0.00641410963875444,0.0026474115004703784
131,81,input_patch_projection_stage10_w8,0.0017012088537740053,0.004973637601437986,0.002808893995320754
224,81,input_patch_projection_stage10_w8,0.0018438871484249832,0.0049907049790931515,0.0030444724807128696
301,81,input_patch_projection_stage10_w8,0.0018186050147050992,0.00792553827614384,0.0030027287327673204
345,81,input_patch_projection_stage10_w8,0.001608814694918692,0.007041110922344274,0.002656340475842141
384,81,input_patch_projection_stage10_w8,0.0017817020998336377,0.004729300211124609,0.0029417977214089403
462,81,input_patch_projection_stage10_w8,0.0017986850043598679,0.009107189967494378,0.002969838475159432
511,81,input_patch_projection_stage10_w8,0.001807840308174491,0.005137827812177421,0.002984954948279815
568,81,input_patch_projection_stage10_w8,0.0018715704791247845,0.004999541191637037,0.003090180884593232
679,81,input_patch_projection_stage10_w8,0.0017142384458566087,0.008277461169484468,0.0028304073696963413
712,81,input_patch_projection_stage10_w8,0.0017172752995975318,0.010687826403966483,0.002835421568992696
780,81,input_patch_projection_stage10_w8,0.0017057899385690691,0.015798279063403694,0.0028164578999785297
870,81,input_patch_projection_stage10_w8,0.001656975787227566,0.011038417446798123,0.0027358600496407244
888,81,input_patch_projection_stage10_w8,0.0017090724759327713,0.003806411864900383,0.002821877751556344
975,81,input_patch_projection_stage10_w8,0.0016849561361595986,0.003159245644383191,0.0027820588652228387
19,82,input_patch_projection_stage10_w8,0.001957490050699562,0.004063357351242303,0.003232044106232087
85,82,input_patch_projection_stage10_w8,0.0020110925543121994,0.0037662503843449713,0.003320548083975726
131,82,input_patch_projection_stage10_w8,0.0018119199230568486,0.004049930242672418,0.0029916908676943265
224,82,input_patch_projection_stage10_w8,0.0021309409057721496,0.0035488815635744686,0.00351843167364676
301,82,input_patch_projection_stage10_w8,0.002222889568656683,0.004458833938542739,0.0036702496273807632
345,82,input_patch_projection_stage10_w8,0.0019281936702100213,0.0089429275681141,0.0031836723692409774
384,82,input_patch_projection_stage10_w8,0.001979220251087099,0.004217995407103103,0.0032679231984730317
462,82,input_patch_projection_stage10_w8,0.002116784467943944,0.004821296682621324,0.003495057745676326
511,82,input_patch_projection_stage10_w8,0.001804290630389005,0.007067968505907629,0.002979094016745832
568,82,input_patch_projection_stage10_w8,0.0020956067746737976,0.004130378513139021,0.003460090907049021
679,82,input_patch_projection_stage10_w8,0.0019909004331566393,0.015130662493024973,0.0032872085397211695
712,82,input_patch_projection_stage10_w8,0.00202968087978661,0.0069502017791478465,0.0033512395747308504
780,82,input_patch_projection_stage10_w8,0.001859775951743359,0.00492579582282815,0.003070706745914823
870,82,input_patch_projection_stage10_w8,0.001924122178024845,0.020322419224385158,0.003176949861345744
888,82,input_patch_projection_stage10_w8,0.0020957766682840884,0.004609512986746723,0.003460371421190909
975,82,input_patch_projection_stage10_w8,0.0020506567088887095,0.003571233189859413,0.003385873112101088
19,79,input_patch_projection_stage10_w6,0.012368959200102838,0.00859961347674698,0.05582176526849564
85,79,input_patch_projection_stage10_w6,0.012024950294289738,0.014396500096324873,0.054269234931875944
131,79,input_patch_projection_stage10_w6,0.012211961031425744,0.08231397133022256,0.05511322425241697
224,79,input_patch_projection_stage10_w6,0.012301569062401539,0.017870493009809252,0.05551763002256951
301,79,input_patch_projection_stage10_w6,0.012236985261552034,0.015111976617053102,0.05522615992287524
345,79,input_patch_projection_stage10_w6,0.011652798028080722,0.028924549353575912,0.052589692125373226
384,79,input_patch_projection_stage10_w6,0.012175766576547177,0.015159840451943296,0.054949876768480274
462,79,input_patch_projection_stage10_w6,0.011415040877182037,0.03167348707944484,0.05151668156291116
511,79,input_patch_projection_stage10_w6,0.011311199457850309,0.022456839055394084,0.051048039760370895
568,79,input_patch_projection_stage10_w6,0.011620726174442098,0.012208949689693325,0.052444950158278214
679,79,input_patch_projection_stage10_w6,0.011749723460525274,0.09597389909350797,0.05302712171430923
712,79,input_patch_projection_stage10_w6,0.012283948570257051,0.017886192372372985,0.05543810781213188
780,79,input_patch_projection_stage10_w6,0.011805281741544603,0.020661865531167226,0.05327785916696057
870,79,input_patch_projection_stage10_w6,0.011457135216915049,0.02590210473977095,0.051706655538384286
888,79,input_patch_projection_stage10_w6,0.011947067352593876,0.04250423892540312,0.05391774510808138
975,79,input_patch_projection_stage10_w6,0.012225199840031564,0.17132176175437053,0.055172971693933516
19,80,input_patch_projection_stage10_w6,0.011044257067851504,0.02529250388778337,0.04984331467448003
85,80,input_patch_projection_stage10_w6,0.01123306283261627,0.010056472099918778,0.05069540504938804
131,80,input_patch_projection_stage10_w6,0.0111346757512365,0.0091824697364018,0.050251378961713
224,80,input_patch_projection_stage10_w6,0.01138413326407317,0.013528831633607295,0.05137719387473459
301,80,input_patch_projection_stage10_w6,0.011456514141173102,0.014053515053319641,0.05170385259080236
345,80,input_patch_projection_stage10_w6,0.010996273602358999,0.029097319151844662,0.049626762763833474
384,80,input_patch_projection_stage10_w6,0.010948732116958126,0.01733378686711617,0.04941220553265261
462,80,input_patch_projection_stage10_w6,0.010687574853363914,0.013279898329887628,0.04823358902736108
511,80,input_patch_projection_stage10_w6,0.01112391072092578,0.02953818315586432,0.05020279581212122
568,80,input_patch_projection_stage10_w6,0.010902331399847753,0.024964659264924194,0.049202796648936384
679,80,input_patch_projection_stage10_w6,0.01110107453132514,0.030726078337693256,0.050099734883963
712,80,input_patch_projection_stage10_w6,0.011064130816521354,0.02166339730002065,0.04993300595046421
780,80,input_patch_projection_stage10_w6,0.011005255262716673,0.02719394347036541,0.04966729747076365
870,80,input_patch_projection_stage10_w6,0.010678134978661546,0.01445275890492326,0.048190986374924874
888,80,input_patch_projection_stage10_w6,0.01099749785498716,0.015315778508981026,0.04963228788051734
975,80,input_patch_projection_stage10_w6,0.011387168200599262,0.7674538108125973,0.051390890703354
19,81,input_patch_projection_stage10_w6,0.011433331586886197,0.20361858377336617,0.05159922850054608
85,81,input_patch_projection_stage10_w6,0.010685061046388,0.01083824700600644,0.048222244083888505
131,81,input_patch_projection_stage10_w6,0.01061641817796044,0.01395665207616048,0.047912455198119715
224,81,input_patch_projection_stage10_w6,0.011641674442216754,0.007878959691936416,0.05253949079565769
301,81,input_patch_projection_stage10_w6,0.011703671712893993,0.13034653286314676,0.05281928774825847
345,81,input_patch_projection_stage10_w6,0.010864236450288443,0.009886425769323637,0.04903087213226425
384,81,input_patch_projection_stage10_w6,0.010959700288367458,0.010967649563667692,0.049461705468737065
462,81,input_patch_projection_stage10_w6,0.011218569779885001,0.015423674650321573,0.050629997137978486
511,81,input_patch_projection_stage10_w6,0.011023838829714807,0.02666956974690038,0.04975116608881298
568,81,input_patch_projection_stage10_w6,0.011305022882879712,0.012990420571441062,0.0510201645517463
679,81,input_patch_projection_stage10_w6,0.01082812478125561,0.016569107409736713,0.04886789826521587
712,81,input_patch_projection_stage10_w6,0.011361459095496684,0.04348768446772055,0.051274864156004143
780,81,input_patch_projection_stage10_w6,0.01081926398910582,0.02238554339828625,0.048827909042883054
870,81,input_patch_projection_stage10_w6,0.01095707047443284,0.015444909510051731,0.04944983697974109
888,81,input_patch_projection_stage10_w6,0.011005127227690537,0.02047941848616475,0.04966671964193751
975,81,input_patch_projection_stage10_w6,0.01115925559133757,0.008153391367159202,0.050362309076548185
19,82,input_patch_projection_stage10_w6,0.011748154618544504,0.00873168297647453,0.05302004144770174
85,82,input_patch_projection_stage10_w6,0.012207169565954246,0.009113826937095837,0.05509160011601915
131,82,input_patch_projection_stage10_w6,0.011699579088599421,0.009701222083606353,0.05280081751895237
224,82,input_patch_projection_stage10_w6,0.012721693783532826,0.006437421055466074,0.05741367504843457
301,82,input_patch_projection_stage10_w6,0.013203911483287813,0.027378175337176458,0.059589948961910895
345,82,input_patch_projection_stage10_w6,0.011644707705272594,0.023991347701212362,0.052553180071817585
384,82,input_patch_projection_stage10_w6,0.012729527254123239,0.007482948013844747,0.05744902791438404
462,82,input_patch_projection_stage10_w6,0.012305409938562661,0.009701866280693139,0.05553496409927095
511,82,input_patch_projection_stage10_w6,0.011200121429283174,0.01611416756827566,0.050546738758657644
568,82,input_patch_projection_stage10_w6,0.012316235399339348,0.04544969546424227,0.055583819974743036
679,82,input_patch_projection_stage10_w6,0.012336703948676586,0.04494420394110321,0.05567619561751178
712,82,input_patch_projection_stage10_w6,0.012319451256189495,0.012661054714101281,0.05559833330632751
780,82,input_patch_projection_stage10_w6,0.011888004664797336,0.010758329972986758,0.05365119208280521
870,82,input_patch_projection_stage10_w6,0.011876317388669122,0.012728649479658571,0.0535984467891954
888,82,input_patch_projection_stage10_w6,0.012399938306771219,0.007605866050937493,0.05596157561087721
975,82,input_patch_projection_stage10_w6,0.01193595690710936,0.00586898334864827,0.05386760308159139
19,79,input_patch_projection_stage10_w4,0.240102058291086,0.17524888497115396,0.3375387914093473
85,79,input_patch_projection_stage10_w4,0.22955656840349545,0.3902872302428477,0.3227137960019299
131,79,input_patch_projection_stage10_w4,0.23340247862506655,2.5265723783577414,0.32812042973634037
224,79,input_patch_projection_stage10_w4,0.24424098416056947,1.1417086475579483,0.3433573505906461
301,79,input_patch_projection_stage10_w4,0.239886576848221,0.24831850039362635,0.3372358646193253
345,79,input_patch_projection_stage10_w4,0.23348400268878322,0.49866734932646756,0.3282350373916581
384,79,input_patch_projection_stage10_w4,0.23910589853767308,0.5017113350389195,0.3361383762625101
462,79,input_patch_projection_stage10_w4,0.2309166670893319,0.6615749129604325,0.32462584152907864
511,79,input_patch_projection_stage10_w4,0.2272207747446373,0.26875197837694026,0.3194301049990117
568,79,input_patch_projection_stage10_w4,0.24126693441940006,0.19412299264581634,0.33917639036743724
679,79,input_patch_projection_stage10_w4,0.2346791379386559,0.831508790442797,0.3299151750409725
712,79,input_patch_projection_stage10_w4,0.25190617229964113,0.38138980415948254,0.35413317799838456
780,79,input_patch_projection_stage10_w4,0.23413020907901225,0.46948668626251683,0.32914348326468124
870,79,input_patch_projection_stage10_w4,0.22752111848967613,2.2964420670302843,0.3198523323861041
888,79,input_patch_projection_stage10_w4,0.23771218312322165,0.6435948977066346,0.33417907187373974
975,79,input_patch_projection_stage10_w4,0.2434314364218153,0.5314808068178536,0.3422192771927247
19,80,input_patch_projection_stage10_w4,0.19973455345848382,0.4888769348487045,0.280789595295049
85,80,input_patch_projection_stage10_w4,0.20196966727962717,0.20387232506959665,0.28393174919085784
131,80,input_patch_projection_stage10_w4,0.19996621615297272,0.2193795630645354,0.28111526991220537
224,80,input_patch_projection_stage10_w4,0.20903400181327925,0.1455267104718736,0.2938628882971683
301,80,input_patch_projection_stage10_w4,0.20462512748781592,0.2941574480231565,0.28766483184615516
345,80,input_patch_projection_stage10_w4,0.20196557248709723,0.21702682498057868,0.2839259926749351
384,80,input_patch_projection_stage10_w4,0.2017430354026146,0.319717109011993,0.28361314696642825
462,80,input_patch_projection_stage10_w4,0.19809565773539362,0.3719228823074729,0.27848561304035646
511,80,input_patch_projection_stage10_w4,0.20525637714308687,0.3955587201711665,0.28855225133449375
568,80,input_patch_projection_stage10_w4,0.20376449113246053,0.2514460076427554,0.2864549373650449
679,80,input_patch_projection_stage10_w4,0.2001549877022626,3.678242334434401,0.2813806475647473
712,80,input_patch_projection_stage10_w4,0.20731097568932455,0.30246012184091237,0.29144063436237977
780,80,input_patch_projection_stage10_w4,0.19910022719705012,0.7145759659061356,0.2798978506712525
870,80,input_patch_projection_stage10_w4,0.19949817791348326,0.2547837499348305,0.2804572952875185
888,80,input_patch_projection_stage10_w4,0.2049949086358538,0.6722070386792928,0.2881846752939083
975,80,input_patch_projection_stage10_w4,0.2023983568542462,0.12830623788642012,0.28453440691872817
19,81,input_patch_projection_stage10_w4,0.21688019241264556,0.22137928427127918,0.3048931714647816
85,81,input_patch_projection_stage10_w4,0.20246857625897974,0.24658326828455304,0.28463312232823335
131,81,input_patch_projection_stage10_w4,0.20457248849561438,0.23083964944345325,0.28759083122352336
224,81,input_patch_projection_stage10_w4,0.22694728104397652,0.08794277743714929,0.3190456237753347
301,81,input_patch_projection_stage10_w4,0.23221418244065717,13.69162435847591,0.32644990653976025
345,81,input_patch_projection_stage10_w4,0.20672797426232137,0.2467521932144656,0.2906210429000608
384,81,input_patch_projection_stage10_w4,0.21241368162736762,0.18465085178752358,0.2986140888821085
462,81,input_patch_projection_stage10_w4,0.21996473587932996,1.3250008406355958,0.3092294652941832
511,81,input_patch_projection_stage10_w4,0.22156567813362923,0.1558190313171508,0.3114800920379873
568,81,input_patch_projection_stage10_w4,0.21994306876149491,0.21476290597956904,0.3091990053605224
679,81,input_patch_projection_stage10_w4,0.215086412630626,0.5283627316067054,0.30237145105977214
712,81,input_patch_projection_stage10_w4,0.22281954472418875,0.23585407937986244,0.3132427950176216
780,81,input_patch_projection_stage10_w4,0.20942122960695994,0.1233949255993707,0.2944072584804535
870,81,input_patch_projection_stage10_w4,0.20861740243071836,0.37334189383346933,0.2932772271283623
888,81,input_patch_projection_stage10_w4,0.21642963307749596,0.11833141843771956,0.3042597689253489
975,81,input_patch_projection_stage10_w4,0.21576742563411244,0.11472044085303422,0.3033288285506897
19,82,input_patch_projection_stage10_w4,0.24076216488901991,0.1998779285281671,0.3384667783864428
85,82,input_patch_projection_stage10_w4,0.24049355475290216,0.3028976239692724,0.33808916254528426
131,82,input_patch_projection_stage10_w4,0.23041575682873375,0.13227286025500007,0.3239216549628733
224,82,input_patch_projection_stage10_w4,0.26480022410396487,0.12415874432998919,0.3722598142020798
301,82,input_patch_projection_stage10_w4,0.2689293837174773,0.4193928060692684,0.378064643845779
345,82,input_patch_projection_stage10_w4,0.2357283309720515,0.3044406851545319,0.33139014510565273
384,82,input_patch_projection_stage10_w4,0.26572670909808954,0.6640161395091724,0.37356227960950505
462,82,input_patch_projection_stage10_w4,0.24935731221921742,0.20391123486933793,0.35054995527575916
511,82,input_patch_projection_stage10_w4,0.2214181883027777,0.3118493731292488,0.31127274879567973
568,82,input_patch_projection_stage10_w4,0.2510715121898102,0.4157910281829232,0.3529598012821868
679,82,input_patch_projection_stage10_w4,0.25408909546968067,0.436235093938624,0.35720196155567224
712,82,input_patch_projection_stage10_w4,0.24962896505894602,0.6308697313064043,0.3509318485916996
780,82,input_patch_projection_stage10_w4,0.23272769537288696,0.20024457966464126,0.32717181011589613
870,82,input_patch_projection_stage10_w4,0.2376447538008506,0.24120735992033812,0.3340842788005747
888,82,input_patch_projection_stage10_w4,0.25301291665527964,0.677952818947574,0.35568905450715005
975,82,input_patch_projection_stage10_w4,0.24994320800760758,0.0734788766857264,0.3513736156713118
19,79,input_patch_projection_stage15_w8,0.0015361300502263473,0.001698505953640961,0.000916882317071022
85,79,input_patch_projection_stage15_w8,0.0013662557030329483,0.0017104414005899573,0.0008154880470724235
131,79,input_patch_projection_stage15_w8,0.0016055589076131582,0.001802278694640336,0.0009583228784499448
224,79,input_patch_projection_stage15_w8,0.001656726351939142,0.00190469471186816,0.0009888636031140433
301,79,input_patch_projection_stage15_w8,0.001869422441814095,0.002158163707690619,0.001115817231609077
345,79,input_patch_projection_stage15_w8,0.0013281876599648965,0.0020795647570821534,0.0007927660675567883
384,79,input_patch_projection_stage15_w8,0.0016523352242074907,0.002387357727059225,0.0009862426353329898
462,79,input_patch_projection_stage15_w8,0.0015178565081441773,0.002328882500478358,0.0009059752408095257
511,79,input_patch_projection_stage15_w8,0.0014863187680020928,0.001983216378505404,0.0008871510558048789
568,79,input_patch_projection_stage15_w8,0.0015336803189711647,0.0021294613172813115,0.0009154201262434146
679,79,input_patch_projection_stage15_w8,0.0014364041853696106,0.001857378347779104,0.0008573581367919608
712,79,input_patch_projection_stage15_w8,0.0021584698406513785,0.002829618065746331,0.0012883432809173562
780,79,input_patch_projection_stage15_w8,0.0016049713594838977,0.0019425492433811085,0.0009579721838651551
870,79,input_patch_projection_stage15_w8,0.0013384163758018985,0.0020428903117135637,0.0007988713635738212
888,79,input_patch_projection_stage15_w8,0.0016003237697077568,0.001915285141876666,0.0009551981395177278
975,79,input_patch_projection_stage15_w8,0.0017817299813032152,0.002283193749462953,0.001063475526314641
19,80,input_patch_projection_stage15_w8,0.0011038464872399347,0.0021429122110134813,0.0006588617446564033
85,80,input_patch_projection_stage15_w8,0.0009576699376339092,0.0010758736233391632,0.0005716121699967115
131,80,input_patch_projection_stage15_w8,0.0009378821705467999,0.0013817933500490651,0.0005598012860589765
224,80,input_patch_projection_stage15_w8,0.001144936748460168,0.0013598968449173299,0.0006833876198654129
301,80,input_patch_projection_stage15_w8,0.0010803776822285729,0.0015838708279716231,0.0006448537299609452
345,80,input_patch_projection_stage15_w8,0.0009683538883109577,0.0015461860995173995,0.0005779891856997774
384,80,input_patch_projection_stage15_w8,0.0009966217348846838,0.0015622890022797262,0.0005948616429902959
462,80,input_patch_projection_stage15_w8,0.0008439344383077696,0.0012127282333587173,0.0005037259463400526
511,80,input_patch_projection_stage15_w8,0.001216141885379329,0.0017161029388859106,0.0007258884035172788
568,80,input_patch_projection_stage15_w8,0.0010876063024625182,0.0013226054134065637,0.0006491683347487037
679,80,input_patch_projection_stage15_w8,0.001034152941429056,0.0019322755728126142,0.0006172631965656618
712,80,input_patch_projection_stage15_w8,0.0009289778099628164,0.001150626799301335,0.0005544864686298951
780,80,input_patch_projection_stage15_w8,0.0010696386452764273,0.0018145898021089124,0.0006384438344691256
870,80,input_patch_projection_stage15_w8,0.0010283216979587453,0.001778923041740654,0.0006137826553031066
888,80,input_patch_projection_stage15_w8,0.000921767359614023,0.0013463588246800386,0.0005501827090478511
975,80,input_patch_projection_stage15_w8,0.0010002048802562058,0.001228630319076274,0.0005970003438315165
19,81,input_patch_projection_stage15_w8,0.0014177209814079106,0.0013510208510183477,0.0008462065423444791
85,81,input_patch_projection_stage15_w8,0.0010059730848297475,0.0015846079363228682,0.0006004432585599598
131,81,input_patch_projection_stage15_w8,0.0009925209451466797,0.0016191112401884311,0.000592413971586271
224,81,input_patch_projection_stage15_w8,0.001588457278558053,0.001956390051873314,0.0009481152913570269
301,81,input_patch_projection_stage15_w8,0.0016049188561737535,0.001903572920483043,0.0009579408457914993
345,81,input_patch_projection_stage15_w8,0.0012375370279187339,0.002042839297843102,0.0007386586945891211
384,81,input_patch_projection_stage15_w8,0.0014171049697324631,0.001952772495258159,0.0008458388584935944
462,81,input_patch_projection_stage15_w8,0.0015557153528789058,0.0018231534147616915,0.0009285723544307944
511,81,input_patch_projection_stage15_w8,0.00162851125060115,0.0020037542772115553,0.0009720226282972562
568,81,input_patch_projection_stage15_w8,0.0014159702695906162,0.0017124616814072622,0.0008451615808795772
679,81,input_patch_projection_stage15_w8,0.0013694836707145441,0.0014674861879484524,0.0008174147501447942
712,81,input_patch_projection_stage15_w8,0.0015699654031777757,0.0021142201455326415,0.0009370778967411484
780,81,input_patch_projection_stage15_w8,0.0012924614275107162,0.0016162685472522753,0.0007714418634062477
870,81,input_patch_projection_stage15_w8,0.001373568084090948,0.00201521634880919,0.0008198526468579542
888,81,input_patch_projection_stage15_w8,0.0013421509647741914,0.001534592341158714,0.000801100457776958
975,81,input_patch_projection_stage15_w8,0.0013585911656264218,0.0013137863707015638,0.0008109132528904217
19,82,input_patch_projection_stage15_w8,0.0019050071714445946,0.0015018522565810597,0.0011370569758293993
85,82,input_patch_projection_stage15_w8,0.0017477866495028138,0.0015504873852165701,0.0010432154964391258
131,82,input_patch_projection_stage15_w8,0.0015273529570549724,0.0014313864704149635,0.0009116434627676819
224,82,input_patch_projection_stage15_w8,0.002325902518350631,0.0015575190802934458,0.0013882801719765968
301,82,input_patch_projection_stage15_w8,0.0025575399204171845,0.0018673647604288137,0.001526539454057433
345,82,input_patch_projection_stage15_w8,0.001731187861878425,0.0014370319873364676,0.0010333080443614994
384,82,input_patch_projection_stage15_w8,0.002044270804617554,0.0016320372754563548,0.001220180382372053
462,82,input_patch_projection_stage15_w8,0.0019202151452191172,0.001598334903079035,0.0011461342816410296
511,82,input_patch_projection_stage15_w8,0.0012928688811371103,0.0018287944295138912,0.0007716850635343958
568,82,input_patch_projection_stage15_w8,0.001898567337775603,0.0015817504796018511,0.0011332131804325791
679,82,input_patch_projection_stage15_w8,0.0021037818660261105,0.0013353212444826568,0.0012557012289745872
712,82,input_patch_projection_stage15_w8,0.0019517219079716595,0.0020062423182594102,0.001164939976921648
780,82,input_patch_projection_stage15_w8,0.0016177268698811533,0.001916202695454672,0.0009655856681054614
870,82,input_patch_projection_stage15_w8,0.0018229444976896045,0.001975934914298705,0.0010880755667055872
888,82,input_patch_projection_stage15_w8,0.0020597333787009116,0.0013597966680123363,0.0012294096535209003
975,82,input_patch_projection_stage15_w8,0.0020588918850990012,0.0014721144804212827,0.0012289073844562425
19,79,input_patch_projection_stage15_w6,0.00961432358599268,0.006707410632827759,0.005729772780449075
85,79,input_patch_projection_stage15_w6,0.007552313560154288,0.0047847524631094976,0.004500892889587566
131,79,input_patch_projection_stage15_w6,0.009424320422112942,0.003978390067914006,0.005616538089848121
224,79,input_patch_projection_stage15_w6,0.008961348561570048,0.00448050026443525,0.005340624392859874
301,79,input_patch_projection_stage15_w6,0.010626941235386766,0.004840050317966416,0.0063332545535146
345,79,input_patch_projection_stage15_w6,0.007244432475999928,0.00433081281671832,0.004317407422323604
384,79,input_patch_projection_stage15_w6,0.008871873549651355,0.005099851576019887,0.005287300674010947
462,79,input_patch_projection_stage15_w6,0.007734652010412901,0.006293746572112014,0.004609559701118977
511,79,input_patch_projection_stage15_w6,0.0070972731919027865,0.004829441058120666,0.004229706061653921
568,79,input_patch_projection_stage15_w6,0.00800983422959689,0.004570516329422957,0.004773557883106649
679,79,input_patch_projection_stage15_w6,0.007001698249951005,0.0031570453116387402,0.004172747015498438
712,79,input_patch_projection_stage15_w6,0.010718172143242555,0.00752645224048365,0.006387624719849477
780,79,input_patch_projection_stage15_w6,0.008014609586098231,0.004524591933545707,0.0047764038147474555
870,79,input_patch_projection_stage15_w6,0.006757704599294811,0.006548028957922725,0.004027336039299437
888,79,input_patch_projection_stage15_w6,0.0086083183205119,0.0043406583654359565,0.005130231737797027
975,79,input_patch_projection_stage15_w6,0.008531050290912391,0.004844550194320618,0.0050841829181543004
19,80,input_patch_projection_stage15_w6,0.0062735396495554605,0.006896029181234554,0.0037387920636935247
85,80,input_patch_projection_stage15_w6,0.005572302747168578,0.003129643286797545,0.003320881424426443
131,80,input_patch_projection_stage15_w6,0.005094439780805261,0.002788059713850544,0.0030360931922680926
224,80,input_patch_projection_stage15_w6,0.005604837573628174,0.003115001982280319,0.0033402709489621495
301,80,input_patch_projection_stage15_w6,0.006851900776382536,0.004667163433225595,0.004083473393807241
345,80,input_patch_projection_stage15_w6,0.005220599898166257,0.005395002887112811,0.003111279844762966
384,80,input_patch_projection_stage15_w6,0.005365670932405919,0.005294782169485757,0.003197736687595783
462,80,input_patch_projection_stage15_w6,0.004542982394923456,0.003559939811182744,0.0027074454729624268
511,80,input_patch_projection_stage15_w6,0.006287708762101829,0.004032938948014931,0.003747236318212853
568,80,input_patch_projection_stage15_w6,0.005333939858246594,0.005351810847287196,0.003178826168994412
679,80,input_patch_projection_stage15_w6,0.005240402024355716,0.005220295684125631,0.00312308116210168
712,80,input_patch_projection_stage15_w6,0.0053116465132916355,0.004018280149580279,0.0031655401796093466
780,80,input_patch_projection_stage15_w6,0.005451789998915046,0.005070506555853171,0.0032490603900641067
870,80,input_patch_projection_stage15_w6,0.005108232333441265,0.004922999576649546,0.003044313031340477
888,80,input_patch_projection_stage15_w6,0.005226892161772413,0.004040074452294817,0.0031150297955957517
975,80,input_patch_projection_stage15_w6,0.005467832612339406,0.0031805822520851734,0.0032586211801606756
19,81,input_patch_projection_stage15_w6,0.00864826882025227,0.004075379601317764,0.005154040722790128
85,81,input_patch_projection_stage15_w6,0.0055015122634358695,0.0035246604551275595,0.0032786929768275457
131,81,input_patch_projection_stage15_w6,0.0062143211252987385,0.007258087926178546,0.003703500065733432
224,81,input_patch_projection_stage15_w6,0.008552987550501712,0.0037684233876120743,0.005097256694145745
301,81,input_patch_projection_stage15_w6,0.010175659379456192,0.004677440386231524,0.006064307656596259
345,81,input_patch_projection_stage15_w6,0.005777038622909459,0.003941795166340966,0.0034428962533958577
384,81,input_patch_projection_stage15_w6,0.007162579684518277,0.004265487353293907,0.0042686262582156435
462,81,input_patch_projection_stage15_w6,0.008245761346188374,0.00349420600286976,0.004914161510467933
511,81,input_patch_projection_stage15_w6,0.00782774412073195,0.004290585703529359,0.004665039073641634
568,81,input_patch_projection_stage15_w6,0.0073404357535764575,0.0037898557750963846,0.004374621740291153
679,81,input_patch_projection_stage15_w6,0.007406983266264433,0.0038385790903703305,0.004414281537820922
712,81,input_patch_projection_stage15_w6,0.008007976721273735,0.0049142780904531955,0.0047724508784864825
780,81,input_patch_projection_stage15_w6,0.006225111341336742,0.004579386356965642,0.0037099306258863885
870,81,input_patch_projection_stage15_w6,0.006728496518917383,0.0050101372626159,0.00400992912945093
888,81,input_patch_projection_stage15_w6,0.006751383014488964,0.004485027450755297,0.004023568614141977
975,81,input_patch_projection_stage15_w6,0.006540375601616687,0.0029205689661466754,0.00389781618653386
19,82,input_patch_projection_stage15_w6,0.009324908605776727,0.003372260965761597,0.005557292411854911
85,82,input_patch_projection_stage15_w6,0.008330265714903362,0.0033688873259620777,0.004964522914196595
131,82,input_patch_projection_stage15_w6,0.007605441147461534,0.003268599173225084,0.004532554919778384
224,82,input_patch_projection_stage15_w6,0.01084459834964946,0.0030532720578690946,0.006462969951339408
301,82,input_patch_projection_stage15_w6,0.01306878206469264,0.004285479905831835,0.0077884992197467685
345,82,input_patch_projection_stage15_w6,0.008442745078355074,0.0030268742044654573,0.0050315563554265965
384,82,input_patch_projection_stage15_w6,0.010517383983824404,0.00308137025774613,0.006267962580315632
462,82,input_patch_projection_stage15_w6,0.010228245359030552,0.004715709083271236,0.006095646909087968
511,82,input_patch_projection_stage15_w6,0.0062213137425715095,0.004688577309821085,0.003707667400830411
568,82,input_patch_projection_stage15_w6,0.009772243007319048,0.00334390168364962,0.005823886775440711
679,82,input_patch_projection_stage15_w6,0.01018796285279677,0.003643982622691056,0.006071640060797271
712,82,input_patch_projection_stage15_w6,0.009650854175561108,0.004409430529676683,0.005751543628485424
780,82,input_patch_projection_stage15_w6,0.008184899808838964,0.005086303177748165,0.00487789033892249
870,82,input_patch_projection_stage15_w6,0.009158489061519502,0.004639145093278784,0.00545811266548055
888,82,input_patch_projection_stage15_w6,0.010190182365477087,0.003148881555162575,0.006072962806305865
975,82,input_patch_projection_stage15_w6,0.009922051165631274,0.00274909532674883,0.005913166764834575
19,79,input_patch_projection_stage15_w4,0.17460651196597612,0.0484258081655895,0.10538454825024336
85,79,input_patch_projection_stage15_w4,0.1302967596857343,0.05286822486087317,0.0786411973032673
131,79,input_patch_projection_stage15_w4,0.1656553919210637,0.0711204733120212,0.0999820593530904
224,79,input_patch_projection_stage15_w4,0.17339514441846404,0.06258077684340436,0.10465342190035991
301,79,input_patch_projection_stage15_w4,0.2001409515651176,0.07183424255032378,0.12079597450050261
345,79,input_patch_projection_stage15_w4,0.1573880776122678,0.087476769148509,0.09499228449380565
384,79,input_patch_projection_stage15_w4,0.18203873455058783,0.09091919255479299,0.10987029973084785
462,79,input_patch_projection_stage15_w4,0.15538990931986518,0.07200706158420188,0.09378628100371908
511,79,input_patch_projection_stage15_w4,0.15174479922279716,0.07383419660061463,0.09158625835521231
568,79,input_patch_projection_stage15_w4,0.19300242526514919,0.08356417863006982,0.11648748473786853
679,79,input_patch_projection_stage15_w4,0.17255955748260018,0.2308451238971543,0.10414909963443562
712,79,input_patch_projection_stage15_w4,0.24564804979672775,0.13589531867830826,0.1482619889997338
780,79,input_patch_projection_stage15_w4,0.17089815124927552,0.06552722381013609,0.10314635040482398
870,79,input_patch_projection_stage15_w4,0.14312206373142541,0.1905162486266363,0.08638196743726177
888,79,input_patch_projection_stage15_w4,0.1886370494357834,0.1097753654069038,0.113852742456264
975,79,input_patch_projection_stage15_w4,0.1934808602090925,0.13355444910575898,0.11677624630733635
19,80,input_patch_projection_stage15_w4,0.11056233751878608,0.08101008964337099,0.06673039774815862
85,80,input_patch_projection_stage15_w4,0.09726184590545016,0.036695123253878144,0.05870282601331585
131,80,input_patch_projection_stage15_w4,0.09064354468137027,0.042247653025924585,0.05470832044287297
224,80,input_patch_projection_stage15_w4,0.11790200275208917,0.04434721270860109,0.07116028582169384
301,80,input_patch_projection_stage15_w4,0.1136581221362576,0.06284997334842046,0.06859887252449377
345,80,input_patch_projection_stage15_w4,0.10707893420840266,0.30476772751813996,0.06462797396049547
384,80,input_patch_projection_stage15_w4,0.09892225799376321,0.0677631988409537,0.05970497522221941
462,80,input_patch_projection_stage15_w4,0.09393763641492114,0.14502090968375467,0.05669648437402558
511,80,input_patch_projection_stage15_w4,0.1278003834631818,0.06556190876899848,0.07713449816865765
568,80,input_patch_projection_stage15_w4,0.11232637241482735,0.06915498294631563,0.06779508897028898
679,80,input_patch_projection_stage15_w4,0.105520129101933,0.14388342074227012,0.06368715010400901
712,80,input_patch_projection_stage15_w4,0.10907217930162007,0.06707852260234404,0.0658310060314967
780,80,input_patch_projection_stage15_w4,0.10362028994131833,0.21248158551060214,0.06254049360514652
870,80,input_patch_projection_stage15_w4,0.09918630798347293,0.11368113616555318,0.05986434378509674
888,80,input_patch_projection_stage15_w4,0.09412682098627556,0.06107473634600425,0.056810667575806655
975,80,input_patch_projection_stage15_w4,0.09630491578718646,0.033878091143662914,0.058125266522064324
19,81,input_patch_projection_stage15_w4,0.16901696057539087,0.03636075046398446,0.1020109492842831
85,81,input_patch_projection_stage15_w4,0.1054078339948319,0.09314508676278876,0.06361937388535992
131,81,input_patch_projection_stage15_w4,0.10995417600497603,0.05086084351523822,0.06636333912202591
224,81,input_patch_projection_stage15_w4,0.19991627195850015,0.05019215021070522,0.12066036811000878
301,81,input_patch_projection_stage15_w4,0.19863031245768067,0.06509899920969531,0.11988422145009282
345,81,input_patch_projection_stage15_w4,0.12627043953398243,0.07931780623789562,0.07621109360595557
384,81,input_patch_projection_stage15_w4,0.15821143023276818,0.06115762870543052,0.09548922268348206
462,81,input_patch_projection_stage15_w4,0.1712743999232771,0.0632478456197987,0.10337343698992875
511,81,input_patch_projection_stage15_w4,0.19246400345582518,0.05648937199589455,0.11616251782509529
568,81,input_patch_projection_stage15_w4,0.19372544577345252,0.06550693859594504,0.11692386702845604
679,81,input_patch_projection_stage15_w4,0.16866908549854998,0.05310154902417707,0.10180098771178722
712,81,input_patch_projection_stage15_w4,0.2019403765152674,0.10953001588677935,0.12188202554949616
780,81,input_patch_projection_stage15_w4,0.13982481668062974,0.07436775826892017,0.08439189910014695
870,81,input_patch_projection_stage15_w4,0.13871804415248334,0.079286417596677,0.08372390154621141
888,81,input_patch_projection_stage15_w4,0.15550260791496842,0.045668089728224004,0.09385430074937269
975,81,input_patch_projection_stage15_w4,0.15400726367079187,0.03339603489894216,0.0929517789827054
19,82,input_patch_projection_stage15_w4,0.2295647356804693,0.045400711947877426,0.13855483218510747
85,82,input_patch_projection_stage15_w4,0.19856080955651123,0.07052731285682512,0.11984227266044373
131,82,input_patch_projection_stage15_w4,0.17009872809285295,0.042921281134567835,0.10266385495117909
224,82,input_patch_projection_stage15_w4,0.29221032782515977,0.04046606600697089,0.1763648620270852
301,82,input_patch_projection_stage15_w4,0.31497806570041575,0.06487171677423476,0.19010643296649754
345,82,input_patch_projection_stage15_w4,0.19880373339401558,0.05417971082584926,0.11998889043882074
384,82,input_patch_projection_stage15_w4,0.2637715468299575,0.05240897370310904,0.15920050742070607
462,82,input_patch_projection_stage15_w4,0.24942060410103292,0.05628642622833979,0.15053893117464068
511,82,input_patch_projection_stage15_w4,0.13009086635429412,0.09829344003435382,0.07851692945393424
568,82,input_patch_projection_stage15_w4,0.2528528847360576,0.060092468081052175,0.15261049964088788
679,82,input_patch_projection_stage15_w4,0.26558897669019643,0.056610644486056565,0.1602974254144353
712,82,input_patch_projection_stage15_w4,0.24148303290712647,0.07202883961963381,0.14574817426039124
780,82,input_patch_projection_stage15_w4,0.15900220826733857,0.06608119185246154,0.09596650033481992
870,82,input_patch_projection_stage15_w4,0.21785754396114498,0.05336022259689343,0.131488903791438
888,82,input_patch_projection_stage15_w4,0.2563901853864081,0.03650589008243799,0.15474545341131268
975,82,input_patch_projection_stage15_w4,0.2354874434095109,0.03777917900846717,0.14212950916258985
19,79,mlp_down_all_blocks_stage4_w8,0.0016564087718506928,0.03313181151406752,0.011621911810534714
85,79,mlp_down_all_blocks_stage4_w8,0.0014043805640540086,0.0685806325496543,0.00985359854477751
131,79,mlp_down_all_blocks_stage4_w8,0.001516301213996485,0.4956432078534476,0.010638870843206532
224,79,mlp_down_all_blocks_stage4_w8,0.001397271353198448,0.04369177376435118,0.009803717970000361
301,79,mlp_down_all_blocks_stage4_w8,0.0015927501228816254,0.06116420273367851,0.01117526167388416
345,79,mlp_down_all_blocks_stage4_w8,0.0015053268691644919,0.08917889499042529,0.010561871210034268
384,79,mlp_down_all_blocks_stage4_w8,0.0015359046701632904,0.020607086292390168,0.010776415175634657
462,79,mlp_down_all_blocks_stage4_w8,0.0016396819410147145,0.11392250996146913,0.011504550832888918
511,79,mlp_down_all_blocks_stage4_w8,0.0014390626965905542,0.04077300686896024,0.010096939857979237
568,79,mlp_down_all_blocks_stage4_w8,0.0015004972810857,0.0176489884190687,0.010527985222657967
679,79,mlp_down_all_blocks_stage4_w8,0.001458287857531104,0.1557090312895184,0.010231829945976517
712,79,mlp_down_all_blocks_stage4_w8,0.0014747665345566931,0.06041224224657071,0.01034744979441025
780,79,mlp_down_all_blocks_stage4_w8,0.0015020203572930766,0.023375654738003956,0.010538671629095598
870,79,mlp_down_all_blocks_stage4_w8,0.0013285018285387193,0.034469352348779125,0.009321208239051049
888,79,mlp_down_all_blocks_stage4_w8,0.0015170443257375155,0.03846947199377838,0.01064408476097031
975,79,mlp_down_all_blocks_stage4_w8,0.0015347334010584746,0.30898546303296825,0.010768197164190921
19,80,mlp_down_all_blocks_stage4_w8,0.0014803892445343079,0.03702015525891512,0.010386900587358564
85,80,mlp_down_all_blocks_stage4_w8,0.001461737178033218,0.011531245544347257,0.01025603151950299
131,80,mlp_down_all_blocks_stage4_w8,0.0014635572879342364,0.01601400505059303,0.010268802012580906
224,80,mlp_down_all_blocks_stage4_w8,0.001411857971106656,0.01702251741954797,0.00990606250585654
301,80,mlp_down_all_blocks_stage4_w8,0.0014327644748846067,0.02031495343771894,0.010052749451315348
345,80,mlp_down_all_blocks_stage4_w8,0.0014037415248822072,0.23982100467526732,0.009849114834582074
384,80,mlp_down_all_blocks_stage4_w8,0.0013908722539781595,0.012523192492285062,0.009758819773330006
462,80,mlp_down_all_blocks_stage4_w8,0.0015847640243009664,0.04165417802104798,0.0111192285647918
511,80,mlp_down_all_blocks_stage4_w8,0.001317899608693551,0.020990531191500853,0.009246819557868942
568,80,mlp_down_all_blocks_stage4_w8,0.0014726248264196329,0.026333995471361508,0.010332422861737701
679,80,mlp_down_all_blocks_stage4_w8,0.0013369123407755978,0.07311748455987299,0.009380219174732835
712,80,mlp_down_all_blocks_stage4_w8,0.001446266476705205,0.06652153124520055,0.010147483961957516
780,80,mlp_down_all_blocks_stage4_w8,0.001377088663730319,0.024577957288855146,0.009662109545145228
870,80,mlp_down_all_blocks_stage4_w8,0.0012953961152106788,0.013150176850402318,0.00908892760442639
888,80,mlp_down_all_blocks_stage4_w8,0.0014432106981985269,0.0179646353129499,0.01012604360923742
975,80,mlp_down_all_blocks_stage4_w8,0.0014947992603993045,0.017948272079649996,0.010488006024867375
19,81,mlp_down_all_blocks_stage4_w8,0.0013484124647220597,0.047537197013355126,0.009460907848076834
85,81,mlp_down_all_blocks_stage4_w8,0.0013451105551212093,0.013705366214480819,0.009437740558190676
131,81,mlp_down_all_blocks_stage4_w8,0.0013501709763659166,0.030966350621611127,0.009473246147408508
224,81,mlp_down_all_blocks_stage4_w8,0.00128542329184711,0.012402841697465306,0.009018954977135882
301,81,mlp_down_all_blocks_stage4_w8,0.0013895671518184827,0.13949196049964033,0.009749662744907272
345,81,mlp_down_all_blocks_stage4_w8,0.0014255713178954466,0.0493644922228782,0.010002279882699174
384,81,mlp_down_all_blocks_stage4_w8,0.0013999974798935002,0.017912329763134945,0.009822845376575759
462,81,mlp_down_all_blocks_stage4_w8,0.0015726501969766105,0.027894875987403367,0.011034233945562386
511,81,mlp_down_all_blocks_stage4_w8,0.0013275211467771442,0.017027450959233192,0.009314327451445408
568,81,mlp_down_all_blocks_stage4_w8,0.0013845963294443209,0.06520046096193254,0.009714785811000557
679,81,mlp_down_all_blocks_stage4_w8,0.0013224445719970388,0.10453103528334395,0.009278708523680342
712,81,mlp_down_all_blocks_stage4_w8,0.0012163964865976595,0.02545799160003526,0.008534640080471969
780,81,mlp_down_all_blocks_stage4_w8,0.0012776103685609996,0.016839416067170987,0.008964136923188851
870,81,mlp_down_all_blocks_stage4_w8,0.0012857212277594954,0.08904678215094464,0.009021045394041286
888,81,mlp_down_all_blocks_stage4_w8,0.0013556494704971558,0.016213711904470074,0.009511685074278386
975,81,mlp_down_all_blocks_stage4_w8,0.0014026683820702603,0.01708230319218274,0.009841585309664974
19,82,mlp_down_all_blocks_stage4_w8,0.0014667951654701026,0.03927388222497541,0.010291520032320142
85,82,mlp_down_all_blocks_stage4_w8,0.0014252069559006484,0.5562801032161248,0.009999723398428733
131,82,mlp_down_all_blocks_stage4_w8,0.0016021210685721596,0.03435552897286698,0.011241011328345974
224,82,mlp_down_all_blocks_stage4_w8,0.0015746765748190228,0.043334290963944255,0.011048451682741491
301,82,mlp_down_all_blocks_stage4_w8,0.0017689220840111375,0.13012510660213653,0.012411342423111621
345,82,mlp_down_all_blocks_stage4_w8,0.001489755624788813,0.014909179166636475,0.01045261820921115
384,82,mlp_down_all_blocks_stage4_w8,0.0014901756367180494,0.030402887049660873,0.010455565151828161
462,82,mlp_down_all_blocks_stage4_w8,0.0015853863369557075,0.08248456833588591,0.011123594916211142
511,82,mlp_down_all_blocks_stage4_w8,0.0013922737598477395,0.10831308296282316,0.009768653202067532
568,82,mlp_down_all_blocks_stage4_w8,0.00152902485569939,0.07811386623166074,0.010728144121815643
679,82,mlp_down_all_blocks_stage4_w8,0.001470312866331369,0.09720907781297683,0.010316201385063645
712,82,mlp_down_all_blocks_stage4_w8,0.001403475588631409,0.037162433330891524,0.00984724893788645
780,82,mlp_down_all_blocks_stage4_w8,0.0014235444396035744,0.02306354384531062,0.00998805863420113
870,82,mlp_down_all_blocks_stage4_w8,0.0014746822707820682,0.02630022499147344,0.010346858571896727
888,82,mlp_down_all_blocks_stage4_w8,0.0014848106875433584,0.12570759428594158,0.010417922893929107
975,82,mlp_down_all_blocks_stage4_w8,0.0015960554919729477,0.010096605335789377,0.01119845323669972
19,79,mlp_down_all_blocks_stage4_w6,0.4337695716758389,9.708463550761337,4.5731771436895805
85,79,mlp_down_all_blocks_stage4_w6,0.45421900353630923,17.000268884337302,4.788772889662348
131,79,mlp_down_all_blocks_stage4_w6,0.45746221994704683,12.645582152144712,4.8229657056875075
224,79,mlp_down_all_blocks_stage4_w6,0.4182730929751414,17.45158453833471,4.4097997497246055
301,79,mlp_down_all_blocks_stage4_w6,0.4369683172046734,14.641173644804129,4.606901108891725
345,79,mlp_down_all_blocks_stage4_w6,0.44210990236615544,47.166497085301785,4.661108183979959
384,79,mlp_down_all_blocks_stage4_w6,0.40897973878963967,8.476734452555776,4.311821104553271
462,79,mlp_down_all_blocks_stage4_w6,0.46349696821198455,31.69965156686345,4.886589285198884
511,79,mlp_down_all_blocks_stage4_w6,0.44182328679380584,16.649083748771318,4.658086432639885
568,79,mlp_down_all_blocks_stage4_w6,0.4591975478688255,2.9213284764630885,4.841261046132953
679,79,mlp_down_all_blocks_stage4_w6,0.44818325404048664,39.55479747253718,4.725138754301744
712,79,mlp_down_all_blocks_stage4_w6,0.45099871780985273,23.051781250181985,4.754821828910244
780,79,mlp_down_all_blocks_stage4_w6,0.43284997987211676,9.17629479803469,4.563482004858014
870,79,mlp_down_all_blocks_stage4_w6,0.4349223137492686,10.75415161939088,4.5853303560101475
888,79,mlp_down_all_blocks_stage4_w6,0.4354649050364969,46.711273676566954,4.591050826589794
975,79,mlp_down_all_blocks_stage4_w6,0.4518919808297142,29.778981649810024,4.7642393867392805
19,80,mlp_down_all_blocks_stage4_w6,0.4200602623204759,12.02666155310294,4.428641647671504
85,80,mlp_down_all_blocks_stage4_w6,0.4424656012997729,7.919033709594033,4.664858272366679
131,80,mlp_down_all_blocks_stage4_w6,0.43485412733934936,5.901109881229502,4.584611475406909
224,80,mlp_down_all_blocks_stage4_w6,0.4140341501342846,4.0636520881161,4.365109117234367
301,80,mlp_down_all_blocks_stage4_w6,0.41790920841231133,9.41468187979086,4.405963361295498
345,80,mlp_down_all_blocks_stage4_w6,0.4223973636262599,9.427056811038371,4.453281407977434
384,80,mlp_down_all_blocks_stage4_w6,0.3949309798673681,3.0013504915164617,4.163706835144466
462,80,mlp_down_all_blocks_stage4_w6,0.4360963640247065,42.030325243726814,4.597708217980575
511,80,mlp_down_all_blocks_stage4_w6,0.4219706265876085,11.738013251647544,4.448782373930424
568,80,mlp_down_all_blocks_stage4_w6,0.4399575056033882,6.476398237974364,4.638415740059539
679,80,mlp_down_all_blocks_stage4_w6,0.4311973638286872,16.16373767694205,4.546058685172615
712,80,mlp_down_all_blocks_stage4_w6,0.42243937103285134,8.336824971103622,4.453724286695154
780,80,mlp_down_all_blocks_stage4_w6,0.4223925337037145,7.312504954427367,4.453230486721466
870,80,mlp_down_all_blocks_stage4_w6,0.41667183297300875,5.398050101916922,4.392917870217552
888,80,mlp_down_all_blocks_stage4_w6,0.4188247831516491,7.031713443045081,4.415616148730777
975,80,mlp_down_all_blocks_stage4_w6,0.4294865721494716,33.90581472302739,4.528022027195947
19,81,mlp_down_all_blocks_stage4_w6,0.3950896210626525,22.47999780428,4.165379368986614
85,81,mlp_down_all_blocks_stage4_w6,0.413142810682075,9.962129057362516,4.355711839333186
131,81,mlp_down_all_blocks_stage4_w6,0.41085224956259486,13.755441681267255,4.331562746262041
224,81,mlp_down_all_blocks_stage4_w6,0.3942267869424541,2.543649202392501,4.156282619156879
301,81,mlp_down_all_blocks_stage4_w6,0.4021495633642189,28.434899233304865,4.239811438171539
345,81,mlp_down_all_blocks_stage4_w6,0.4056565975190552,12.528604898383946,4.276785650947859
384,81,mlp_down_all_blocks_stage4_w6,0.3708550596675195,6.646674161094496,3.9098774861980545
462,81,mlp_down_all_blocks_stage4_w6,0.42049780533670855,10.111771256004165,4.433254607758782
511,81,mlp_down_all_blocks_stage4_w6,0.4081763460599177,2.8412009196053987,4.303351037704699
568,81,mlp_down_all_blocks_stage4_w6,0.41404716905526584,6.6926461402924815,4.365246374054012
679,81,mlp_down_all_blocks_stage4_w6,0.4099853457446443,41.93606895820297,4.32242309012915
712,81,mlp_down_all_blocks_stage4_w6,0.4028784165575416,7.619072884052287,4.247495644216538
780,81,mlp_down_all_blocks_stage4_w6,0.401835390512133,34.449377147902915,4.236499153953961
870,81,mlp_down_all_blocks_stage4_w6,0.3981996165539527,12.989263614843368,4.198167653888305
888,81,mlp_down_all_blocks_stage4_w6,0.3990135578933405,5.608381521426053,4.206748933380113
975,81,mlp_down_all_blocks_stage4_w6,0.4155276257552032,4.376673158509447,4.380854639788786
19,82,mlp_down_all_blocks_stage4_w6,0.4436596875757459,3.112467905747281,4.677447371329467
85,82,mlp_down_all_blocks_stage4_w6,0.4628620791372668,2.6312350305396994,4.879895730844529
131,82,mlp_down_all_blocks_stage4_w6,0.4584181219006496,3.934488824098992,4.833043657787595
224,82,mlp_down_all_blocks_stage4_w6,0.44414723426598357,3.8847964567849544,4.682587513759611
301,82,mlp_down_all_blocks_stage4_w6,0.4656409641183928,10.42572860959217,4.909193159964627
345,82,mlp_down_all_blocks_stage4_w6,0.44603250882937573,5.563006148395801,4.702463722479312
384,82,mlp_down_all_blocks_stage4_w6,0.41528251866111526,3.9412721706081015,4.378270507028831
462,82,mlp_down_all_blocks_stage4_w6,0.4803919199912343,13.743441892340826,5.064710602058663
511,82,mlp_down_all_blocks_stage4_w6,0.43772330800129566,40.087699863995866,4.614860880347039
568,82,mlp_down_all_blocks_stage4_w6,0.46766613841464283,22.11934995356228,4.930544313683909
679,82,mlp_down_all_blocks_stage4_w6,0.46555148541301605,103.9914426444323,4.908249797412258
712,82,mlp_down_all_blocks_stage4_w6,0.4563790080947001,24.40983170321812,4.811545541599494
780,82,mlp_down_all_blocks_stage4_w6,0.45112148646512645,8.61499378345151,4.756116163148789
870,82,mlp_down_all_blocks_stage4_w6,0.43791133002741844,84.75471789375129,4.616843172532848
888,82,mlp_down_all_blocks_stage4_w6,0.45241360334694036,27.790712880845376,4.7697387862573155
975,82,mlp_down_all_blocks_stage4_w6,0.46179083886090666,177.2396156637346,4.868601781551767
19,79,mlp_down_all_blocks_stage4_w4,239.09069310792623,1817.4539439611026,3455.3225649050155
85,79,mlp_down_all_blocks_stage4_w4,264.0111295841816,1948.003262918627,3815.471031431974
131,79,mlp_down_all_blocks_stage4_w4,256.1879459289994,1792.2062820873161,3702.4109090919337
224,79,mlp_down_all_blocks_stage4_w4,233.15651889855872,1492.7866151677988,3369.5622796209323
301,79,mlp_down_all_blocks_stage4_w4,248.8336519347295,2767.5907391432675,3596.1271484945464
345,79,mlp_down_all_blocks_stage4_w4,248.462793793092,1437.2409245367478,3590.7675316540854
384,79,mlp_down_all_blocks_stage4_w4,230.88071970649253,1496.045472689976,3336.672583249567
462,79,mlp_down_all_blocks_stage4_w4,281.2844022696664,2094.854111406623,4065.103202822983
511,79,mlp_down_all_blocks_stage4_w4,257.6380268742359,1679.3623432420056,3723.3673810728515
568,79,mlp_down_all_blocks_stage4_w4,260.89340350588554,1099.949096105632,3770.413864507177
679,79,mlp_down_all_blocks_stage4_w4,262.9451699064302,1905.732327195357,3800.065854091379
712,79,mlp_down_all_blocks_stage4_w4,264.0550123450302,2372.018885446495,3816.105222130907
780,79,mlp_down_all_blocks_stage4_w4,247.79926299395444,2155.876945177932,3581.178229314598
870,79,mlp_down_all_blocks_stage4_w4,244.90195003662754,1847.1446097623482,3539.3064579423667
888,79,mlp_down_all_blocks_stage4_w4,252.0612306731346,1653.4540789043824,3642.771898651277
975,79,mlp_down_all_blocks_stage4_w4,257.50209745741836,950.7453428475615,3721.4029383124134
19,80,mlp_down_all_blocks_stage4_w4,231.7681017087198,1500.0133222512168,3349.496968072453
85,80,mlp_down_all_blocks_stage4_w4,254.81639459369853,1168.0531920511817,3682.5893417352677
131,80,mlp_down_all_blocks_stage4_w4,237.74403506806993,1373.7426549916465,3435.860753774518
224,80,mlp_down_all_blocks_stage4_w4,229.33940895692285,1082.5647555025937,3314.39766429187
301,80,mlp_down_all_blocks_stage4_w4,235.50439960630683,1684.9133681647706,3403.4936931934594
345,80,mlp_down_all_blocks_stage4_w4,235.3665950820414,962.8238085814656,3401.5021515067015
384,80,mlp_down_all_blocks_stage4_w4,218.1932010293658,1520.9344976186458,3153.3134193780547
462,80,mlp_down_all_blocks_stage4_w4,261.93821641122446,1313.2681734519592,3785.5134301196786
511,80,mlp_down_all_blocks_stage4_w4,247.2371848666262,1737.6905668184945,3573.0551141428996
568,80,mlp_down_all_blocks_stage4_w4,251.86616513556717,1397.1989954798714,3639.9528246637847
679,80,mlp_down_all_blocks_stage4_w4,250.50342218079095,1201.7846848533782,3620.2585554281436
712,80,mlp_down_all_blocks_stage4_w4,252.77263449554292,1155.4494267738353,3653.053058692992
780,80,mlp_down_all_blocks_stage4_w4,242.61458097729067,1400.3350400786273,3506.2495546298464
870,80,mlp_down_all_blocks_stage4_w4,236.45067530815504,1415.328173486588,3417.1692057896003
888,80,mlp_down_all_blocks_stage4_w4,244.68645362576717,885.0626802848751,3536.1921183525537
975,80,mlp_down_all_blocks_stage4_w4,243.59220605659718,941.0261587088223,3520.378126313814
19,81,mlp_down_all_blocks_stage4_w4,217.6558816555662,1500.3348726761571,3145.5481160418335
85,81,mlp_down_all_blocks_stage4_w4,237.97700190052728,1594.5737569448706,3439.227574718489
131,81,mlp_down_all_blocks_stage4_w4,227.9296407759539,1620.265004378428,3294.02378966017
224,81,mlp_down_all_blocks_stage4_w4,214.88131826667814,1337.8208228051315,3105.4503131505408
301,81,mlp_down_all_blocks_stage4_w4,226.38352393396144,1686.396279571948,3271.6794133790545
345,81,mlp_down_all_blocks_stage4_w4,225.1371286866381,1439.157513791469,3253.6665933613276
384,81,mlp_down_all_blocks_stage4_w4,207.19683798267306,1671.5499068908748,2994.3947225721795
462,81,mlp_down_all_blocks_stage4_w4,253.29444731099377,1248.273961736986,3660.5942622942134
511,81,mlp_down_all_blocks_stage4_w4,238.13302863197987,1464.4376358492707,3441.48246251403
568,81,mlp_down_all_blocks_stage4_w4,238.50504246373387,1569.5740795233207,3446.8587813100785
679,81,mlp_down_all_blocks_stage4_w4,238.14505724040282,2192.9380279584934,3441.656299151366
712,81,mlp_down_all_blocks_stage4_w4,239.46800351772254,2380.9687708120023,3460.7754294895617
780,81,mlp_down_all_blocks_stage4_w4,230.50346547156005,1433.038997695613,3331.2205305003636
870,81,mlp_down_all_blocks_stage4_w4,224.82889101567704,1921.2137659060097,3249.2119633379634
888,81,mlp_down_all_blocks_stage4_w4,231.47902949208216,1050.3943871475003,3345.3193159018424
975,81,mlp_down_all_blocks_stage4_w4,235.18906700174924,971.2931054960935,3398.9365276684666
19,82,mlp_down_all_blocks_stage4_w4,247.58740792905516,2539.7792527511983,3578.116514210926
85,82,mlp_down_all_blocks_stage4_w4,270.6594745082031,2734.2024505674453,3911.5524636978193
131,82,mlp_down_all_blocks_stage4_w4,253.10628079148955,2470.8018216750224,3657.874892450281
224,82,mlp_down_all_blocks_stage4_w4,240.20606960773148,593.7455075473712,3471.4419108236884
301,82,mlp_down_all_blocks_stage4_w4,259.9868238057389,1347.4524336004117,3757.3120358492647
345,82,mlp_down_all_blocks_stage4_w4,248.5239132008464,2442.2903874866133,3591.6508252111125
384,82,mlp_down_all_blocks_stage4_w4,230.71419958805564,1218.1935014494227,3334.2660457333373
462,82,mlp_down_all_blocks_stage4_w4,287.2039058474447,1335.1364879228836,4150.651469129193
511,82,mlp_down_all_blocks_stage4_w4,257.5754161316181,2031.954913279277,3722.4625348450018
568,82,mlp_down_all_blocks_stage4_w4,266.2258279881389,1237.2779338761238,3847.4777033361725
679,82,mlp_down_all_blocks_stage4_w4,269.0672208349388,889.2790006298546,3888.5413210440997
712,82,mlp_down_all_blocks_stage4_w4,272.2471920897415,1250.8069348528218,3934.4980510599735
780,82,mlp_down_all_blocks_stage4_w4,256.0176091028406,965.2084882697031,3699.949212773227
870,82,mlp_down_all_blocks_stage4_w4,250.64994176471737,2597.5728639674776,3622.376046569101
888,82,mlp_down_all_blocks_stage4_w4,264.4197896060723,2323.6851436014717,3821.3769584952915
975,82,mlp_down_all_blocks_stage4_w4,265.8019179224538,2939.7077403384333,3841.3513836688867
19,79,mlp_down_all_blocks_stage10_w8,0.0015848564944462849,0.009815383982697769,0.012521149827183189
85,79,mlp_down_all_blocks_stage10_w8,0.001320895098615438,0.01873514354231531,0.010435724302933958
131,79,mlp_down_all_blocks_stage10_w8,0.001760660903528333,0.38933092747924997,0.013910091573082276
224,79,mlp_down_all_blocks_stage10_w8,0.0012478425669542048,0.0074483553980257975,0.009858573187113267
301,79,mlp_down_all_blocks_stage10_w8,0.0014546035672537982,0.012601284025606676,0.011492087307944742
345,79,mlp_down_all_blocks_stage10_w8,0.001441451866412535,0.01891996028069798,0.01138818236936336
384,79,mlp_down_all_blocks_stage10_w8,0.001639992697164416,0.009999868560328196,0.012956753086882022
462,79,mlp_down_all_blocks_stage10_w8,0.0012304038973525169,0.013547447330779507,0.009720799075933713
511,79,mlp_down_all_blocks_stage10_w8,0.0012300548260100188,0.038101440336049563,0.009718041239754152
568,79,mlp_down_all_blocks_stage10_w8,0.0011398903006920593,0.01071657058724895,0.009005696914221097
679,79,mlp_down_all_blocks_stage10_w8,0.0013632032205350697,0.18250600722427632,0.010769979382380456
712,79,mlp_down_all_blocks_stage10_w8,0.0012097595463274047,0.010385249886724068,0.009557698496684924
780,79,mlp_down_all_blocks_stage10_w8,0.0013709249906241894,0.01255253146382529,0.010830985183571756
870,79,mlp_down_all_blocks_stage10_w8,0.0012272016174392773,0.01603178978055908,0.009695499481476575
888,79,mlp_down_all_blocks_stage10_w8,0.0017887460819565606,0.023810011527757524,0.014131978367410538
975,79,mlp_down_all_blocks_stage10_w8,0.0014922861009836195,0.31721625993395725,0.011789797953894312
19,80,mlp_down_all_blocks_stage10_w8,0.00129510762803875,0.03600583888676567,0.010231990536573239
85,80,mlp_down_all_blocks_stage10_w8,0.0012630531127797438,0.005404114467864929,0.009978744018921827
131,80,mlp_down_all_blocks_stage10_w8,0.0011209989943381515,0.005354215536669927,0.00885644625454472
224,80,mlp_down_all_blocks_stage10_w8,0.0011315917072352024,0.005948311513861882,0.008940133923254845
301,80,mlp_down_all_blocks_stage10_w8,0.001209016190841794,0.0074005047483751705,0.009551825620848654
345,80,mlp_down_all_blocks_stage10_w8,0.001264657243154943,0.012911949855947569,0.009991417441935576
384,80,mlp_down_all_blocks_stage10_w8,0.0010727130866143852,0.004614781705132741,0.00847496371194893
462,80,mlp_down_all_blocks_stage10_w8,0.0011076245946242125,0.012422790881160493,0.008750781884771372
511,80,mlp_down_all_blocks_stage10_w8,0.0013279704144224524,0.012429451517391499,0.01049162279570268
568,80,mlp_down_all_blocks_stage10_w8,0.0011898395605385301,0.010702489801815318,0.009400320760913964
679,80,mlp_down_all_blocks_stage10_w8,0.0011276558507233856,0.013845441048033535,0.008909038711003485
712,80,mlp_down_all_blocks_stage10_w8,0.001095555373467505,0.013976945728760628,0.008655429070854082
780,80,mlp_down_all_blocks_stage10_w8,0.0012118719314457849,0.017880616023944636,0.009574387383440689
870,80,mlp_down_all_blocks_stage10_w8,0.0011220210581086574,0.008312184357379238,0.008864521063619412
888,80,mlp_down_all_blocks_stage10_w8,0.0012445062311599031,0.00753497780985768,0.009832214484921217
975,80,mlp_down_all_blocks_stage10_w8,0.0012318185181356966,0.006762291468248805,0.009731975279480791
19,81,mlp_down_all_blocks_stage10_w8,0.0014814974274486303,0.13376479329355107,0.011704562099265493
85,81,mlp_down_all_blocks_stage10_w8,0.0011012605973519385,0.011080525005411346,0.008700503160088625
131,81,mlp_down_all_blocks_stage10_w8,0.0011226677197555544,0.014674888965259925,0.008869630010326363
224,81,mlp_down_all_blocks_stage10_w8,0.0015772171318531036,0.007128901645273799,0.012460795085950407
301,81,mlp_down_all_blocks_stage10_w8,0.001382169662974775,0.3798768813989036,0.010919823654280398
345,81,mlp_down_all_blocks_stage10_w8,0.001238202501554042,0.00849690322610641,0.00978241190459825
384,81,mlp_down_all_blocks_stage10_w8,0.0011384292738512158,0.007232991443856918,0.008994154079876257
462,81,mlp_down_all_blocks_stage10_w8,0.0015574183310036458,0.012576631654169999,0.012304374771112226
511,81,mlp_down_all_blocks_stage10_w8,0.0017001699889078734,0.06318924395986869,0.01343218344209358
568,81,mlp_down_all_blocks_stage10_w8,0.0013075015885988253,0.024575920119630727,0.01032990895232174
679,81,mlp_down_all_blocks_stage10_w8,0.001257824260392226,0.019064558425327505,0.00993743350002137
712,81,mlp_down_all_blocks_stage10_w8,0.0011777678155340252,0.008609647636887985,0.009304948007351337
780,81,mlp_down_all_blocks_stage10_w8,0.00119852862553671,0.007213628920126781,0.009468968670097916
870,81,mlp_down_all_blocks_stage10_w8,0.0011883441848112852,0.012841883371947917,0.009388506553385157
888,81,mlp_down_all_blocks_stage10_w8,0.0011849929578602314,0.008103016586801457,0.009362030203692877
975,81,mlp_down_all_blocks_stage10_w8,0.0011156797991134228,0.005580989238296752,0.008814421982566623
19,82,mlp_down_all_blocks_stage10_w8,0.0013584874250227585,0.007986826526121149,0.010732722266439095
85,82,mlp_down_all_blocks_stage10_w8,0.0013377955328905957,0.017777997672851598,0.010569246088941242
131,82,mlp_down_all_blocks_stage10_w8,0.001449355753720738,0.007988275121590505,0.011450626986620492
224,82,mlp_down_all_blocks_stage10_w8,0.0014935642830096187,0.005818305288499914,0.011799896223807099
301,82,mlp_down_all_blocks_stage10_w8,0.0016072106081992388,0.008191663457196796,0.012697758377254105
345,82,mlp_down_all_blocks_stage10_w8,0.0014859077673463619,0.021690706081471948,0.011739405964840586
384,82,mlp_down_all_blocks_stage10_w8,0.00226718868361786,0.016598573981141836,0.017911911452898797
462,82,mlp_down_all_blocks_stage10_w8,0.0014904182753525672,0.006796515875976183,0.011775041207993714
511,82,mlp_down_all_blocks_stage10_w8,0.0013235104852356019,0.02903919494305285,0.010456387150227602
568,82,mlp_down_all_blocks_stage10_w8,0.001389257042319514,0.015527573330132325,0.010975817454961113
679,82,mlp_down_all_blocks_stage10_w8,0.0013656379305757584,0.025868374433489553,0.010789214795373392
712,82,mlp_down_all_blocks_stage10_w8,0.001528757915366441,0.026304701777153387,0.012077943318447382
780,82,mlp_down_all_blocks_stage10_w8,0.001599500887095928,0.012073955673486125,0.012636847769007472
870,82,mlp_down_all_blocks_stage10_w8,0.0012050992409058383,0.006681022290194961,0.009520879779893627
888,82,mlp_down_all_blocks_stage10_w8,0.0015772779588587584,0.017779275016209798,0.012461275649366723
975,82,mlp_down_all_blocks_stage10_w8,0.0018395137158222499,0.005699938582722553,0.014533067773442826
19,79,mlp_down_all_blocks_stage10_w6,0.1575169426650973,3.405086295175693,1.2192880112461715
85,79,mlp_down_all_blocks_stage10_w6,0.14543527562636882,1.6230301055645666,1.1257677109727597
131,79,mlp_down_all_blocks_stage10_w6,0.15847910678712648,5.809901255596741,1.226735814377646
224,79,mlp_down_all_blocks_stage10_w6,0.14747120598622132,2.2669949542290198,1.1415271933338298
301,79,mlp_down_all_blocks_stage10_w6,0.1460377961630002,1.1794025543947553,1.1304316287356013
345,79,mlp_down_all_blocks_stage10_w6,0.1437553672294598,2.903589588088323,1.1127640801652607
384,79,mlp_down_all_blocks_stage10_w6,0.1382192343007773,1.9525376177307976,1.069910655039054
462,79,mlp_down_all_blocks_stage10_w6,0.14879719103919342,2.393114602149126,1.151791217322779
511,79,mlp_down_all_blocks_stage10_w6,0.14627045195084065,1.7164825179675633,1.132232542390103
568,79,mlp_down_all_blocks_stage10_w6,0.14808061662188265,0.8176677502913776,1.1462444451380853
679,79,mlp_down_all_blocks_stage10_w6,0.15263571230752856,5.809314949546263,1.181503976370835
712,79,mlp_down_all_blocks_stage10_w6,0.15727927794796415,3.7295622682081557,1.2174483250803934
780,79,mlp_down_all_blocks_stage10_w6,0.1430540548171848,1.5114727935529686,1.1073354462547924
870,79,mlp_down_all_blocks_stage10_w6,0.1477670823369408,3.9917061506178584,1.1438174770400755
888,79,mlp_down_all_blocks_stage10_w6,0.15039640340546612,2.7549496223864485,1.1641702061010126
975,79,mlp_down_all_blocks_stage10_w6,0.1621591714792885,12.181637119534399,1.2552220120135635
19,80,mlp_down_all_blocks_stage10_w6,0.1428979192753559,2.9243955244778914,1.1061268512232967
85,80,mlp_down_all_blocks_stage10_w6,0.14377592073287815,1.4688890878949226,1.112923178227241
131,80,mlp_down_all_blocks_stage10_w6,0.1458996877554455,1.3076072809315207,1.129362575954773
224,80,mlp_down_all_blocks_stage10_w6,0.1508304514136398,1.081019065007524,1.1675300321852242
301,80,mlp_down_all_blocks_stage10_w6,0.13357365220144854,1.4108077410654118,1.033950697569498
345,80,mlp_down_all_blocks_stage10_w6,0.14215001708362254,2.3679714267297527,1.1003375808087226
384,80,mlp_down_all_blocks_stage10_w6,0.13005636760499326,0.8133617867725073,1.0067245283204105
462,80,mlp_down_all_blocks_stage10_w6,0.14191203923837747,2.4775899563509545,1.0984954708189012
511,80,mlp_down_all_blocks_stage10_w6,0.14911640889476982,1.6159448394899167,1.1542621801137947
568,80,mlp_down_all_blocks_stage10_w6,0.1386235841200687,1.168559138579212,1.0730405969911383
679,80,mlp_down_all_blocks_stage10_w6,0.13272840398713012,3.2772515088649072,1.0274079028909797
712,80,mlp_down_all_blocks_stage10_w6,0.14026629459931428,2.012021979221973,1.0857562906771892
780,80,mlp_down_all_blocks_stage10_w6,0.1351381061540451,1.0564928670195997,1.046060632642345
870,80,mlp_down_all_blocks_stage10_w6,0.13912449299823493,1.1202305185248915,1.0769179715740962
888,80,mlp_down_all_blocks_stage10_w6,0.13787492383562494,2.7944497211588164,1.067245458424621
975,80,mlp_down_all_blocks_stage10_w6,0.14127932047995273,1.2813007708314785,1.093597798329929
19,81,mlp_down_all_blocks_stage10_w6,0.13926432993321214,8.957865427425986,1.0780004043299782
85,81,mlp_down_all_blocks_stage10_w6,0.1250723458942957,1.7147241713718129,0.9681448186280721
131,81,mlp_down_all_blocks_stage10_w6,0.12888130395731423,2.703348838121087,0.9976287384083854
224,81,mlp_down_all_blocks_stage10_w6,0.14703176921466365,0.5826843134992147,1.138125654564758
301,81,mlp_down_all_blocks_stage10_w6,0.13275196061294992,3.433765983568325,1.0275902471579617
345,81,mlp_down_all_blocks_stage10_w6,0.13889950152952227,3.043185830114851,1.0751763849498732
384,81,mlp_down_all_blocks_stage10_w6,0.11967364989686759,1.3360136522841801,0.9263552486005341
462,81,mlp_down_all_blocks_stage10_w6,0.15892022133994035,3.1672607654168705,1.2301503403120129
511,81,mlp_down_all_blocks_stage10_w6,0.15385493385838345,0.6747314559379447,1.1909415784145148
568,81,mlp_down_all_blocks_stage10_w6,0.13842893671244383,1.2896823826927741,1.0715338939881367
679,81,mlp_down_all_blocks_stage10_w6,0.1369400053663412,3.5431669993511723,1.0600085551315324
712,81,mlp_down_all_blocks_stage10_w6,0.139466040127445,2.414514767434696,1.0795617780934166
780,81,mlp_down_all_blocks_stage10_w6,0.13347612653160468,0.7492580960399665,1.0331957827138802
870,81,mlp_down_all_blocks_stage10_w6,0.13616676259061936,1.5056454075988517,1.0540231314033377
888,81,mlp_down_all_blocks_stage10_w6,0.1344067039208312,0.9920672652035593,1.0403990831019094
975,81,mlp_down_all_blocks_stage10_w6,0.14260406972607598,0.8870525023628489,1.103852256335375
19,82,mlp_down_all_blocks_stage10_w6,0.1608760976960184,0.9772265106346936,1.2452901503673424
85,82,mlp_down_all_blocks_stage10_w6,0.14979004435008392,0.9369996563229961,1.1594765755986103
131,82,mlp_down_all_blocks_stage10_w6,0.15992008517787326,0.7396675481301713,1.2378899648237849
224,82,mlp_down_all_blocks_stage10_w6,0.1681168164359406,1.3991760127746602,1.3013382262315576
301,82,mlp_down_all_blocks_stage10_w6,0.16656467365100983,1.246275365389934,1.2893235879495535
345,82,mlp_down_all_blocks_stage10_w6,0.159672276731726,1.340566653679673,1.2359717593129318
384,82,mlp_down_all_blocks_stage10_w6,0.15532651694957167,1.2230723875827785,1.2023326300073156
462,82,mlp_down_all_blocks_stage10_w6,0.16478122310945767,3.4760222847428963,1.2755184706893208
511,82,mlp_down_all_blocks_stage10_w6,0.14423739875201136,3.7678277230234585,1.1164953312075023
568,82,mlp_down_all_blocks_stage10_w6,0.15857225912623107,2.788515556451898,1.2274568766860432
679,82,mlp_down_all_blocks_stage10_w6,0.15622629324207085,4.002686678658424,1.2092975090081755
712,82,mlp_down_all_blocks_stage10_w6,0.16950436221668497,2.53038146857881,1.3120787720223293
780,82,mlp_down_all_blocks_stage10_w6,0.16009407382171048,1.5993446043244717,1.2392367549781287
870,82,mlp_down_all_blocks_stage10_w6,0.15396558853171882,1.9160149758653235,1.1917981206651669
888,82,mlp_down_all_blocks_stage10_w6,0.16563643852714446,1.0220632611574274,1.2821384182846434
975,82,mlp_down_all_blocks_stage10_w6,0.16270851017907262,0.6442218416963215,1.259474266275408
19,79,mlp_down_all_blocks_stage10_w4,73.9972162937047,190.64329709313054,467.67273504113064
85,79,mlp_down_all_blocks_stage10_w4,68.20756493281806,437.2475756305248,431.0813303572924
131,79,mlp_down_all_blocks_stage10_w4,77.00217287673148,323.1231332958016,486.6644800587543
224,79,mlp_down_all_blocks_stage10_w4,68.47634122231104,385.52993818672644,432.78003402098796
301,79,mlp_down_all_blocks_stage10_w4,75.75484977808084,487.9233749473465,478.7812239817882
345,79,mlp_down_all_blocks_stage10_w4,76.30129946724627,428.8577980762752,482.2348622873161
384,79,mlp_down_all_blocks_stage10_w4,59.6038173325942,380.57402689706305,376.70444466703196
462,79,mlp_down_all_blocks_stage10_w4,85.8069002784905,871.1314418703912,542.3115861462105
511,79,mlp_down_all_blocks_stage10_w4,78.09469144523611,552.9732645709964,493.5693498985573
568,79,mlp_down_all_blocks_stage10_w4,76.4770729171869,308.0376569529811,483.34577502429084
679,79,mlp_down_all_blocks_stage10_w4,79.21995245199649,379.87704214994034,500.68115651811974
712,79,mlp_down_all_blocks_stage10_w4,78.43060556458657,552.4530636981501,495.6923740176272
780,79,mlp_down_all_blocks_stage10_w4,69.83408185932785,523.6729147370887,441.36114435181213
870,79,mlp_down_all_blocks_stage10_w4,75.59269206809405,523.2119628049279,477.7563646217209
888,79,mlp_down_all_blocks_stage10_w4,70.96361500766943,481.4006542247052,448.4999515024463
975,79,mlp_down_all_blocks_stage10_w4,81.30877085664542,281.95485582563674,513.8827803796045
19,80,mlp_down_all_blocks_stage10_w4,72.0711351010052,753.228434443418,455.4996330730004
85,80,mlp_down_all_blocks_stage10_w4,74.25366933032636,481.87018978179657,469.29355402667755
131,80,mlp_down_all_blocks_stage10_w4,73.20901725822479,391.78710932018777,462.69120712504565
224,80,mlp_down_all_blocks_stage10_w4,75.59162081443355,384.93632461430207,477.7495941490677
301,80,mlp_down_all_blocks_stage10_w4,73.30414452345576,645.8501044918885,463.2924247185693
345,80,mlp_down_all_blocks_stage10_w4,73.6982877710252,365.24448311310096,465.78346505523774
384,80,mlp_down_all_blocks_stage10_w4,61.76319714740384,347.591291320954,390.3520264892491
462,80,mlp_down_all_blocks_stage10_w4,79.48882684792989,727.645876470744,502.3804802282118
511,80,mlp_down_all_blocks_stage10_w4,79.45959372006838,716.4050496205598,502.19572277995144
568,80,mlp_down_all_blocks_stage10_w4,71.74385668060857,534.390318610102,453.43118777663517
679,80,mlp_down_all_blocks_stage10_w4,71.32000399848039,618.2752526587547,450.75237966689997
712,80,mlp_down_all_blocks_stage10_w4,75.62674119778966,512.5206044840596,477.97155987376
780,80,mlp_down_all_blocks_stage10_w4,72.08318842898008,665.2397423567735,455.57581178812916
870,80,mlp_down_all_blocks_stage10_w4,72.74947363999672,711.8114406655677,459.7868273176433
888,80,mlp_down_all_blocks_stage10_w4,72.08019797594172,368.2457476735732,455.5569117075381
975,80,mlp_down_all_blocks_stage10_w4,77.11961455644634,370.52444127510836,487.40672786632143
19,81,mlp_down_all_blocks_stage10_w4,70.23082199123745,255.23265188312732,443.86859735996705
85,81,mlp_down_all_blocks_stage10_w4,60.33424803172238,669.0661060463566,381.3208686344339
131,81,mlp_down_all_blocks_stage10_w4,65.23982403462286,788.3293620992439,412.324793662135
224,81,mlp_down_all_blocks_stage10_w4,69.66265333537014,320.20179370880805,440.2776921534868
301,81,mlp_down_all_blocks_stage10_w4,67.34192759456347,481.6072529059789,425.61038155932135
345,81,mlp_down_all_blocks_stage10_w4,71.99275247141485,433.122222574768,455.0042439138361
384,81,mlp_down_all_blocks_stage10_w4,57.03065156057709,495.69627352182493,360.4416778416285
462,81,mlp_down_all_blocks_stage10_w4,80.68752594818943,330.21000123829316,509.95642584871507
511,81,mlp_down_all_blocks_stage10_w4,80.0460290365154,218.99516496137292,505.9020758308408
568,81,mlp_down_all_blocks_stage10_w4,69.89951268142615,385.4591221123776,441.77467627989495
679,81,mlp_down_all_blocks_stage10_w4,70.40761150613253,393.76303582039856,444.9859317692698
712,81,mlp_down_all_blocks_stage10_w4,70.82883170020068,510.68692519420847,447.64810218703957
780,81,mlp_down_all_blocks_stage10_w4,69.95881365705645,364.09129431971587,442.1494667227348
870,81,mlp_down_all_blocks_stage10_w4,70.30219416148701,437.4971544530501,444.3196794376218
888,81,mlp_down_all_blocks_stage10_w4,72.60985759138204,243.97232261807085,458.90443440367073
975,81,mlp_down_all_blocks_stage10_w4,72.7373809997225,232.62871043601902,459.7104001432958
19,82,mlp_down_all_blocks_stage10_w4,77.93168153672013,626.03626435705,492.53910452484104
85,82,mlp_down_all_blocks_stage10_w4,72.79965600250578,400.1364287164578,460.1039868528384
131,82,mlp_down_all_blocks_stage10_w4,72.31209060813126,481.3186392032896,457.0225055090876
224,82,mlp_down_all_blocks_stage10_w4,80.39857995638158,274.8699552514786,508.13024685122963
301,82,mlp_down_all_blocks_stage10_w4,83.31226092699218,382.7286488836922,526.5451172587085
345,82,mlp_down_all_blocks_stage10_w4,75.45966360290551,205.6655537012584,476.91560615445485
384,82,mlp_down_all_blocks_stage10_w4,70.03447945090011,375.1565662102526,442.62768510078115
462,82,mlp_down_all_blocks_stage10_w4,88.32184952660464,548.4721047654117,558.2064164150518
511,82,mlp_down_all_blocks_stage10_w4,74.8770692392718,647.9410084516443,473.23352846144167
568,82,mlp_down_all_blocks_stage10_w4,79.13851373796933,494.03648710678664,500.16645247876585
679,82,mlp_down_all_blocks_stage10_w4,79.2190250288695,453.97377472618535,500.67529507451326
712,82,mlp_down_all_blocks_stage10_w4,73.43446398555535,538.8687101684,464.11606190820766
780,82,mlp_down_all_blocks_stage10_w4,76.76489120471525,287.1274471553268,485.164826773332
870,82,mlp_down_all_blocks_stage10_w4,76.42617026968674,398.791542344451,483.0240631874192
888,82,mlp_down_all_blocks_stage10_w4,87.28780648822432,358.3536288106766,551.6711200872803
975,82,mlp_down_all_blocks_stage10_w4,83.39921118912753,151.16326833454346,527.0946550513733
19,79,mlp_down_all_blocks_stage15_w8,0.002232972070487449,0.003083032201402602,0.00308631826380574
85,79,mlp_down_all_blocks_stage15_w8,0.0016878933529369535,0.003309243894278779,0.0023329338290328195
131,79,mlp_down_all_blocks_stage15_w8,0.0025639429222792387,0.004368404137721881,0.00354377198576356
224,79,mlp_down_all_blocks_stage15_w8,0.0021088451612740755,0.0037875404505598458,0.00291475537146228
301,79,mlp_down_all_blocks_stage15_w8,0.0020591862412402406,0.004487633974918026,0.0028461189411696985
345,79,mlp_down_all_blocks_stage15_w8,0.00201252604892943,0.00387257289014542,0.0027816272237743676
384,79,mlp_down_all_blocks_stage15_w8,0.0020317984162829816,0.004203894147167375,0.002808264663685139
462,79,mlp_down_all_blocks_stage15_w8,0.001687447135054754,0.0035238022649224376,0.002332317085806305
511,79,mlp_down_all_blocks_stage15_w8,0.00187235331395641,0.0054801556605639234,0.002587886478982878
568,79,mlp_down_all_blocks_stage15_w8,0.001800052894395776,0.003529049901544568,0.0024879559387311627
679,79,mlp_down_all_blocks_stage15_w8,0.0019096741452813146,0.005216498641061662,0.002639469732020755
712,79,mlp_down_all_blocks_stage15_w8,0.0022757366568839643,0.003967673903346736,0.003145425641718824
780,79,mlp_down_all_blocks_stage15_w8,0.001908444974105805,0.0036720321237453386,0.002637770824319016
870,79,mlp_down_all_blocks_stage15_w8,0.0018899808783316987,0.011641027779262458,0.0026122505427331193
888,79,mlp_down_all_blocks_stage15_w8,0.002249951536214212,0.005051769187048195,0.0031097865533892873
975,79,mlp_down_all_blocks_stage15_w8,0.002052601892501116,0.0067374334332725985,0.002837018336626807
19,80,mlp_down_all_blocks_stage15_w8,0.0014592717780033126,0.005147348017374043,0.0020169428896281458
85,80,mlp_down_all_blocks_stage15_w8,0.0013270977797219528,0.0025496442263488457,0.001834257655769874
131,80,mlp_down_all_blocks_stage15_w8,0.0010488816187717023,0.0019795761480736478,0.001449719205793098
224,80,mlp_down_all_blocks_stage15_w8,0.0015148125821724532,0.0028107248276683094,0.002093709008004296
301,80,mlp_down_all_blocks_stage15_w8,0.0012597906898008662,0.0035848143538856903,0.0017412286816718154
345,80,mlp_down_all_blocks_stage15_w8,0.001186321740533458,0.00317710313504449,0.001639683049756625
384,80,mlp_down_all_blocks_stage15_w8,0.0010835797475010624,0.002385974046024586,0.0014976774717439703
462,80,mlp_down_all_blocks_stage15_w8,0.0009217135520884768,0.0034543428788147428,0.0012739529559753705
511,80,mlp_down_all_blocks_stage15_w8,0.0018143469205824658,0.004008496434678932,0.0025077125289126364
568,80,mlp_down_all_blocks_stage15_w8,0.0014312097919173537,0.004009620716942664,0.0019781568155341463
679,80,mlp_down_all_blocks_stage15_w8,0.0016363152099074796,0.010719935599183827,0.0022616447309966314
712,80,mlp_down_all_blocks_stage15_w8,0.0009398450492881238,0.0020325464765882373,0.0012990135340708224
780,80,mlp_down_all_blocks_stage15_w8,0.0013433006242848933,0.004896258485644011,0.0018566525328761031
870,80,mlp_down_all_blocks_stage15_w8,0.0014508470194414256,0.005138170194868507,0.0020052985495303184
888,80,mlp_down_all_blocks_stage15_w8,0.0011088568880950336,0.003116669065505562,0.0015326144517908943
975,80,mlp_down_all_blocks_stage15_w8,0.0010827540536411107,0.0022496807785046258,0.0014965362330899082
19,81,mlp_down_all_blocks_stage15_w8,0.0017419143696315589,0.002985965928246515,0.0024075993623180253
85,81,mlp_down_all_blocks_stage15_w8,0.0012824032019125298,0.003902273928758859,0.0017724827264684981
131,81,mlp_down_all_blocks_stage15_w8,0.0013130338047631085,0.003220617129954917,0.0018148190325327671
224,81,mlp_down_all_blocks_stage15_w8,0.0025466160877840593,0.0040496687684026264,0.0035198235779607084
301,81,mlp_down_all_blocks_stage15_w8,0.002744628582149744,0.00709686421511435,0.0037935079584774504
345,81,mlp_down_all_blocks_stage15_w8,0.0016087165276985618,0.0049618500015640166,0.002223499015658705
384,81,mlp_down_all_blocks_stage15_w8,0.0015186834643827753,0.002768705234586832,0.002099059175442866
462,81,mlp_down_all_blocks_stage15_w8,0.002239925452158786,0.004900029859584265,0.003095928929846348
511,81,mlp_down_all_blocks_stage15_w8,0.0026082128752022977,0.0049165556138177635,0.0036049600167515302
568,81,mlp_down_all_blocks_stage15_w8,0.001772086427081376,0.0028817255772537465,0.0024493018865881294
679,81,mlp_down_all_blocks_stage15_w8,0.001705352075077826,0.003037935706061035,0.0023570645262852587
712,81,mlp_down_all_blocks_stage15_w8,0.0018248938722535966,0.0035231726743951692,0.0025222900733433565
780,81,mlp_down_all_blocks_stage15_w8,0.0014057748048799112,0.00298682419548868,0.0019430016669002522
870,81,mlp_down_all_blocks_stage15_w8,0.001975144492462278,0.007382726621926849,0.0027299600390482855
888,81,mlp_down_all_blocks_stage15_w8,0.0016763713938416913,0.003274731101157613,0.0023170086711410028
975,81,mlp_down_all_blocks_stage15_w8,0.0015103732148418205,0.0024918137196436874,0.002087573104804538
19,82,mlp_down_all_blocks_stage15_w8,0.0015722857788205145,0.002234731099861165,0.0021731459964192423
85,82,mlp_down_all_blocks_stage15_w8,0.0015675186295993626,0.0024134300736591285,0.00216655704714308
131,82,mlp_down_all_blocks_stage15_w8,0.0015475014224648478,0.0022053287380003894,0.0021388901216198475
224,82,mlp_down_all_blocks_stage15_w8,0.0021828106982866306,0.002435144786730348,0.003016987365669093
301,82,mlp_down_all_blocks_stage15_w8,0.0023588554213347383,0.0026418624620561104,0.0032603088344733988
345,82,mlp_down_all_blocks_stage15_w8,0.0017488437006250026,0.002842026274322507,0.0024171767865427502
384,82,mlp_down_all_blocks_stage15_w8,0.001984621689189226,0.002707399284247458,0.0027430590140577107
462,82,mlp_down_all_blocks_stage15_w8,0.0019738593255169694,0.004211228943759694,0.0027281837363941825
511,82,mlp_down_all_blocks_stage15_w8,0.0013536670739995318,0.00288445399043269,0.0018709805952410428
568,82,mlp_down_all_blocks_stage15_w8,0.0017119771946454423,0.002431240573059768,0.002366221482519363
679,82,mlp_down_all_blocks_stage15_w8,0.0017591021751286464,0.0027733587776879176,0.0024313556102001682
712,82,mlp_down_all_blocks_stage15_w8,0.002183352946303785,0.003329147070417093,0.003017736837631136
780,82,mlp_down_all_blocks_stage15_w8,0.002014070807490498,0.0031401114009241837,0.0027837623228305565
870,82,mlp_down_all_blocks_stage15_w8,0.0019550526048988104,0.0034230239050998534,0.0027021898934378548
888,82,mlp_down_all_blocks_stage15_w8,0.002117303258273751,0.0027464913250696554,0.0029264457905195324
975,82,mlp_down_all_blocks_stage15_w8,0.0018241126672364774,0.0020977280629779216,0.002521210325260531
19,79,mlp_down_all_blocks_stage15_w6,0.06769379840989133,0.12214672748075374,0.1116582455056613
85,79,mlp_down_all_blocks_stage15_w6,0.05517005997535308,0.11117228967137292,0.09100083384285187
131,79,mlp_down_all_blocks_stage15_w6,0.0640548449009657,0.1422252124314127,0.10565593548867849
224,79,mlp_down_all_blocks_stage15_w6,0.06447731454682071,0.13130041019043404,0.10635278247530991
301,79,mlp_down_all_blocks_stage15_w6,0.0557562034955481,0.09190559230279405,0.09196765441751069
345,79,mlp_down_all_blocks_stage15_w6,0.059847071373951614,0.12486267530313454,0.09871537932921041
384,79,mlp_down_all_blocks_stage15_w6,0.053647227003239095,0.10417460427584047,0.08848898103124228
462,79,mlp_down_all_blocks_stage15_w6,0.059211227944842904,0.11943960959934331,0.09766658071872783
511,79,mlp_down_all_blocks_stage15_w6,0.0526925689773634,0.11064727559488576,0.0869143103415916
568,79,mlp_down_all_blocks_stage15_w6,0.05609795848431532,0.10818659488677439,0.09253136576677631
679,79,mlp_down_all_blocks_stage15_w6,0.06731055659474804,0.1510730433224126,0.11102610327567154
712,79,mlp_down_all_blocks_stage15_w6,0.0640516964631388,0.1449960633341334,0.1056507422648959
780,79,mlp_down_all_blocks_stage15_w6,0.05530775972874835,0.10305233748078992,0.09122796414476787
870,79,mlp_down_all_blocks_stage15_w6,0.0510205623031652,0.10329649070457947,0.08415640140310532
888,79,mlp_down_all_blocks_stage15_w6,0.06853527717703399,0.1485320392430367,0.11304623148039554
975,79,mlp_down_all_blocks_stage15_w6,0.05527098034508526,0.105979614950229,0.09116729800478067
19,80,mlp_down_all_blocks_stage15_w6,0.058334710847702816,0.2443174100890246,0.09622080040322885
85,80,mlp_down_all_blocks_stage15_w6,0.05764363963680807,0.13600290459108066,0.09508090574905761
131,80,mlp_down_all_blocks_stage15_w6,0.0465874039218761,0.09016691050675618,0.07684408183276298
224,80,mlp_down_all_blocks_stage15_w6,0.06192984406152391,0.09170253186425724,0.1021508305750287
301,80,mlp_down_all_blocks_stage15_w6,0.04127426813647616,0.07869229377674003,0.06808027430731002
345,80,mlp_down_all_blocks_stage15_w6,0.05910918406516431,0.25850942514944103,0.09749826337153879
384,80,mlp_down_all_blocks_stage15_w6,0.04305592545370019,0.08681947177879577,0.07101904764853961
462,80,mlp_down_all_blocks_stage15_w6,0.04979726226883941,0.13986889184555906,0.0821386163361076
511,80,mlp_down_all_blocks_stage15_w6,0.06289981641748454,0.0971834726353933,0.10375076164699722
568,80,mlp_down_all_blocks_stage15_w6,0.05203443301434163,0.10719968859172012,0.0858287410773257
679,80,mlp_down_all_blocks_stage15_w6,0.0469349668128416,0.12564789051077696,0.07741737308720102
712,80,mlp_down_all_blocks_stage15_w6,0.05234828517131974,0.17096228980875594,0.0863464278081566
780,80,mlp_down_all_blocks_stage15_w6,0.05406444807886146,0.17957089021712136,0.08917717070867617
870,80,mlp_down_all_blocks_stage15_w6,0.055431611370295286,0.13311255849254164,0.09143225253340859
888,80,mlp_down_all_blocks_stage15_w6,0.04684322444245481,0.09295597795791366,0.07726604767251692
975,80,mlp_down_all_blocks_stage15_w6,0.056526019121520214,0.11558304799137888,0.09323743487270714
19,81,mlp_down_all_blocks_stage15_w6,0.06445400236407295,0.13191179401405861,0.10631432995106596
85,81,mlp_down_all_blocks_stage15_w6,0.0440092872013338,0.1338050767333954,0.07259158017845338
131,81,mlp_down_all_blocks_stage15_w6,0.04712756420485675,0.09898367004376495,0.07773505487469895
224,81,mlp_down_all_blocks_stage15_w6,0.0643966003699461,0.07804059681484432,0.10621964763003677
301,81,mlp_down_all_blocks_stage15_w6,0.05815132008865475,0.11604006554684076,0.0959183045930031
345,81,mlp_down_all_blocks_stage15_w6,0.05166254054711316,0.12078016496911913,0.08521531914824342
384,81,mlp_down_all_blocks_stage15_w6,0.04464422493765596,0.08019860458240656,0.07363888488447369
462,81,mlp_down_all_blocks_stage15_w6,0.07414464945031794,0.1353660742820466,0.12229866938660512
511,81,mlp_down_all_blocks_stage15_w6,0.07741265336517246,0.15818585543661356,0.12768911270652036
568,81,mlp_down_all_blocks_stage15_w6,0.06044255034066736,0.09690484270987555,0.09969759835400795
679,81,mlp_down_all_blocks_stage15_w6,0.05605906549681095,0.0874810220229847,0.09246721332077355
712,81,mlp_down_all_blocks_stage15_w6,0.05880088249455184,0.1493542319526888,0.09698973211358242
780,81,mlp_down_all_blocks_stage15_w6,0.05309576718718745,0.08353037414531171,0.08757936985601528
870,81,mlp_down_all_blocks_stage15_w6,0.06030246132286265,0.14288838104226897,0.09946652705486218
888,81,mlp_down_all_blocks_stage15_w6,0.059066961985081434,0.09307316150972154,0.09742861971887941
975,81,mlp_down_all_blocks_stage15_w6,0.057341158055351116,0.07297525216768008,0.094581974333232
19,82,mlp_down_all_blocks_stage15_w6,0.06321328759077004,0.08075798646547129,0.104267819960282
85,82,mlp_down_all_blocks_stage15_w6,0.056461259257048375,0.08992170568893698,0.09313061603529568
131,82,mlp_down_all_blocks_stage15_w6,0.05876459623686969,0.09502960353029268,0.09692987936541453
224,82,mlp_down_all_blocks_stage15_w6,0.06530311996175442,0.07558266614144314,0.10771491587491983
301,82,mlp_down_all_blocks_stage15_w6,0.06438081458691158,0.10457409161682561,0.10619360960470844
345,82,mlp_down_all_blocks_stage15_w6,0.0652155262650922,0.09562660730517793,0.10757043353360642
384,82,mlp_down_all_blocks_stage15_w6,0.057930752926040434,0.07375161773950367,0.09555448777414842
462,82,mlp_down_all_blocks_stage15_w6,0.07527503260644153,0.25276741109885853,0.12416319173468877
511,82,mlp_down_all_blocks_stage15_w6,0.05275186996732373,0.13803877755782423,0.08701212498120785
568,82,mlp_down_all_blocks_stage15_w6,0.059387320434325375,0.11039118504147892,0.09795703832170176
679,82,mlp_down_all_blocks_stage15_w6,0.05823390076693614,0.09108737718457861,0.09605451815859052
712,82,mlp_down_all_blocks_stage15_w6,0.06819555669790135,0.14673447689240504,0.11248587597437698
780,82,mlp_down_all_blocks_stage15_w6,0.06090917281107977,0.12133176092250152,0.10046727368001468
870,82,mlp_down_all_blocks_stage15_w6,0.06799770041834564,0.14472752593587754,0.11215951985968982
888,82,mlp_down_all_blocks_stage15_w6,0.06869062391342595,0.10925596603057386,0.11330246978343073
975,82,mlp_down_all_blocks_stage15_w6,0.0639910961035639,0.06964472664128606,0.105550784366446
19,79,mlp_down_all_blocks_stage15_w4,22.41127734058318,37.971592438136675,36.584155419557355
85,79,mlp_down_all_blocks_stage15_w4,17.053436892514583,27.60970495474308,27.838019950054846
131,79,mlp_down_all_blocks_stage15_w4,19.243684482295066,25.52717591260284,31.413378775619897
224,79,mlp_down_all_blocks_stage15_w4,17.713438995764587,28.493548041378286,28.91540697961113
301,79,mlp_down_all_blocks_stage15_w4,20.45699650165625,29.2584384983366,33.39398857372128
345,79,mlp_down_all_blocks_stage15_w4,21.241259414615346,35.27938791055525,34.67421887302397
384,79,mlp_down_all_blocks_stage15_w4,16.513502309389878,24.486692109794607,26.956631066893845
462,79,mlp_down_all_blocks_stage15_w4,21.276476874131045,31.265117117522603,34.73170783239137
511,79,mlp_down_all_blocks_stage15_w4,18.492467892647255,31.135723222873537,30.187093274272826
568,79,mlp_down_all_blocks_stage15_w4,20.13902473183407,32.661925119743955,32.87493165119856
679,79,mlp_down_all_blocks_stage15_w4,23.543669243110344,33.46171546470532,38.43267126844578
712,79,mlp_down_all_blocks_stage15_w4,17.762560717193992,36.119738374730616,28.99559324761984
780,79,mlp_down_all_blocks_stage15_w4,17.66938793304143,29.973824715314432,28.843498051772272
870,79,mlp_down_all_blocks_stage15_w4,17.336346370982938,29.859402827740723,28.299841209622684
888,79,mlp_down_all_blocks_stage15_w4,18.7498573775556,31.725683214861473,30.60725571196642
975,79,mlp_down_all_blocks_stage15_w4,22.911962304555345,42.27899638555169,37.401473248426655
19,80,mlp_down_all_blocks_stage15_w4,18.387133125172117,45.245940505059934,30.01514486429018
85,80,mlp_down_all_blocks_stage15_w4,21.040955937132825,41.15911709482822,34.347243598927086
131,80,mlp_down_all_blocks_stage15_w4,18.208343630074527,34.63988144236828,29.723289001876214
224,80,mlp_down_all_blocks_stage15_w4,22.038174728328155,31.225049190032788,35.97510294357628
301,80,mlp_down_all_blocks_stage15_w4,16.777476832619868,34.905236888115034,27.38754291711497
345,80,mlp_down_all_blocks_stage15_w4,20.090680665412947,37.93227536490475,32.7960148267496
384,80,mlp_down_all_blocks_stage15_w4,14.928740157113682,24.71742293332422,24.36966629907504
462,80,mlp_down_all_blocks_stage15_w4,18.60209550667787,47.55594834827799,30.366049324346267
511,80,mlp_down_all_blocks_stage15_w4,19.98232909772196,25.155074504115664,32.61914179394027
568,80,mlp_down_all_blocks_stage15_w4,16.969918556293127,29.918537765181554,27.70168466910343
679,80,mlp_down_all_blocks_stage15_w4,18.74717146687908,49.52479918826117,30.60287123302131
712,80,mlp_down_all_blocks_stage15_w4,19.022440231361546,44.87097871597724,31.052219795753167
780,80,mlp_down_all_blocks_stage15_w4,19.554636954911988,34.25363717777765,31.920977401679163
870,80,mlp_down_all_blocks_stage15_w4,17.49643068408477,36.62646353420161,28.561162744390597
888,80,mlp_down_all_blocks_stage15_w4,18.2940153949894,33.01183373756896,29.863139538509305
975,80,mlp_down_all_blocks_stage15_w4,22.7193228113465,35.06914086098697,37.08700865756931
19,81,mlp_down_all_blocks_stage15_w4,22.18104102642974,29.819155759528027,36.20831780119176
85,81,mlp_down_all_blocks_stage15_w4,15.671080285625065,33.13465497667892,25.581461870693627
131,81,mlp_down_all_blocks_stage15_w4,17.42275515041547,32.81916164308608,28.44089484830349
224,81,mlp_down_all_blocks_stage15_w4,19.81956052275586,23.520153744143613,32.35343847174737
301,81,mlp_down_all_blocks_stage15_w4,20.239634862868115,26.419341217293905,33.03916756754529
345,81,mlp_down_all_blocks_stage15_w4,18.85185225574605,35.86676234260108,30.773752088724084
384,81,mlp_down_all_blocks_stage15_w4,16.65053389455716,29.79248058325118,27.180321342685048
462,81,mlp_down_all_blocks_stage15_w4,22.426548638526583,29.756108124206317,36.60908427697719
511,81,mlp_down_all_blocks_stage15_w4,23.66594595997594,26.61392903734446,38.63227570624833
568,81,mlp_down_all_blocks_stage15_w4,19.25959868595237,26.926320526803973,31.439357111933777
679,81,mlp_down_all_blocks_stage15_w4,19.252817700224117,24.831732877015607,31.42828783497958
712,81,mlp_down_all_blocks_stage15_w4,18.4618472046277,34.879803121398794,30.137108081883426
780,81,mlp_down_all_blocks_stage15_w4,19.83606716048962,25.33527294153521,32.3803838970852
870,81,mlp_down_all_blocks_stage15_w4,19.275855329586197,34.67122486324417,31.465894447055827
888,81,mlp_down_all_blocks_stage15_w4,20.823877179296687,24.985008205965872,33.99288436744408
975,81,mlp_down_all_blocks_stage15_w4,22.181697569860262,22.063246409245053,36.209389542286075
19,82,mlp_down_all_blocks_stage15_w4,18.28513274709985,22.49970603654521,29.8486395095288
85,82,mlp_down_all_blocks_stage15_w4,19.295754065562505,31.62354333747705,31.498377131489516
131,82,mlp_down_all_blocks_stage15_w4,19.028777153929692,28.474755141801094,31.06256418427648
224,82,mlp_down_all_blocks_stage15_w4,21.262153628762462,23.231859528687682,34.70832657541465
301,82,mlp_down_all_blocks_stage15_w4,22.048587924105956,29.93154313294906,35.99210143799318
345,82,mlp_down_all_blocks_stage15_w4,21.82619590312242,25.34314313414404,35.629068838999004
384,82,mlp_down_all_blocks_stage15_w4,17.162480952683833,21.893939286614483,28.01602340716202
462,82,mlp_down_all_blocks_stage15_w4,22.979930713889193,35.92447760999268,37.51242483824018
511,82,mlp_down_all_blocks_stage15_w4,17.166150595483487,35.34172248950051,28.022013729823087
568,82,mlp_down_all_blocks_stage15_w4,18.975319873279663,31.829555590146413,30.975300552048516
679,82,mlp_down_all_blocks_stage15_w4,20.029470539549948,38.621558608955695,32.696095454739165
712,82,mlp_down_all_blocks_stage15_w4,20.446935178333657,40.65803478852991,33.37756447568499
780,82,mlp_down_all_blocks_stage15_w4,19.274861326804963,42.22137971142827,31.464271837523874
870,82,mlp_down_all_blocks_stage15_w4,17.90850560402032,26.26210866740439,29.233833591586112
888,82,mlp_down_all_blocks_stage15_w4,22.95602063264232,28.52183234422741,37.47339403624097
975,82,mlp_down_all_blocks_stage15_w4,24.72854641471349,30.71159710931795,40.36686403846337
19,79,mlp_up_gate_all_blocks_stage4_w8,0.0006607323748539785,0.023206806535426953,0.00615473497594125
85,79,mlp_up_gate_all_blocks_stage4_w8,0.0006181640710565262,0.029950622750234857,0.005758210394704295
131,79,mlp_up_gate_all_blocks_stage4_w8,0.0006497134490928146,0.022106329638518222,0.006052093467275168
224,79,mlp_up_gate_all_blocks_stage4_w8,0.0006898366555105895,0.011540825742542893,0.006425841918667405
301,79,mlp_up_gate_all_blocks_stage4_w8,0.0006711803516736836,0.01923098915121102,0.006252058084066947
345,79,mlp_up_gate_all_blocks_stage4_w8,0.0006672473282378634,0.008735895017025541,0.006215421893949898
384,79,mlp_up_gate_all_blocks_stage4_w8,0.0006559272769663947,0.01464107613219312,0.006109975395274313
462,79,mlp_up_gate_all_blocks_stage4_w8,0.000649655095912749,0.014031276201706078,0.006051549906263213
511,79,mlp_up_gate_all_blocks_stage4_w8,0.0006488143574188143,0.011292955334511134,0.006043718410772496
568,79,mlp_up_gate_all_blocks_stage4_w8,0.0006502796350105201,0.010147438910735218,0.006057367500156268
679,79,mlp_up_gate_all_blocks_stage4_w8,0.0006831730752310249,0.22477761410607403,0.0063637705382228
712,79,mlp_up_gate_all_blocks_stage4_w8,0.0006557570959557778,0.013349676987104432,0.006108390155836763
780,79,mlp_up_gate_all_blocks_stage4_w8,0.0007460155320586638,0.01161847935310334,0.006949149250892396
870,79,mlp_up_gate_all_blocks_stage4_w8,0.0006345861847876223,0.027685337195975993,0.005911182704835155
888,79,mlp_up_gate_all_blocks_stage4_w8,0.00071812504393165,0.011168645969576119,0.0066893488092849415
975,79,mlp_up_gate_all_blocks_stage4_w8,0.0007040104355837685,0.047741971819277744,0.006557870956864562
19,80,mlp_up_gate_all_blocks_stage4_w8,0.0006376579440257045,0.014042568708305225,0.005939796202129689
85,80,mlp_up_gate_all_blocks_stage4_w8,0.0006092406729294453,0.004848446252040616,0.005675088766875583
131,80,mlp_up_gate_all_blocks_stage4_w8,0.000631611361313844,0.006209011141891096,0.005883472166078279
224,80,mlp_up_gate_all_blocks_stage4_w8,0.0006118490273365751,0.008038669152540477,0.005699385639119448
301,80,mlp_up_gate_all_blocks_stage4_w8,0.0006276921812968794,0.009619971891666523,0.005846964927678233
345,80,mlp_up_gate_all_blocks_stage4_w8,0.000605583354627015,0.027259427605031302,0.005641020775460613
384,80,mlp_up_gate_all_blocks_stage4_w8,0.0006485442700068235,0.009517794312216665,0.0060412025412549634
462,80,mlp_up_gate_all_blocks_stage4_w8,0.0006448204112530219,0.011366272480998418,0.006006514724235928
511,80,mlp_up_gate_all_blocks_stage4_w8,0.0005697084161511156,0.024548599323509283,0.005306845022916089
568,80,mlp_up_gate_all_blocks_stage4_w8,0.0006178948106025928,0.0063573136551440266,0.005755702228317219
679,80,mlp_up_gate_all_blocks_stage4_w8,0.0005865861930942627,0.02303788678825924,0.0054640618447663585
712,80,mlp_up_gate_all_blocks_stage4_w8,0.0006859093082312029,0.013515378569991299,0.006389258602058392
780,80,mlp_up_gate_all_blocks_stage4_w8,0.0005838435663463315,0.014762411230833552,0.005438514223045574
870,80,mlp_up_gate_all_blocks_stage4_w8,0.0005657320216414518,0.00763768101838025,0.0052698048303991465
888,80,mlp_up_gate_all_blocks_stage4_w8,0.0006468628962466028,0.017552179560823333,0.006025540511841092
975,80,mlp_up_gate_all_blocks_stage4_w8,0.0006680825936200563,0.013533108073545463,0.0062232024072978506
19,81,mlp_up_gate_all_blocks_stage4_w8,0.0005787330628663767,0.012519759271981458,0.0053909097833210965
85,81,mlp_up_gate_all_blocks_stage4_w8,0.0006196563626872376,0.007799339180110109,0.005772111120388992
131,81,mlp_up_gate_all_blocks_stage4_w8,0.0005844676124979742,0.012450207456822683,0.005444327225135817
224,81,mlp_up_gate_all_blocks_stage4_w8,0.0006049357034498826,0.007606604147852637,0.005634987892096926
301,81,mlp_up_gate_all_blocks_stage4_w8,0.0006485327439804678,0.08717327408004394,0.006041095176094356
345,81,mlp_up_gate_all_blocks_stage4_w8,0.0006299151375515066,0.009298253963166303,0.005867671808604668
384,81,mlp_up_gate_all_blocks_stage4_w8,0.0006142501115391495,0.009543847000600182,0.005721751785359869
462,81,mlp_up_gate_all_blocks_stage4_w8,0.0006132155849627453,0.02196810006156014,0.005712115150096245
511,81,mlp_up_gate_all_blocks_stage4_w8,0.0006258397370402236,0.009607957668777091,0.0058297093732490425
568,81,mlp_up_gate_all_blocks_stage4_w8,0.0006150982408144046,0.03222921633846454,0.005729652126122928
679,81,mlp_up_gate_all_blocks_stage4_w8,0.0005854450373590225,0.020654846257585287,0.005453431956805698
712,81,mlp_up_gate_all_blocks_stage4_w8,0.0005761062129749918,0.010804161739997651,0.005366440625280177
780,81,mlp_up_gate_all_blocks_stage4_w8,0.0005677749722963198,0.019020380224787914,0.005288834955648294
870,81,mlp_up_gate_all_blocks_stage4_w8,0.0005901114645894268,0.04468235442709556,0.0054968998175927535
888,81,mlp_up_gate_all_blocks_stage4_w8,0.000665632207528688,0.010294061272190902,0.006200377013000444
975,81,mlp_up_gate_all_blocks_stage4_w8,0.000581489221076481,0.008238437390900799,0.005416583450876294
19,82,mlp_up_gate_all_blocks_stage4_w8,0.0006525324424728751,0.009275265312226113,0.0060783524456656845
85,82,mlp_up_gate_all_blocks_stage4_w8,0.0006602179246328888,0.17314855308819685,0.006149942862084529
131,82,mlp_up_gate_all_blocks_stage4_w8,0.0006245798467716668,0.00810809455908057,0.00581797347079164
224,82,mlp_up_gate_all_blocks_stage4_w8,0.0008776072136242874,0.018177107282895122,0.008174928334676292
301,82,mlp_up_gate_all_blocks_stage4_w8,0.0006812379579059781,0.010719901323909653,0.0063457448825469335
345,82,mlp_up_gate_all_blocks_stage4_w8,0.0006752261833753438,0.013269382493831472,0.006289745085383453
384,82,mlp_up_gate_all_blocks_stage4_w8,0.0007083359123498667,0.011299674264876103,0.006598162857417806
462,82,mlp_up_gate_all_blocks_stage4_w8,0.0006865956565889065,0.016825968026026313,0.00639565195041486
511,82,mlp_up_gate_all_blocks_stage4_w8,0.0006142396887298674,0.01339998553704902,0.005721654696687848
568,82,mlp_up_gate_all_blocks_stage4_w8,0.0007220216648420319,0.029505919725806958,0.006725645909166587
679,82,mlp_up_gate_all_blocks_stage4_w8,0.0007817907680873759,0.0530261304173223,0.00728239627319417
712,82,mlp_up_gate_all_blocks_stage4_w8,0.0006861934316475526,0.00992110713451666,0.006391905217230652
780,82,mlp_up_gate_all_blocks_stage4_w8,0.0006783872267988045,0.007384835923929244,0.006319190266608517
870,82,mlp_up_gate_all_blocks_stage4_w8,0.0006112417650001589,0.036706105903704156,0.005693728978595831
888,82,mlp_up_gate_all_blocks_stage4_w8,0.0007004720728218672,0.03441751716655972,0.006524911038632834
975,82,mlp_up_gate_all_blocks_stage4_w8,0.0006078095357224811,0.005611661996681504,0.0056617576958424435
19,79,mlp_up_gate_all_blocks_stage4_w6,0.001402706511726137,0.020153358067148023,0.02187580313856917
85,79,mlp_up_gate_all_blocks_stage4_w6,0.00148028750118101,0.03831419431675443,0.02308571158229753
131,79,mlp_up_gate_all_blocks_stage4_w6,0.0015689545434725005,0.07782700011489396,0.024468511723191533
224,79,mlp_up_gate_all_blocks_stage4_w6,0.0014498182717943562,0.029607287678175002,0.022610531023660133
301,79,mlp_up_gate_all_blocks_stage4_w6,0.0016872171108843757,0.17464372887229732,0.026312866634027682
345,79,mlp_up_gate_all_blocks_stage4_w6,0.001416151518242259,0.019287091948228866,0.022085483719135896
384,79,mlp_up_gate_all_blocks_stage4_w6,0.0014368155534612017,0.017890912573932383,0.02240774811494438
462,79,mlp_up_gate_all_blocks_stage4_w6,0.0014865959174130696,0.05856994835525953,0.023184094009736946
511,79,mlp_up_gate_all_blocks_stage4_w6,0.0013974233334010933,0.6218290689855621,0.021793409731239513
568,79,mlp_up_gate_all_blocks_stage4_w6,0.0014102157438173892,0.013714443492517603,0.021992912798770227
679,79,mlp_up_gate_all_blocks_stage4_w6,0.0014293680324044544,2.294838023403202,0.02229160086450689
712,79,mlp_up_gate_all_blocks_stage4_w6,0.0014885472164678502,0.041148753614947964,0.02321452534632091
780,79,mlp_up_gate_all_blocks_stage4_w6,0.0015071369562065229,0.022484858009079286,0.02350444022410957
870,79,mlp_up_gate_all_blocks_stage4_w6,0.0014008077887410764,0.03542554396553044,0.02184619174809751
888,79,mlp_up_gate_all_blocks_stage4_w6,0.0015706868434790522,0.2538579143504763,0.024495527676709587
975,79,mlp_up_gate_all_blocks_stage4_w6,0.001623187796212733,0.6554138410720043,0.025314302307744847
19,80,mlp_up_gate_all_blocks_stage4_w6,0.0013358348369365556,0.01790733986160831,0.02083291100039614
85,80,mlp_up_gate_all_blocks_stage4_w6,0.0013804193877149375,0.010911979601644362,0.021528225984461635
131,80,mlp_up_gate_all_blocks_stage4_w6,0.001361646187433507,0.011048740250600984,0.021235449961676846
224,80,mlp_up_gate_all_blocks_stage4_w6,0.0014031348691787573,0.050207072369971684,0.021882483554770366
301,80,mlp_up_gate_all_blocks_stage4_w6,0.0014170653594192117,0.033789724347116135,0.022099735459981052
345,80,mlp_up_gate_all_blocks_stage4_w6,0.0012621797768588292,0.015631995877924968,0.019684229090851824
384,80,mlp_up_gate_all_blocks_stage4_w6,0.001358547830932366,0.03945268617928832,0.021187129777585974
462,80,mlp_up_gate_all_blocks_stage4_w6,0.0013166324106350658,0.01616412000603873,0.020533441015732457
511,80,mlp_up_gate_all_blocks_stage4_w6,0.0013159023983462248,0.026204425685875776,0.02052205616438549
568,80,mlp_up_gate_all_blocks_stage4_w6,0.0013195645233281537,0.015508091464880637,0.02057916855710899
679,80,mlp_up_gate_all_blocks_stage4_w6,0.0013023257088207176,0.022733798490776284,0.020310321931421828
712,80,mlp_up_gate_all_blocks_stage4_w6,0.001359656002932752,0.03163274556705175,0.021204412190066035
780,80,mlp_up_gate_all_blocks_stage4_w6,0.001338988968427657,0.024134407596193345,0.020882101019117583
870,80,mlp_up_gate_all_blocks_stage4_w6,0.0012455944106477546,0.02490774152524011,0.01942557326856718
888,80,mlp_up_gate_all_blocks_stage4_w6,0.0012715123120869978,0.02790711895937648,0.0198297739369964
975,80,mlp_up_gate_all_blocks_stage4_w6,0.0012552772277558688,0.23993672422267312,0.01957658090923409
19,81,mlp_up_gate_all_blocks_stage4_w6,0.0013332297166925857,0.06008384906027687,0.020792283044987807
85,81,mlp_up_gate_all_blocks_stage4_w6,0.0012981694862901352,0.016251773723809034,0.02024550387780973
131,81,mlp_up_gate_all_blocks_stage4_w6,0.0013281025030664753,0.03442091782221724,0.020712321973304925
224,81,mlp_up_gate_all_blocks_stage4_w6,0.0015586270892526957,0.02587359522495092,0.024307450693285125
301,81,mlp_up_gate_all_blocks_stage4_w6,0.0015258923931469326,1.817103554443122,0.02379693922005517
345,81,mlp_up_gate_all_blocks_stage4_w6,0.0013270412894144101,0.026070319880275864,0.02069577189618867
384,81,mlp_up_gate_all_blocks_stage4_w6,0.0014154037817206697,0.03051295305550639,0.022073822450859842
462,81,mlp_up_gate_all_blocks_stage4_w6,0.0012893181392428235,0.04835740419283142,0.020107463365486255
511,81,mlp_up_gate_all_blocks_stage4_w6,0.0013457358581945298,0.03603411386939115,0.020987321627351667
568,81,mlp_up_gate_all_blocks_stage4_w6,0.0013499649830919223,0.03267046597488844,0.021053276624302477
679,81,mlp_up_gate_all_blocks_stage4_w6,0.0013824293464494983,0.11967721662085752,0.02155957214363772
712,81,mlp_up_gate_all_blocks_stage4_w6,0.00132247706369526,0.06108529384016493,0.020624590859758426
780,81,mlp_up_gate_all_blocks_stage4_w6,0.0012571135885082185,0.03169774923992463,0.019605219734229892
870,81,mlp_up_gate_all_blocks_stage4_w6,0.0012802332357750858,0.07964524414728658,0.0199657804417016
888,81,mlp_up_gate_all_blocks_stage4_w6,0.0012790182954631744,0.02111224806668588,0.019946832932107608
975,81,mlp_up_gate_all_blocks_stage4_w6,0.0012691950432781598,0.019344461813716407,0.01979363514683786
19,82,mlp_up_gate_all_blocks_stage4_w6,0.0015292365906134364,0.05445907568741859,0.023849093398297144
85,82,mlp_up_gate_all_blocks_stage4_w6,0.0016481497332279105,9.256868753346339,0.025703594305419696
131,82,mlp_up_gate_all_blocks_stage4_w6,0.0014602122610085642,0.008078336909932204,0.02277262969503125
224,82,mlp_up_gate_all_blocks_stage4_w6,0.001608594197023194,0.00826457092500732,0.02508670893715396
301,82,mlp_up_gate_all_blocks_stage4_w6,0.002103662587614963,0.1826407996964008,0.032807510517654674
345,82,mlp_up_gate_all_blocks_stage4_w6,0.0014576731773559002,0.07565208518991538,0.022733031608279886
384,82,mlp_up_gate_all_blocks_stage4_w6,0.0014841198571957648,0.03187098879232053,0.02314547880019725
462,82,mlp_up_gate_all_blocks_stage4_w6,0.0014258967457863037,0.015183887273295227,0.02223746467702832
511,82,mlp_up_gate_all_blocks_stage4_w6,0.0013438391215458978,0.04243254203983327,0.020957741214639298
568,82,mlp_up_gate_all_blocks_stage4_w6,0.001506656190031208,0.4949638521352995,0.023496942471643925
679,82,mlp_up_gate_all_blocks_stage4_w6,0.0024469960708302096,1.1077431059150058,0.03816194184516987
712,82,mlp_up_gate_all_blocks_stage4_w6,0.0015045193940750323,0.031985023939398616,0.02346361823218697
780,82,mlp_up_gate_all_blocks_stage4_w6,0.0014438987273024395,0.009683139804241845,0.0225182132159843
870,82,mlp_up_gate_all_blocks_stage4_w6,0.0013590664384537379,0.1558235149261691,0.021195217681897298
888,82,mlp_up_gate_all_blocks_stage4_w6,0.0017403042002115399,0.9473496152841108,0.027140782313902573
975,82,mlp_up_gate_all_blocks_stage4_w6,0.0013912524736952037,0.03581756902269717,0.02169717255618309
19,79,mlp_up_gate_all_blocks_stage4_w4,0.01274414387080469,0.7834947055392264,0.21338546530964728
85,79,mlp_up_gate_all_blocks_stage4_w4,0.011276281984464731,0.2909589866467428,0.18880787149069336
131,79,mlp_up_gate_all_blocks_stage4_w4,0.013526241062209012,2.03708626353341,0.22648074850772074
224,79,mlp_up_gate_all_blocks_stage4_w4,0.014391282137694361,3.7052747415845637,0.24096482796222737
301,79,mlp_up_gate_all_blocks_stage4_w4,0.013200972128288415,1.8194401996090621,0.2210345087666249
345,79,mlp_up_gate_all_blocks_stage4_w4,0.012881269071158387,0.3535623520682804,0.2156814629835424
384,79,mlp_up_gate_all_blocks_stage4_w4,0.014839728206425205,0.49531350450834927,0.24847352168167228
462,79,mlp_up_gate_all_blocks_stage4_w4,0.011343706213665428,0.425633981481397,0.1899368096655122
511,79,mlp_up_gate_all_blocks_stage4_w4,0.011820456129498782,0.7610368617979474,0.1979194174936842
568,79,mlp_up_gate_all_blocks_stage4_w4,0.013391492368100442,0.395542282566808,0.22422454259199068
679,79,mlp_up_gate_all_blocks_stage4_w4,0.012319616926106391,9.18470813444725,0.20627726874899363
712,79,mlp_up_gate_all_blocks_stage4_w4,0.020040097058881656,2.4771917902857012,0.33554748589713973
780,79,mlp_up_gate_all_blocks_stage4_w4,0.012073867401340976,0.2785307555286636,0.20216248652248212
870,79,mlp_up_gate_all_blocks_stage4_w4,0.011244734667343437,0.18274342773781882,0.18827964935106264
888,79,mlp_up_gate_all_blocks_stage4_w4,0.013067542226053774,6.966952043004596,0.21880038444543096
975,79,mlp_up_gate_all_blocks_stage4_w4,0.013968076513492633,18.78201061169443,0.23387875533487534
19,80,mlp_up_gate_all_blocks_stage4_w4,0.010914439222688088,0.12132486674961739,0.18274924669224613
85,80,mlp_up_gate_all_blocks_stage4_w4,0.010916962511146265,0.030487627702768808,0.18279149614322665
131,80,mlp_up_gate_all_blocks_stage4_w4,0.0112375907083333,0.05034082696715814,0.18816003229141665
224,80,mlp_up_gate_all_blocks_stage4_w4,0.011559999694327416,0.12501274317565958,0.19355838562089941
301,80,mlp_up_gate_all_blocks_stage4_w4,0.011551345261977986,0.15395418669965008,0.19341347748955726
345,80,mlp_up_gate_all_blocks_stage4_w4,0.011265579092651024,0.4159944466315437,0.18862866435265574
384,80,mlp_up_gate_all_blocks_stage4_w4,0.01092287819392368,0.07875350414776959,0.18289054718462103
462,80,mlp_up_gate_all_blocks_stage4_w4,0.010871736805711409,0.053999619033987756,0.18203424573111526
511,80,mlp_up_gate_all_blocks_stage4_w4,0.01192723243002547,2.0618291279727283,0.19970725909394474
568,80,mlp_up_gate_all_blocks_stage4_w4,0.011325305514219506,0.2007732082803706,0.18962871193426437
679,80,mlp_up_gate_all_blocks_stage4_w4,0.010463135023201174,0.05407577447903123,0.17519269698753595
712,80,mlp_up_gate_all_blocks_stage4_w4,0.011248251027836888,0.2313913627369857,0.18833852660697706
780,80,mlp_up_gate_all_blocks_stage4_w4,0.011660374597340706,0.35746813548644235,0.19523904346673313
870,80,mlp_up_gate_all_blocks_stage4_w4,0.010473040638316888,0.043811747970906374,0.1753585546796707
888,80,mlp_up_gate_all_blocks_stage4_w4,0.012229785432282371,6.3854300829671615,0.20477314769516491
975,80,mlp_up_gate_all_blocks_stage4_w4,0.011300236586976096,2.663548550226096,0.1892089626942308
19,81,mlp_up_gate_all_blocks_stage4_w4,0.011449323359556729,0.3851997007288901,0.19170524260609775
85,81,mlp_up_gate_all_blocks_stage4_w4,0.010751055350738168,0.1254370615098743,0.18001357893036576
131,81,mlp_up_gate_all_blocks_stage4_w4,0.010758550285572708,0.29614994595067407,0.18013907266092524
224,81,mlp_up_gate_all_blocks_stage4_w4,0.01261120941489935,0.25060520905817896,0.21115963664539078
301,81,mlp_up_gate_all_blocks_stage4_w4,0.013279556780616986,19.42103206971842,0.22235031489478266
345,81,mlp_up_gate_all_blocks_stage4_w4,0.011622654834582136,0.3279885223719248,0.19460747109834156
384,81,mlp_up_gate_all_blocks_stage4_w4,0.011212254306883551,0.2379109660276413,0.18773580451531532
462,81,mlp_up_gate_all_blocks_stage4_w4,0.016201809843551022,11.125013649459124,0.27127995158973844
511,81,mlp_up_gate_all_blocks_stage4_w4,0.014044407865185347,0.600846942865715,0.2351568326356172
568,81,mlp_up_gate_all_blocks_stage4_w4,0.011093932470430445,0.21117123071218555,0.1857546467079495
679,81,mlp_up_gate_all_blocks_stage4_w4,0.010517694616282826,0.43143639356867425,0.17610623219828514
712,81,mlp_up_gate_all_blocks_stage4_w4,0.011718974881887332,0.25364534587708926,0.1962202352291634
780,81,mlp_up_gate_all_blocks_stage4_w4,0.01198498873054632,0.6094775505965231,0.20067431935206367
870,81,mlp_up_gate_all_blocks_stage4_w4,0.010485603106872075,0.38788684022574677,0.17556889820884472
888,81,mlp_up_gate_all_blocks_stage4_w4,0.01301480243637343,0.5635251045844144,0.2179173196687491
975,81,mlp_up_gate_all_blocks_stage4_w4,0.011299437861453043,0.09181445490139595,0.18919558898948302
19,82,mlp_up_gate_all_blocks_stage4_w4,0.01199984633967688,0.30403142913570497,0.20092309226845992
85,82,mlp_up_gate_all_blocks_stage4_w4,0.011686581176036269,186.72886256317273,0.1956778413213256
131,82,mlp_up_gate_all_blocks_stage4_w4,0.011641886423603866,0.5168819479854959,0.19492948108297828
224,82,mlp_up_gate_all_blocks_stage4_w4,0.023621074429684086,0.7796688018798363,0.3955066742332445
301,82,mlp_up_gate_all_blocks_stage4_w4,0.02173699474951718,2.481641645695227,0.3639600106590925
345,82,mlp_up_gate_all_blocks_stage4_w4,0.011755314641050065,0.5325682378489773,0.19682870108585734
384,82,mlp_up_gate_all_blocks_stage4_w4,0.027758579999499485,0.903973406800617,0.4647842624484009
462,82,mlp_up_gate_all_blocks_stage4_w4,0.013874128789211682,0.045831565913104555,0.23230571291918206
511,82,mlp_up_gate_all_blocks_stage4_w4,0.012157089950051159,0.7035818502603349,0.20355594868524532
568,82,mlp_up_gate_all_blocks_stage4_w4,0.013647337967995554,3.3534916586761483,0.22850837153605275
679,82,mlp_up_gate_all_blocks_stage4_w4,0.013668165531271372,2.838097456220794,0.2288571042030668
712,82,mlp_up_gate_all_blocks_stage4_w4,0.019407370367844127,1.4499321586047245,0.32495323329377895
780,82,mlp_up_gate_all_blocks_stage4_w4,0.013248315284727143,0.20389664344237698,0.22182721336634686
870,82,mlp_up_gate_all_blocks_stage4_w4,0.011461662584224541,0.8126864307295277,0.19191184818305873
888,82,mlp_up_gate_all_blocks_stage4_w4,0.0223874709829488,22.79068768609659,0.3748514581467226
975,82,mlp_up_gate_all_blocks_stage4_w4,0.014444970554905014,0.5703692889380818,0.24186377637369963
19,79,mlp_up_gate_all_blocks_stage10_w8,0.0011924157734028997,0.010906536233676434,0.010221835512291446
85,79,mlp_up_gate_all_blocks_stage10_w8,0.0008719427278265358,0.005275868785702187,0.0074746202950219075
131,79,mlp_up_gate_all_blocks_stage10_w8,0.0008779678610153497,0.017196254594637143,0.007526269997893536
224,79,mlp_up_gate_all_blocks_stage10_w8,0.0013141037343302742,0.022319342814228094,0.011264990381734357
301,79,mlp_up_gate_all_blocks_stage10_w8,0.0008861414389684796,0.00607030808151876,0.007596336975576459
345,79,mlp_up_gate_all_blocks_stage10_w8,0.0007745325856376439,0.006880572874763402,0.006639583999047535
384,79,mlp_up_gate_all_blocks_stage10_w8,0.0012011725921183825,0.019885424368599306,0.010296902248674154
462,79,mlp_up_gate_all_blocks_stage10_w8,0.0007820281898602844,0.005732178360190687,0.006703839131475391
511,79,mlp_up_gate_all_blocks_stage10_w8,0.0007948077982291579,0.005690005734322766,0.006813390730482954
568,79,mlp_up_gate_all_blocks_stage10_w8,0.0007945228280732407,0.0050153140023780915,0.006810947859359751
679,79,mlp_up_gate_all_blocks_stage10_w8,0.0009310964960604906,0.15912467810272804,0.007981708596188979
712,79,mlp_up_gate_all_blocks_stage10_w8,0.0008945231820689515,0.007272117884213002,0.007668188423024864
780,79,mlp_up_gate_all_blocks_stage10_w8,0.0009775175713002682,0.009024374513160183,0.008379647474547293
870,79,mlp_up_gate_all_blocks_stage10_w8,0.0007629703177371994,0.01733847408428346,0.006540467899392035
888,79,mlp_up_gate_all_blocks_stage10_w8,0.0012817791575798765,0.043543881120285725,0.010987891978713348
975,79,mlp_up_gate_all_blocks_stage10_w8,0.0009449734352529048,0.18846720324586386,0.008100666926834107
19,80,mlp_up_gate_all_blocks_stage10_w8,0.0006566988797658269,0.00639043910889825,0.005629469250407364
85,80,mlp_up_gate_all_blocks_stage10_w8,0.0007315296097658576,0.004544179362813595,0.006270946351252923
131,80,mlp_up_gate_all_blocks_stage10_w8,0.0006956017350603361,0.005178485772717067,0.005962959125875983
224,80,mlp_up_gate_all_blocks_stage10_w8,0.0006851247453596443,0.007370032924484348,0.005873146438243698
301,80,mlp_up_gate_all_blocks_stage10_w8,0.0006443194724852218,0.00512930048034832,0.005523348325320228
345,80,mlp_up_gate_all_blocks_stage10_w8,0.0006823414005339145,0.007094693829376552,0.005849286561833807
384,80,mlp_up_gate_all_blocks_stage10_w8,0.0006106051878305151,0.005326813322131584,0.005234336824598876
462,80,mlp_up_gate_all_blocks_stage10_w8,0.0006281888136072665,0.00552555117523923,0.005385070263730355
511,80,mlp_up_gate_all_blocks_stage10_w8,0.0009632185683585702,0.028875315394770954,0.008257071055046658
568,80,mlp_up_gate_all_blocks_stage10_w8,0.0006304553244262934,0.00418599106342299,0.005404499645071735
679,80,mlp_up_gate_all_blocks_stage10_w8,0.0006579622422577813,0.008508685452227382,0.005640299267816731
712,80,mlp_up_gate_all_blocks_stage10_w8,0.0006058326980564743,0.006440322126824328,0.005193425251184244
780,80,mlp_up_gate_all_blocks_stage10_w8,0.0008262207848019898,0.012023293499510146,0.007082674640390453
870,80,mlp_up_gate_all_blocks_stage10_w8,0.0006032541859894991,0.0056156084071119486,0.00517132127805425
888,80,mlp_up_gate_all_blocks_stage10_w8,0.0007070608262438327,0.00631421912519059,0.006061190755992531
975,80,mlp_up_gate_all_blocks_stage10_w8,0.0006722852849634363,0.006172761882467626,0.005763081765195908
19,81,mlp_up_gate_all_blocks_stage10_w8,0.0007633898785570635,0.031265871481309666,0.00654406453219723
85,81,mlp_up_gate_all_blocks_stage10_w8,0.0006443226593546569,0.007350623752756747,0.0055233756443610295
131,81,mlp_up_gate_all_blocks_stage10_w8,0.0006288051372393966,0.005883400378081659,0.005390353621205569
224,81,mlp_up_gate_all_blocks_stage10_w8,0.0010532240848988292,0.005374270872721353,0.00902863212107299
301,81,mlp_up_gate_all_blocks_stage10_w8,0.0009678316419012846,0.04990761977444791,0.008296616052698913
345,81,mlp_up_gate_all_blocks_stage10_w8,0.0007194428035290912,0.007920072869936234,0.006167333712124055
384,81,mlp_up_gate_all_blocks_stage10_w8,0.0007355223642662168,0.007489044047019888,0.006305173741274073
462,81,mlp_up_gate_all_blocks_stage10_w8,0.0010009936968344844,0.012445371279966368,0.008580893633000769
511,81,mlp_up_gate_all_blocks_stage10_w8,0.001089162949938327,0.009664059087299393,0.009336713559717347
568,81,mlp_up_gate_all_blocks_stage10_w8,0.0007389760576188564,0.005032540535253815,0.006334780096832277
679,81,mlp_up_gate_all_blocks_stage10_w8,0.0008174581016646698,0.02438384526777782,0.0070075576319828916
712,81,mlp_up_gate_all_blocks_stage10_w8,0.0008872142643667759,0.0076294781859473915,0.0076055336375121674
780,81,mlp_up_gate_all_blocks_stage10_w8,0.000925641565117985,0.051663219284023405,0.007934946880964367
870,81,mlp_up_gate_all_blocks_stage10_w8,0.0007975811322467052,0.037751461035441025,0.006837164790488141
888,81,mlp_up_gate_all_blocks_stage10_w8,0.0008952649804996325,0.005150733265736562,0.0076745473975627955
975,81,mlp_up_gate_all_blocks_stage10_w8,0.0007716118125244975,0.004710866401183011,0.006614546035782335
19,82,mlp_up_gate_all_blocks_stage10_w8,0.000852355151437223,0.006159208270275939,0.007306708239175303
85,82,mlp_up_gate_all_blocks_stage10_w8,0.001082042246707715,0.013194222827142001,0.009275672219290055
131,82,mlp_up_gate_all_blocks_stage10_w8,0.0008258541929535568,0.0037914182369718223,0.007079532077487134
224,82,mlp_up_gate_all_blocks_stage10_w8,0.0010929661220870912,0.00355679260587749,0.00936931577867211
301,82,mlp_up_gate_all_blocks_stage10_w8,0.0009433089871890842,0.012042013084069936,0.008086398653378974
345,82,mlp_up_gate_all_blocks_stage10_w8,0.0011682178628689146,0.13031973276656575,0.010014401941940674
384,82,mlp_up_gate_all_blocks_stage10_w8,0.0019652815535664563,0.0195635156349141,0.016847131029278328
462,82,mlp_up_gate_all_blocks_stage10_w8,0.0009558072779327631,0.007837564525292606,0.008193538692127451
511,82,mlp_up_gate_all_blocks_stage10_w8,0.0007478034822270274,0.009911801179669057,0.006410452093424853
568,82,mlp_up_gate_all_blocks_stage10_w8,0.00099422900530044,0.024783891514857718,0.008522904158444372
679,82,mlp_up_gate_all_blocks_stage10_w8,0.000902928994037211,0.0074666133209895244,0.007740246197840769
712,82,mlp_up_gate_all_blocks_stage10_w8,0.0011546697933226822,0.013272516840572735,0.009898262805324371
780,82,mlp_up_gate_all_blocks_stage10_w8,0.0011424659169279037,0.008180064926193609,0.00979364659686567
870,82,mlp_up_gate_all_blocks_stage10_w8,0.0011951974629482718,0.008407338020788302,0.010245681199016898
888,82,mlp_up_gate_all_blocks_stage10_w8,0.0011102615972049532,0.0284969276841025,0.009517579082215295
975,82,mlp_up_gate_all_blocks_stage10_w8,0.0009821345447562635,0.004853421890004483,0.008419225903719794
19,79,mlp_up_gate_all_blocks_stage10_w6,0.010143397434148937,0.39749062055381046,0.1749913793554316
85,79,mlp_up_gate_all_blocks_stage10_w6,0.004776164074428379,0.17233087332284927,0.08239719924591572
131,79,mlp_up_gate_all_blocks_stage10_w6,0.005839021469000726,2.42160421297308,0.10073335167825315
224,79,mlp_up_gate_all_blocks_stage10_w6,0.0087148857601278,0.14684215041648938,0.15034704989036324
301,79,mlp_up_gate_all_blocks_stage10_w6,0.0029809294501319528,0.030597047655191997,0.05142625630379686
345,79,mlp_up_gate_all_blocks_stage10_w6,0.004002493267762475,0.06605363689789101,0.06905002217783554
384,79,mlp_up_gate_all_blocks_stage10_w6,0.006040342384949326,0.06820175715807865,0.10420649023992878
462,79,mlp_up_gate_all_blocks_stage10_w6,0.002944789244793356,0.12765701184775935,0.05080277443557208
511,79,mlp_up_gate_all_blocks_stage10_w6,0.00280651031062007,0.11763897791774981,0.048417220523889776
568,79,mlp_up_gate_all_blocks_stage10_w6,0.002911778865382075,0.06493381614342297,0.050233287548784145
679,79,mlp_up_gate_all_blocks_stage10_w6,0.004257395863533021,0.8000524133225326,0.0734475386041364
712,79,mlp_up_gate_all_blocks_stage10_w6,0.0034700585965765644,0.05433691577633226,0.05986459114919366
780,79,mlp_up_gate_all_blocks_stage10_w6,0.003271342953667045,0.06051539305610731,0.05643639811249286
870,79,mlp_up_gate_all_blocks_stage10_w6,0.003125616305624135,0.1239308286540677,0.05392235808641436
888,79,mlp_up_gate_all_blocks_stage10_w6,0.008242698781089075,0.30658799855666524,0.14220099711937728
975,79,mlp_up_gate_all_blocks_stage10_w6,0.0033346978598274286,1.6244701786872608,0.057529381256445716
19,80,mlp_up_gate_all_blocks_stage10_w6,0.0022538871673987155,0.12370273583672996,0.03888350297768847
85,80,mlp_up_gate_all_blocks_stage10_w6,0.0027028045151382685,0.017411396286206582,0.04662811383490048
131,80,mlp_up_gate_all_blocks_stage10_w6,0.002416799165075645,0.024383931979855333,0.041694020397725524
224,80,mlp_up_gate_all_blocks_stage10_w6,0.002202289557317272,0.01663934965978342,0.03799335379264344
301,80,mlp_up_gate_all_blocks_stage10_w6,0.002185203673434444,0.04121679397781009,0.03769859235718031
345,80,mlp_up_gate_all_blocks_stage10_w6,0.0022701818379573524,0.14427608917750945,0.0391646145969176
384,80,mlp_up_gate_all_blocks_stage10_w6,0.0017370691057294607,0.057478994712003136,0.029967485827179223
462,80,mlp_up_gate_all_blocks_stage10_w6,0.0016277013819490094,0.01786469092351695,0.028080700954009084
511,80,mlp_up_gate_all_blocks_stage10_w6,0.0029859904898330574,0.15975034475036407,0.051513568106772
568,80,mlp_up_gate_all_blocks_stage10_w6,0.003541771264281124,0.620043674480769,0.06110176032454615
679,80,mlp_up_gate_all_blocks_stage10_w6,0.0016085012757685038,0.023348912091705643,0.02774946547929663
712,80,mlp_up_gate_all_blocks_stage10_w6,0.0020325258519733325,0.05784149717459641,0.035064632409548234
780,80,mlp_up_gate_all_blocks_stage10_w6,0.0023466845887014642,0.07575721813668679,0.04048442109805369
870,80,mlp_up_gate_all_blocks_stage10_w6,0.0015236760373227296,0.022241616501702314,0.02628608148235233
888,80,mlp_up_gate_all_blocks_stage10_w6,0.0019868871459038924,0.025615133426164505,0.034277284760110646
975,80,mlp_up_gate_all_blocks_stage10_w6,0.002056837096461095,0.027433009688422768,0.03548404397597649
19,81,mlp_up_gate_all_blocks_stage10_w6,0.005719994835089893,1.4645705941034775,0.0986799336806532
85,81,mlp_up_gate_all_blocks_stage10_w6,0.00211298989597708,0.0759129469353752,0.03645277816052987
131,81,mlp_up_gate_all_blocks_stage10_w6,0.0019603902037488297,0.03609465365173037,0.03382016607906544
224,81,mlp_up_gate_all_blocks_stage10_w6,0.005318894749507308,0.025461058012524514,0.09176025438273093
301,81,mlp_up_gate_all_blocks_stage10_w6,0.003749133218661882,0.3156389695556107,0.06467911738449571
345,81,mlp_up_gate_all_blocks_stage10_w6,0.0023259255685843523,0.12372159351673416,0.04012629162635116
384,81,mlp_up_gate_all_blocks_stage10_w6,0.0024799784878268842,0.025456587884320925,0.04278397442020724
462,81,mlp_up_gate_all_blocks_stage10_w6,0.0077988589364395,0.3424515005852982,0.1345439820874462
511,81,mlp_up_gate_all_blocks_stage10_w6,0.006076740100979806,0.15865157810600294,0.10483441461880781
568,81,mlp_up_gate_all_blocks_stage10_w6,0.0028443879891710817,0.05064647798940314,0.04907067684949015
679,81,mlp_up_gate_all_blocks_stage10_w6,0.003826350181043381,0.19703864129662918,0.06601124528784338
712,81,mlp_up_gate_all_blocks_stage10_w6,0.002713169553317129,0.04250954709851839,0.04680692890546887
780,81,mlp_up_gate_all_blocks_stage10_w6,0.0029691204545088112,0.5414557317004666,0.0512225304371618
870,81,mlp_up_gate_all_blocks_stage10_w6,0.0037122652947800816,0.14868656945708736,0.06404308109626675
888,81,mlp_up_gate_all_blocks_stage10_w6,0.002568969055573689,0.015457479385986518,0.04431921764623025
975,81,mlp_up_gate_all_blocks_stage10_w6,0.0026540429680608213,0.01920261598320394,0.04578689170612335
19,82,mlp_up_gate_all_blocks_stage10_w6,0.0024470790522173043,0.014858113720777055,0.04221640150839827
85,82,mlp_up_gate_all_blocks_stage10_w6,0.008550418133381754,0.2796068843239965,0.14750969514305617
131,82,mlp_up_gate_all_blocks_stage10_w6,0.003550209585228003,0.026183037746832834,0.06124733614680142
224,82,mlp_up_gate_all_blocks_stage10_w6,0.004070260038133711,0.01543121886453491,0.07021911771004864
301,82,mlp_up_gate_all_blocks_stage10_w6,0.0036715404712595046,0.048969448328776366,0.0633405065310742
345,82,mlp_up_gate_all_blocks_stage10_w6,0.0040250070196634615,0.12306789600256705,0.06943842384751243
384,82,mlp_up_gate_all_blocks_stage10_w6,0.0033618682064115997,0.03575335180451589,0.057998117343855876
462,82,mlp_up_gate_all_blocks_stage10_w6,0.002203821437433362,0.019983644734338668,0.038019781408860004
511,82,mlp_up_gate_all_blocks_stage10_w6,0.0021066787885501985,0.019484485093073548,0.03634390049887262
568,82,mlp_up_gate_all_blocks_stage10_w6,0.0031372177909361194,0.06848084843306879,0.05412250403657512
679,82,mlp_up_gate_all_blocks_stage10_w6,0.0022781435982324183,0.017160916690816205,0.03930196891253779
712,82,mlp_up_gate_all_blocks_stage10_w6,0.0045282698702067145,0.03636624607321438,0.0781205898541823
780,82,mlp_up_gate_all_blocks_stage10_w6,0.005531387960218126,0.0497485461233964,0.09542613460554114
870,82,mlp_up_gate_all_blocks_stage10_w6,0.003405840139748762,0.23379973202190737,0.05875671024308409
888,82,mlp_up_gate_all_blocks_stage10_w6,0.00505582708865404,0.5012401012103282,0.08722187627664002
975,82,mlp_up_gate_all_blocks_stage10_w6,0.003759987070225179,0.02169406867994894,0.06486636534246157
19,79,mlp_up_gate_all_blocks_stage10_w4,0.08498876060184558,0.97501320869452,9.977091353203205
85,79,mlp_up_gate_all_blocks_stage10_w4,0.08700395125197245,1.6562069000329418,10.213660766241569
131,79,mlp_up_gate_all_blocks_stage10_w4,0.09462813811842354,8.474025578505746,11.108687453556534
224,79,mlp_up_gate_all_blocks_stage10_w4,0.04521008383017034,2.504688060466791,5.307350445698691
301,79,mlp_up_gate_all_blocks_stage10_w4,0.05996164010139182,2.5365586047689703,7.039080894262242
345,79,mlp_up_gate_all_blocks_stage10_w4,0.04067757763914415,1.046945953392495,4.775265638171266
384,79,mlp_up_gate_all_blocks_stage10_w4,0.219833561219275,6.04045416131413,25.80693620253908
462,79,mlp_up_gate_all_blocks_stage10_w4,0.03444541624048725,4.5029088160730595,4.043653091265195
511,79,mlp_up_gate_all_blocks_stage10_w4,0.04408824071288109,1.7948873339296938,5.17565384033704
568,79,mlp_up_gate_all_blocks_stage10_w4,0.04235610041723703,0.5670979552239716,4.972312576812015
679,79,mlp_up_gate_all_blocks_stage10_w4,0.09614686900749803,18.50846534580785,11.286975932102704
712,79,mlp_up_gate_all_blocks_stage10_w4,0.06626966923067812,1.873395501243067,7.779599786829662
780,79,mlp_up_gate_all_blocks_stage10_w4,0.09420451871119438,5.286242433544715,11.058957471674399
870,79,mlp_up_gate_all_blocks_stage10_w4,0.03379758301889523,14.912645511682058,3.9676019618253444
888,79,mlp_up_gate_all_blocks_stage10_w4,0.11982974932834621,4.207566665493005,14.067181912220853
975,79,mlp_up_gate_all_blocks_stage10_w4,0.058933258580509566,9.122556768979166,6.918356032443684
19,80,mlp_up_gate_all_blocks_stage10_w4,0.03054466848175252,6.699937891997648,3.585732344344056
85,80,mlp_up_gate_all_blocks_stage10_w4,0.03532747220015153,0.24139756682302504,4.1472003465244605
131,80,mlp_up_gate_all_blocks_stage10_w4,0.01852232120654662,0.2439261466312246,2.1743921130563657
224,80,mlp_up_gate_all_blocks_stage10_w4,0.03018764579701383,1.234239596844873,3.543820356034317
301,80,mlp_up_gate_all_blocks_stage10_w4,0.024482248525600884,0.5471088009622349,2.8740462661416926
345,80,mlp_up_gate_all_blocks_stage10_w4,0.025689171859994527,0.25746064822260806,3.01573069921597
384,80,mlp_up_gate_all_blocks_stage10_w4,0.014833735651336612,0.3197899731138456,1.7413777381222189
462,80,mlp_up_gate_all_blocks_stage10_w4,0.014923452738003105,0.6286424746738389,1.7519099021786908
511,80,mlp_up_gate_all_blocks_stage10_w4,0.06649748235940933,2.2790993722269377,7.8063434689438
568,80,mlp_up_gate_all_blocks_stage10_w4,0.030447381330304783,0.984389248225412,3.5743115071578986
679,80,mlp_up_gate_all_blocks_stage10_w4,0.01767005632063956,4.4814411871428215,2.074342123344698
712,80,mlp_up_gate_all_blocks_stage10_w4,0.02258789611823886,1.0990811556322377,2.6516624251541243
780,80,mlp_up_gate_all_blocks_stage10_w4,0.024329971187398765,1.665776761803784,2.8561699622221344
870,80,mlp_up_gate_all_blocks_stage10_w4,0.01604180812137201,0.24978842563720602,1.883197071755039
888,80,mlp_up_gate_all_blocks_stage10_w4,0.028816555553930808,3.7095611401845794,3.3828638658836905
975,80,mlp_up_gate_all_blocks_stage10_w4,0.02423990333045367,1.634160904792978,2.8455966201664915
19,81,mlp_up_gate_all_blocks_stage10_w4,0.08713120421452912,5.29744496305085,10.228599381929136
85,81,mlp_up_gate_all_blocks_stage10_w4,0.01916174369398504,0.28040479322118017,2.249455880609731
131,81,mlp_up_gate_all_blocks_stage10_w4,0.014009939946845408,0.22322047548374258,1.6446698329606197
224,81,mlp_up_gate_all_blocks_stage10_w4,0.09866647940361874,0.5222813752567959,11.582760726686837
301,81,mlp_up_gate_all_blocks_stage10_w4,0.18514386739116162,38.21149414810077,21.73460661581699
345,81,mlp_up_gate_all_blocks_stage10_w4,0.022595026413910094,0.3565304249904671,2.652499472438771
384,81,mlp_up_gate_all_blocks_stage10_w4,0.028441233909688893,0.47964151137563243,3.3388037065765235
462,81,mlp_up_gate_all_blocks_stage10_w4,0.1134680303221103,2.7798810155449014,13.320360200277374
511,81,mlp_up_gate_all_blocks_stage10_w4,0.0901777952676639,2.3853477408615618,10.586248052620743
568,81,mlp_up_gate_all_blocks_stage10_w4,0.03663024249544832,1.2109313038494065,4.300136548398351
679,81,mlp_up_gate_all_blocks_stage10_w4,0.04942126061359886,3.0401889274542664,5.801713408227202
712,81,mlp_up_gate_all_blocks_stage10_w4,0.03392412263201549,0.7164517354364789,3.98245683523401
780,81,mlp_up_gate_all_blocks_stage10_w4,0.05810995599313174,25.80719085285136,6.821706015812912
870,81,mlp_up_gate_all_blocks_stage10_w4,0.048498267672584916,4.040304009859938,5.693360435132336
888,81,mlp_up_gate_all_blocks_stage10_w4,0.032183109145989874,2.5058014047813835,3.778073920667079
975,81,mlp_up_gate_all_blocks_stage10_w4,0.03788806882221252,0.3662532854445999,4.447796639917769
19,82,mlp_up_gate_all_blocks_stage10_w4,0.039833500632084906,1.0139974735322994,4.676176848678017
85,82,mlp_up_gate_all_blocks_stage10_w4,0.036463967771851465,0.22086769023690067,4.280617048463221
131,82,mlp_up_gate_all_blocks_stage10_w4,0.042605005161021836,0.4138768114971328,5.001532268326526
224,82,mlp_up_gate_all_blocks_stage10_w4,0.0649275236064568,0.8159101115597878,7.622041194289518
301,82,mlp_up_gate_all_blocks_stage10_w4,0.04751712136203423,1.3208159717637644,5.5781806595725785
345,82,mlp_up_gate_all_blocks_stage10_w4,0.06711391825592727,4.620558958996071,7.878708770065979
384,82,mlp_up_gate_all_blocks_stage10_w4,0.0701087923371233,2.352140278022503,8.23028622675364
462,82,mlp_up_gate_all_blocks_stage10_w4,0.044120399819803424,1.7877156782448085,5.179429096563033
511,82,mlp_up_gate_all_blocks_stage10_w4,0.06140605763357598,3.8758654879702585,7.208645499849123
568,82,mlp_up_gate_all_blocks_stage10_w4,0.03558501748193521,2.767518499071287,4.1774343773038956
679,82,mlp_up_gate_all_blocks_stage10_w4,0.03214923164341599,2.243061519698163,3.7740969367034998
712,82,mlp_up_gate_all_blocks_stage10_w4,0.08330148889217527,8.688627720737315,9.779017350642794
780,82,mlp_up_gate_all_blocks_stage10_w4,0.08184305540999047,1.1978085666971763,9.6078073696843
870,82,mlp_up_gate_all_blocks_stage10_w4,0.08010456954434632,1.414994907102667,9.403721180228708
888,82,mlp_up_gate_all_blocks_stage10_w4,0.0594036408001557,6.0113352387139685,6.973575644344108
975,82,mlp_up_gate_all_blocks_stage10_w4,0.23658179939957336,134.18370480951796,27.773063266244183
19,79,mlp_up_gate_all_blocks_stage15_w8,0.0017815967003116384,0.0028899545882836723,0.0023645012473012257
85,79,mlp_up_gate_all_blocks_stage15_w8,0.001514369228971191,0.0027909803228141072,0.0020098420311121102
131,79,mlp_up_gate_all_blocks_stage15_w8,0.0019061807543039324,0.003954440132019954,0.0025298468336548007
224,79,mlp_up_gate_all_blocks_stage15_w8,0.0018453543307259679,0.003221759525160905,0.0024491191614527744
301,79,mlp_up_gate_all_blocks_stage15_w8,0.0019207395380362866,0.0036121373298669823,0.0025491689744559813
345,79,mlp_up_gate_all_blocks_stage15_w8,0.0015774088096804917,0.003227278286942692,0.0020935069633554256
384,79,mlp_up_gate_all_blocks_stage15_w8,0.001835345410654554,0.004205077239532784,0.0024358355131451318
462,79,mlp_up_gate_all_blocks_stage15_w8,0.0014644843197402224,0.002719875108439851,0.001943635728598471
511,79,mlp_up_gate_all_blocks_stage15_w8,0.0014762716164113956,0.003219492374284982,0.0019592796044972213
568,79,mlp_up_gate_all_blocks_stage15_w8,0.0015218029293464499,0.0035273737089482893,0.0020197078968303664
679,79,mlp_up_gate_all_blocks_stage15_w8,0.0014686551876366136,0.003970440660125974,0.0019491712251233694
712,79,mlp_up_gate_all_blocks_stage15_w8,0.0023341478845395618,0.0045954461210158115,0.0030978366671951664
780,79,mlp_up_gate_all_blocks_stage15_w8,0.001738662947900593,0.0034290728563632906,0.0023075203878791797
870,79,mlp_up_gate_all_blocks_stage15_w8,0.0015238491032505408,0.003957103797091578,0.0020224235399091688
888,79,mlp_up_gate_all_blocks_stage15_w8,0.0020788127185369376,0.004790106058862876,0.002758960692409479
975,79,mlp_up_gate_all_blocks_stage15_w8,0.001978265820071101,0.010398847579381254,0.0026255167615843074
19,80,mlp_up_gate_all_blocks_stage15_w8,0.0014068643358768895,0.0053039065750368755,0.0018671635821859325
85,80,mlp_up_gate_all_blocks_stage15_w8,0.001121175300795585,0.0018903076234551006,0.0014880025298154003
131,80,mlp_up_gate_all_blocks_stage15_w8,0.0008982200524769723,0.0016428089709279448,0.0011921005657797128
224,80,mlp_up_gate_all_blocks_stage15_w8,0.001205073458550032,0.0022477761190202727,0.0015993505686964584
301,80,mlp_up_gate_all_blocks_stage15_w8,0.0011103196884505449,0.0024896782324645983,0.0014735951676297968
345,80,mlp_up_gate_all_blocks_stage15_w8,0.0011158015258843081,0.004617611983348978,0.001480870557984622
384,80,mlp_up_gate_all_blocks_stage15_w8,0.0009408364830960636,0.002172387818873745,0.001248660281756253
462,80,mlp_up_gate_all_blocks_stage15_w8,0.0008567000913899393,0.003688075543216485,0.0011369960633067259
511,80,mlp_up_gate_all_blocks_stage15_w8,0.0016209676105063409,0.004252679005929849,0.0021513173751425882
568,80,mlp_up_gate_all_blocks_stage15_w8,0.0013235025689937172,0.004855615524320456,0.001756527431064853
679,80,mlp_up_gate_all_blocks_stage15_w8,0.0009671430161688477,0.0027809391599049604,0.0012835738119911758
712,80,mlp_up_gate_all_blocks_stage15_w8,0.0009246881381841378,0.0029132299416687606,0.0012272285055975858
780,80,mlp_up_gate_all_blocks_stage15_w8,0.001223432656843215,0.0033921903410032424,0.0016237165474031368
870,80,mlp_up_gate_all_blocks_stage15_w8,0.0012053898681188002,0.003413632413298728,0.0015997705014567064
888,80,mlp_up_gate_all_blocks_stage15_w8,0.0009482017649133923,0.002304977315318979,0.0012584353436660288
975,80,mlp_up_gate_all_blocks_stage15_w8,0.0009205083479173481,0.0020531358239281876,0.001221681167472435
19,81,mlp_up_gate_all_blocks_stage15_w8,0.0014474933268502352,0.002619620958739688,0.0019210856060739774
85,81,mlp_up_gate_all_blocks_stage15_w8,0.0011402686504879966,0.003643448657669523,0.001513342860292533
131,81,mlp_up_gate_all_blocks_stage15_w8,0.001112372672650963,0.002401304360546419,0.0014763198492043245
224,81,mlp_up_gate_all_blocks_stage15_w8,0.00199117093870882,0.002924055789719659,0.0026426441895314513
301,81,mlp_up_gate_all_blocks_stage15_w8,0.001806849904824048,0.0037375424296470783,0.002398016819909494
345,81,mlp_up_gate_all_blocks_stage15_w8,0.0013596607495856006,0.0034631939400355805,0.001804515880467962
384,81,mlp_up_gate_all_blocks_stage15_w8,0.001492363400757313,0.00306402274557982,0.0019806363145486983
462,81,mlp_up_gate_all_blocks_stage15_w8,0.0019588085269788284,0.005435815954626833,0.002599693412350591
511,81,mlp_up_gate_all_blocks_stage15_w8,0.0021233573206700385,0.005624557946248387,0.0028180794409376
568,81,mlp_up_gate_all_blocks_stage15_w8,0.001432342280168086,0.0027858090718950734,0.0019009774251531246
679,81,mlp_up_gate_all_blocks_stage15_w8,0.0015336688411480284,0.002926315679360414,0.0020354561092346055
712,81,mlp_up_gate_all_blocks_stage15_w8,0.001674787461524829,0.004007857718963948,0.002222746057537724
780,81,mlp_up_gate_all_blocks_stage15_w8,0.0013053127477178348,0.002980726124860666,0.0017323862463132832
870,81,mlp_up_gate_all_blocks_stage15_w8,0.0017706711078062651,0.005936752960224111,0.0023500010087781405
888,81,mlp_up_gate_all_blocks_stage15_w8,0.001473294585593976,0.0030492633907215354,0.0019553285458318056
975,81,mlp_up_gate_all_blocks_stage15_w8,0.001299533367273398,0.002095311090670293,0.0017247159625351932
19,82,mlp_up_gate_all_blocks_stage15_w8,0.0016242177953245118,0.0024134273312483856,0.0021556309586012803
85,82,mlp_up_gate_all_blocks_stage15_w8,0.001393680940964259,0.0022740981947606542,0.001849666831260694
131,82,mlp_up_gate_all_blocks_stage15_w8,0.0012918885331600907,0.002028160634154119,0.0017145698841364377
224,82,mlp_up_gate_all_blocks_stage15_w8,0.0019593018951127306,0.0021350195874312305,0.0026003482011519993
301,82,mlp_up_gate_all_blocks_stage15_w8,0.002165970523492433,0.004678376223182568,0.0028746348730437706
345,82,mlp_up_gate_all_blocks_stage15_w8,0.001637671666685492,0.003522222849426271,0.002173486680723186
384,82,mlp_up_gate_all_blocks_stage15_w8,0.0019406317733228207,0.0023379352209076383,0.002575569570695519
462,82,mlp_up_gate_all_blocks_stage15_w8,0.0016266472084680572,0.002611271418473393,0.0021588552295078883
511,82,mlp_up_gate_all_blocks_stage15_w8,0.0011938398383790627,0.0023752062149533515,0.001584441521715557
568,82,mlp_up_gate_all_blocks_stage15_w8,0.001557816140120849,0.002035806107642202,0.002067503945049637
679,82,mlp_up_gate_all_blocks_stage15_w8,0.0016662085545249285,0.002176029763688802,0.002211360295373819
712,82,mlp_up_gate_all_blocks_stage15_w8,0.001903598546050489,0.0033701923380817793,0.0025264197759851327
780,82,mlp_up_gate_all_blocks_stage15_w8,0.0019679528195410967,0.0037007295543958207,0.002611829543476894
870,82,mlp_up_gate_all_blocks_stage15_w8,0.002028389659244567,0.0060450069108561886,0.0026920401673721918
888,82,mlp_up_gate_all_blocks_stage15_w8,0.0017354099545627832,0.0024574967137738213,0.0023032030770066526
975,82,mlp_up_gate_all_blocks_stage15_w8,0.0016343703064194415,0.001800448368726393,0.002169105178183637
19,79,mlp_up_gate_all_blocks_stage15_w6,0.01569577786722221,0.028953306872153917,0.029572612388094582
85,79,mlp_up_gate_all_blocks_stage15_w6,0.012330530327744782,0.02771827921642966,0.023232107195116366
131,79,mlp_up_gate_all_blocks_stage15_w6,0.0156320336391218,0.039717873122071985,0.029452511086614754
224,79,mlp_up_gate_all_blocks_stage15_w6,0.013766344520263372,0.030525278998084104,0.02593734276457157
301,79,mlp_up_gate_all_blocks_stage15_w6,0.012354939259239474,0.02727850613069904,0.023278096369785277
345,79,mlp_up_gate_all_blocks_stage15_w6,0.01528333273017779,0.04150104059654324,0.028795519320624473
384,79,mlp_up_gate_all_blocks_stage15_w6,0.012794962211046368,0.034190748619494116,0.024107149144724515
462,79,mlp_up_gate_all_blocks_stage15_w6,0.012141066190679338,0.03199590206855873,0.022875135432755867
511,79,mlp_up_gate_all_blocks_stage15_w6,0.0116129773814464,0.04446728378349007,0.02188015666878207
568,79,mlp_up_gate_all_blocks_stage15_w6,0.009602506135706788,0.02189893517470409,0.0180922025214551
679,79,mlp_up_gate_all_blocks_stage15_w6,0.0119330701418221,0.030800518471849617,0.02248324746242752
712,79,mlp_up_gate_all_blocks_stage15_w6,0.019401812780415636,0.07996120627205983,0.036555199355860525
780,79,mlp_up_gate_all_blocks_stage15_w6,0.012634087353944778,0.03273785773444615,0.023804042804133996
870,79,mlp_up_gate_all_blocks_stage15_w6,0.013333323644474149,0.08508613966233726,0.02512148268907891
888,79,mlp_up_gate_all_blocks_stage15_w6,0.013003308824409032,0.0263616787860883,0.02449969761804441
975,79,mlp_up_gate_all_blocks_stage15_w6,0.01179792848415673,0.052183397991939266,0.02222862536638165
19,80,mlp_up_gate_all_blocks_stage15_w6,0.010385944478912279,0.04332453685378824,0.019568288552334133
85,80,mlp_up_gate_all_blocks_stage15_w6,0.01144923824176658,0.021017906051611135,0.021571653697379584
131,80,mlp_up_gate_all_blocks_stage15_w6,0.007184966292697936,0.012997257019151219,0.013537285312835837
224,80,mlp_up_gate_all_blocks_stage15_w6,0.010307637585356135,0.020418383597075263,0.01942074954980482
301,80,mlp_up_gate_all_blocks_stage15_w6,0.007711569749517367,0.027620746262883248,0.014529465505655283
345,80,mlp_up_gate_all_blocks_stage15_w6,0.007500083505874499,0.02097310873483593,0.014131001615456796
384,80,mlp_up_gate_all_blocks_stage15_w6,0.005859473852979135,0.01771533943763259,0.01103990834466324
462,80,mlp_up_gate_all_blocks_stage15_w6,0.004537558837910182,0.013116974199608222,0.008549271647244509
511,80,mlp_up_gate_all_blocks_stage15_w6,0.014281674069934525,0.050561247106386986,0.02690828164721093
568,80,mlp_up_gate_all_blocks_stage15_w6,0.00827618612674996,0.021665727161462197,0.015593266319677933
679,80,mlp_up_gate_all_blocks_stage15_w6,0.007127546487026848,0.03217278339531048,0.01342909993515813
712,80,mlp_up_gate_all_blocks_stage15_w6,0.005341111755114979,0.014880540842682421,0.01006325579985189
780,80,mlp_up_gate_all_blocks_stage15_w6,0.00974705554835964,0.05596760805181943,0.01836454988693588
870,80,mlp_up_gate_all_blocks_stage15_w6,0.010222364755463788,0.04510539573672645,0.019260085939057085
888,80,mlp_up_gate_all_blocks_stage15_w6,0.006819680129410699,0.022616522923115667,0.012849045060647591
975,80,mlp_up_gate_all_blocks_stage15_w6,0.005350316467229276,0.009490381623947995,0.01008059851365702
19,81,mlp_up_gate_all_blocks_stage15_w6,0.010145572363398971,0.02279956128069216,0.019115400427826074
85,81,mlp_up_gate_all_blocks_stage15_w6,0.006974280928261578,0.0313206743895762,0.013140330369218026
131,81,mlp_up_gate_all_blocks_stage15_w6,0.01175218354910612,0.060410703647278303,0.02214243675920243
224,81,mlp_up_gate_all_blocks_stage15_w6,0.014872579311486334,0.018788668107106332,0.02802161364096943
301,81,mlp_up_gate_all_blocks_stage15_w6,0.013913875445723534,0.07341572605231762,0.0262153076358126
345,81,mlp_up_gate_all_blocks_stage15_w6,0.010354544443544002,0.0338625073457024,0.019509127350973245
384,81,mlp_up_gate_all_blocks_stage15_w6,0.008891897989087738,0.01674749246757301,0.016753336779498307
462,81,mlp_up_gate_all_blocks_stage15_w6,0.016159378297743384,0.05826574469473656,0.030446087787067134
511,81,mlp_up_gate_all_blocks_stage15_w6,0.018192656760220416,0.04132961889172294,0.034277013298154003
568,81,mlp_up_gate_all_blocks_stage15_w6,0.013269767281599341,0.029861434922167973,0.02500173534683225
679,81,mlp_up_gate_all_blocks_stage15_w6,0.011800616313848879,0.046391799593948235,0.022233689540092794
712,81,mlp_up_gate_all_blocks_stage15_w6,0.01222035242244601,0.035760559357559174,0.0230245196187187
780,81,mlp_up_gate_all_blocks_stage15_w6,0.00958807731512934,0.023345287358612406,0.018065016999223332
870,81,mlp_up_gate_all_blocks_stage15_w6,0.015603229636326432,0.058142976918134075,0.029398241102858685
888,81,mlp_up_gate_all_blocks_stage15_w6,0.009957532412954606,0.0227198791386769,0.018761111993381516
975,81,mlp_up_gate_all_blocks_stage15_w6,0.006794174318201841,0.01023546522628749,0.012800989241120567
19,82,mlp_up_gate_all_blocks_stage15_w6,0.009414110056241045,0.015833420498680084,0.017737243099844535
85,82,mlp_up_gate_all_blocks_stage15_w6,0.008374813769478351,0.014200682441313004,0.01577909190117072
131,82,mlp_up_gate_all_blocks_stage15_w6,0.010470528388395904,0.022457227060385776,0.019727654159479514
224,82,mlp_up_gate_all_blocks_stage15_w6,0.010803152938024141,0.017030834079449164,0.020354356254790273
301,82,mlp_up_gate_all_blocks_stage15_w6,0.01304333949519787,0.03241950313679354,0.024575119908095158
345,82,mlp_up_gate_all_blocks_stage15_w6,0.009870891692116857,0.025733741058104442,0.018597871122108065
384,82,mlp_up_gate_all_blocks_stage15_w6,0.010928192990832029,0.019936504402039642,0.020589945790138925
462,82,mlp_up_gate_all_blocks_stage15_w6,0.009328857369837353,0.023655126517283517,0.017576617441696994
511,82,mlp_up_gate_all_blocks_stage15_w6,0.008631762233562768,0.03009260393126922,0.01626321173239954
568,82,mlp_up_gate_all_blocks_stage15_w6,0.009425464522792026,0.02010601698862047,0.01775863619300795
679,82,mlp_up_gate_all_blocks_stage15_w6,0.008120631206111284,0.020352853624956427,0.015300183338253035
712,82,mlp_up_gate_all_blocks_stage15_w6,0.010798982591950336,0.018857154014995107,0.020346498853328038
780,82,mlp_up_gate_all_blocks_stage15_w6,0.01603027188684791,0.035157766310206284,0.03020283677532829
870,82,mlp_up_gate_all_blocks_stage15_w6,0.011174607629072854,0.035646656533799614,0.021054218707677236
888,82,mlp_up_gate_all_blocks_stage15_w6,0.010599371104035527,0.019934217369510062,0.019970408339671945
975,82,mlp_up_gate_all_blocks_stage15_w6,0.00787353749910835,0.011617833812863411,0.0148346309787236
19,79,mlp_up_gate_all_blocks_stage15_w4,0.25612697657197714,0.3763977914898078,0.5307674728440459
85,79,mlp_up_gate_all_blocks_stage15_w4,0.24076413473812863,0.5849816061353579,0.49893132327093337
131,79,mlp_up_gate_all_blocks_stage15_w4,0.25452739885076875,0.49298099624388664,0.5274526957906229
224,79,mlp_up_gate_all_blocks_stage15_w4,0.275893724818161,0.6324964813040879,0.5717297609770304
301,79,mlp_up_gate_all_blocks_stage15_w4,0.1856451950734481,0.3545674324972908,0.3847093045549761
345,79,mlp_up_gate_all_blocks_stage15_w4,0.3300898823217721,1.108406227996568,0.6840395142917728
384,79,mlp_up_gate_all_blocks_stage15_w4,0.2382663850439712,0.4876202099305828,0.4937552800805264
462,79,mlp_up_gate_all_blocks_stage15_w4,0.25023012497535996,1.0774625106071911,0.5185475299799123
511,79,mlp_up_gate_all_blocks_stage15_w4,0.21224739047465843,0.7208498146187168,0.4398365707812106
568,79,mlp_up_gate_all_blocks_stage15_w4,0.1606816419662209,0.37036387628859296,0.33297776821597735
679,79,mlp_up_gate_all_blocks_stage15_w4,0.19774926192258135,0.42078711980695965,0.40979235148207105
712,79,mlp_up_gate_all_blocks_stage15_w4,0.2534009397058981,0.6437841653091283,0.5251183541231139
780,79,mlp_up_gate_all_blocks_stage15_w4,0.24260068021249023,0.7054254186335953,0.5027371644721867
870,79,mlp_up_gate_all_blocks_stage15_w4,0.21360216668108478,0.7839216274239789,0.4426440499190127
888,79,mlp_up_gate_all_blocks_stage15_w4,0.3295810090530722,1.6274391911622388,0.68298498507958
975,79,mlp_up_gate_all_blocks_stage15_w4,0.1615917816670844,0.37095883557162773,0.3348638348670886
19,80,mlp_up_gate_all_blocks_stage15_w4,0.22462710246327333,1.1172200761505449,0.46549083233021904
85,80,mlp_up_gate_all_blocks_stage15_w4,0.19657469670346472,1.6197173556950586,0.40735832043471726
131,80,mlp_up_gate_all_blocks_stage15_w4,0.10908504354301841,0.20898988166959498,0.22605503590965867
224,80,mlp_up_gate_all_blocks_stage15_w4,0.25648735528011457,1.0425205083840865,0.5315142793645655
301,80,mlp_up_gate_all_blocks_stage15_w4,0.14882951334584504,0.3927986500266485,0.3084168084925815
345,80,mlp_up_gate_all_blocks_stage15_w4,0.14812279315447083,0.29675409611780884,0.3069522845482318
384,80,mlp_up_gate_all_blocks_stage15_w4,0.13118527328424534,0.4174341955158098,0.2718529571049195
462,80,mlp_up_gate_all_blocks_stage15_w4,0.11126348546531518,0.5642365234819701,0.23056938316550132
511,80,mlp_up_gate_all_blocks_stage15_w4,0.25467881972508616,0.7664578329322608,0.5277664826313258
568,80,mlp_up_gate_all_blocks_stage15_w4,0.20142924327228684,0.5921601897127858,0.4174183127425301
679,80,mlp_up_gate_all_blocks_stage15_w4,0.19296485123049933,1.6367274876989197,0.39987770053014066
712,80,mlp_up_gate_all_blocks_stage15_w4,0.15441224045935084,0.6024070373940162,0.31998579666115384
780,80,mlp_up_gate_all_blocks_stage15_w4,0.20827407887918528,3.32764540764316,0.4316027463610852
870,80,mlp_up_gate_all_blocks_stage15_w4,0.2185291797068203,0.8934213171048704,0.45285421320341174
888,80,mlp_up_gate_all_blocks_stage15_w4,0.1271877606777707,0.5422056397514012,0.26356898135118045
975,80,mlp_up_gate_all_blocks_stage15_w4,0.10760628747812008,0.22812510478962622,0.22299063547037762
19,81,mlp_up_gate_all_blocks_stage15_w4,0.26047280822240276,0.7801080555564255,0.539773264086242
85,81,mlp_up_gate_all_blocks_stage15_w4,0.13547438540263101,0.5735046049506992,0.28074120944869635
131,81,mlp_up_gate_all_blocks_stage15_w4,0.16749697993509471,0.4676613681892264,0.3471010743929847
224,81,mlp_up_gate_all_blocks_stage15_w4,0.3110432488101651,0.4594744570110158,0.6445695073817375
301,81,mlp_up_gate_all_blocks_stage15_w4,0.19076485747882543,0.5903806195428984,0.3953186917936263
345,81,mlp_up_gate_all_blocks_stage15_w4,0.1612264204595704,0.9163102421976532,0.33410670319988617
384,81,mlp_up_gate_all_blocks_stage15_w4,0.18795740966743327,0.4032320319649329,0.38950086658857447
462,81,mlp_up_gate_all_blocks_stage15_w4,0.2670290597161511,0.9544827611848631,0.5533596698730956
511,81,mlp_up_gate_all_blocks_stage15_w4,0.3133407324785367,0.9862945680053059,0.6493305427747407
568,81,mlp_up_gate_all_blocks_stage15_w4,0.1930156625458039,0.3903707505930925,0.39998299593391673
679,81,mlp_up_gate_all_blocks_stage15_w4,0.16761030623456466,0.35071092543063287,0.3473359185096861
712,81,mlp_up_gate_all_blocks_stage15_w4,0.2379575232807838,0.9219579416177092,0.49311523122780787
780,81,mlp_up_gate_all_blocks_stage15_w4,0.15729898920108099,0.3942167408977752,0.3259679558030405
870,81,mlp_up_gate_all_blocks_stage15_w4,0.22730942600173876,1.0572356135594418,0.4710493646836485
888,81,mlp_up_gate_all_blocks_stage15_w4,0.19172808773873842,0.3750707558558588,0.3973147770856309
975,81,mlp_up_gate_all_blocks_stage15_w4,0.12888049575849436,0.2646874234287679,0.2670768067782989
19,82,mlp_up_gate_all_blocks_stage15_w4,0.19776004474260847,0.4559388068976205,0.4098146965322197
85,82,mlp_up_gate_all_blocks_stage15_w4,0.17631743580568582,0.6221381400870882,0.3653795514765981
131,82,mlp_up_gate_all_blocks_stage15_w4,0.2032997375354171,0.35578890744638164,0.4212945054274968
224,82,mlp_up_gate_all_blocks_stage15_w4,0.1745976684760535,0.24247186488231876,0.3618157075908598
301,82,mlp_up_gate_all_blocks_stage15_w4,0.15995893729632368,0.5147560054682003,0.33148011991517
345,82,mlp_up_gate_all_blocks_stage15_w4,0.1887801886186935,0.4576093089218638,0.3912058970797572
384,82,mlp_up_gate_all_blocks_stage15_w4,0.21418595901923254,0.3760170985004833,0.44385383261403205
462,82,mlp_up_gate_all_blocks_stage15_w4,0.22347100132901687,0.9525487131559345,0.4630950640843506
511,82,mlp_up_gate_all_blocks_stage15_w4,0.17923072843404952,0.8247207329898744,0.3714167170524673
568,82,mlp_up_gate_all_blocks_stage15_w4,0.1503098958928604,0.33250977566154916,0.31148457946242686
679,82,mlp_up_gate_all_blocks_stage15_w4,0.12383124657208099,0.3667951209559987,0.25661333562699146
712,82,mlp_up_gate_all_blocks_stage15_w4,0.193961514509283,0.35182875409691405,0.4019430684848817
780,82,mlp_up_gate_all_blocks_stage15_w4,0.23540632962249217,0.4038218591891365,0.48782843704130535
870,82,mlp_up_gate_all_blocks_stage15_w4,0.2287790859263623,0.8255868162991647,0.4740949153498564
888,82,mlp_up_gate_all_blocks_stage15_w4,0.19123028068861458,0.34440842213929557,0.3962831802054642
975,82,mlp_up_gate_all_blocks_stage15_w4,0.13724580193593283,0.15975073994025027,0.28441208507967675
19,79,output_conditioning_projection_stage4_w8,0.0005318652329151519,0.007671597059299984,0.003558102506915184
85,79,output_conditioning_projection_stage4_w8,0.0006450021182899945,0.016494220569473583,0.004314972124563274
131,79,output_conditioning_projection_stage4_w8,0.0007541576524090488,0.15469133038095606,0.005045207070479793
224,79,output_conditioning_projection_stage4_w8,0.0005214652228460182,0.013493819581697153,0.0034885279237146477
301,79,output_conditioning_projection_stage4_w8,0.0004810547989109181,0.01308502905635578,0.003218187954469238
345,79,output_conditioning_projection_stage4_w8,0.0004898771906027832,0.008199615962951158,0.003277208495864206
384,79,output_conditioning_projection_stage4_w8,0.0006068425864214078,0.012101564584327207,0.004059690302023111
462,79,output_conditioning_projection_stage4_w8,0.0006351772790367249,0.023829779373102152,0.0042492453520395395
511,79,output_conditioning_projection_stage4_w8,0.0005532329851121175,0.052240846574022726,0.003701049719769186
568,79,output_conditioning_projection_stage4_w8,0.0005923525895923376,0.00958538697250333,0.003962754291071381
679,79,output_conditioning_projection_stage4_w8,0.0006057044411136303,0.24734550459498902,0.004052076272336228
712,79,output_conditioning_projection_stage4_w8,0.0005410978956206236,0.017746908994070054,0.0036198677028423296
780,79,output_conditioning_projection_stage4_w8,0.0005720391782233492,0.013186792097485522,0.0038268604678939454
870,79,output_conditioning_projection_stage4_w8,0.0005638006778099225,0.016992948469180643,0.003771746075825924
888,79,output_conditioning_projection_stage4_w8,0.0008408364083152265,0.01161244537439643,0.0056250755777624666
975,79,output_conditioning_projection_stage4_w8,0.0007373144981102088,1.0206553700747918,0.004932528771869096
19,80,output_conditioning_projection_stage4_w8,0.0005642930809699464,0.0197427239921808,0.0037750401826967396
85,80,output_conditioning_projection_stage4_w8,0.0006734800299454947,0.00548627401514068,0.004505485289520062
131,80,output_conditioning_projection_stage4_w8,0.0007268769732036162,0.006585831656607865,0.004862703219759617
224,80,output_conditioning_projection_stage4_w8,0.0004956755037710536,0.00617520152832185,0.003315998383495747
301,80,output_conditioning_projection_stage4_w8,0.0004598499217536301,0.007583003251284027,0.0030763303523871494
345,80,output_conditioning_projection_stage4_w8,0.00047594408624718204,0.03587036008332234,0.003183998016087115
384,80,output_conditioning_projection_stage4_w8,0.000545537021025666,0.00652554083021073,0.003649564818304494
462,80,output_conditioning_projection_stage4_w8,0.0005567644475377165,0.008786332274013375,0.00372467469942941
511,80,output_conditioning_projection_stage4_w8,0.0005021466349717229,0.023025100515269518,0.0033592893277476932
568,80,output_conditioning_projection_stage4_w8,0.0005457200879845915,0.010395577698091072,0.0036507895101346327
679,80,output_conditioning_projection_stage4_w8,0.0005839798577653711,0.021285107450026434,0.00390674191000264
712,80,output_conditioning_projection_stage4_w8,0.000560287335247267,0.018846198029621064,0.003748242315462948
780,80,output_conditioning_projection_stage4_w8,0.0005063302398866654,0.017602680321601838,0.003387277047595842
870,80,output_conditioning_projection_stage4_w8,0.0005046781234341324,0.00809714947584439,0.0033762246242982075
888,80,output_conditioning_projection_stage4_w8,0.0008217170179705136,0.011878653343558199,0.005497169584841388
975,80,output_conditioning_projection_stage4_w8,0.0006744818529114127,0.008767459746497508,0.004512187342194158
19,81,output_conditioning_projection_stage4_w8,0.0004909761955786961,0.04502187995404939,0.003284560682316543
85,81,output_conditioning_projection_stage4_w8,0.0006642060943704564,0.014278624293694975,0.004443443983985473
131,81,output_conditioning_projection_stage4_w8,0.0007092988416843581,0.010532714933845002,0.004745108028431263
224,81,output_conditioning_projection_stage4_w8,0.0005392015009419993,0.007898825197074187,0.0036071810930725376
301,81,output_conditioning_projection_stage4_w8,0.00045297257747733966,0.11153804823152313,0.0030303219006290487
345,81,output_conditioning_projection_stage4_w8,0.000442693959485041,0.014584214699212337,0.0029615594130989495
384,81,output_conditioning_projection_stage4_w8,0.0005721850466215983,0.00853637898967463,0.003827836306661682
462,81,output_conditioning_projection_stage4_w8,0.0005466666962092859,0.010830915342655347,0.0036571221840695145
511,81,output_conditioning_projection_stage4_w8,0.000538110078423415,0.01248776473153157,0.0035998796321776534
568,81,output_conditioning_projection_stage4_w8,0.0005293959875416477,0.03491051487281993,0.0035415836077468763
679,81,output_conditioning_projection_stage4_w8,0.0005848737273481673,0.01699633721045757,0.003912721769949436
712,81,output_conditioning_projection_stage4_w8,0.0005225319991950528,0.007856511240333928,0.003495664505252444
780,81,output_conditioning_projection_stage4_w8,0.0004610583018802572,0.018910783416288265,0.0030844142429890834
870,81,output_conditioning_projection_stage4_w8,0.0004920373185086646,0.0434934513987173,0.0032916594432875735
888,81,output_conditioning_projection_stage4_w8,0.0007116686610970646,0.009098921010320282,0.004760961782110689
975,81,output_conditioning_projection_stage4_w8,0.0006043434295861516,0.010832661916765574,0.0040429712994442795
19,82,output_conditioning_projection_stage4_w8,0.0005337654329196084,0.011751282780664953,0.0035708145737717435
85,82,output_conditioning_projection_stage4_w8,0.0006616338796447963,0.06594815940667333,0.004426236234545766
131,82,output_conditioning_projection_stage4_w8,0.000722220960597042,0.012774977195533666,0.004831555159870688
224,82,output_conditioning_projection_stage4_w8,0.0005428546064649707,0.004610347794709924,0.0036316198476947716
301,82,output_conditioning_projection_stage4_w8,0.0004952293757014559,0.016267121584405686,0.0033130138503760682
345,82,output_conditioning_projection_stage4_w8,0.00049463780305814,0.014754039758443582,0.0033090563138142817
384,82,output_conditioning_projection_stage4_w8,0.0006278623804973904,0.018800203304550674,0.004200309724704056
462,82,output_conditioning_projection_stage4_w8,0.0005905505868213368,0.01126466320160091,0.003950699149693134
511,82,output_conditioning_projection_stage4_w8,0.0005357800837373362,0.0082611258602725,0.0035842923002360706
568,82,output_conditioning_projection_stage4_w8,0.0005638132570311427,0.009864622950999545,0.003771830229020735
679,82,output_conditioning_projection_stage4_w8,0.0006355171535687987,0.012697008263103271,0.0042515190641563855
712,82,output_conditioning_projection_stage4_w8,0.0006431973197322804,0.02723030059132725,0.004302898279770896
780,82,output_conditioning_projection_stage4_w8,0.0005481586158566643,0.007714403186938058,0.00366710291360199
870,82,output_conditioning_projection_stage4_w8,0.0005481666639752802,0.021572860565484575,0.003667156754367002
888,82,output_conditioning_projection_stage4_w8,0.0008276678354377509,0.011369569615055752,0.005536979704469473
975,82,output_conditioning_projection_stage4_w8,0.0007724805036559701,0.005141769594558809,0.005167784330508943
19,79,output_conditioning_projection_stage4_w6,0.0028568143570737448,0.014286277647499901,0.02090922923909646
85,79,output_conditioning_projection_stage4_w6,0.0035655607389344364,0.03272922617556163,0.02609659485633067
131,79,output_conditioning_projection_stage4_w6,0.002148795174434781,0.2791171322769514,0.015727186045138355
224,79,output_conditioning_projection_stage4_w6,0.0027542393982002977,0.018088636265531473,0.020158475755950044
301,79,output_conditioning_projection_stage4_w6,0.003332913347549038,0.06972577225639043,0.02439383190769518
345,79,output_conditioning_projection_stage4_w6,0.0024002374868814513,0.019870344706305332,0.017567510369446638
384,79,output_conditioning_projection_stage4_w6,0.003038376489712391,0.06025034701229969,0.022238095513896793
462,79,output_conditioning_projection_stage4_w6,0.002479987964761676,0.017171514594565455,0.018151209838681022
511,79,output_conditioning_projection_stage4_w6,0.003333687200210989,0.08419254666864619,0.024399495790847388
568,79,output_conditioning_projection_stage4_w6,0.003153864399791928,0.012063861951219224,0.023083359813349087
679,79,output_conditioning_projection_stage4_w6,0.0029471505404217164,0.584457698200552,0.02157040624611156
712,79,output_conditioning_projection_stage4_w6,0.0027110321163945628,0.032523786358183315,0.01984223856054483
780,79,output_conditioning_projection_stage4_w6,0.0030767011048737913,0.04061290929371352,0.022518596121829427
870,79,output_conditioning_projection_stage4_w6,0.002774024756945437,0.05315456246296435,0.02030328621608916
888,79,output_conditioning_projection_stage4_w6,0.0031693023520347192,0.047772873415354404,0.0231963512933966
975,79,output_conditioning_projection_stage4_w6,0.0029071910612401557,0.32132272279568497,0.021277939951123464
19,80,output_conditioning_projection_stage4_w6,0.002667759633368405,0.059887295852153244,0.019525524152729536
85,80,output_conditioning_projection_stage4_w6,0.0032122933953360193,0.01773711495434327,0.02351100582367401
131,80,output_conditioning_projection_stage4_w6,0.0020069478487130255,0.008891548145697925,0.0146889952914672
224,80,output_conditioning_projection_stage4_w6,0.0026420307403896004,0.010173015593011314,0.019337212539120505
301,80,output_conditioning_projection_stage4_w6,0.0032346949010388926,0.03685462416848395,0.02367496405108998
345,80,output_conditioning_projection_stage4_w6,0.002251542076010082,0.013659792474701504,0.01647919798925552
384,80,output_conditioning_projection_stage4_w6,0.002832827058227849,0.011964454017572733,0.020733664477895354
462,80,output_conditioning_projection_stage4_w6,0.0023493297717891437,0.022669905460503518,0.017194913150356077
511,80,output_conditioning_projection_stage4_w6,0.0031970859490684234,0.04478418123530048,0.023399701433396404
568,80,output_conditioning_projection_stage4_w6,0.0027779507727245805,0.026607257145087715,0.020332021007245318
679,80,output_conditioning_projection_stage4_w6,0.00271446136321174,0.02570477390696624,0.019867337464028096
712,80,output_conditioning_projection_stage4_w6,0.0025910694575941307,0.01533228088442229,0.01896422325416733
780,80,output_conditioning_projection_stage4_w6,0.0028601449814686926,0.05064135825620042,0.020933606317995845
870,80,output_conditioning_projection_stage4_w6,0.002574638271653385,0.02310135220687926,0.018843962225425795
888,80,output_conditioning_projection_stage4_w6,0.0029612923462991603,0.08014146540682886,0.021673911137920197
975,80,output_conditioning_projection_stage4_w6,0.0027289895115245604,0.06777421718078357,0.019973670023839055
19,81,output_conditioning_projection_stage4_w6,0.0026274973097315524,0.040661424855045425,0.019230841317445846
85,81,output_conditioning_projection_stage4_w6,0.0031237885823429683,0.02195270975789754,0.022863232747676654
131,81,output_conditioning_projection_stage4_w6,0.0019850255457640738,0.01213595353715391,0.014528544383387168
224,81,output_conditioning_projection_stage4_w6,0.0024085717013804246,0.014893073545593438,0.01762850908329563
301,81,output_conditioning_projection_stage4_w6,0.0030391809495995408,2.7098489912177683,0.022243983413526118
345,81,output_conditioning_projection_stage4_w6,0.0021302702537013825,0.016543183469366337,0.015591600821236205
384,81,output_conditioning_projection_stage4_w6,0.0027224928235227703,0.020807441845931866,0.019926120298254697
462,81,output_conditioning_projection_stage4_w6,0.0022526938391820295,0.039888922558379385,0.016487627826543252
511,81,output_conditioning_projection_stage4_w6,0.002967444647083539,0.017131808040176114,0.02171894026875256
568,81,output_conditioning_projection_stage4_w6,0.0026931468019029126,0.02559518788848436,0.019711334660614033
679,81,output_conditioning_projection_stage4_w6,0.002576210506958887,0.03995033292471817,0.018855469528425428
712,81,output_conditioning_projection_stage4_w6,0.002403641825367231,0.06778587630969923,0.01759242696706538
780,81,output_conditioning_projection_stage4_w6,0.0027491796354297544,0.012188295663520421,0.020121442989224136
870,81,output_conditioning_projection_stage4_w6,0.002467695776431355,0.042600398248396225,0.01806124243039899
888,81,output_conditioning_projection_stage4_w6,0.0027438486722530797,0.00888483151629771,0.020082425287268717
975,81,output_conditioning_projection_stage4_w6,0.0026348136198066636,0.01563846349495179,0.01928438991578792
19,82,output_conditioning_projection_stage4_w6,0.0028490688318925095,0.025632397477693306,0.020852539184598996
85,82,output_conditioning_projection_stage4_w6,0.0034731595117136744,0.024023591250738722,0.02542030364505583
131,82,output_conditioning_projection_stage4_w6,0.00200021952696261,0.04697921409916717,0.014639750221858287
224,82,output_conditioning_projection_stage4_w6,0.0025957774414564487,0.00675634529308411,0.018998681325825863
301,82,output_conditioning_projection_stage4_w6,0.0030746356096642558,0.018126558680933158,0.02250347861420367
345,82,output_conditioning_projection_stage4_w6,0.00234249432105571,0.00845259080398364,0.017144883996034577
384,82,output_conditioning_projection_stage4_w6,0.003034546934941318,0.10146000739825922,0.022210066727779212
462,82,output_conditioning_projection_stage4_w6,0.0023933652555570006,0.013509069485522216,0.017517212015340695
511,82,output_conditioning_projection_stage4_w6,0.0031607360579073433,0.07961141321870004,0.023133653972096976
568,82,output_conditioning_projection_stage4_w6,0.0029635653918376192,0.021497048683841058,0.021690547721293862
679,82,output_conditioning_projection_stage4_w6,0.0029216720067779534,0.10131788977764701,0.02138392703043751
712,82,output_conditioning_projection_stage4_w6,0.002701856774365297,0.016868778492437286,0.01977508357395566
780,82,output_conditioning_projection_stage4_w6,0.0029787675885017966,0.011878739061742749,0.02180181368934742
870,82,output_conditioning_projection_stage4_w6,0.002691061621590052,0.02430815581840307,0.01969607307630475
888,82,output_conditioning_projection_stage4_w6,0.002972632944874931,0.1859911537763992,0.021756913792517693
975,82,output_conditioning_projection_stage4_w6,0.002753057866357267,0.007645588888294696,0.020149828039622925
19,79,output_conditioning_projection_stage4_w4,0.018414779890008504,0.15070193552423916,0.13655082136103844
85,79,output_conditioning_projection_stage4_w4,0.029063527367952702,2.5543959875283946,0.2155143073904604
131,79,output_conditioning_projection_stage4_w4,0.018735777732217688,0.42903576681737826,0.13893111150138207
224,79,output_conditioning_projection_stage4_w4,0.020764370419783514,0.17353654227946436,0.15397370225449813
301,79,output_conditioning_projection_stage4_w4,0.022791206229157982,0.25474138655795286,0.16900326525699794
345,79,output_conditioning_projection_stage4_w4,0.019314830855591936,0.29320353325653065,0.14322495482075456
384,79,output_conditioning_projection_stage4_w4,0.022773438442527546,0.43071092839142006,0.1688715120743563
462,79,output_conditioning_projection_stage4_w4,0.02032015225995565,0.3304795781742201,0.1506796984732802
511,79,output_conditioning_projection_stage4_w4,0.024231311828771144,1.2230074917954994,0.17968205716482327
568,79,output_conditioning_projection_stage4_w4,0.021170768162846798,0.08352740976511086,0.15698725690712115
679,79,output_conditioning_projection_stage4_w4,0.029069082775095016,0.520658793434734,0.2155555023117578
712,79,output_conditioning_projection_stage4_w4,0.024209237053582907,0.22796773614038557,0.17951836643914976
780,79,output_conditioning_projection_stage4_w4,0.020610989249689734,0.15764977843946326,0.15283633732900226
870,79,output_conditioning_projection_stage4_w4,0.023829703474802955,0.27602976807554575,0.17670401719218337
888,79,output_conditioning_projection_stage4_w4,0.030560677743778793,0.7303887955854974,0.22661610251052935
975,79,output_conditioning_projection_stage4_w4,0.017318471316684736,2.189628226338982,0.1284213820168444
19,80,output_conditioning_projection_stage4_w4,0.0166522987137796,0.4942204358171693,0.1234815230210671
85,80,output_conditioning_projection_stage4_w4,0.026736944844742542,0.16076699550217555,0.1982620373983026
131,80,output_conditioning_projection_stage4_w4,0.01814961579293595,0.0790872089110053,0.1345845542936617
224,80,output_conditioning_projection_stage4_w4,0.020819277485315982,0.0660106847357156,0.1543808537350896
301,80,output_conditioning_projection_stage4_w4,0.021712855832447534,0.09625238109521206,0.16100699089122567
345,80,output_conditioning_projection_stage4_w4,0.017965861403354214,0.36197789877849124,0.1332219633218469
384,80,output_conditioning_projection_stage4_w4,0.020767648247783654,0.710593954402114,0.1539980082797872
462,80,output_conditioning_projection_stage4_w4,0.019284593083284562,0.0639461887462609,0.14300073315373696
511,80,output_conditioning_projection_stage4_w4,0.02387572287261719,0.30768635812955836,0.177045264093184
568,80,output_conditioning_projection_stage4_w4,0.020239332618984918,0.2890724098921283,0.15008039788850128
679,80,output_conditioning_projection_stage4_w4,0.026919934160105186,0.3054600505111722,0.19961895512755662
712,80,output_conditioning_projection_stage4_w4,0.02302747830640328,0.14617650323299358,0.1707552897940943
780,80,output_conditioning_projection_stage4_w4,0.020157115764050104,0.12103290369441311,0.1494707365654701
870,80,output_conditioning_projection_stage4_w4,0.0238216819182071,0.12502444012517697,0.17664453507247843
888,80,output_conditioning_projection_stage4_w4,0.030432965901127318,0.21746759135601224,0.22566908293626592
975,80,output_conditioning_projection_stage4_w4,0.01632176303610322,0.10868180853969987,0.12103050712267309
19,81,output_conditioning_projection_stage4_w4,0.01627793725492666,1.1274553443855666,0.12070552651187058
85,81,output_conditioning_projection_stage4_w4,0.024862484065124587,0.34964485642746007,0.18436237850502618
131,81,output_conditioning_projection_stage4_w4,0.01716682184996898,0.24966296730606527,0.12729685816357608
224,81,output_conditioning_projection_stage4_w4,0.01951024500885978,0.0445312904677877,0.1446740062508384
301,81,output_conditioning_projection_stage4_w4,0.020267016891921234,2.677928608452475,0.1502856846326718
345,81,output_conditioning_projection_stage4_w4,0.016789807650866347,0.06459990861276664,0.12450119083224015
384,81,output_conditioning_projection_stage4_w4,0.01950718858665823,0.3466850531962109,0.14465134201240926
462,81,output_conditioning_projection_stage4_w4,0.01791501589923428,0.3261516451264193,0.1328449294723215
511,81,output_conditioning_projection_stage4_w4,0.02212704893190676,0.14624704481072115,0.16407835032484666
568,81,output_conditioning_projection_stage4_w4,0.01889929235403542,0.08455168141836113,0.1401436188485845
679,81,output_conditioning_projection_stage4_w4,0.026643313395652516,0.09615409563258483,0.19756773361868454
712,81,output_conditioning_projection_stage4_w4,0.021243848132144194,0.08913436936438757,0.1575291656289307
780,81,output_conditioning_projection_stage4_w4,0.01903904316714034,1.3989890698768477,0.14117991080696426
870,81,output_conditioning_projection_stage4_w4,0.022121032123550325,0.21034583323785228,0.1640337339825417
888,81,output_conditioning_projection_stage4_w4,0.026961645871779183,0.17128201475804872,0.19992825931275351
975,81,output_conditioning_projection_stage4_w4,0.015361677640612472,0.05457073730144656,0.1139112013197223
19,82,output_conditioning_projection_stage4_w4,0.01711027353303507,0.2787165474001653,0.12687753633784524
85,82,output_conditioning_projection_stage4_w4,0.028175327799544906,0.11869426682977748,0.20892805540574833
131,82,output_conditioning_projection_stage4_w4,0.01885113549724338,0.16181904618395038,0.1397865220823784
224,82,output_conditioning_projection_stage4_w4,0.02096384845935972,0.03747933763185074,0.1554528885554107
301,82,output_conditioning_projection_stage4_w4,0.023330985867687556,0.16906304593908317,0.1730058845353945
345,82,output_conditioning_projection_stage4_w4,0.018608704398502592,1.0456591480568134,0.13798882665217263
384,82,output_conditioning_projection_stage4_w4,0.02151711026544945,1.1449653008013456,0.15955548193423438
462,82,output_conditioning_projection_stage4_w4,0.020154383328190306,0.050729566232988084,0.14945047477775392
511,82,output_conditioning_projection_stage4_w4,0.02306198788573965,0.9311807686617186,0.17101118812311872
568,82,output_conditioning_projection_stage4_w4,0.019772264509811066,0.4917872761427588,0.1466169552451362
679,82,output_conditioning_projection_stage4_w4,0.029644839847605912,0.6034936742291848,0.21982490447813655
712,82,output_conditioning_projection_stage4_w4,0.02275440335142775,0.2142290075053097,0.1687303614692508
780,82,output_conditioning_projection_stage4_w4,0.02060160956170876,0.049378562729728515,0.15276678427946472
870,82,output_conditioning_projection_stage4_w4,0.023377228237222884,0.275200010926401,0.173348784835015
888,82,output_conditioning_projection_stage4_w4,0.029451795897330157,0.6394448294881983,0.21839342877620668
975,82,output_conditioning_projection_stage4_w4,0.017150153453258103,0.0671542590528702,0.12717325726933587
19,79,output_conditioning_projection_stage10_w8,0.00041099882218986744,0.0031993410732980014,0.0009749670034153413
85,79,output_conditioning_projection_stage10_w8,0.0004005720838904381,0.0036114356817193998,0.0009502328065117443
131,79,output_conditioning_projection_stage10_w8,0.0005153560778126121,0.0050844294846683616,0.0012225221673378146
224,79,output_conditioning_projection_stage10_w8,0.0005732867612096016,0.003794347493169425,0.0013599447139437358
301,79,output_conditioning_projection_stage10_w8,0.00047172029735520477,0.004107585413350989,0.0011190098363594195
345,79,output_conditioning_projection_stage10_w8,0.0003847357038466726,0.006030206823595563,0.0009126659154098428
384,79,output_conditioning_projection_stage10_w8,0.00039288145489990706,0.004490524620962332,0.0009319891788017522
462,79,output_conditioning_projection_stage10_w8,0.00034369796048849827,0.0046322528041287106,0.0008153166202083018
511,79,output_conditioning_projection_stage10_w8,0.0004581540124490857,0.004454982539755292,0.0010868280406259821
568,79,output_conditioning_projection_stage10_w8,0.00046310127072501933,0.00402031174445483,0.0010985638737135536
679,79,output_conditioning_projection_stage10_w8,0.00043155491584911937,0.010259446449992994,0.00102372994859874
712,79,output_conditioning_projection_stage10_w8,0.00048266883823089307,0.008135339714726799,0.0011449818477449144
780,79,output_conditioning_projection_stage10_w8,0.0003878592979162932,0.0047931834565133604,0.0009200756718021301
870,79,output_conditioning_projection_stage10_w8,0.0004419597244122997,0.0055404752613981145,0.0010484121240169164
888,79,output_conditioning_projection_stage10_w8,0.0004078985375599587,0.0046544454717150074,0.0009676125414262497
975,79,output_conditioning_projection_stage10_w8,0.0005190680385567247,0.023765575308061674,0.0012313276408527996
19,80,output_conditioning_projection_stage10_w8,0.0003836166943074204,0.010775937109485767,0.0009100114129675611
85,80,output_conditioning_projection_stage10_w8,0.000367205764632672,0.0028933869637057796,0.0008710815813855674
131,80,output_conditioning_projection_stage10_w8,0.0004758765899168793,0.0032345866635523635,0.0011288693490523812
224,80,output_conditioning_projection_stage10_w8,0.00045621045865118504,0.003631675820145119,0.0010822175631257805
301,80,output_conditioning_projection_stage10_w8,0.0003818863915512339,0.0032201385877215216,0.0009059068073041873
345,80,output_conditioning_projection_stage10_w8,0.0003028148203156888,0.003138801469106056,0.0007183340730269876
384,80,output_conditioning_projection_stage10_w8,0.0003997685562353581,0.005436981952616548,0.0009483266868156817
462,80,output_conditioning_projection_stage10_w8,0.0003093584173257114,0.005159455805483049,0.0007338567237597239
511,80,output_conditioning_projection_stage10_w8,0.000392057525459677,0.0037801299754960382,0.0009300346622094985
568,80,output_conditioning_projection_stage10_w8,0.0003521193866617978,0.003817169035755797,0.0008352938371670219
679,80,output_conditioning_projection_stage10_w8,0.0003695266204886139,0.004746526011103923,0.0008765870907862276
712,80,output_conditioning_projection_stage10_w8,0.00038086495260358793,0.002587667860925791,0.0009034837607741463
780,80,output_conditioning_projection_stage10_w8,0.0003791381750488654,0.011096588691160036,0.0008993875175559238
870,80,output_conditioning_projection_stage10_w8,0.00039382802788168186,0.004988259649081784,0.0009342346290895114
888,80,output_conditioning_projection_stage10_w8,0.00035506050335243344,0.003001142164553272,0.0008422707226755627
975,80,output_conditioning_projection_stage10_w8,0.00040904794877860695,0.0026913136365038785,0.0009703391624067346
19,81,output_conditioning_projection_stage10_w8,0.00040474395791534334,0.0033996537023313067,0.0009601292813848747
85,81,output_conditioning_projection_stage10_w8,0.0003512892290018499,0.0030176586511743153,0.0008333245460586697
131,81,output_conditioning_projection_stage10_w8,0.00047278500278480346,0.0034328476409086757,0.001121535519174482
224,81,output_conditioning_projection_stage10_w8,0.0005676263244822621,0.00391647187086619,0.0013465170865732446
301,81,output_conditioning_projection_stage10_w8,0.0004656871315091848,0.0206296056445936,0.0011046980249662362
345,81,output_conditioning_projection_stage10_w8,0.00032877399644348776,0.004149992027009831,0.0007799141525649264
384,81,output_conditioning_projection_stage10_w8,0.00038709631189703936,0.003332136372421246,0.0009182657245402957
462,81,output_conditioning_projection_stage10_w8,0.00042350290459580725,0.004461454646687456,0.0010046290537560737
511,81,output_conditioning_projection_stage10_w8,0.0004532766761258244,0.004813040548469872,0.001075258075645542
568,81,output_conditioning_projection_stage10_w8,0.0004162166733294726,0.004461978263634592,0.0009873447339955473
679,81,output_conditioning_projection_stage10_w8,0.00039183087937999517,0.0032224212534970316,0.0009294970148070904
712,81,output_conditioning_projection_stage10_w8,0.0005051741027273237,0.005078299429897015,0.0011983685951089207
780,81,output_conditioning_projection_stage10_w8,0.00039192801341414446,0.0037640978287640787,0.000929727435122408
870,81,output_conditioning_projection_stage10_w8,0.0003549930270310142,0.006409704345060162,0.0008421106560686925
888,81,output_conditioning_projection_stage10_w8,0.00039246282904059626,0.0035697089153927664,0.0009309961190225788
975,81,output_conditioning_projection_stage10_w8,0.0004859949258388952,0.002903281772887567,0.0011528719571398571
19,82,output_conditioning_projection_stage10_w8,0.0004320029402151704,0.004638249620288804,0.0010247927472006883
85,82,output_conditioning_projection_stage10_w8,0.0004603606794262305,0.004413202923728931,0.0010920626723915413
131,82,output_conditioning_projection_stage10_w8,0.0005248224042588845,0.004136162389670516,0.0012449780855312005
224,82,output_conditioning_projection_stage10_w8,0.0006441180012188851,0.002638074597484774,0.0015279698227557057
301,82,output_conditioning_projection_stage10_w8,0.0005823686369694769,0.003903619839448424,0.0013814886423370526
345,82,output_conditioning_projection_stage10_w8,0.00041147771116811777,0.004399616390927008,0.0009761030187197298
384,82,output_conditioning_projection_stage10_w8,0.00048146519111469393,0.0038142807484433665,0.0011421265689492296
462,82,output_conditioning_projection_stage10_w8,0.0004448138206498697,0.0035456293085189827,0.0010551825805388505
511,82,output_conditioning_projection_stage10_w8,0.00041711685480549937,0.004745893452309246,0.0009894801348503126
568,82,output_conditioning_projection_stage10_w8,0.00045231073454488063,0.0041390796696418874,0.001072966679374309
679,82,output_conditioning_projection_stage10_w8,0.00043048127554357057,0.0036244176653248417,0.0010211830705666584
712,82,output_conditioning_projection_stage10_w8,0.00051273062126711,0.003669164786515466,0.0012162940874442356
780,82,output_conditioning_projection_stage10_w8,0.00043714921048376704,0.0036131976331148508,0.0010370006744054561
870,82,output_conditioning_projection_stage10_w8,0.0004289602111384738,0.0035445673347567204,0.0010175748178783968
888,82,output_conditioning_projection_stage10_w8,0.00045682175550609827,0.0028973415889055336,0.0010836676749768472
975,82,output_conditioning_projection_stage10_w8,0.0005085730808787048,0.002089685542273401,0.00120643161467007
19,79,output_conditioning_projection_stage10_w6,0.0011099152034148576,0.0051775540737821766,0.002539241192581018
85,79,output_conditioning_projection_stage10_w6,0.0010650997282937167,0.00429672641224954,0.0024367132695986386
131,79,output_conditioning_projection_stage10_w6,0.0011219533043913543,0.06152105460114399,0.002566781712600857
224,79,output_conditioning_projection_stage10_w6,0.0008481093245791272,0.007760228327299501,0.0019402870833353583
301,79,output_conditioning_projection_stage10_w6,0.0011325445957481863,0.005576718730708308,0.0025910122513061124
345,79,output_conditioning_projection_stage10_w6,0.0009210758871631698,0.003946375512555278,0.0021072184856842898
384,79,output_conditioning_projection_stage10_w6,0.0011208614450879397,0.005697790446276939,0.002564283779325231
462,79,output_conditioning_projection_stage10_w6,0.0009399771806783975,0.004892707410590447,0.0021504604765492366
511,79,output_conditioning_projection_stage10_w6,0.0010143587132915857,0.00877261740187407,0.002320629018251895
568,79,output_conditioning_projection_stage10_w6,0.0011161456095578615,0.006017153675941245,0.0025534949877143317
679,79,output_conditioning_projection_stage10_w6,0.0009946010541170835,0.012629072164656918,0.0022754278516307724
712,79,output_conditioning_projection_stage10_w6,0.001066621480276808,0.005828674165968551,0.0024401947025121337
780,79,output_conditioning_projection_stage10_w6,0.001070432364940643,0.006873835281851371,0.0024489131661288256
870,79,output_conditioning_projection_stage10_w6,0.0009763164707692341,0.009562253136891742,0.002233596757612785
888,79,output_conditioning_projection_stage10_w6,0.0012053493555868044,0.004710339139819553,0.002757573484659259
975,79,output_conditioning_projection_stage10_w6,0.001028520695399493,0.0824519900706946,0.002353028509876439
19,80,output_conditioning_projection_stage10_w6,0.0009476770173932892,0.014221055973962395,0.002168076004746748
85,80,output_conditioning_projection_stage10_w6,0.0010032003774540499,0.003302126041035081,0.0022951012068369776
131,80,output_conditioning_projection_stage10_w6,0.0010510592701393762,0.0038269616965180826,0.0024045917979776343
224,80,output_conditioning_projection_stage10_w6,0.0007268090848810971,0.003885232780248771,0.0016627788877871413
301,80,output_conditioning_projection_stage10_w6,0.0010433885036036372,0.00610929817910133,0.0023870427759385697
345,80,output_conditioning_projection_stage10_w6,0.0008345204405486584,0.003283453198278608,0.0019091987137146787
384,80,output_conditioning_projection_stage10_w6,0.001036302433931269,0.004321879409083351,0.002370831411367459
462,80,output_conditioning_projection_stage10_w6,0.0008953723154263571,0.004384971431093731,0.002048414382497156
511,80,output_conditioning_projection_stage10_w6,0.000907504465430975,0.004707166044184419,0.002076170065950735
568,80,output_conditioning_projection_stage10_w6,0.000902503845281899,0.004267480067028372,0.002064729749941082
679,80,output_conditioning_projection_stage10_w6,0.0008766804967308416,0.00485376039887342,0.002005651623819844
712,80,output_conditioning_projection_stage10_w6,0.0009999664762290195,0.005905775322851525,0.0022877027540740363
780,80,output_conditioning_projection_stage10_w6,0.0009763256530277432,0.009395010953724638,0.0022336177645950984
870,80,output_conditioning_projection_stage10_w6,0.0009199923952110112,0.005724406535279059,0.0021047396950629104
888,80,output_conditioning_projection_stage10_w6,0.0010198335075983775,0.00399043574777025,0.0023331541401548496
975,80,output_conditioning_projection_stage10_w6,0.0008949850453063847,0.003959958535663333,0.0020475283938754447
19,81,output_conditioning_projection_stage10_w6,0.0008849352743709459,0.0034644682177713544,0.0020245367344615037
85,81,output_conditioning_projection_stage10_w6,0.0009823039872571826,0.004378604007513332,0.0022472948747848717
131,81,output_conditioning_projection_stage10_w6,0.0009463081842113751,0.008390221969932554,0.0021649444163239617
224,81,output_conditioning_projection_stage10_w6,0.0008392127347178757,0.0036552432300140936,0.0019199336478839973
301,81,output_conditioning_projection_stage10_w6,0.0010516399779589847,0.03032978912068884,0.002405920329393248
345,81,output_conditioning_projection_stage10_w6,0.0008720177138457075,0.004689390864882626,0.0019949842049597666
384,81,output_conditioning_projection_stage10_w6,0.0009980398463085296,0.005382971463461673,0.0022832950497359795
462,81,output_conditioning_projection_stage10_w6,0.0010408315465610938,0.004424858875268,0.0023811930221644883
511,81,output_conditioning_projection_stage10_w6,0.001057045359630138,0.006477960594565958,0.002418286650494883
568,81,output_conditioning_projection_stage10_w6,0.0009827532339841127,0.006276602378534335,0.0022483226522143035
679,81,output_conditioning_projection_stage10_w6,0.0008646851638332009,0.004293267343939533,0.0019782089477318886
712,81,output_conditioning_projection_stage10_w6,0.0010567539138719442,0.005552307750690488,0.0024176198868787694
780,81,output_conditioning_projection_stage10_w6,0.0009774270001798868,0.0039032593153933703,0.0022361374039760623
870,81,output_conditioning_projection_stage10_w6,0.0009337870078525156,0.009648170851505709,0.0021362987263720025
888,81,output_conditioning_projection_stage10_w6,0.0010157377437280959,0.004023309954845899,0.0023237839357441825
975,81,output_conditioning_projection_stage10_w6,0.0009883292368613183,0.0028980566933114464,0.0022610793170047207
19,82,output_conditioning_projection_stage10_w6,0.0010930200223810969,0.0053462475264609574,0.002500588744623691
85,82,output_conditioning_projection_stage10_w6,0.0012511383538367225,0.0033659955657867617,0.0028623286138488475
131,82,output_conditioning_projection_stage10_w6,0.0011130750208394604,0.004537362260009559,0.0025464701579478327
224,82,output_conditioning_projection_stage10_w6,0.0010642885463312268,0.003091570538401811,0.0024348574641753994
301,82,output_conditioning_projection_stage10_w6,0.0012445250176824627,0.0044722391557030505,0.0028471987593053517
345,82,output_conditioning_projection_stage10_w6,0.000973281687038252,0.003942407602210096,0.0022266538417606775
384,82,output_conditioning_projection_stage10_w6,0.0013157820794731376,0.004099422031018207,0.0030102192008710504
462,82,output_conditioning_projection_stage10_w6,0.001116634753998369,0.00544466164912194,0.0025546140423129506
511,82,output_conditioning_projection_stage10_w6,0.0009610814158804715,0.005587446166160247,0.0021987423121328457
568,82,output_conditioning_projection_stage10_w6,0.0011188465286977591,0.0032145187911396533,0.002559674095016185
679,82,output_conditioning_projection_stage10_w6,0.0010853351559489965,0.011206675146443246,0.002483007465131497
712,82,output_conditioning_projection_stage10_w6,0.0011598612763918934,0.005024128282514085,0.0026535067918995485
780,82,output_conditioning_projection_stage10_w6,0.0011138938134536147,0.0045487134812560726,0.0025483433748635436
870,82,output_conditioning_projection_stage10_w6,0.001085476469597779,0.006305881010405301,0.0024833307595930544
888,82,output_conditioning_projection_stage10_w6,0.0011887376895174384,0.004356012713117252,0.0027195696564109775
975,82,output_conditioning_projection_stage10_w6,0.0011079394025728106,0.002665880543887056,0.002534720996019131
19,79,output_conditioning_projection_stage10_w4,0.006785549921914935,0.012969271865244993,0.013850836012047714
85,79,output_conditioning_projection_stage10_w4,0.01022258383454755,0.039084068763941104,0.020866596508919328
131,79,output_conditioning_projection_stage10_w4,0.0057568796328268945,0.0978330328928223,0.01175108821730991
224,79,output_conditioning_projection_stage10_w4,0.005794094700831919,0.018894272466752682,0.01182705255476914
301,79,output_conditioning_projection_stage10_w4,0.007037335424683989,0.014292792107426068,0.014364786944425641
345,79,output_conditioning_projection_stage10_w4,0.006417900251108221,0.032666634334361795,0.013100380211290735
384,79,output_conditioning_projection_stage10_w4,0.008271254657302052,0.02283686040732391,0.016883494070565445
462,79,output_conditioning_projection_stage10_w4,0.0054113196674734345,0.021831481738558978,0.011045722481663103
511,79,output_conditioning_projection_stage10_w4,0.007755472499411553,0.05184098122123615,0.01583066649297903
568,79,output_conditioning_projection_stage10_w4,0.006770175896235742,0.015825205384601304,0.013819454162237755
679,79,output_conditioning_projection_stage10_w4,0.009453484148252755,0.03494771465790336,0.01929669078950488
712,79,output_conditioning_projection_stage10_w4,0.007849726913264021,0.019410393425150826,0.01602306098490752
780,79,output_conditioning_projection_stage10_w4,0.00593713391572237,0.0108845761850489,0.012119027815660093
870,79,output_conditioning_projection_stage10_w4,0.006643273518420755,0.023773604714961035,0.013560417821059637
888,79,output_conditioning_projection_stage10_w4,0.009863839866739,0.05024491405720255,0.02013431925422259
975,79,output_conditioning_projection_stage10_w4,0.005750773008912802,0.03463296034101404,0.01173862322222555
19,80,output_conditioning_projection_stage10_w4,0.005385647195225829,0.13218333392859452,0.010993319182414354
85,80,output_conditioning_projection_stage10_w4,0.009761990164406598,0.031185799937304633,0.019926421067470487
131,80,output_conditioning_projection_stage10_w4,0.00520112099547987,0.018894747667104642,0.010616659639412072
224,80,output_conditioning_projection_stage10_w4,0.005645530080073512,0.008359590866405144,0.01152379869576046
301,80,output_conditioning_projection_stage10_w4,0.006225985998753459,0.010734104232369646,0.012708639988563086
345,80,output_conditioning_projection_stage10_w4,0.005787697096820921,0.08148253665808626,0.011813993603756168
384,80,output_conditioning_projection_stage10_w4,0.006922212254721672,0.05571804044999595,0.014129794620047435
462,80,output_conditioning_projection_stage10_w4,0.004712154980552442,0.01263851846307773,0.009618569850646212
511,80,output_conditioning_projection_stage10_w4,0.007093863503541798,0.027246122515578005,0.014480173487792883
568,80,output_conditioning_projection_stage10_w4,0.006265566451475025,0.040698633806869104,0.01278943260909314
679,80,output_conditioning_projection_stage10_w4,0.008471824708976785,0.07556387987983726,0.017292902729648847
712,80,output_conditioning_projection_stage10_w4,0.006824874813901261,0.021042097260039586,0.013931106975545449
780,80,output_conditioning_projection_stage10_w4,0.005588348503806629,0.03481979318246431,0.01140707821696403
870,80,output_conditioning_projection_stage10_w4,0.0065940539934672415,0.02521256446826214,0.01345994968265272
888,80,output_conditioning_projection_stage10_w4,0.009471409997786395,0.02275160463294768,0.01933328148666639
975,80,output_conditioning_projection_stage10_w4,0.005102663417346775,0.01481198493507918,0.010415685542314866
19,81,output_conditioning_projection_stage10_w4,0.005815825890749693,0.02960735235797074,0.011871410808906456
85,81,output_conditioning_projection_stage10_w4,0.009074257861357182,0.03427259290026541,0.018522604507376986
131,81,output_conditioning_projection_stage10_w4,0.004946490182192065,0.033773072696533284,0.010096900787285255
224,81,output_conditioning_projection_stage10_w4,0.0055469980579800895,0.0066984205307107905,0.011322672641769789
301,81,output_conditioning_projection_stage10_w4,0.006032792749465442,0.42478943970752775,0.012314289044967373
345,81,output_conditioning_projection_stage10_w4,0.005851172958500683,0.012016273162601008,0.011943562137031611
384,81,output_conditioning_projection_stage10_w4,0.006837080523837358,0.022409830004846757,0.013956021579178308
462,81,output_conditioning_projection_stage10_w4,0.006142845046269941,0.027038703708569756,0.012538930574884543
511,81,output_conditioning_projection_stage10_w4,0.007077795802615583,0.013219564352084488,0.014447375690535379
568,81,output_conditioning_projection_stage10_w4,0.006031335946317995,0.023241492671331795,0.012311315381560673
679,81,output_conditioning_projection_stage10_w4,0.008740121033042668,0.03359636174837988,0.017840555967785075
712,81,output_conditioning_projection_stage10_w4,0.006589849537704139,0.018638216848842145,0.013451367441277328
780,81,output_conditioning_projection_stage10_w4,0.005520848848391323,0.018480717996339987,0.011269296214210259
870,81,output_conditioning_projection_stage10_w4,0.006159311292321946,0.016417360619243485,0.012572541892526427
888,81,output_conditioning_projection_stage10_w4,0.00883478668765747,0.04521504087801986,0.018033789894752156
975,81,output_conditioning_projection_stage10_w4,0.005144212453160434,0.008434173768364417,0.010500496484410373
19,82,output_conditioning_projection_stage10_w4,0.006165272556245326,0.014268568215470623,0.012584710175123628
85,82,output_conditioning_projection_stage10_w4,0.010464644190506078,0.01911750302241444,0.02136069622581498
131,82,output_conditioning_projection_stage10_w4,0.005856059389770963,0.016768982490759754,0.011953536444049855
224,82,output_conditioning_projection_stage10_w4,0.006248530582524837,0.005437530581943407,0.012754658562793706
301,82,output_conditioning_projection_stage10_w4,0.007695563603192568,0.017071465899576314,0.015708378939760678
345,82,output_conditioning_projection_stage10_w4,0.006885488724947208,0.03405275186332801,0.014054833622848536
384,82,output_conditioning_projection_stage10_w4,0.007875862065702677,0.013162692149776943,0.016076408718656933
462,82,output_conditioning_projection_stage10_w4,0.006001130968797952,0.019818713247786942,0.012249660217986305
511,82,output_conditioning_projection_stage10_w4,0.0068198051885701725,0.030713484294565777,0.013920758728179874
568,82,output_conditioning_projection_stage10_w4,0.006808782301959581,0.011357884880567328,0.013898258533416056
679,82,output_conditioning_projection_stage10_w4,0.010194286704063416,0.06581991289008117,0.020808835690937364
712,82,output_conditioning_projection_stage10_w4,0.007433385180775076,0.016545815695224064,0.015173213717105115
780,82,output_conditioning_projection_stage10_w4,0.006383562111295759,0.00818622174989514,0.013030288332375349
870,82,output_conditioning_projection_stage10_w4,0.007298146629182156,0.012738686238321863,0.014897161367306505
888,82,output_conditioning_projection_stage10_w4,0.010089361458085477,0.03212696707379337,0.02059465962675861
975,82,output_conditioning_projection_stage10_w4,0.006170576845761389,0.007754272905742709,0.012595537424954941
19,79,output_conditioning_projection_stage15_w8,0.00040981768688652664,0.0012850104169501721,0.0002468786533608545
85,79,output_conditioning_projection_stage15_w8,0.00039587334322277457,0.001100286352439639,0.0002384784283440624
131,79,output_conditioning_projection_stage15_w8,0.0005727612879127265,0.0013243382629752887,0.0003450376593830982
224,79,output_conditioning_projection_stage15_w8,0.000502418726682663,0.0013809137902853765,0.0003026625317443539
301,79,output_conditioning_projection_stage15_w8,0.0006365347799146548,0.001642381148997174,0.00038345550792733316
345,79,output_conditioning_projection_stage15_w8,0.00041479612991679465,0.001302224863252377,0.0002498777218502694
384,79,output_conditioning_projection_stage15_w8,0.00044162903213873506,0.0016905963469753258,0.00026604215539788827
462,79,output_conditioning_projection_stage15_w8,0.000398167487446699,0.0012721689850110351,0.00023986044589660121
511,79,output_conditioning_projection_stage15_w8,0.0004454744048416615,0.0014258366068702342,0.0002683586499391108
568,79,output_conditioning_projection_stage15_w8,0.0004752863460453227,0.0015249940177000099,0.0002863176891263841
679,79,output_conditioning_projection_stage15_w8,0.00044116075150668626,0.0011411100451823586,0.00026576005802743684
712,79,output_conditioning_projection_stage15_w8,0.0006052998505765572,0.0019722833807236384,0.0003646392451364446
780,79,output_conditioning_projection_stage15_w8,0.00046803435543552046,0.0013461734504858214,0.00028194901072810583
870,79,output_conditioning_projection_stage15_w8,0.0004440620541572571,0.0013610789628728524,0.00026750783445164846
888,79,output_conditioning_projection_stage15_w8,0.00046534612556570215,0.0012724940272619276,0.0002803295916756311
975,79,output_conditioning_projection_stage15_w8,0.0004646251909434795,0.0015230555547987026,0.0002798952927803157
19,80,output_conditioning_projection_stage15_w8,0.00031465259962715214,0.0010121379311982537,0.00018955016476375827
85,80,output_conditioning_projection_stage15_w8,0.0002784280950436369,0.0007654172486581956,0.00016772812731538782
131,80,output_conditioning_projection_stage15_w8,0.00031961058266460896,0.0009170910426519185,0.00019253690792990234
224,80,output_conditioning_projection_stage15_w8,0.00029916747371316893,0.0008383967800114078,0.00018022175568065794
301,80,output_conditioning_projection_stage15_w8,0.00039807615394238377,0.0011988126416468958,0.00023980542559544395
345,80,output_conditioning_projection_stage15_w8,0.0002687435662664938,0.0008770191601001899,0.0001618940613405888
384,80,output_conditioning_projection_stage15_w8,0.0002885594822146232,0.0009758197177944794,0.0001738313856702257
462,80,output_conditioning_projection_stage15_w8,0.00024097424466162923,0.0008118615026866394,0.00014516551852283654
511,80,output_conditioning_projection_stage15_w8,0.00036856892984360456,0.0012042883601139918,0.0002220299513223177
568,80,output_conditioning_projection_stage15_w8,0.00031252723420038814,0.0009196155679092044,0.00018826982140316415
679,80,output_conditioning_projection_stage15_w8,0.0002574631507741288,0.0008861870520604498,0.00015509861576755012
712,80,output_conditioning_projection_stage15_w8,0.0002448050800012424,0.0008211560241875305,0.00014747325559752442
780,80,output_conditioning_projection_stage15_w8,0.00031101837521418935,0.0011317300147766218,0.0001873608682599892
870,80,output_conditioning_projection_stage15_w8,0.0003029596409760416,0.0010992175078285982,0.000182506198683325
888,80,output_conditioning_projection_stage15_w8,0.0002617042382553336,0.0008844376844905355,0.00015765349321586128
975,80,output_conditioning_projection_stage15_w8,0.00027432758361101156,0.0007709199937835365,0.00016525793441505643
19,81,output_conditioning_projection_stage15_w8,0.00037143274676054716,0.0010489133449027577,0.0002237551459309208
85,81,output_conditioning_projection_stage15_w8,0.00028856482822448015,0.0009488303795706089,0.00017383460616498855
131,81,output_conditioning_projection_stage15_w8,0.0003758892416954041,0.001134844108719335,0.0002264397871834385
224,81,output_conditioning_projection_stage15_w8,0.0004912006697850303,0.0015759631760943191,0.00029590465167028126
301,81,output_conditioning_projection_stage15_w8,0.0005806433619000017,0.0014289698574430079,0.0003497859068939674
345,81,output_conditioning_projection_stage15_w8,0.00034081822377629584,0.0011873907707240505,0.00020531262270783297
384,81,output_conditioning_projection_stage15_w8,0.00038911041337996727,0.0011086298071631975,0.00023440436549662725
462,81,output_conditioning_projection_stage15_w8,0.0004315434489399195,0.001311937718597278,0.00025996648985646457
511,81,output_conditioning_projection_stage15_w8,0.0004907236434519292,0.001402545206474315,0.0002956172857939366
568,81,output_conditioning_projection_stage15_w8,0.0003952952683903277,0.0012471144705727966,0.0002381301897473817
679,81,output_conditioning_projection_stage15_w8,0.0003848376509267836,0.0010455152596478001,0.00023183040669902936
712,81,output_conditioning_projection_stage15_w8,0.0004701239231508225,0.0013748184049724446,0.00028320778915609236
780,81,output_conditioning_projection_stage15_w8,0.00037191572482697666,0.0010417182825790405,0.00022404609719646723
870,81,output_conditioning_projection_stage15_w8,0.00043396541150286794,0.0015071414027261198,0.00026142550657332156
888,81,output_conditioning_projection_stage15_w8,0.0003511112299747765,0.0010036721689630212,0.00021151324213112166
975,81,output_conditioning_projection_stage15_w8,0.0004233804211253301,0.0010350155807827834,0.0002550489926895572
19,82,output_conditioning_projection_stage15_w8,0.0005183761822991073,0.0010778832829636544,0.0003122754774021732
85,82,output_conditioning_projection_stage15_w8,0.0004512961750151589,0.0011382363589973465,0.0002718657479160885
131,82,output_conditioning_projection_stage15_w8,0.00045737903565168375,0.0010514391326523766,0.000275530129641377
224,82,output_conditioning_projection_stage15_w8,0.0006593944417545571,0.001278713560125766,0.00039722641804640336
301,82,output_conditioning_projection_stage15_w8,0.0007411346095977933,0.0012773110454986636,0.0004464675884701092
345,82,output_conditioning_projection_stage15_w8,0.0004626434529200196,0.0010940094082911855,0.0002787014721371348
384,82,output_conditioning_projection_stage15_w8,0.0005408987053669989,0.0011540219050658607,0.00032584329144049075
462,82,output_conditioning_projection_stage15_w8,0.0005179765284992753,0.001115077297427547,0.0003120347215854522
511,82,output_conditioning_projection_stage15_w8,0.00041444490489084274,0.0011079505793674116,0.00024966614005619803
568,82,output_conditioning_projection_stage15_w8,0.00040313102363143116,0.0010308072779139368,0.0002428505343393527
679,82,output_conditioning_projection_stage15_w8,0.0005903754499740899,0.0010390784912033268,0.00035564862310900815
712,82,output_conditioning_projection_stage15_w8,0.0005639783485094085,0.0014850018253582677,0.00033974672070030416
780,82,output_conditioning_projection_stage15_w8,0.0005808969726786017,0.001368079782849918,0.0003499386847986358
870,82,output_conditioning_projection_stage15_w8,0.0005191328236833215,0.0011376344020845863,0.00031273128644114127
888,82,output_conditioning_projection_stage15_w8,0.0004859138862229883,0.0009875551089066903,0.0002927198354747601
975,82,output_conditioning_projection_stage15_w8,0.0005488766037160531,0.00101301025193834,0.00033064926459413265
19,79,output_conditioning_projection_stage15_w6,0.00085784777184017,0.0015164985255751164,0.0005221980552953181
85,79,output_conditioning_projection_stage15_w6,0.0007836851291358471,0.0013841280978397206,0.0004770529968513423
131,79,output_conditioning_projection_stage15_w6,0.0009777692612260582,0.0015055313272114292,0.0005951979168104874
224,79,output_conditioning_projection_stage15_w6,0.0008296021842397749,0.0015539341828940676,0.0005050041062057727
301,79,output_conditioning_projection_stage15_w6,0.000979883596301079,0.0017456952942325186,0.000596484976940107
345,79,output_conditioning_projection_stage15_w6,0.0006558820168720558,0.0014236536266025725,0.0003992553515398902
384,79,output_conditioning_projection_stage15_w6,0.0009972643601940943,0.0018873197991524646,0.0006070651770670017
462,79,output_conditioning_projection_stage15_w6,0.0006822102043315682,0.0015114274526837332,0.00041528212078977234
511,79,output_conditioning_projection_stage15_w6,0.0008246424258686603,0.001786848274662134,0.000501984950288896
568,79,output_conditioning_projection_stage15_w6,0.0009057897405000402,0.0016338244345206474,0.0005513817911783295
679,79,output_conditioning_projection_stage15_w6,0.0006515765562653542,0.001195225491983365,0.0003966344865918501
712,79,output_conditioning_projection_stage15_w6,0.0012166500964667646,0.002228490069484224,0.0007406119537816759
780,79,output_conditioning_projection_stage15_w6,0.0008089769398793579,0.0016146886048886697,0.0004924488920424291
870,79,output_conditioning_projection_stage15_w6,0.0007431780104525388,0.0016854439870712665,0.00045239508049787846
888,79,output_conditioning_projection_stage15_w6,0.0008361739201063756,0.0014279169135988923,0.0005090045218996807
975,79,output_conditioning_projection_stage15_w6,0.0009311262983828784,0.001810311620829452,0.0005668049253154203
19,80,output_conditioning_projection_stage15_w6,0.0005637071008095518,0.0012404632698235218,0.00034314567393170867
85,80,output_conditioning_projection_stage15_w6,0.0005557775730267166,0.000987576583415972,0.00033831872896136235
131,80,output_conditioning_projection_stage15_w6,0.0005840318044647576,0.0011107408734574162,0.0003555179398180384
224,80,output_conditioning_projection_stage15_w6,0.000562939796509454,0.0010105897320613622,0.0003426785924441957
301,80,output_conditioning_projection_stage15_w6,0.0006508726073661819,0.0013742681196617923,0.0003962059714656914
345,80,output_conditioning_projection_stage15_w6,0.0004201384908810724,0.0010058333199367555,0.00025575109022219676
384,80,output_conditioning_projection_stage15_w6,0.0005813551406390616,0.00119843160720734,0.0003538885730581767
462,80,output_conditioning_projection_stage15_w6,0.00042140852019656455,0.0010889043410919899,0.0002565241957316922
511,80,output_conditioning_projection_stage15_w6,0.0006503967451862991,0.0013872121013633887,0.00039591629966950504
568,80,output_conditioning_projection_stage15_w6,0.000567736686207354,0.001187703216828595,0.00034559860524126365
679,80,output_conditioning_projection_stage15_w6,0.00045342455268837517,0.0009867281649604822,0.0002760133294152033
712,80,output_conditioning_projection_stage15_w6,0.0005545105232158676,0.0010418911550686973,0.00033754743716705207
780,80,output_conditioning_projection_stage15_w6,0.0005777893238700927,0.001443914165520255,0.0003517179518321046
870,80,output_conditioning_projection_stage15_w6,0.00044119062658865005,0.0011751717034371723,0.0002685661661449659
888,80,output_conditioning_projection_stage15_w6,0.0005114703108120011,0.0009466369432118427,0.00031134754954761554
975,80,output_conditioning_projection_stage15_w6,0.0005330329295247793,0.000885938418605292,0.00032447337201694886
19,81,output_conditioning_projection_stage15_w6,0.0007233954966068268,0.0012325828488997106,0.0004403528620551776
85,81,output_conditioning_projection_stage15_w6,0.0005827443674206735,0.0011663372052908019,0.0003547342376941829
131,81,output_conditioning_projection_stage15_w6,0.0006435467512346804,0.0014028648731709836,0.00039174649980787364
224,81,output_conditioning_projection_stage15_w6,0.0008669099770486355,0.0019561563649972418,0.0005277144954982187
301,81,output_conditioning_projection_stage15_w6,0.0009307528962381184,0.0015635320273901245,0.0005665776240619374
345,81,output_conditioning_projection_stage15_w6,0.0006010585348121822,0.0013111124111020445,0.00036588262894742804
384,81,output_conditioning_projection_stage15_w6,0.0007548354478785767,0.0014969006468845691,0.0004594913175616474
462,81,output_conditioning_projection_stage15_w6,0.0008229358500102535,0.0014761694115605908,0.0005009461056083739
511,81,output_conditioning_projection_stage15_w6,0.0008964157314039768,0.0015935614701447776,0.0005456755464563965
568,81,output_conditioning_projection_stage15_w6,0.0007691290811635553,0.0014823206586811466,0.00046819228730189514
679,81,output_conditioning_projection_stage15_w6,0.0007401294715236872,0.0012309300869333129,0.0004505393420412482
712,81,output_conditioning_projection_stage15_w6,0.000864161120261997,0.001612404946062185,0.000526041182685167
780,81,output_conditioning_projection_stage15_w6,0.00062327750492841,0.0012212457907025964,0.00037940799249820115
870,81,output_conditioning_projection_stage15_w6,0.0007286032778210937,0.0017295561092396383,0.0004435229970275633
888,81,output_conditioning_projection_stage15_w6,0.0007000712939770892,0.0012281099134270337,0.00042615470982539924
975,81,output_conditioning_projection_stage15_w6,0.0007081343937898055,0.0011862229030157323,0.00043106296415684135
19,82,output_conditioning_projection_stage15_w6,0.0008304105140268804,0.0012853668411594297,0.0005054961611562196
85,82,output_conditioning_projection_stage15_w6,0.0008702188642928377,0.0013845760059325585,0.0005297287159005254
131,82,output_conditioning_projection_stage15_w6,0.0008236502762883902,0.0012935375118559023,0.0005013809986340847
224,82,output_conditioning_projection_stage15_w6,0.0011158423876622694,0.0013480659337261613,0.0006792472324120993
301,82,output_conditioning_projection_stage15_w6,0.0011756396270357075,0.0015616580640767097,0.0007156476325038954
345,82,output_conditioning_projection_stage15_w6,0.0007245040033012629,0.0011752529085384824,0.00044102764382779287
384,82,output_conditioning_projection_stage15_w6,0.0010348471114411948,0.00129324450506374,0.0006299429419317219
462,82,output_conditioning_projection_stage15_w6,0.0009649082348914817,0.0012803694960581424,0.0005873690185356674
511,82,output_conditioning_projection_stage15_w6,0.0006692616298096254,0.0013801332380154463,0.00040739992926795904
568,82,output_conditioning_projection_stage15_w6,0.0009764282876858487,0.0012677594797878555,0.0005943816253915591
679,82,output_conditioning_projection_stage15_w6,0.0010232595668639988,0.0011769711500164701,0.000622889250772882
712,82,output_conditioning_projection_stage15_w6,0.0009682401177997235,0.0016889361997982633,0.000589397237098762
780,82,output_conditioning_projection_stage15_w6,0.0008711919654160738,0.0015690143978304147,0.0005303210721796232
870,82,output_conditioning_projection_stage15_w6,0.0008409769507125019,0.001193764677736908,0.0005119282728545416
888,82,output_conditioning_projection_stage15_w6,0.0009436570690013467,0.0011175609391926855,0.0005744327868814406
975,82,output_conditioning_projection_stage15_w6,0.0010013223072746769,0.0012214204280098784,0.0006095353729963167
19,79,output_conditioning_projection_stage15_w4,0.003311196589493193,0.00341551537627538,0.0021880964549192577
85,79,output_conditioning_projection_stage15_w4,0.0035205376916564997,0.003090474789502196,0.002326432706220643
131,79,output_conditioning_projection_stage15_w4,0.0027940355357713997,0.002611523037785446,0.0018463474111259487
224,79,output_conditioning_projection_stage15_w4,0.002894143108278513,0.00274302601906129,0.0019125002409544289
301,79,output_conditioning_projection_stage15_w4,0.003409874858334661,0.0029744192214025134,0.0022533047759578564
345,79,output_conditioning_projection_stage15_w4,0.0034176470362581317,0.002958416812646192,0.002258440766679552
384,79,output_conditioning_projection_stage15_w4,0.003396991756744683,0.0033992726605447388,0.002244791397740796
462,79,output_conditioning_projection_stage15_w4,0.0031359098031771286,0.0028968247102625355,0.002072263889450508
511,79,output_conditioning_projection_stage15_w4,0.0032234682003036137,0.003357320437828548,0.002130124005324872
568,79,output_conditioning_projection_stage15_w4,0.0029344468057388435,0.0030031132391314936,0.0019391336271486885
679,79,output_conditioning_projection_stage15_w4,0.0040720191318541765,0.003199418892108952,0.0026908612599583714
712,79,output_conditioning_projection_stage15_w4,0.0036366421491038636,0.004114779795656887,0.0024031565566096607
780,79,output_conditioning_projection_stage15_w4,0.003243427141569555,0.002753475355689261,0.0021433132218052595
870,79,output_conditioning_projection_stage15_w4,0.0037973201833665367,0.00436282559770973,0.0025093354039390976
888,79,output_conditioning_projection_stage15_w4,0.0038660193613395677,0.003128662772724056,0.002554733018884595
975,79,output_conditioning_projection_stage15_w4,0.0031991838477551937,0.00308548686462018,0.0021140764816321334
19,80,output_conditioning_projection_stage15_w4,0.002514234132831916,0.0034558938168771647,0.0016614497642160665
85,80,output_conditioning_projection_stage15_w4,0.002948207329609431,0.0025412796258592607,0.001948226821311368
131,80,output_conditioning_projection_stage15_w4,0.0016486421809531746,0.0017902259508559835,0.0010894515061475513
224,80,output_conditioning_projection_stage15_w4,0.002176951402361737,0.001858021505313445,0.0014385674535767443
301,80,output_conditioning_projection_stage15_w4,0.0022163158864714205,0.002433604426641977,0.001464580191208643
345,80,output_conditioning_projection_stage15_w4,0.002726144164626021,0.0024782729480534726,0.0018014836090206356
384,80,output_conditioning_projection_stage15_w4,0.0024369600223508314,0.002739100157569396,0.0016103856843190224
462,80,output_conditioning_projection_stage15_w4,0.0020300789765315126,0.0020847284167793134,0.0013415115930747574
511,80,output_conditioning_projection_stage15_w4,0.0030426736484514554,0.0030925958530190205,0.0020106518123322557
568,80,output_conditioning_projection_stage15_w4,0.0022940668859519064,0.0023880168027972104,0.0015159594076736246
679,80,output_conditioning_projection_stage15_w4,0.0031675121426815167,0.0038311904303895967,0.0020931472665523462
712,80,output_conditioning_projection_stage15_w4,0.0022466087830252945,0.002418602928287328,0.0014845982655715766
780,80,output_conditioning_projection_stage15_w4,0.002541323541663587,0.002700673165747958,0.0016793509180220718
870,80,output_conditioning_projection_stage15_w4,0.0033261528151342645,0.003433118038060456,0.002197979789665386
888,80,output_conditioning_projection_stage15_w4,0.0029327583652047906,0.0027351406389612976,0.0019380178761967135
975,80,output_conditioning_projection_stage15_w4,0.0024369099410250783,0.001934086791209211,0.0016103525897055264
19,81,output_conditioning_projection_stage15_w4,0.0032022704253904526,0.002776788807977937,0.002116116145964651
85,81,output_conditioning_projection_stage15_w4,0.0026086659054271877,0.0030205449343441164,0.0017238519264745995
131,81,output_conditioning_projection_stage15_w4,0.0018013977096416058,0.0022322405111481203,0.0011903950236218889
224,81,output_conditioning_projection_stage15_w4,0.003066960154683329,0.0028928779437364933,0.0020267007592165817
301,81,output_conditioning_projection_stage15_w4,0.0030493122176267207,0.002691861488202108,0.002015038694622551
345,81,output_conditioning_projection_stage15_w4,0.003104922594502568,0.0032912363754462604,0.0020517870015291455
384,81,output_conditioning_projection_stage15_w4,0.0031277663219952956,0.0029124493277095103,0.00206688253506001
462,81,output_conditioning_projection_stage15_w4,0.003836814343230799,0.003576046162152125,0.0025354338335712183
511,81,output_conditioning_projection_stage15_w4,0.003543924132827669,0.003113806625151483,0.0023418868744153635
568,81,output_conditioning_projection_stage15_w4,0.0030113777611404657,0.0029378809608715524,0.001989970944184463
679,81,output_conditioning_projection_stage15_w4,0.003937700312235392,0.0030875285124807306,0.0026021010413807767
712,81,output_conditioning_projection_stage15_w4,0.002786233628285118,0.003089350448110651,0.0018411917745906519
780,81,output_conditioning_projection_stage15_w4,0.002876718077459373,0.00250117427994212,0.0019009854766896908
870,81,output_conditioning_projection_stage15_w4,0.003871586173772812,0.003204373673952432,0.0025584116656279
888,81,output_conditioning_projection_stage15_w4,0.0034074033028446142,0.0032203542405113694,0.002251671528985125
975,81,output_conditioning_projection_stage15_w4,0.002957440257887356,0.00211263047117427,0.001954328101343353
19,82,output_conditioning_projection_stage15_w4,0.0032265948393614963,0.002441582407868737,0.0021321901429441465
85,82,output_conditioning_projection_stage15_w4,0.0037246149877319117,0.0029173434605560544,0.0024612905426562815
131,82,output_conditioning_projection_stage15_w4,0.002276629209518433,0.0021706680793158743,0.0015044362869663904
224,82,output_conditioning_projection_stage15_w4,0.003621714669861831,0.0021485229382030013,0.0023932922179853654
301,82,output_conditioning_projection_stage15_w4,0.00387982817323973,0.002560427887956962,0.00256385812261938
345,82,output_conditioning_projection_stage15_w4,0.004271952493581921,0.0029580717250610174,0.002822980712305212
384,82,output_conditioning_projection_stage15_w4,0.004094639909453689,0.0027669896078919014,0.002705809464311465
462,82,output_conditioning_projection_stage15_w4,0.0034791394718922675,0.0022903146459754,0.002299076040599062
511,82,output_conditioning_projection_stage15_w4,0.00302652370010037,0.0032007249529328874,0.0019999796448003523
568,82,output_conditioning_projection_stage15_w4,0.003456802562141093,0.0024598847231231957,0.002284315421070918
679,82,output_conditioning_projection_stage15_w4,0.004746090227854438,0.0032597332523813805,0.0031362991962626797
712,82,output_conditioning_projection_stage15_w4,0.00357274484122172,0.0032123717130616565,0.002360932101166741
780,82,output_conditioning_projection_stage15_w4,0.0034481699694879357,0.0027945217286458046,0.0022786108532898714
870,82,output_conditioning_projection_stage15_w4,0.004856391635257752,0.003271211199262325,0.0032091882899750934
888,82,output_conditioning_projection_stage15_w4,0.004065737186465412,0.0022055371467928353,0.0026867100408858565
975,82,output_conditioning_projection_stage15_w4,0.00393657802578673,0.0021061335006606896,0.00260135941492238
19,79,output_head_projection_stage4_w8,0.011556130233657314,0.02199490836892437,0.07576878953710163
85,79,output_head_projection_stage4_w8,0.011479868539936433,0.13261187805279917,0.07526877300003881
131,79,output_head_projection_stage4_w8,0.011300884594675155,0.0731916291590551,0.0740952489392313
224,79,output_head_projection_stage4_w8,0.01138277466816362,0.11725733170779053,0.0746321684458369
301,79,output_head_projection_stage4_w8,0.01124779730253067,0.06711912979955059,0.07374717741491817
345,79,output_head_projection_stage4_w8,0.011647510979855722,0.10251473764151343,0.07636793547838609
384,79,output_head_projection_stage4_w8,0.011467109448858537,0.03697665028403208,0.07518511689137448
462,79,output_head_projection_stage4_w8,0.011580217196751619,0.0970560882156093,0.07592671784012169
511,79,output_head_projection_stage4_w8,0.011562757892534137,0.352572876518991,0.0758122443684689
568,79,output_head_projection_stage4_w8,0.011322285012283828,0.0207009946539074,0.07423556266926137
679,79,output_head_projection_stage4_w8,0.011374435602192536,0.48491922976182883,0.07457749262255318
712,79,output_head_projection_stage4_w8,0.01138961950346129,0.09156281769213592,0.07467704721360768
780,79,output_head_projection_stage4_w8,0.011373313129297456,0.06698051816516681,0.07457013302978045
870,79,output_head_projection_stage4_w8,0.011613229381509882,0.11699828091161636,0.07614316514804695
888,79,output_head_projection_stage4_w8,0.011490041495562764,0.0789502668473858,0.07533547288297858
975,79,output_head_projection_stage4_w8,0.011568223268113796,2.0901587054124775,0.07584807858664258
19,80,output_head_projection_stage4_w8,0.01084792471738183,0.053270035464791476,0.07112537745825478
85,80,output_head_projection_stage4_w8,0.01082526217578561,0.015266613068206425,0.0709767885007179
131,80,output_head_projection_stage4_w8,0.011014444899956288,0.02322714990759778,0.07221718175710361
224,80,output_head_projection_stage4_w8,0.010916057430222281,0.018250794497873816,0.07157209561350408
301,80,output_head_projection_stage4_w8,0.010825271703652106,0.06253043210847409,0.07097685097101691
345,80,output_head_projection_stage4_w8,0.01106918503955967,0.030075947715602066,0.07257609032190676
384,80,output_head_projection_stage4_w8,0.010961596700838074,0.03889386542068962,0.07187067786735508
462,80,output_head_projection_stage4_w8,0.01073269453991088,0.030465400773991288,0.07036986061233949
511,80,output_head_projection_stage4_w8,0.010810972603394474,0.12834847666022142,0.07088309765601576
568,80,output_head_projection_stage4_w8,0.010852736585547973,0.05604918515405188,0.07115692689729615
679,80,output_head_projection_stage4_w8,0.010825043122167699,0.035324503303684196,0.07097535225630586
712,80,output_head_projection_stage4_w8,0.010850664913050421,0.022707634974779015,0.0711433437934125
780,80,output_head_projection_stage4_w8,0.010867116904591967,0.04173652743844514,0.07125121273045051
870,80,output_head_projection_stage4_w8,0.010921287675955682,0.048958288937754446,0.0716063881820533
888,80,output_head_projection_stage4_w8,0.010850302311155248,0.13567867232661968,0.0711409663620297
975,80,output_head_projection_stage4_w8,0.010959114330034936,0.023438620766885517,0.07185440198372163
19,81,output_head_projection_stage4_w8,0.010543403630435932,0.25132434708240226,0.06912875802944182
85,81,output_head_projection_stage4_w8,0.010550462750870791,0.06445136960934407,0.06917504177665922
131,81,output_head_projection_stage4_w8,0.010420999125926755,0.10658999613406193,0.0683262020740289
224,81,output_head_projection_stage4_w8,0.010518267605220899,0.02565048908896017,0.0689639514578812
301,81,output_head_projection_stage4_w8,0.010635780832672026,1.02589185239799,0.06973443732283255
345,81,output_head_projection_stage4_w8,0.010678212424181764,0.03647449495292676,0.07001264380387946
384,81,output_head_projection_stage4_w8,0.01047970215586247,0.07039552601514744,0.06871109367964916
462,81,output_head_projection_stage4_w8,0.01057960883645137,0.12182314341471924,0.06936614066352996
511,81,output_head_projection_stage4_w8,0.010475706421175344,0.022634707514271216,0.06868489529191613
568,81,output_head_projection_stage4_w8,0.010614861985231983,0.04831484458759405,0.069597281050188
679,81,output_head_projection_stage4_w8,0.010616178435157055,0.05422969583833037,0.06960591247050711
712,81,output_head_projection_stage4_w8,0.010579583385151635,0.0664182472307324,0.06936597378983313
780,81,output_head_projection_stage4_w8,0.01054420466607553,0.17950320302300327,0.0691340100904312
870,81,output_head_projection_stage4_w8,0.010605100760585628,0.08711054463151414,0.06953328071781897
888,81,output_head_projection_stage4_w8,0.010655695281457156,0.03230940191031095,0.06986500816689878
975,81,output_head_projection_stage4_w8,0.010505859191653144,0.02349161043525783,0.068882594597315
19,82,output_head_projection_stage4_w8,0.011163484949065605,0.10011836086124504,0.07319437601549587
85,82,output_head_projection_stage4_w8,0.011441644503065618,0.06996201420645322,0.07501815372296558
131,82,output_head_projection_stage4_w8,0.011273787611571606,0.10085308752928768,0.07391758517390928
224,82,output_head_projection_stage4_w8,0.011440026803029468,0.02352927169897612,0.07500754712966014
301,82,output_head_projection_stage4_w8,0.011301396953058429,0.0696008458235724,0.07409860826226808
345,82,output_head_projection_stage4_w8,0.011342049561790189,0.15957085898196513,0.07436515068545398
384,82,output_head_projection_stage4_w8,0.011351618479238823,0.030765714126630424,0.07442789013867958
462,82,output_head_projection_stage4_w8,0.011440377293183701,0.08322859397954117,0.07500984514934267
511,82,output_head_projection_stage4_w8,0.01135682211315725,0.05232904124467552,0.0744620082245112
568,82,output_head_projection_stage4_w8,0.011466979965916835,0.386952295726644,0.07518426792501982
679,82,output_head_projection_stage4_w8,0.011109649658465058,0.1952491838194419,0.07284140017317614
712,82,output_head_projection_stage4_w8,0.011248448652622757,0.10320765681223065,0.07375144804938183
780,82,output_head_projection_stage4_w8,0.011377641276339999,0.049053733684459644,0.07459851090850986
870,82,output_head_projection_stage4_w8,0.01140462446346646,0.253940283056636,0.07477542856044757
888,82,output_head_projection_stage4_w8,0.011423355525039371,0.5452844763619851,0.0748982404216354
975,82,output_head_projection_stage4_w8,0.011278488702373581,0.029137096888746328,0.07394840829136881
19,79,output_head_projection_stage4_w6,0.1584650249651531,0.275087060610133,0.5160435643719558
85,79,output_head_projection_stage4_w6,0.15895877216462395,0.3307343381860761,0.5176514590147618
131,79,output_head_projection_stage4_w6,0.1588473770789278,1.5165949551461038,0.5172886993642408
224,79,output_head_projection_stage4_w6,0.15905753048718907,1.9527944459949251,0.5179730668698649
301,79,output_head_projection_stage4_w6,0.1586531387265495,0.5160602814337949,0.5166561594601132
345,79,output_head_projection_stage4_w6,0.15892507388912236,1.0815989430125796,0.517541720110503
384,79,output_head_projection_stage4_w6,0.15828576967760455,0.3568436732555255,0.5154598170274586
462,79,output_head_projection_stage4_w6,0.15876360698257486,0.4601751928160524,0.5170159008768821
511,79,output_head_projection_stage4_w6,0.15914961816815776,0.8030412901153454,0.5182729516875544
568,79,output_head_projection_stage4_w6,0.15977802591078216,0.2164032906725879,0.5203193702676426
679,79,output_head_projection_stage4_w6,0.1591966667001543,1.606164097241674,0.518426165888324
712,79,output_head_projection_stage4_w6,0.16046072013796223,0.7218875461190919,0.522542573541978
780,79,output_head_projection_stage4_w6,0.15924843722314105,0.5830647289153603,0.5185947573186245
870,79,output_head_projection_stage4_w6,0.15926125947771652,1.5573070760583076,0.5186365131695188
888,79,output_head_projection_stage4_w6,0.1595671005670738,0.2964746918990499,0.5196324889434666
975,79,output_head_projection_stage4_w6,0.15872940454664783,1.6311243140739864,0.5169045201671648
19,80,output_head_projection_stage4_w6,0.1602431400824571,0.34331737865795725,0.5218340210560032
85,80,output_head_projection_stage4_w6,0.16102070036868102,0.3180284540169396,0.5243661569749878
131,80,output_head_projection_stage4_w6,0.16112292106845413,0.3823106033966042,0.5246990401097686
224,80,output_head_projection_stage4_w6,0.16176740216269536,0.2564977873328757,0.5267978017836188
301,80,output_head_projection_stage4_w6,0.16006961690436583,0.366737775542802,0.5212689404059161
345,80,output_head_projection_stage4_w6,0.16162407286265082,1.2469813987206635,0.5263310479185929
384,80,output_head_projection_stage4_w6,0.16057035576363884,0.24624934851300753,0.522899603486401
462,80,output_head_projection_stage4_w6,0.16127043730011792,0.35404154762488815,0.52517942877602
511,80,output_head_projection_stage4_w6,0.1612353797718242,0.30998104620226746,0.5250652634460821
568,80,output_head_projection_stage4_w6,0.16088581511667144,0.4552835986487622,0.5239269012701814
679,80,output_head_projection_stage4_w6,0.16124898485577435,0.7772953441318577,0.5251095685917555
712,80,output_head_projection_stage4_w6,0.16099697496611043,0.4995541491476274,0.5242888948705494
780,80,output_head_projection_stage4_w6,0.16170871050144345,0.9032795897217626,0.5266066715700085
870,80,output_head_projection_stage4_w6,0.16127986271021655,0.4016030170275435,0.5252101227554898
888,80,output_head_projection_stage4_w6,0.1623626473810873,0.5599987315173394,0.5287362261409297
975,80,output_head_projection_stage4_w6,0.16123374554445036,0.2968079584623524,0.5250599415618419
19,81,output_head_projection_stage4_w6,0.14513973493376398,0.27294948352988513,0.47264957149813214
85,81,output_head_projection_stage4_w6,0.1450660413620426,0.5038096057558619,0.47240958735380273
131,81,output_head_projection_stage4_w6,0.14450965798823742,0.7204623858914374,0.4705977171355078
224,81,output_head_projection_stage4_w6,0.14445869137125553,0.1220354588337642,0.4704317436363265
301,81,output_head_projection_stage4_w6,0.14404761483910988,12.067325465839588,0.46909306717491334
345,81,output_head_projection_stage4_w6,0.14560166457727067,0.6837596182979269,0.4741538518260889
384,81,output_head_projection_stage4_w6,0.1450937197514577,0.46008354654469485,0.47249972241504407
462,81,output_head_projection_stage4_w6,0.14476218667277863,1.0840643259655032,0.4714200803194688
511,81,output_head_projection_stage4_w6,0.14553398277075755,0.3594417107972276,0.47393344507902374
568,81,output_head_projection_stage4_w6,0.14456819001497934,0.24539810682023241,0.4707883274971094
679,81,output_head_projection_stage4_w6,0.1443045629748667,0.6895196553025612,0.469929822363409
712,81,output_head_projection_stage4_w6,0.1438199641925166,1.1059492953376804,0.4683517196685762
780,81,output_head_projection_stage4_w6,0.1452412623739292,0.6127478387409867,0.4729801970233289
870,81,output_head_projection_stage4_w6,0.14449352421797815,0.5135971082805213,0.4705451772875938
888,81,output_head_projection_stage4_w6,0.14594667220080737,0.2988596388425009,0.47527737396496167
975,81,output_head_projection_stage4_w6,0.14468494318498412,0.11865324925612697,0.47116853582392626
19,82,output_head_projection_stage4_w6,0.15544585156385435,0.3906428190446149,0.5062115840734273
85,82,output_head_projection_stage4_w6,0.15565751299527616,4.298963073793548,0.5069008624775104
131,82,output_head_projection_stage4_w6,0.15560972407547521,0.5781243088818542,0.5067452371935275
224,82,output_head_projection_stage4_w6,0.1546455122925181,0.13531068666821966,0.5036052680716595
301,82,output_head_projection_stage4_w6,0.15556233808456454,0.1856136634926884,0.5065909240530966
345,82,output_head_projection_stage4_w6,0.15631123645653133,0.9840918093157853,0.5090297220484717
384,82,output_head_projection_stage4_w6,0.15525546158824,1.312566512000842,0.505591576461916
462,82,output_head_projection_stage4_w6,0.15574219153859303,0.36892289741190615,0.50717661933508
511,82,output_head_projection_stage4_w6,0.15663982621117611,1.0131030401106642,0.5100997791682702
568,82,output_head_projection_stage4_w6,0.15499110182281584,0.6548762092954804,0.5047306851980171
679,82,output_head_projection_stage4_w6,0.15540291539582538,3.3687345151441264,0.5060717618432852
712,82,output_head_projection_stage4_w6,0.1554938039116678,0.6401077943442032,0.5063677415630128
780,82,output_head_projection_stage4_w6,0.15635636702063493,0.24543127599078218,0.5091766903600424
870,82,output_head_projection_stage4_w6,0.15655908990083842,0.7660054889147999,0.5098368602473912
888,82,output_head_projection_stage4_w6,0.1566106237187341,0.9749098344291269,0.5100046808442606
975,82,output_head_projection_stage4_w6,0.15556463200846335,5.1410062719635325,0.506598394248273
19,79,output_head_projection_stage4_w4,3.1826685126218313,3.347846388267726,62.810858885771474
85,79,output_head_projection_stage4_w4,3.1866962517306097,5.398738357795551,62.89034745072472
131,79,output_head_projection_stage4_w4,3.1842671567546863,17.73601436394347,62.84240857768539
224,79,output_head_projection_stage4_w4,3.1876550970482644,10.216796993517503,62.90927053294382
301,79,output_head_projection_stage4_w4,3.1853761930697146,17.651597273915286,62.864295721510196
345,79,output_head_projection_stage4_w4,3.201720174927914,14.759723053467328,63.18684880363475
384,79,output_head_projection_stage4_w4,3.184076992201881,23.105543927446547,62.83865562671234
462,79,output_head_projection_stage4_w4,3.1900061487394846,11.159954953658485,62.95566919979359
511,79,output_head_projection_stage4_w4,3.2004554545565043,31.11711863297865,63.161889191138656
568,79,output_head_projection_stage4_w4,3.201315846996294,4.751125841620024,63.178869278102695
679,79,output_head_projection_stage4_w4,3.1940092754302896,52.07465232521316,63.03467203175075
712,79,output_head_projection_stage4_w4,3.212496299907798,15.3156986870315,63.39951866314499
780,79,output_head_projection_stage4_w4,3.199947892062482,5.782525177805667,63.15187230246134
870,79,output_head_projection_stage4_w4,3.198005733604987,9.999673060226655,63.11354325866563
888,79,output_head_projection_stage4_w4,3.205518061338808,20.051160218242842,63.26180116090125
975,79,output_head_projection_stage4_w4,3.196023799795512,20.33990127561765,63.074429237103466
19,80,output_head_projection_stage4_w4,2.963455298642657,8.043953826459372,58.48462440846498
85,80,output_head_projection_stage4_w4,2.9651589743625664,3.0210987921020664,58.51824692831145
131,80,output_head_projection_stage4_w4,2.9635325292911148,2.595883682215799,58.48614857704952
224,80,output_head_projection_stage4_w4,2.961409624105727,1.90276633842069,58.444252445706134
301,80,output_head_projection_stage4_w4,2.952175556769362,10.421461951282993,58.26201552781602
345,80,output_head_projection_stage4_w4,2.989470393358033,4.75876581057679,58.998039624843074
384,80,output_head_projection_stage4_w4,2.9641287438553263,4.3185694835539294,58.49791503928391
462,80,output_head_projection_stage4_w4,2.963866039575805,37.03304534553467,58.492730496387196
511,80,output_head_projection_stage4_w4,2.9673877063469263,7.004478699325092,58.5622315813184
568,80,output_head_projection_stage4_w4,2.966580626690302,4.911614647770194,58.54630363713547
679,80,output_head_projection_stage4_w4,2.9678344393541924,11.745272738788628,58.571047982953615
712,80,output_head_projection_stage4_w4,2.967322575012077,56.94203856774448,58.56094619609338
780,80,output_head_projection_stage4_w4,2.9842850480426932,6.337655977930594,58.8957053755852
870,80,output_head_projection_stage4_w4,2.9670898224248954,3.6411464734804473,58.55635275827515
888,80,output_head_projection_stage4_w4,2.980042223054625,6.482247916629489,58.811972030266425
975,80,output_head_projection_stage4_w4,2.9756902673580043,27.597410412086273,58.72608495969859
19,81,output_head_projection_stage4_w4,2.7828425030929798,23.777281987857013,54.920180053281385
85,81,output_head_projection_stage4_w4,2.7815094555635373,5.690522674094438,54.89387198509025
131,81,output_head_projection_stage4_w4,2.780519316744176,21.75736997079366,54.874331316807144
224,81,output_head_projection_stage4_w4,2.7855689798598173,2.9193929919546946,54.97398783966505
301,81,output_head_projection_stage4_w4,2.7665836534697523,12.504113199030371,54.59930707977519
345,81,output_head_projection_stage4_w4,2.799327085442428,3.8405134721660947,55.245507925673955
384,81,output_head_projection_stage4_w4,2.783199863046321,6.084606943907787,54.92723265254257
462,81,output_head_projection_stage4_w4,2.7800426669427902,15.118414079410076,54.86492449881965
511,81,output_head_projection_stage4_w4,2.792329924149271,4.978964558167946,55.10741697814281
568,81,output_head_projection_stage4_w4,2.7851969388257203,6.577258120853231,54.96664550514302
679,81,output_head_projection_stage4_w4,2.781128799128055,26.56908285186887,54.88635962319701
712,81,output_head_projection_stage4_w4,2.781610002748493,14.532185888316464,54.895856312085215
780,81,output_head_projection_stage4_w4,2.802170615472278,23.49051358752178,55.3016257911488
870,81,output_head_projection_stage4_w4,2.785741877342844,12.92349309698875,54.97740002015605
888,81,output_head_projection_stage4_w4,2.795330415072385,2.9831096021612784,55.16663251102421
975,81,output_head_projection_stage4_w4,2.7874161986728723,2.509333113403045,55.01044322285617
19,82,output_head_projection_stage4_w4,3.183590713309968,19.510306051340194,62.829058775913104
85,82,output_head_projection_stage4_w4,3.1835139765789786,190.11802614897243,62.82754435492882
131,82,output_head_projection_stage4_w4,3.180852148685517,7.51329792321991,62.775012432257206
224,82,output_head_projection_stage4_w4,3.2017314777112915,6.117780268489753,63.187071867245976
301,82,output_head_projection_stage4_w4,3.2087481941271108,48.03342159735876,63.325548740626814
345,82,output_head_projection_stage4_w4,3.2082984922162727,13.496564850018615,63.31667374684399
384,82,output_head_projection_stage4_w4,3.1925477350050637,4.846823543016512,63.00582812009591
462,82,output_head_projection_stage4_w4,3.198382367834711,6.42907816860874,63.120976241196146
511,82,output_head_projection_stage4_w4,3.1951423109858297,25.10693672037446,63.057032807341855
568,82,output_head_projection_stage4_w4,3.2036198654823242,3.293408303148226,63.22433973141014
679,82,output_head_projection_stage4_w4,3.1956235043799097,23.580300412546876,63.06652929441
712,82,output_head_projection_stage4_w4,3.1897089747617424,8.090448462928634,62.9498043877007
780,82,output_head_projection_stage4_w4,3.2052048291525352,5.061061877614681,63.25561943554329
870,82,output_head_projection_stage4_w4,3.196624678534136,9.638627502535442,63.086287748132655
888,82,output_head_projection_stage4_w4,3.208373872421362,2.9348893310448716,63.31816139640783
975,82,output_head_projection_stage4_w4,3.198240134752268,1.9406455357367491,63.11816923128142
19,79,output_head_projection_stage10_w8,0.00445346807828173,0.006410866774331226,0.009231605876557273
85,79,output_head_projection_stage10_w8,0.004197862173896283,0.006880124405597599,0.00870175971452576
131,79,output_head_projection_stage10_w8,0.004538998531643302,0.013887616248439372,0.009408902181818304
224,79,output_head_projection_stage10_w8,0.004506375829805621,0.011854853978789494,0.009341278496030012
301,79,output_head_projection_stage10_w8,0.0044833102729171515,0.00957896602932351,0.009293465841538095
345,79,output_head_projection_stage10_w8,0.004329857827542583,0.009919058548916837,0.008975373857585105
384,79,output_head_projection_stage10_w8,0.004551965626887977,0.009132309705194077,0.009435781708191558
462,79,output_head_projection_stage10_w8,0.004193233384285122,0.01516061845428851,0.00869216468417534
511,79,output_head_projection_stage10_w8,0.004322886583395303,0.016338926456455738,0.008960923146969082
568,79,output_head_projection_stage10_w8,0.00452058934024535,0.007928342953960055,0.009370741719790793
679,79,output_head_projection_stage10_w8,0.004469400038942695,0.048905414917783226,0.009264631280372356
712,79,output_head_projection_stage10_w8,0.0044979242084082225,0.008908206813430297,0.009323759107457507
780,79,output_head_projection_stage10_w8,0.004367954796180128,0.0096461689846592,0.009054345165646904
870,79,output_head_projection_stage10_w8,0.004181675278232433,0.0207702529985454,0.008668205855262156
888,79,output_head_projection_stage10_w8,0.004418925644131377,0.011790871062885342,0.009160002772529631
975,79,output_head_projection_stage10_w8,0.004421722202096135,0.033337297434627544,0.00916579976500556
19,80,output_head_projection_stage10_w8,0.004114221472491409,0.014967850637901849,0.008528380681144091
85,80,output_head_projection_stage10_w8,0.0041673995001474395,0.00604652531683314,0.008638613556733163
131,80,output_head_projection_stage10_w8,0.004120790199522163,0.007052872936469612,0.008541997012953974
224,80,output_head_projection_stage10_w8,0.004225436437991449,0.010029374489590737,0.00875891848023109
301,80,output_head_projection_stage10_w8,0.0040904697380028665,0.012510086553504609,0.008479145647271914
345,80,output_head_projection_stage10_w8,0.00420454313280061,0.012704562886895589,0.008715608692086192
384,80,output_head_projection_stage10_w8,0.004143741418374702,0.008223296293454752,0.008589572655825765
462,80,output_head_projection_stage10_w8,0.0042022083152915,0.014434834860978185,0.008710768842634277
511,80,output_head_projection_stage10_w8,0.004318680497817695,0.012621968493476741,0.008952204340939034
568,80,output_head_projection_stage10_w8,0.004149699991103261,0.010328510475346775,0.008601924197152649
679,80,output_head_projection_stage10_w8,0.004118978424230591,0.0166203423967346,0.008538241379112061
712,80,output_head_projection_stage10_w8,0.0041499692779325414,0.007048373695262456,0.008602482402540444
780,80,output_head_projection_stage10_w8,0.004196760433842428,0.023556927122697857,0.008699475914624912
870,80,output_head_projection_stage10_w8,0.004138210031669588,0.00959458211619335,0.008578106629548072
888,80,output_head_projection_stage10_w8,0.0040556338062742725,0.006525620087192152,0.008406934151330281
975,80,output_head_projection_stage10_w8,0.004088295070687308,0.02522953572434972,0.008474637773584042
19,81,output_head_projection_stage10_w8,0.004093263312825002,0.0189996696194612,0.008484936455983532
85,81,output_head_projection_stage10_w8,0.004044772242195903,0.03239506560261418,0.008384419186136421
131,81,output_head_projection_stage10_w8,0.00387505633989349,0.02116319448879267,0.008032614638871165
224,81,output_head_projection_stage10_w8,0.004388160828966647,0.006320764925931145,0.009096230304988896
301,81,output_head_projection_stage10_w8,0.004102172635612077,0.010161113204620875,0.008503404614989411
345,81,output_head_projection_stage10_w8,0.004221048497129231,0.008652025904211769,0.008749822705895763
384,81,output_head_projection_stage10_w8,0.004126634332351387,0.008378800105276696,0.00855411133150781
462,81,output_head_projection_stage10_w8,0.00424846861642436,0.03159738439012471,0.008806661944433313
511,81,output_head_projection_stage10_w8,0.004365777364000678,0.009400912620549205,0.009049831560665285
568,81,output_head_projection_stage10_w8,0.004096270669833758,0.00795932012897538,0.008491170414360899
679,81,output_head_projection_stage10_w8,0.0040103956271195776,0.010561300810707054,0.008313159808910302
712,81,output_head_projection_stage10_w8,0.004104207851924002,0.012989851477030356,0.00850762342031932
780,81,output_head_projection_stage10_w8,0.004193749045953155,0.009155813518418656,0.008693233600624555
870,81,output_head_projection_stage10_w8,0.004048344636430556,0.014646922926885964,0.008391824411688802
888,81,output_head_projection_stage10_w8,0.004221174356644043,0.008425855366567703,0.00875008360042024
975,81,output_head_projection_stage10_w8,0.004268037984729745,0.00607753898111696,0.008847227340271562
19,82,output_head_projection_stage10_w8,0.004732170797069558,0.012772642815946256,0.009809329486864788
85,82,output_head_projection_stage10_w8,0.00469953917490784,0.006354428698955416,0.00974168731011297
131,82,output_head_projection_stage10_w8,0.004557283144094981,0.006713334252538061,0.009446804403815283
224,82,output_head_projection_stage10_w8,0.00491006369702518,0.004493061834896395,0.010178084154409585
301,82,output_head_projection_stage10_w8,0.004967792483512313,0.006912733626279532,0.01029775031013664
345,82,output_head_projection_stage10_w8,0.004750429394334787,0.015440681323980241,0.009847177781912277
384,82,output_head_projection_stage10_w8,0.004875155398622156,0.007373881775095016,0.010105722649395202
462,82,output_head_projection_stage10_w8,0.004743886413052679,0.0069791100177099,0.00983361481853354
511,82,output_head_projection_stage10_w8,0.004240550100803375,0.00972049355323179,0.008790247632248886
568,82,output_head_projection_stage10_w8,0.004853109203395435,0.0132539170807604,0.010060023032415068
679,82,output_head_projection_stage10_w8,0.004839500528760254,0.01879819909507674,0.010031813574409307
712,82,output_head_projection_stage10_w8,0.004858077794779092,0.009932118197014008,0.010070322438767449
780,82,output_head_projection_stage10_w8,0.004444531354238278,0.008242374246776762,0.009213080917413852
870,82,output_head_projection_stage10_w8,0.004600052594469163,0.017126469353797802,0.00953546131175112
888,82,output_head_projection_stage10_w8,0.004945524560753257,0.015766010834127545,0.010251591073562402
975,82,output_head_projection_stage10_w8,0.004828513076063246,0.0042136645049595245,0.01000903765436157
19,79,output_head_projection_stage10_w6,0.051896783523261554,0.030962172397110518,0.07683199204958503
85,79,output_head_projection_stage10_w6,0.05027612572303042,0.04631206253088749,0.0744326455242528
131,79,output_head_projection_stage10_w6,0.049923392070923,0.13177601187476287,0.07391043148102235
224,79,output_head_projection_stage10_w6,0.050487842701841146,0.06318768025977306,0.07474608763238377
301,79,output_head_projection_stage10_w6,0.050130776478908956,0.05144952489695242,0.07421745931789094
345,79,output_head_projection_stage10_w6,0.049804882597527474,0.06795326451359429,0.07373498093670018
384,79,output_head_projection_stage10_w6,0.05039950809441506,0.05189477637748042,0.07461531028175236
462,79,output_head_projection_stage10_w6,0.048637616098858416,0.07852130997184757,0.07200686978496976
511,79,output_head_projection_stage10_w6,0.049813056422863156,0.1497730470255192,0.0737470820967446
568,79,output_head_projection_stage10_w6,0.051170217018807314,0.05077877276772824,0.0757563270833988
679,79,output_head_projection_stage10_w6,0.05072387354448438,0.2561049679084846,0.07509552585560801
712,79,output_head_projection_stage10_w6,0.05145268827982363,0.09174974230313637,0.07617451927580923
780,79,output_head_projection_stage10_w6,0.05022038152674213,0.07104166454445249,0.07435011752626787
870,79,output_head_projection_stage10_w6,0.04932772243046201,0.2328691417399256,0.07302855630547193
888,79,output_head_projection_stage10_w6,0.051061755366390564,0.061624286011067404,0.07559575210648461
975,79,output_head_projection_stage10_w6,0.05227214359911159,0.28834467608066916,0.07738770399174258
19,80,output_head_projection_stage10_w6,0.04926848370928383,0.12981136474161303,0.07294085474391851
85,80,output_head_projection_stage10_w6,0.051101336604915566,0.056822102810883734,0.07565435121797488
131,80,output_head_projection_stage10_w6,0.04985967879474628,0.08483921612378252,0.0738161054439093
224,80,output_head_projection_stage10_w6,0.051365414445172064,0.04617958305379943,0.07604531237482508
301,80,output_head_projection_stage10_w6,0.049244287656620145,0.07915229093939402,0.07290503304554574
345,80,output_head_projection_stage10_w6,0.05112787400139496,0.34408529821882894,0.07569363922191076
384,80,output_head_projection_stage10_w6,0.04984302994853352,0.07199957435247839,0.07379145721076244
462,80,output_head_projection_stage10_w6,0.049997802594589295,0.060104320840778776,0.07402059454652661
511,80,output_head_projection_stage10_w6,0.051255948274047114,0.08425084902319212,0.07588325023111243
568,80,output_head_projection_stage10_w6,0.050926780284498825,0.056741671873798076,0.07539592460823225
679,80,output_head_projection_stage10_w6,0.05072991590714082,0.11259881448683018,0.07510447143427519
712,80,output_head_projection_stage10_w6,0.05013246927410364,0.09074033907171854,0.07421996546216636
780,80,output_head_projection_stage10_w6,0.05042899884574581,0.1847490686794231,0.07465897065948589
870,80,output_head_projection_stage10_w6,0.04975600582838525,0.11090598945312992,0.07366262000634577
888,80,output_head_projection_stage10_w6,0.051578707352746285,0.07129501348079613,0.07636108760917328
975,80,output_head_projection_stage10_w6,0.05048968509072438,0.11726366126197263,0.07474881524666772
19,81,output_head_projection_stage10_w6,0.04676491535792592,0.1251237356714796,0.06923437949423555
85,81,output_head_projection_stage10_w6,0.044373462733346976,0.06836002071224812,0.06569388899435223
131,81,output_head_projection_stage10_w6,0.04416282296006103,0.13619512354841845,0.06538204166417659
224,81,output_head_projection_stage10_w6,0.04824535292573273,0.02868894414302758,0.07142613319682593
301,81,output_head_projection_stage10_w6,0.04710834741126746,0.05405747718493004,0.06974282273484761
345,81,output_head_projection_stage10_w6,0.04572665743762627,0.05736085169098715,0.06769726256979021
384,81,output_head_projection_stage10_w6,0.04531534215493593,0.0469157995802334,0.06708831977249002
462,81,output_head_projection_stage10_w6,0.049278706224868074,0.09182058800166715,0.07295598894266406
511,81,output_head_projection_stage10_w6,0.049424710814491846,0.050467338125827155,0.07317214537293971
568,81,output_head_projection_stage10_w6,0.046292096798424616,0.03624740528584879,0.06853438251295409
679,81,output_head_projection_stage10_w6,0.04639563980163074,0.04791887424954667,0.06868767554306178
712,81,output_head_projection_stage10_w6,0.045648900617379695,0.05377378878341688,0.06758214538931392
780,81,output_head_projection_stage10_w6,0.04693873325595632,0.05674035643414755,0.06949171288665208
870,81,output_head_projection_stage10_w6,0.04640571649451886,0.11325095850156686,0.06870259385466618
888,81,output_head_projection_stage10_w6,0.047373007404530654,0.0344600326593536,0.07013464575580856
975,81,output_head_projection_stage10_w6,0.04738143301801755,0.02992662886390462,0.07014711968240843
19,82,output_head_projection_stage10_w6,0.05200843000784517,0.053058286461293847,0.07699728209712811
85,82,output_head_projection_stage10_w6,0.052351110512972816,0.09603764244838331,0.07750461268792885
131,82,output_head_projection_stage10_w6,0.05135318393877242,0.08537119109803369,0.0760272053919513
224,82,output_head_projection_stage10_w6,0.0556667159544304,0.035470843980931484,0.08241329013618433
301,82,output_head_projection_stage10_w6,0.05301764630712569,0.06200228946501341,0.07849140357091611
345,82,output_head_projection_stage10_w6,0.05246990212253878,0.03217293369380059,0.07768048092834955
384,82,output_head_projection_stage10_w6,0.05312753072939813,0.04871408719664316,0.07865408492581405
462,82,output_head_projection_stage10_w6,0.05286404505386599,0.04513491126886038,0.07826400045519188
511,82,output_head_projection_stage10_w6,0.049795848259236664,0.06807628295010558,0.07372160580705613
568,82,output_head_projection_stage10_w6,0.05268719706509728,0.054965948889162064,0.07800218108326544
679,82,output_head_projection_stage10_w6,0.054002640885300934,0.36846484841177946,0.07994966534479508
712,82,output_head_projection_stage10_w6,0.053564690810162574,0.04367504378251397,0.07930129035107195
780,82,output_head_projection_stage10_w6,0.052946435378544265,0.03958534700274185,0.0783859774322006
870,82,output_head_projection_stage10_w6,0.053096244377229596,0.11379635430853342,0.07860776620241965
888,82,output_head_projection_stage10_w6,0.0548830489278771,0.09350344088881,0.08125308916290672
975,82,output_head_projection_stage10_w6,0.05489089014008642,0.024592239465732746,0.0812646978968826
19,79,output_head_projection_stage10_w4,1.0389943580412362,0.5589076289239188,1.4464699249460402
85,79,output_head_projection_stage10_w4,1.0038658078192384,1.0574615551495299,1.3975645665965777
131,79,output_head_projection_stage10_w4,1.0267266899463718,1.2937652557925505,1.4293910901948153
224,79,output_head_projection_stage10_w4,1.0427485333239017,0.8719683271249892,1.451696422662148
301,79,output_head_projection_stage10_w4,1.0372927781427277,0.9372636066800624,1.4441010149235398
345,79,output_head_projection_stage10_w4,1.019469357430353,1.1198107984279206,1.4192875577371946
384,79,output_head_projection_stage10_w4,1.0404755058698358,2.1935413836937165,1.4485319532639875
462,79,output_head_projection_stage10_w4,1.0033730450668372,1.4363470507953482,1.3968785508391623
511,79,output_head_projection_stage10_w4,1.0033057777909562,1.6978337077900958,1.3967849025043644
568,79,output_head_projection_stage10_w4,1.0390181311813649,0.8282651913807514,1.446503021499406
679,79,output_head_projection_stage10_w4,1.0265494385384955,5.502863599041916,1.4291443238590182
712,79,output_head_projection_stage10_w4,1.0557345130800966,2.120100402282332,1.4697752784498794
780,79,output_head_projection_stage10_w4,1.018657339562196,1.2384432750350813,1.4181570805447852
870,79,output_head_projection_stage10_w4,0.995302155137324,2.3066066489779047,1.3856423978608154
888,79,output_head_projection_stage10_w4,1.0382457543930743,1.5559616445411848,1.4454277319308515
975,79,output_head_projection_stage10_w4,1.045005719468463,1.282948111452299,1.4548388380639679
19,80,output_head_projection_stage10_w4,0.9016038109350575,1.7951371970186223,1.255197188166576
85,80,output_head_projection_stage10_w4,0.9129385263076983,0.6767585055499695,1.270977182319054
131,80,output_head_projection_stage10_w4,0.9006064063005396,0.6295586700766761,1.253808618733387
224,80,output_head_projection_stage10_w4,0.9228157476318302,0.5004939069226565,1.284728078535976
301,80,output_head_projection_stage10_w4,0.8973938733106479,1.763808601509169,1.2493361860230345
345,80,output_head_projection_stage10_w4,0.9262332237121881,1.8702786114718604,1.2894858294623426
384,80,output_head_projection_stage10_w4,0.8964596778969279,1.0716590582671623,1.2480356153707395
462,80,output_head_projection_stage10_w4,0.9068069300446949,3.041407722931268,1.2624408803481113
511,80,output_head_projection_stage10_w4,0.9220815893677354,0.913928960303565,1.2837059961339448
568,80,output_head_projection_stage10_w4,0.905274439850473,1.513143686576086,1.2603073740792266
679,80,output_head_projection_stage10_w4,0.9074740621290404,3.319208286008237,1.2633696500651976
712,80,output_head_projection_stage10_w4,0.9127255904895719,3.3028828670799193,1.2706807367662176
780,80,output_head_projection_stage10_w4,0.9106569784635211,2.3435920507531165,1.2678008509815584
870,80,output_head_projection_stage10_w4,0.8981009967392309,1.0241410209384583,1.2503206309959585
888,80,output_head_projection_stage10_w4,0.9137294715910683,0.9270580753005824,1.2720783226244063
975,80,output_head_projection_stage10_w4,0.9229165741271571,12.919832347001433,1.2848684474340355
19,81,output_head_projection_stage10_w4,0.9079261537553974,1.277986882200139,1.2639990441863345
85,81,output_head_projection_stage10_w4,0.8547706974386529,0.810384173875093,1.189996939830439
131,81,output_head_projection_stage10_w4,0.8578846531454474,1.9593280048767951,1.1943321349569882
224,81,output_head_projection_stage10_w4,0.9519085462670772,0.5752666671717179,1.3252305682104444
301,81,output_head_projection_stage10_w4,0.9033795311843278,3.4754854023834443,1.2576693150995166
345,81,output_head_projection_stage10_w4,0.8813229448860511,0.7575512884258728,1.226962518204506
384,81,output_head_projection_stage10_w4,0.8844178825384006,0.8093402411369652,1.231271236725506
462,81,output_head_projection_stage10_w4,0.9484833000606159,1.0819812228827461,1.320461999849282
511,81,output_head_projection_stage10_w4,0.9570126258186065,0.8143772013342598,1.3323363792369236
568,81,output_head_projection_stage10_w4,0.9154741149541222,0.6734162479963289,1.274507184855354
679,81,output_head_projection_stage10_w4,0.9021249142970191,1.2348861282317218,1.255922659229082
712,81,output_head_projection_stage10_w4,0.9185197102633539,0.9302141130480094,1.278747209822059
780,81,output_head_projection_stage10_w4,0.8958138332818635,2.399167204988146,1.2471364816991763
870,81,output_head_projection_stage10_w4,0.8918480766888023,4.87946917270756,1.241615424152402
888,81,output_head_projection_stage10_w4,0.9010917689629423,0.5975247657365799,1.2544843322138537
975,81,output_head_projection_stage10_w4,0.9112460715114139,0.4771641835200739,1.2686209761056044
19,82,output_head_projection_stage10_w4,1.1099790248554198,1.5657069866462052,1.5452935469266291
85,82,output_head_projection_stage10_w4,1.0858223796676612,0.8426993546291895,1.5116630844691048
131,82,output_head_projection_stage10_w4,1.0518244821141707,0.6949683718221992,1.4643318011546975
224,82,output_head_projection_stage10_w4,1.1727921637357213,0.5495863773717247,1.6327409094446543
301,82,output_head_projection_stage10_w4,1.1866465840139424,1.139495853314685,1.6520287930649176
345,82,output_head_projection_stage10_w4,1.0806996443170647,1.25057085382646,1.5045313011627304
384,82,output_head_projection_stage10_w4,1.117654182657134,0.46019356946250406,1.5559787685002326
462,82,output_head_projection_stage10_w4,1.1220194022898797,1.9730859022981804,1.5620559515625685
511,82,output_head_projection_stage10_w4,0.9985291984048671,2.844758146860158,1.3901350315280478
568,82,output_head_projection_stage10_w4,1.1217489906848643,1.2544081963211509,1.561679489216085
679,82,output_head_projection_stage10_w4,1.1627234994230093,1.9137775797766814,1.6187234896194187
712,82,output_head_projection_stage10_w4,1.1096153800608592,1.2349295903610482,1.5447872869506976
780,82,output_head_projection_stage10_w4,1.094026532082353,1.0792301128252575,1.523084763168013
870,82,output_head_projection_stage10_w4,1.1004139970063989,1.9581640682224588,1.5319772810510728
888,82,output_head_projection_stage10_w4,1.153189002419822,0.6047838790662469,1.6054497282579046
975,82,output_head_projection_stage10_w4,1.1486357585463336,0.5118314572154077,1.5991107811086995
19,79,output_head_projection_stage15_w8,0.0027402576415624935,0.0022695896620916756,0.0016659333018152977
85,79,output_head_projection_stage15_w8,0.0023248103825608273,0.0022880701576752926,0.0014133631005972393
131,79,output_head_projection_stage15_w8,0.002589258190710097,0.002375846883523991,0.0015741335345542187
224,79,output_head_projection_stage15_w8,0.0026414126768941064,0.0025577593028174306,0.0016058407339267073
301,79,output_head_projection_stage15_w8,0.0028161584777990356,0.0026311957938673913,0.0017120770398362179
345,79,output_head_projection_stage15_w8,0.0021841330599272624,0.0023114668020411955,0.0013278386473374942
384,79,output_head_projection_stage15_w8,0.002495195076335221,0.002807726980336156,0.0015169480815030907
462,79,output_head_projection_stage15_w8,0.002390958398109433,0.0024634605681654875,0.001453577633814847
511,79,output_head_projection_stage15_w8,0.002421785029582679,0.002670348946878676,0.0014723186131939921
568,79,output_head_projection_stage15_w8,0.002427707324386574,0.0026346429353907293,0.0014759190586365423
679,79,output_head_projection_stage15_w8,0.002327324356883764,0.0019776167171130505,0.001414891465478324
712,79,output_head_projection_stage15_w8,0.0030219317559385672,0.0032230002444748607,0.001837176428841436
780,79,output_head_projection_stage15_w8,0.0024949005455709994,0.0026241861563107705,0.0015167690222054962
870,79,output_head_projection_stage15_w8,0.0022151634329929952,0.002692399432135062,0.0013467034909470463
888,79,output_head_projection_stage15_w8,0.0027026329917134713,0.0022636635885646683,0.0016430594828714387
975,79,output_head_projection_stage15_w8,0.0026470280718058348,0.0027960158658970617,0.0016092546002889074
19,80,output_head_projection_stage15_w8,0.0020177524856990203,0.0021226461356036452,0.0012266879616581968
85,80,output_head_projection_stage15_w8,0.0018926892662420867,0.0018209296272289064,0.0011506560663482575
131,80,output_head_projection_stage15_w8,0.001857802795711905,0.0019102391941601125,0.0011294469171947172
224,80,output_head_projection_stage15_w8,0.0019680969780893065,0.0016943075515882813,0.0011965000105360545
301,80,output_head_projection_stage15_w8,0.0019984132377430797,0.0023074559135238815,0.001214930710546767
345,80,output_head_projection_stage15_w8,0.001931698734551901,0.0018734367417465594,0.001174371782475728
384,80,output_head_projection_stage15_w8,0.0018787962153510305,0.0022484015563719595,0.0011422098181589713
462,80,output_head_projection_stage15_w8,0.0016211108595598487,0.0018301525957227225,0.000985550601488427
511,80,output_head_projection_stage15_w8,0.0021448808547575027,0.002383670979057228,0.001303975359896864
568,80,output_head_projection_stage15_w8,0.0019182867399649697,0.0019108867329578063,0.0011662179913550527
679,80,output_head_projection_stage15_w8,0.001915124026709236,0.0018942895524247658,0.0011642952271386869
712,80,output_head_projection_stage15_w8,0.0018889448401750997,0.002048355277452174,0.0011483796511723393
780,80,output_head_projection_stage15_w8,0.0019939536578021944,0.002365287948180139,0.001212219519225577
870,80,output_head_projection_stage15_w8,0.0018013478838838637,0.002010208649210199,0.0010951252839880845
888,80,output_head_projection_stage15_w8,0.0018948062033814494,0.0019121631363674396,0.0011519430533909441
975,80,output_head_projection_stage15_w8,0.001983654743526131,0.0015108171653537283,0.0012059583180871133
19,81,output_head_projection_stage15_w8,0.0022441691253334284,0.0018219719922853983,0.0013643374345876829
85,81,output_head_projection_stage15_w8,0.0017360239435220135,0.0022724710785411158,0.0010554117453762369
131,81,output_head_projection_stage15_w8,0.0019014913705177603,0.0022322977977182745,0.0011560072853053678
224,81,output_head_projection_stage15_w8,0.002696869254577905,0.002694624106425181,0.0016395554321970013
301,81,output_head_projection_stage15_w8,0.0024658180773258214,0.002555701933502519,0.0014990884028309608
345,81,output_head_projection_stage15_w8,0.0020161817665211856,0.0023980572893833596,0.0012257330465631831
384,81,output_head_projection_stage15_w8,0.002301318221725524,0.002283602028853693,0.001399081095696117
462,81,output_head_projection_stage15_w8,0.002538727785577066,0.0025340796428849894,0.0015434136915042289
511,81,output_head_projection_stage15_w8,0.0027070187497884035,0.0024045083882811014,0.001645725794359788
568,81,output_head_projection_stage15_w8,0.002352159295696765,0.002255632768196847,0.0014299898091484956
679,81,output_head_projection_stage15_w8,0.002320531759323785,0.0021388827753980877,0.00141076192148605
712,81,output_head_projection_stage15_w8,0.002471060728566954,0.0023545879285826747,0.0015022756605398478
780,81,output_head_projection_stage15_w8,0.002156510978238657,0.002007187081801476,0.0013110458665958004
870,81,output_head_projection_stage15_w8,0.0022014786954969168,0.0024854670355125568,0.001338383886404928
888,81,output_head_projection_stage15_w8,0.0023141838028095663,0.0020552626965582017,0.001406902695990201
975,81,output_head_projection_stage15_w8,0.0024089889775495976,0.001999239266297081,0.001464539282925793
19,82,output_head_projection_stage15_w8,0.0027459637531137564,0.001963291356105401,0.0016694023191489017
85,82,output_head_projection_stage15_w8,0.0025405486376257613,0.0019890601067373836,0.0015445206743001498
131,82,output_head_projection_stage15_w8,0.0023819704074412584,0.0020083422487573444,0.0014481134056549068
224,82,output_head_projection_stage15_w8,0.003352883053594269,0.0020239467289826507,0.00203837750558736
301,82,output_head_projection_stage15_w8,0.0033819798854892724,0.0022469074295372597,0.0020560668573096196
345,82,output_head_projection_stage15_w8,0.002682420948985964,0.0018363478449288095,0.0016307716181952296
384,82,output_head_projection_stage15_w8,0.0030697414185851812,0.0019749447914279017,0.0018662422027830913
462,82,output_head_projection_stage15_w8,0.002993082336615771,0.002052802186440772,0.0018196374910208026
511,82,output_head_projection_stage15_w8,0.002105950785335153,0.002399772667459388,0.0012803079141395762
568,82,output_head_projection_stage15_w8,0.00277335500868503,0.0019255830825954945,0.0016860547696858884
679,82,output_head_projection_stage15_w8,0.002976346178911626,0.001952644147479532,0.0018094627826135048
712,82,output_head_projection_stage15_w8,0.00307736188187846,0.0026551929781817307,0.0018708750458351392
780,82,output_head_projection_stage15_w8,0.0026671646628528838,0.0025646776756218514,0.0016214965942903134
870,82,output_head_projection_stage15_w8,0.0027884568553417917,0.001909124601525036,0.0016952359024680094
888,82,output_head_projection_stage15_w8,0.003110827237833291,0.0017322691260375223,0.001891220231666084
975,82,output_head_projection_stage15_w8,0.003382382972631603,0.002025677369204004,0.002056311913206465
19,79,output_head_projection_stage15_w6,0.02729918279510457,0.012467480092936967,0.017592963731896276
85,79,output_head_projection_stage15_w6,0.02282458201807458,0.012338949280916722,0.014709306379372147
131,79,output_head_projection_stage15_w6,0.026652954067685645,0.013656551042231513,0.01717650150116498
224,79,output_head_projection_stage15_w6,0.02385254495311528,0.012963839637336603,0.015371777295430036
301,79,output_head_projection_stage15_w6,0.02657230828481261,0.014526892295464222,0.017124529310500354
345,79,output_head_projection_stage15_w6,0.023204624507343393,0.013993503771700944,0.014954224836472803
384,79,output_head_projection_stage15_w6,0.023482852397137318,0.013726866452316244,0.015133528854878231
462,79,output_head_projection_stage15_w6,0.02463549180379232,0.014125924295115055,0.015876347547636765
511,79,output_head_projection_stage15_w6,0.02302227634936571,0.014301913809333655,0.014836710530130463
568,79,output_head_projection_stage15_w6,0.024724510760279376,0.014653491116874306,0.01593371583168697
679,79,output_head_projection_stage15_w6,0.02629910199902952,0.015198754860435313,0.01694846146578927
712,79,output_head_projection_stage15_w6,0.026931831700494513,0.01568275749497161,0.017356224246584426
780,79,output_head_projection_stage15_w6,0.02595963498242782,0.015946606620218517,0.016729691880044757
870,79,output_head_projection_stage15_w6,0.022163360845297575,0.015500466936885003,0.014283182264275418
888,79,output_head_projection_stage15_w6,0.02756730001783581,0.014047334627637298,0.017765751928920742
975,79,output_head_projection_stage15_w6,0.024675426073372368,0.01458449394363015,0.015902083195537094
19,80,output_head_projection_stage15_w6,0.022995627965428863,0.01448514871367479,0.014819536973851017
85,80,output_head_projection_stage15_w6,0.021635120618157092,0.012240451359843973,0.01394275774579944
131,80,output_head_projection_stage15_w6,0.019158341689035296,0.013139116710320307,0.012346597076851557
224,80,output_head_projection_stage15_w6,0.021668936082278382,0.011580514960257915,0.013964550128316098
301,80,output_head_projection_stage15_w6,0.019015642770682465,0.012976624859902584,0.012254634730798752
345,80,output_head_projection_stage15_w6,0.020917851132253414,0.012679771522073224,0.013480513284263317
384,80,output_head_projection_stage15_w6,0.018827226785106174,0.01318467962637726,0.01213321001176476
462,80,output_head_projection_stage15_w6,0.017273627177928578,0.01219575623014535,0.011131992438766012
511,80,output_head_projection_stage15_w6,0.023649335387744937,0.0147373515321334,0.015240818850982536
568,80,output_head_projection_stage15_w6,0.020335287088528275,0.013152145765161551,0.01310507977148428
679,80,output_head_projection_stage15_w6,0.02079392835730687,0.014307112143683296,0.013400651227528732
712,80,output_head_projection_stage15_w6,0.02096064314537216,0.012866424956939683,0.01350809060555031
780,80,output_head_projection_stage15_w6,0.021734769979957488,0.014602003389484254,0.01400697679664866
870,80,output_head_projection_stage15_w6,0.019650941438158043,0.013602652134593995,0.012664053082245674
888,80,output_head_projection_stage15_w6,0.019499577829265036,0.011422474548595574,0.012566506774666784
975,80,output_head_projection_stage15_w6,0.021987711370456964,0.011726707905609146,0.01416998492560081
19,81,output_head_projection_stage15_w6,0.02507589000742882,0.010136558373972093,0.016160162256755407
85,81,output_head_projection_stage15_w6,0.017432925829780288,0.011723731123652215,0.011234652486343323
131,81,output_head_projection_stage15_w6,0.018219876801595095,0.012061581803436638,0.011741803195206341
224,81,output_head_projection_stage15_w6,0.02489977155346423,0.013106095661441941,0.016046662684391935
301,81,output_head_projection_stage15_w6,0.02371965837664902,0.012808618208410392,0.015286138515039654
345,81,output_head_projection_stage15_w6,0.020152315570157956,0.012317034389809576,0.012987163740414065
384,81,output_head_projection_stage15_w6,0.02112237289838959,0.012753119327157949,0.01361231737675294
462,81,output_head_projection_stage15_w6,0.028441626811400056,0.012998216089741277,0.018329212003328512
511,81,output_head_projection_stage15_w6,0.029349985823500898,0.015857257659490646,0.0189146041476786
568,81,output_head_projection_stage15_w6,0.024220303632318974,0.011840840514651061,0.015608779448713571
679,81,output_head_projection_stage15_w6,0.024261105318146296,0.011630363748508898,0.01563507410318539
712,81,output_head_projection_stage15_w6,0.023176534596132115,0.01379951843970062,0.014936122287657281
780,81,output_head_projection_stage15_w6,0.02387234430352692,0.012645570991082877,0.015384536990704486
870,81,output_head_projection_stage15_w6,0.021551247220486403,0.013860919476030631,0.01388870551814243
888,81,output_head_projection_stage15_w6,0.023358187114354223,0.010779055097600576,0.015053188288822059
975,81,output_head_projection_stage15_w6,0.02285257120456663,0.010113955982902212,0.014727344016122511
19,82,output_head_projection_stage15_w6,0.02569662949827034,0.01198866575265356,0.01656019794395147
85,82,output_head_projection_stage15_w6,0.025169129206915386,0.012828567266240043,0.01622025027723829
131,82,output_head_projection_stage15_w6,0.02396790264174342,0.012114894642536454,0.015446119580598886
224,82,output_head_projection_stage15_w6,0.03137989925744478,0.011933649725634154,0.020222782260199527
301,82,output_head_projection_stage15_w6,0.02854768101155969,0.01204997049268286,0.018397558653520482
345,82,output_head_projection_stage15_w6,0.02599104540422559,0.011629372373647584,0.016749934332562083
384,82,output_head_projection_stage15_w6,0.028069220308680084,0.012167526568532594,0.01808921455926401
462,82,output_head_projection_stage15_w6,0.026805592118762437,0.011617878882603351,0.01727486912326035
511,82,output_head_projection_stage15_w6,0.021372732313466255,0.013215845191439257,0.013773661551135054
568,82,output_head_projection_stage15_w6,0.025733821064932275,0.012278443981131204,0.016584166056415744
679,82,output_head_projection_stage15_w6,0.026662862830562517,0.011120915732476535,0.017182887205353607
712,82,output_head_projection_stage15_w6,0.02869608107721433,0.014063155174710573,0.01849319510507541
780,82,output_head_projection_stage15_w6,0.027135136362630874,0.015022793887354167,0.017487243976161526
870,82,output_head_projection_stage15_w6,0.02688348713854793,0.012260150863994566,0.017325068584111147
888,82,output_head_projection_stage15_w6,0.030786551433266144,0.011572793009818838,0.019840399137982176
975,82,output_head_projection_stage15_w6,0.030655472670332532,0.010137074889030373,0.01975592540337916
19,79,output_head_projection_stage15_w4,0.5266731499141315,0.22435242114539736,0.336339598677256
85,79,output_head_projection_stage15_w4,0.43948472624470014,0.21140538291709274,0.28066005733162214
131,79,output_head_projection_stage15_w4,0.5220972874085419,0.2500370561594991,0.3334173996644845
224,79,output_head_projection_stage15_w4,0.4917239166825311,0.24387744591672347,0.31402061188039576
301,79,output_head_projection_stage15_w4,0.5189621080789947,0.2532479793261473,0.33141523768289677
345,79,output_head_projection_stage15_w4,0.46225644547666894,0.2249228372530503,0.29520234206537066
384,79,output_head_projection_stage15_w4,0.47849158005556097,0.26028160861420696,0.305570287820012
462,79,output_head_projection_stage15_w4,0.4803343106598277,0.23810764762822603,0.30674707701462045
511,79,output_head_projection_stage15_w4,0.4598649874096736,0.2633802469666761,0.29367512913143273
568,79,output_head_projection_stage15_w4,0.4746140760398702,0.23951574714874369,0.3030940686607108
679,79,output_head_projection_stage15_w4,0.5246728070342215,0.22475959985627014,0.3350621564504109
712,79,output_head_projection_stage15_w4,0.5329760550666834,0.2952426110842907,0.34036470720966505
780,79,output_head_projection_stage15_w4,0.5052697208011523,0.2588962672379012,0.32267111992653513
870,79,output_head_projection_stage15_w4,0.4349250498344191,0.2830583080606175,0.2777481949475569
888,79,output_head_projection_stage15_w4,0.5451943924454099,0.2428455834188981,0.34816747955743743
975,79,output_head_projection_stage15_w4,0.4644069222267717,0.2633679811160618,0.29657566152775877
19,80,output_head_projection_stage15_w4,0.42055138069554227,0.22725989197283525,0.26856900267151684
85,80,output_head_projection_stage15_w4,0.4009108746104176,0.21132242868549153,0.25602634706895566
131,80,output_head_projection_stage15_w4,0.35516735550481826,0.2045757636142298,0.22681400377678082
224,80,output_head_projection_stage15_w4,0.4041927243415557,0.2061546502065994,0.25812217447475755
301,80,output_head_projection_stage15_w4,0.3486073020321782,0.23067550832502096,0.22262467733656108
345,80,output_head_projection_stage15_w4,0.38750552728765797,0.21467316681685136,0.24746553636614824
384,80,output_head_projection_stage15_w4,0.33116381900708797,0.22305205829907493,0.21148506621123805
462,80,output_head_projection_stage15_w4,0.3153076999733458,0.22889754533365547,0.20135916419163227
511,80,output_head_projection_stage15_w4,0.42854881194944033,0.260045205956061,0.27367625527936973
568,80,output_head_projection_stage15_w4,0.38458078891562764,0.21329411532065023,0.24559776442743247
679,80,output_head_projection_stage15_w4,0.38013325119391084,0.20925204599751626,0.24275751511404317
712,80,output_head_projection_stage15_w4,0.37715006976577564,0.2172102559856626,0.2408524207600135
780,80,output_head_projection_stage15_w4,0.394127526848024,0.2869124441699142,0.25169442229841493
870,80,output_head_projection_stage15_w4,0.36244508592062635,0.23771942111176259,0.23146164705939973
888,80,output_head_projection_stage15_w4,0.36363955772867484,0.19873851039275792,0.2322244506475755
975,80,output_head_projection_stage15_w4,0.39413883880479256,0.2043205981215124,0.25170164624556396
19,81,output_head_projection_stage15_w4,0.5218155338225189,0.19395007503453598,0.33323746854769165
85,81,output_head_projection_stage15_w4,0.3523562310729176,0.2204525912978852,0.22501878702154762
131,81,output_head_projection_stage15_w4,0.36525683617219334,0.23739584818235926,0.23325726347035006
224,81,output_head_projection_stage15_w4,0.5063386541442014,0.23435524397132215,0.3233537531909658
301,81,output_head_projection_stage15_w4,0.4807426787447184,0.2307417982307385,0.30700786562290083
345,81,output_head_projection_stage15_w4,0.40260366802976927,0.22258336908890894,0.2571073846335269
384,81,output_head_projection_stage15_w4,0.4313730129297255,0.2315911916824689,0.2754798228704799
462,81,output_head_projection_stage15_w4,0.5507186316099251,0.21930561503631907,0.35169532293409933
511,81,output_head_projection_stage15_w4,0.5706894871691476,0.33397056605463143,0.364448943552742
568,81,output_head_projection_stage15_w4,0.5131182287586852,0.22338745686147377,0.3276832683853701
679,81,output_head_projection_stage15_w4,0.48556437170191197,0.20921817412295243,0.31008705482104365
712,81,output_head_projection_stage15_w4,0.4950456280203071,0.2284182203498268,0.31614189537178206
780,81,output_head_projection_stage15_w4,0.45296730092377396,0.22034887158220326,0.28927018632231616
870,81,output_head_projection_stage15_w4,0.4561033303616568,0.24668290581854538,0.29127289119297367
888,81,output_head_projection_stage15_w4,0.4727807085291715,0.2268025373241507,0.3019232588465464
975,81,output_head_projection_stage15_w4,0.4545706577773672,0.2023050154084558,0.29029410865585814
19,82,output_head_projection_stage15_w4,0.5383976283337688,0.20888790950493788,0.34382698695023683
85,82,output_head_projection_stage15_w4,0.5052131231204838,0.2188014314485258,0.3226349759894364
131,82,output_head_projection_stage15_w4,0.5135566679527983,0.21949981433203902,0.32796326075372306
224,82,output_head_projection_stage15_w4,0.64675457777048,0.20396447089213152,0.4130249950381317
301,82,output_head_projection_stage15_w4,0.6665055436351396,0.2222212130998855,0.4256381915405372
345,82,output_head_projection_stage15_w4,0.5570923853811109,0.20657614706658475,0.3557656762183285
384,82,output_head_projection_stage15_w4,0.5736392232356593,0.1965668490757935,0.36633267930987357
462,82,output_head_projection_stage15_w4,0.5872368641430511,0.20101543897625618,0.37501629093217714
511,82,output_head_projection_stage15_w4,0.4423238388408209,0.29342753713518727,0.2824731476540251
568,82,output_head_projection_stage15_w4,0.5534037016041111,0.20795490291760643,0.35341003985941083
679,82,output_head_projection_stage15_w4,0.5869809029281896,0.20422460599570513,0.3748528311235701
712,82,output_head_projection_stage15_w4,0.6138841873762431,0.2810240500484724,0.392033581453891
780,82,output_head_projection_stage15_w4,0.5858918391313637,0.32250970624001235,0.3741573423172429
870,82,output_head_projection_stage15_w4,0.552436054276768,0.21947001832137406,0.3527920890225535
888,82,output_head_projection_stage15_w4,0.6393627294455655,0.18634674032422538,0.40830447473158066
975,82,output_head_projection_stage15_w4,0.6409892537194537,0.19383420546284924,0.40934319204915715
19,79,qkv_all_blocks_stage4_w8,0.005689846093446249,0.027188659141131662,0.02225915534792779
85,79,qkv_all_blocks_stage4_w8,0.005718639758924838,0.07730706875896942,0.022371798583333123
131,79,qkv_all_blocks_stage4_w8,0.005796096374979242,0.7990986040108509,0.022674815364659717
224,79,qkv_all_blocks_stage4_w8,0.00578457241522301,0.026844998429339743,0.022629732667127228
301,79,qkv_all_blocks_stage4_w8,0.005618612975013093,0.05475646770014464,0.02198048541150415
345,79,qkv_all_blocks_stage4_w8,0.005636313924014758,0.02063097777727307,0.022049733009270926
384,79,qkv_all_blocks_stage4_w8,0.005641195992211579,0.03308545513345962,0.022068832069707268
462,79,qkv_all_blocks_stage4_w8,0.005698331198800589,0.031247394579679625,0.02229234979205227
511,79,qkv_all_blocks_stage4_w8,0.005574305614572949,0.0402723232750759,0.021807151299667666
568,79,qkv_all_blocks_stage4_w8,0.005531895531021291,0.019134579341653076,0.021641239494217906
679,79,qkv_all_blocks_stage4_w8,0.00556378531473456,0.01773825735870105,0.021765995003950073
712,79,qkv_all_blocks_stage4_w8,0.005848432294442319,0.021581395030011663,0.022879557873063786
780,79,qkv_all_blocks_stage4_w8,0.0055733913177391506,0.02616390200620344,0.021803574493735944
870,79,qkv_all_blocks_stage4_w8,0.00568495074276143,0.038938100688156396,0.022240004325283877
888,79,qkv_all_blocks_stage4_w8,0.005524867927306332,0.09111936002824451,0.02161374691880446
975,79,qkv_all_blocks_stage4_w8,0.0056455180019838735,0.03678203127583401,0.022085740134592812
19,80,qkv_all_blocks_stage4_w8,0.005585428058111575,0.03175373125402813,0.02185066323206598
85,80,qkv_all_blocks_stage4_w8,0.005648917547659949,0.01087275281275879,0.02209903944253074
131,80,qkv_all_blocks_stage4_w8,0.005598552397714229,0.013346379262884511,0.021902006749844244
224,80,qkv_all_blocks_stage4_w8,0.005598350369837136,0.017337408643982144,0.021901216399837057
301,80,qkv_all_blocks_stage4_w8,0.005515286760783057,0.01794542907100549,0.021576264591417503
345,80,qkv_all_blocks_stage4_w8,0.005494768091921287,0.055187506926017704,0.021495993837125416
384,80,qkv_all_blocks_stage4_w8,0.005649008860018513,0.01805990658948531,0.022099396664139386
462,80,qkv_all_blocks_stage4_w8,0.005447084946354152,0.10299624257038788,0.021309453370612755
511,80,qkv_all_blocks_stage4_w8,0.005410931128608355,0.035443751010006956,0.021168016601953703
568,80,qkv_all_blocks_stage4_w8,0.005454594939692471,0.04327306173513534,0.0213388330947097
679,80,qkv_all_blocks_stage4_w8,0.005487029317009728,0.033393356624173975,0.02146571910031708
712,80,qkv_all_blocks_stage4_w8,0.005606902755289411,0.03350902814969459,0.021934674049350077
780,80,qkv_all_blocks_stage4_w8,0.005527609047021541,0.03128198629282508,0.02162447040913549
870,80,qkv_all_blocks_stage4_w8,0.0054802136655780495,0.012905461060455538,0.021439055700020575
888,80,qkv_all_blocks_stage4_w8,0.00549798359952547,0.043511047397828406,0.02150857317268361
975,80,qkv_all_blocks_stage4_w8,0.0055128342546595386,0.17894018625980831,0.021566670181674505
19,81,qkv_all_blocks_stage4_w8,0.005162556328286883,0.033778843467416664,0.02019635354216827
85,81,qkv_all_blocks_stage4_w8,0.005526862725673709,0.016222341568095548,0.02162155073739955
131,81,qkv_all_blocks_stage4_w8,0.0054984623566269875,0.023345488188965646,0.02151044611063687
224,81,qkv_all_blocks_stage4_w8,0.005492438474902882,0.012143798908894608,0.021486880179873144
301,81,qkv_all_blocks_stage4_w8,0.005272720075481629,0.6644976015560681,0.020627323364944695
345,81,qkv_all_blocks_stage4_w8,0.005290952247605674,0.019720117130532344,0.02069864915214072
384,81,qkv_all_blocks_stage4_w8,0.005359186634450453,0.016681240893206,0.0209655877989695
462,81,qkv_all_blocks_stage4_w8,0.005300826376924305,0.12313254153078289,0.02073727757456538
511,81,qkv_all_blocks_stage4_w8,0.005244901174592088,0.017660284550643723,0.020518493490403425
568,81,qkv_all_blocks_stage4_w8,0.005404866682511057,0.025628683858087694,0.021144291979958322
679,81,qkv_all_blocks_stage4_w8,0.005112986167659982,0.035727177612443484,0.020002430914403898
712,81,qkv_all_blocks_stage4_w8,0.005404382409324172,0.02376462156576054,0.02114239746261626
780,81,qkv_all_blocks_stage4_w8,0.005305344606313156,0.025985095933606314,0.020754953267055527
870,81,qkv_all_blocks_stage4_w8,0.0052504539162328,0.039134876495609205,0.020540216281627933
888,81,qkv_all_blocks_stage4_w8,0.00528476055842475,0.029442462309361872,0.020674426744525336
975,81,qkv_all_blocks_stage4_w8,0.0052597085923480336,0.012161598933744246,0.020576421351143088
19,82,qkv_all_blocks_stage4_w8,0.006071639832953224,0.020847422791121065,0.023752764492881776
85,82,qkv_all_blocks_stage4_w8,0.006291056226473301,0.42985001714811943,0.024611139835383752
131,82,qkv_all_blocks_stage4_w8,0.0061013880513201,0.02380626260088548,0.023869142019281846
224,82,qkv_all_blocks_stage4_w8,0.00650735430099303,0.07364857021332226,0.02545731605230075
301,82,qkv_all_blocks_stage4_w8,0.006215393925231182,0.04358142701613588,0.024315142564162315
345,82,qkv_all_blocks_stage4_w8,0.006159659707918763,0.018447747137827267,0.02409710562942321
384,82,qkv_all_blocks_stage4_w8,0.0061789497594872955,0.2268476790873706,0.024172569929771875
462,82,qkv_all_blocks_stage4_w8,0.006125777596935222,0.05791038087239997,0.023964555968235175
511,82,qkv_all_blocks_stage4_w8,0.006020213942974807,0.05817565697351768,0.023551582096181533
568,82,qkv_all_blocks_stage4_w8,0.0060020940290996805,0.024533280299920076,0.023480695472674777
679,82,qkv_all_blocks_stage4_w8,0.006099102090956875,0.11202825530045858,0.023860199150527832
712,82,qkv_all_blocks_stage4_w8,0.00626595566427568,0.029555361081694546,0.024512944329898863
780,82,qkv_all_blocks_stage4_w8,0.0060532007191795864,0.02067156051914765,0.02368062913258824
870,82,qkv_all_blocks_stage4_w8,0.006061469182895963,0.17220895747459866,0.02371297605644678
888,82,qkv_all_blocks_stage4_w8,0.006223941710231885,0.02321457564710272,0.024348582216322766
975,82,qkv_all_blocks_stage4_w8,0.006095390348491491,0.01615710748916399,0.023845678502553952
19,79,qkv_all_blocks_stage4_w6,0.07645584991041686,0.11890149799592109,0.7491432240370709
85,79,qkv_all_blocks_stage4_w6,0.07733103556893184,0.5068827237860347,0.7577186228668417
131,79,qkv_all_blocks_stage4_w6,0.0773333531433309,0.7344245582480654,0.7577413313340066
224,79,qkv_all_blocks_stage4_w6,0.07749818220327144,0.2697444509222464,0.7593563885666911
301,79,qkv_all_blocks_stage4_w6,0.07573063566906059,0.3542349468345947,0.7420373016580272
345,79,qkv_all_blocks_stage4_w6,0.07746542430527371,0.18579218174932066,0.7590354143397686
384,79,qkv_all_blocks_stage4_w6,0.0767683544290776,0.28995215373294053,0.7522052610546434
462,79,qkv_all_blocks_stage4_w6,0.07530755651532672,0.18196038970229722,0.7378918127043052
511,79,qkv_all_blocks_stage4_w6,0.07549308618035865,5.020934523434789,0.7397097022651351
568,79,qkv_all_blocks_stage4_w6,0.07560800071951236,0.09910359050491024,0.7408356782166315
679,79,qkv_all_blocks_stage4_w6,0.07502935114189314,0.283692418276317,0.7351658516347118
712,79,qkv_all_blocks_stage4_w6,0.07715750936040423,0.12272691669397774,0.7560183476954373
780,79,qkv_all_blocks_stage4_w6,0.07604284380795436,0.1627343627738469,0.7450964346349744
870,79,qkv_all_blocks_stage4_w6,0.0766964426920822,0.1583460460691981,0.7515006427610534
888,79,qkv_all_blocks_stage4_w6,0.07551696655718841,0.15109742774995993,0.7399436911948303
975,79,qkv_all_blocks_stage4_w6,0.07632799748171237,0.43214362340609114,0.7478904777690891
19,80,qkv_all_blocks_stage4_w6,0.07493808586514204,0.6968192348222714,0.7342716000666752
85,80,qkv_all_blocks_stage4_w6,0.07482932938751219,0.06271488262423475,0.7332059631221902
131,80,qkv_all_blocks_stage4_w6,0.07494793242949528,0.0657004159778012,0.7343680804141427
224,80,qkv_all_blocks_stage4_w6,0.07462640262747298,0.17220043209622204,0.731217610269697
301,80,qkv_all_blocks_stage4_w6,0.07437276238124468,0.08667463171286727,0.7287323475719746
345,80,qkv_all_blocks_stage4_w6,0.07440765882802226,0.1729988934499147,0.7290742761055927
384,80,qkv_all_blocks_stage4_w6,0.07519700279408424,0.1893467214625275,0.736808565689748
462,80,qkv_all_blocks_stage4_w6,0.07326576332434342,0.11302106353130624,0.7178855537234372
511,80,qkv_all_blocks_stage4_w6,0.07261895361079952,0.13147141935814946,0.7115478684487261
568,80,qkv_all_blocks_stage4_w6,0.07290953200299555,0.36575475681848957,0.7143950650179919
679,80,qkv_all_blocks_stage4_w6,0.07322129836393289,0.2377890675507501,0.7174498692880714
712,80,qkv_all_blocks_stage4_w6,0.07550455032196624,0.06718388516765116,0.7398220322440026
780,80,qkv_all_blocks_stage4_w6,0.07419853408032394,0.19722819031194658,0.7270251930347718
870,80,qkv_all_blocks_stage4_w6,0.07406542465832898,0.0714397756393801,0.7257209367658289
888,80,qkv_all_blocks_stage4_w6,0.07423928210846496,0.1842332445353918,0.7274244575673156
975,80,qkv_all_blocks_stage4_w6,0.07371956298084116,1.8041368435990108,0.7223320537379418
19,81,qkv_all_blocks_stage4_w6,0.0708105792509741,0.2839874140611869,0.693828735121807
85,81,qkv_all_blocks_stage4_w6,0.07192304086584043,0.15967896567860862,0.7047290531714387
131,81,qkv_all_blocks_stage4_w6,0.07146966691652779,0.13654192534023932,0.7002867243963292
224,81,qkv_all_blocks_stage4_w6,0.07170819345628844,0.06851445999434704,0.7026238973036225
301,81,qkv_all_blocks_stage4_w6,0.0709322705051818,1.801306136724634,0.6950211118806958
345,81,qkv_all_blocks_stage4_w6,0.071350324484456,0.08177988502757215,0.6991173622817044
384,81,qkv_all_blocks_stage4_w6,0.07154316254309379,0.14729243478569742,0.7010068622367011
462,81,qkv_all_blocks_stage4_w6,0.07189892091355432,2.248339794062165,0.7044927167911563
511,81,qkv_all_blocks_stage4_w6,0.07004534265615803,0.09657941922341706,0.6863306586441619
568,81,qkv_all_blocks_stage4_w6,0.0703679357575311,0.12885389324787866,0.6894915473962705
679,81,qkv_all_blocks_stage4_w6,0.07050589249956829,0.18210499152564807,0.6908432995333337
712,81,qkv_all_blocks_stage4_w6,0.07157280395404086,0.1945232723664958,0.7012972999492884
780,81,qkv_all_blocks_stage4_w6,0.07051599713759062,0.8215454756470563,0.6909423085838464
870,81,qkv_all_blocks_stage4_w6,0.07109434902667999,0.198132439104711,0.6966092183013893
888,81,qkv_all_blocks_stage4_w6,0.07087263041557888,0.08182625011068012,0.6944367358119014
975,81,qkv_all_blocks_stage4_w6,0.07116447469525157,0.06937633113511764,0.6972963360236176
19,82,qkv_all_blocks_stage4_w6,0.07705602559144607,0.11650993643468154,0.7550239714906887
85,82,qkv_all_blocks_stage4_w6,0.07739374061657146,0.17591140040420683,0.7583330305492778
131,82,qkv_all_blocks_stage4_w6,0.07694764775533257,0.15487519839194874,0.7539620446184433
224,82,qkv_all_blocks_stage4_w6,0.07733885468769586,0.07455747709519756,0.7577952375385361
301,82,qkv_all_blocks_stage4_w6,0.07812114404805469,0.3737977209380006,0.7654604034380164
345,82,qkv_all_blocks_stage4_w6,0.07666592815803598,0.8526565913273885,0.7512016498593702
384,82,qkv_all_blocks_stage4_w6,0.07717943732131971,0.09111783296918931,0.7562332061183836
462,82,qkv_all_blocks_stage4_w6,0.07572898860962596,0.25372618059317625,0.7420211631491167
511,82,qkv_all_blocks_stage4_w6,0.07579382888798135,0.5331699921503343,0.7426564926266064
568,82,qkv_all_blocks_stage4_w6,0.07641939994937276,0.41010426138427647,0.7487860735853449
679,82,qkv_all_blocks_stage4_w6,0.07636102643027698,1.682088690914725,0.7482141078515907
712,82,qkv_all_blocks_stage4_w6,0.07746160983879236,0.11898999518905383,0.7589980387599905
780,82,qkv_all_blocks_stage4_w6,0.07688888735719955,0.07313079490161556,0.7533862880981163
870,82,qkv_all_blocks_stage4_w6,0.07690047281357694,0.13782675119028906,0.7534998067648064
888,82,qkv_all_blocks_stage4_w6,0.0766940403445915,0.266351485951418,0.7514771036551963
975,82,qkv_all_blocks_stage4_w6,0.07639115349229542,0.09380648653160506,0.7485093041563562
19,79,qkv_all_blocks_stage4_w4,1.423441631202877,4.635258144189095,4.386362725444669
85,79,qkv_all_blocks_stage4_w4,1.4438947588432711,4.483286570082569,4.449389431095236
131,79,qkv_all_blocks_stage4_w4,1.4363931188454442,22.895234893318104,4.4262729833639956
224,79,qkv_all_blocks_stage4_w4,1.4377636241406437,1.7797079375177987,4.430496221753341
301,79,qkv_all_blocks_stage4_w4,1.4235507068087825,3.777776483309026,4.386698844019194
345,79,qkv_all_blocks_stage4_w4,1.4177467549982339,1.5515275488831435,4.368813855043177
384,79,qkv_all_blocks_stage4_w4,1.4228409923744039,1.174379932985872,4.384511845358745
462,79,qkv_all_blocks_stage4_w4,1.4144766823010284,3.320034967380139,4.358737063221095
511,79,qkv_all_blocks_stage4_w4,1.4052850480366033,8.98209469202341,4.330412865698977
568,79,qkv_all_blocks_stage4_w4,1.393096174659149,1.34335356447383,4.292852618284512
679,79,qkv_all_blocks_stage4_w4,1.3837993967244981,57.177964859380886,4.264204418523185
712,79,qkv_all_blocks_stage4_w4,1.4295340075477727,4.953672092351211,4.405136500162814
780,79,qkv_all_blocks_stage4_w4,1.4144908297166692,2.1844623190663697,4.358780658754109
870,79,qkv_all_blocks_stage4_w4,1.4234347375922878,2.9924369256124232,4.386341482651239
888,79,qkv_all_blocks_stage4_w4,1.4157450508682814,7.21230925707306,4.362645565321614
975,79,qkv_all_blocks_stage4_w4,1.4080505055862884,6.19539124922744,4.338934676252241
19,80,qkv_all_blocks_stage4_w4,1.368916412702674,6.231577279587326,4.218342217414489
85,80,qkv_all_blocks_stage4_w4,1.3875786526477896,1.575301954508234,4.275850268235922
131,80,qkv_all_blocks_stage4_w4,1.3655933979935073,1.3737602428533362,4.208102283765733
224,80,qkv_all_blocks_stage4_w4,1.3831565519358262,3.249999028982586,4.2622234799602925
301,80,qkv_all_blocks_stage4_w4,1.3614076721796664,3.294976403425835,4.195203889278529
345,80,qkv_all_blocks_stage4_w4,1.350826503608005,2.3415602336234116,4.162597815101002
384,80,qkv_all_blocks_stage4_w4,1.3649500204073772,1.5198040742725993,4.20611970337724
462,80,qkv_all_blocks_stage4_w4,1.3517896685443702,3.449269482044713,4.165565826351142
511,80,qkv_all_blocks_stage4_w4,1.3484072125065723,7.0914628486521,4.155142723106568
568,80,qkv_all_blocks_stage4_w4,1.3418884072498256,8.984074463750927,4.135054899506479
679,80,qkv_all_blocks_stage4_w4,1.332657434690191,8.504968558595126,4.106609480272136
712,80,qkv_all_blocks_stage4_w4,1.3707004633151882,3.2831655636594514,4.223839803641769
780,80,qkv_all_blocks_stage4_w4,1.3545699384603722,2.293061888368357,4.174133281495699
870,80,qkv_all_blocks_stage4_w4,1.3614570710233238,2.2214501958768125,4.195356112764023
888,80,qkv_all_blocks_stage4_w4,1.3530117469454126,72.13693883118636,4.169331684415426
975,80,qkv_all_blocks_stage4_w4,1.3531238572686564,8.522099610785235,4.169677154529714
19,81,qkv_all_blocks_stage4_w4,1.3219086659410095,9.389125961329738,4.073486942928619
85,81,qkv_all_blocks_stage4_w4,1.3404658228328117,3.079503924997027,4.130671178303022
131,81,qkv_all_blocks_stage4_w4,1.3214727385347944,2.659304617547832,4.072143624253861
224,81,qkv_all_blocks_stage4_w4,1.3403489243210058,2.9127271726637933,4.130310953293717
301,81,qkv_all_blocks_stage4_w4,1.3202593784644703,28.610238843227425,4.068404631893131
345,81,qkv_all_blocks_stage4_w4,1.30091021713929,2.4315701030484433,4.008779819645884
384,81,qkv_all_blocks_stage4_w4,1.317814718961017,2.525606171486913,4.06087136668064
462,81,qkv_all_blocks_stage4_w4,1.3231616251005107,26.520113783637456,4.077347960643195
511,81,qkv_all_blocks_stage4_w4,1.3008209751360482,2.0005350448012145,4.008504818698896
568,81,qkv_all_blocks_stage4_w4,1.2996657241928915,1.9956613292924883,4.004944890729587
679,81,qkv_all_blocks_stage4_w4,1.2867946646620112,9.121543870940968,3.965282473581141
712,81,qkv_all_blocks_stage4_w4,1.3215796064505412,7.789349775643189,4.07247293978876
780,81,qkv_all_blocks_stage4_w4,1.3073521131336747,5.74969013546371,4.028630645876871
870,81,qkv_all_blocks_stage4_w4,1.3135932891927953,4.757496554382271,4.047862949772275
888,81,qkv_all_blocks_stage4_w4,1.3052206756547093,3.177119405576505,4.022062580348642
975,81,qkv_all_blocks_stage4_w4,1.309298757675606,2.101714704713231,4.034629268420461
19,82,qkv_all_blocks_stage4_w4,1.4255569888373432,2.351704261516261,4.392881240623241
85,82,qkv_all_blocks_stage4_w4,1.4605666352581468,197.4476101998619,4.500764138470932
131,82,qkv_all_blocks_stage4_w4,1.4304055848078863,3.395702582087836,4.407822282229533
224,82,qkv_all_blocks_stage4_w4,1.4550128558148574,1.4671085311414096,4.483650060449483
301,82,qkv_all_blocks_stage4_w4,1.4406369280623041,3.0783018724271187,4.439350362973164
345,82,qkv_all_blocks_stage4_w4,1.419993324598181,3.6012323170046443,4.375736702413461
384,82,qkv_all_blocks_stage4_w4,1.4260600639026961,2.263730927133239,4.394431476099283
462,82,qkv_all_blocks_stage4_w4,1.4249022178773887,3.988364911425336,4.390863551334484
511,82,qkv_all_blocks_stage4_w4,1.4160350407619262,25.314301768114678,4.363539174748483
568,82,qkv_all_blocks_stage4_w4,1.4056297090173757,4.9720361375098046,4.331474945130853
679,82,qkv_all_blocks_stage4_w4,1.4204752269761227,101.09251828876472,4.3772216938465975
712,82,qkv_all_blocks_stage4_w4,1.4333674271547352,3.5942163664587956,4.416949256307061
780,82,qkv_all_blocks_stage4_w4,1.421429030554464,2.613974839759478,4.38016085789219
870,82,qkv_all_blocks_stage4_w4,1.4320104100079332,75.0376180573053,4.412767581906059
888,82,qkv_all_blocks_stage4_w4,1.4218438731804783,2.5125949140682455,4.381439203411801
975,82,qkv_all_blocks_stage4_w4,1.4162284657941198,0.7593947905565982,4.364135217700145
19,79,qkv_all_blocks_stage10_w8,0.00301238511747215,0.010525419412672933,0.0107360828690734
85,79,qkv_all_blocks_stage10_w8,0.0028940516640432183,0.011053335426097986,0.010314344707233475
131,79,qkv_all_blocks_stage10_w8,0.0028300489066168666,0.015839171212974176,0.010086240105470228
224,79,qkv_all_blocks_stage10_w8,0.0027981593484582845,0.023293422946267125,0.009972586330903725
301,79,qkv_all_blocks_stage10_w8,0.0028393730754032735,0.018856801563572386,0.010119471264459654
345,79,qkv_all_blocks_stage10_w8,0.0026603928745316803,0.006132101012951808,0.009481589256168065
384,79,qkv_all_blocks_stage10_w8,0.0030555557459592824,0.00900071068355146,0.010889942162249288
462,79,qkv_all_blocks_stage10_w8,0.002701419754885137,0.00814547466188742,0.009627808272050035
511,79,qkv_all_blocks_stage10_w8,0.002545920899137854,0.010129554120339892,0.009073613328094848
568,79,qkv_all_blocks_stage10_w8,0.002640229431563057,0.006923945471047687,0.009409727131574038
679,79,qkv_all_blocks_stage10_w8,0.002633338561281562,0.02535334067607664,0.009385168201856496
712,79,qkv_all_blocks_stage10_w8,0.002717012117500417,0.009748035184202308,0.00968337915380461
780,79,qkv_all_blocks_stage10_w8,0.0026531589683145285,0.013216334527896835,0.009455807752945257
870,79,qkv_all_blocks_stage10_w8,0.002514087376766838,0.016949256645830243,0.008960159264002097
888,79,qkv_all_blocks_stage10_w8,0.002851879529771395,0.012645248562478173,0.01016404402831898
975,79,qkv_all_blocks_stage10_w8,0.002856123843230307,0.07481318727877806,0.010179170680204528
19,80,qkv_all_blocks_stage10_w8,0.0024280276377339764,0.0196499776640735,0.008653444002202184
85,80,qkv_all_blocks_stage10_w8,0.0026663310127332807,0.009587014329099475,0.009502752666998446
131,80,qkv_all_blocks_stage10_w8,0.0025586775300325826,0.005181100531103767,0.009119077716303919
224,80,qkv_all_blocks_stage10_w8,0.0027111586241517216,0.005054444108793633,0.009662517415608965
301,80,qkv_all_blocks_stage10_w8,0.0024902568693505596,0.006769771081508225,0.00887522779194386
345,80,qkv_all_blocks_stage10_w8,0.0026376252644695337,0.006428074682276019,0.009400445929924615
384,80,qkv_all_blocks_stage10_w8,0.002638648627907969,0.015244057125091358,0.009404093177620965
462,80,qkv_all_blocks_stage10_w8,0.0024240467027993873,0.008215192164485074,0.008639256026333413
511,80,qkv_all_blocks_stage10_w8,0.002621406179969199,0.014965085359563089,0.009342641423373932
568,80,qkv_all_blocks_stage10_w8,0.0025219950475729998,0.0050938455217419696,0.008988342051317003
679,80,qkv_all_blocks_stage10_w8,0.0024832975614117454,0.010827008892647427,0.00885042495172627
712,80,qkv_all_blocks_stage10_w8,0.0026184092903349665,0.014027558759497794,0.009331960566110374
780,80,qkv_all_blocks_stage10_w8,0.0026505939458729695,0.02287610319457656,0.009446666062085782
870,80,qkv_all_blocks_stage10_w8,0.0025520046619931236,0.008312304546990392,0.009095295742402077
888,80,qkv_all_blocks_stage10_w8,0.0027036023820983246,0.02365101281430171,0.00963558711363877
975,80,qkv_all_blocks_stage10_w8,0.0025046919035958126,0.057644471519040515,0.008926673977551428
19,81,qkv_all_blocks_stage10_w8,0.0025680766120785847,0.02040672504568874,0.009152575864715892
85,81,qkv_all_blocks_stage10_w8,0.0025117234326899047,0.006198155044444319,0.008951734212583337
131,81,qkv_all_blocks_stage10_w8,0.0023754721078148577,0.007648029183258131,0.008466137100051105
224,81,qkv_all_blocks_stage10_w8,0.00267992343287915,0.005903175685716634,0.009551195792092548
301,81,qkv_all_blocks_stage10_w8,0.0027783109107986093,0.13297646315851708,0.009901846879198184
345,81,qkv_all_blocks_stage10_w8,0.0026355784648330887,0.006651132344018152,0.009393151175218183
384,81,qkv_all_blocks_stage10_w8,0.002413981419522315,0.005405733717793736,0.008603383549492196
462,81,qkv_all_blocks_stage10_w8,0.002870869139769638,0.02535309952094167,0.010231722634686417
511,81,qkv_all_blocks_stage10_w8,0.0029492616886273026,0.010504882093300694,0.010511112177534785
568,81,qkv_all_blocks_stage10_w8,0.002595673959149281,0.007846658407970608,0.009250932281164465
679,81,qkv_all_blocks_stage10_w8,0.002607928545330651,0.03373418413093531,0.009294607391629689
712,81,qkv_all_blocks_stage10_w8,0.0026094453060068186,0.007526656422896849,0.009300013097632363
780,81,qkv_all_blocks_stage10_w8,0.002517405024264008,0.01849481489762184,0.008971983296146393
870,81,qkv_all_blocks_stage10_w8,0.0026081818296006536,0.04943758021454414,0.00929551009191738
888,81,qkv_all_blocks_stage10_w8,0.002736164784437278,0.013106077970064689,0.009751638891978609
975,81,qkv_all_blocks_stage10_w8,0.0025096674216911197,0.0041704880479755966,0.008944406628757931
19,82,qkv_all_blocks_stage10_w8,0.002727064143982716,0.010513495364648408,0.009719204383683133
85,82,qkv_all_blocks_stage10_w8,0.0030449043406406413,0.008216788060849467,0.010851980757676629
131,82,qkv_all_blocks_stage10_w8,0.00290763757948298,0.0062415501175223645,0.010362764649679581
224,82,qkv_all_blocks_stage10_w8,0.0032090242602862418,0.0049932607511351534,0.011436901008265114
301,82,qkv_all_blocks_stage10_w8,0.0032499645021744072,0.013972812381680912,0.011582811246315983
345,82,qkv_all_blocks_stage10_w8,0.0029921161512902477,0.02662011347143789,0.0106638446617681
384,82,qkv_all_blocks_stage10_w8,0.0032421632204204798,0.007642896902339658,0.011555007627545804
462,82,qkv_all_blocks_stage10_w8,0.002959252466098406,0.007829559724996217,0.010546719117110375
511,82,qkv_all_blocks_stage10_w8,0.002858014428056777,0.010364211650895072,0.010185908688319846
568,82,qkv_all_blocks_stage10_w8,0.0030127077625365923,0.01437714227432707,0.010737232769904159
679,82,qkv_all_blocks_stage10_w8,0.0030033249640837316,0.01973654574542039,0.010703792655906298
712,82,qkv_all_blocks_stage10_w8,0.0032368715037591755,0.009784633732408565,0.011536148050705545
780,82,qkv_all_blocks_stage10_w8,0.003093576888204552,0.006452233672689544,0.011025448785075982
870,82,qkv_all_blocks_stage10_w8,0.0029035319603281096,0.007267020281972236,0.01034813230163753
888,82,qkv_all_blocks_stage10_w8,0.0033460255363024767,0.035671062318954234,0.011925170932302373
975,82,qkv_all_blocks_stage10_w8,0.003228720161132515,0.004803648763072488,0.011507096821688892
19,79,qkv_all_blocks_stage10_w6,0.02923895139974775,0.06513510167229698,0.5468443463301081
85,79,qkv_all_blocks_stage10_w6,0.028622065205126997,0.15765343528755693,0.5353069719815751
131,79,qkv_all_blocks_stage10_w6,0.03032477881060913,0.305899868473034,0.5671521396090738
224,79,qkv_all_blocks_stage10_w6,0.028217914645210836,0.07896716325336682,0.5277483066336034
301,79,qkv_all_blocks_stage10_w6,0.026838026024051945,0.08686300600470531,0.5019408048278958
345,79,qkv_all_blocks_stage10_w6,0.028200628694321498,0.10076590632890259,0.5274250144475897
384,79,qkv_all_blocks_stage10_w6,0.03634698298992589,0.2312036640917654,0.679783001874994
462,79,qkv_all_blocks_stage10_w6,0.026910428307019178,0.9256048730828753,0.5032949156015936
511,79,qkv_all_blocks_stage10_w6,0.028587179316673428,0.6463300462776259,0.5346545152430717
568,79,qkv_all_blocks_stage10_w6,0.026451561098838287,0.06153365170052893,0.4947129067915182
679,79,qkv_all_blocks_stage10_w6,0.028689530736301098,1.917960623502552,0.5365687526723502
712,79,qkv_all_blocks_stage10_w6,0.026477971245185472,0.06516402038670323,0.49520684513486907
780,79,qkv_all_blocks_stage10_w6,0.027834486914798617,0.23659406551092843,0.5205772120298511
870,79,qkv_all_blocks_stage10_w6,0.026673521977500055,0.1965130567869551,0.49886415181885174
888,79,qkv_all_blocks_stage10_w6,0.02840267689316534,0.22740833091597779,0.5312038406343895
975,79,qkv_all_blocks_stage10_w6,0.028046394116245207,0.3514138797627311,0.5245404271764348
19,80,qkv_all_blocks_stage10_w6,0.025418553045028602,0.20181773892267077,0.4753929727003056
85,80,qkv_all_blocks_stage10_w6,0.025909652118571103,0.029021295701625146,0.48457780112260623
131,80,qkv_all_blocks_stage10_w6,0.024812695995933613,0.023202541116891236,0.4640618720239422
224,80,qkv_all_blocks_stage10_w6,0.025808524253079668,0.03523520400608504,0.4826864473341493
301,80,qkv_all_blocks_stage10_w6,0.02441649875618168,0.022100330084185767,0.45665195442368905
345,80,qkv_all_blocks_stage10_w6,0.026019333978183568,0.24560073373295663,0.48662913682216785
384,80,qkv_all_blocks_stage10_w6,0.02476624488190282,0.14119787989941202,0.46319311552371106
462,80,qkv_all_blocks_stage10_w6,0.02503258845990786,0.06983753688201944,0.4681744323234183
511,80,qkv_all_blocks_stage10_w6,0.02796389238210395,0.14338330326069126,0.5229974304300479
568,80,qkv_all_blocks_stage10_w6,0.025151847570668903,0.18337460025077235,0.47040488749865406
679,80,qkv_all_blocks_stage10_w6,0.025480281576164995,0.09298705044807319,0.47654745658714875
712,80,qkv_all_blocks_stage10_w6,0.025853373739664676,0.0766559040864685,0.4835252492405347
780,80,qkv_all_blocks_stage10_w6,0.02520683351031039,0.06862554513423902,0.4714332674090517
870,80,qkv_all_blocks_stage10_w6,0.024892656136216832,0.02738522157412149,0.4655573343627872
888,80,qkv_all_blocks_stage10_w6,0.025889846074278466,0.12381261074097337,0.48420737664340674
975,80,qkv_all_blocks_stage10_w6,0.02643733940567472,1.0228335707905674,0.49444692418511715
19,81,qkv_all_blocks_stage10_w6,0.024645663273986432,0.196157803889264,0.4609379262161684
85,81,qkv_all_blocks_stage10_w6,0.023892411612905565,0.05148193058221295,0.4468501634029853
131,81,qkv_all_blocks_stage10_w6,0.02313738236261997,0.05571064789324964,0.43272915505396153
224,81,qkv_all_blocks_stage10_w6,0.02632470511889551,0.01719217228805192,0.49234037042790313
301,81,qkv_all_blocks_stage10_w6,0.03026245447108522,11.823579371260681,0.5659865125576297
345,81,qkv_all_blocks_stage10_w6,0.02465309314720798,0.05126133938267685,0.46107688414628034
384,81,qkv_all_blocks_stage10_w6,0.02441240014741197,0.08901847683466711,0.45657529979258094
462,81,qkv_all_blocks_stage10_w6,0.030476905278192138,0.30258732812131944,0.5699972997376842
511,81,qkv_all_blocks_stage10_w6,0.029002064315136522,0.18518436726571966,0.5424139424771371
568,81,qkv_all_blocks_stage10_w6,0.025654674056568183,0.15289022352339998,0.47980904899677906
679,81,qkv_all_blocks_stage10_w6,0.025499534779555685,0.08074394968264188,0.4769075415053457
712,81,qkv_all_blocks_stage10_w6,0.025670562521554533,0.15341481048710645,0.4801062045661038
780,81,qkv_all_blocks_stage10_w6,0.025021931505762037,0.809434317790192,0.4679751195969095
870,81,qkv_all_blocks_stage10_w6,0.026766998206767315,0.3382045816063055,0.5006124001329654
888,81,qkv_all_blocks_stage10_w6,0.028233769295184175,0.07001607488543014,0.5280448297743422
975,81,qkv_all_blocks_stage10_w6,0.025093214469961826,0.039981475542845146,0.46930829620195846
19,82,qkv_all_blocks_stage10_w6,0.02733879769220948,0.0517283711355958,0.5113065358963707
85,82,qkv_all_blocks_stage10_w6,0.033957834253669716,0.11952267410714511,0.6350997141229344
131,82,qkv_all_blocks_stage10_w6,0.03070063774066512,0.03962421686202333,0.5741816779843993
224,82,qkv_all_blocks_stage10_w6,0.028853134135715663,0.027903461228447664,0.5396285612402804
301,82,qkv_all_blocks_stage10_w6,0.029721877595875416,0.06254037653805256,0.5558763207137516
345,82,qkv_all_blocks_stage10_w6,0.030730913367733596,0.6427603715517307,0.5747479108587471
384,82,qkv_all_blocks_stage10_w6,0.036463489348534495,0.1975260574218538,0.6819619734340483
462,82,qkv_all_blocks_stage10_w6,0.028497133291239155,0.09267592692003744,0.5329704206514082
511,82,qkv_all_blocks_stage10_w6,0.02719528845045716,0.14193253863324173,0.508622540276095
568,82,qkv_all_blocks_stage10_w6,0.03548757983662654,6.4008497683034316,0.6637099304034886
679,82,qkv_all_blocks_stage10_w6,0.028583190287463367,0.16815504652388216,0.5345799100343881
712,82,qkv_all_blocks_stage10_w6,0.02910073014209047,0.07368901046910992,0.5442592497492105
780,82,qkv_all_blocks_stage10_w6,0.03060585597995669,0.10829921837833821,0.5724090128409063
870,82,qkv_all_blocks_stage10_w6,0.029139927708456526,0.20674087800972532,0.5449923460652897
888,82,qkv_all_blocks_stage10_w6,0.033946442243177444,1.2674396181919858,0.6348866539332627
975,82,qkv_all_blocks_stage10_w6,0.03504108405672924,0.04224495689010155,0.655359299440054
19,79,qkv_all_blocks_stage10_w4,0.5928441437426955,6.559885935536216,3.5598158859687445
85,79,qkv_all_blocks_stage10_w4,0.5306522355904235,10.124470330236363,3.1863758428209885
131,79,qkv_all_blocks_stage10_w4,0.5077812338131481,8.652106797695751,3.0490437019639125
224,79,qkv_all_blocks_stage10_w4,0.5909969622298377,23.079954890153314,3.5487242252630717
301,79,qkv_all_blocks_stage10_w4,0.4775453011388891,1.3042533199591162,2.8674877996294468
345,79,qkv_all_blocks_stage10_w4,0.4813558291643858,1.8038960469906442,2.8903686500894956
384,79,qkv_all_blocks_stage10_w4,0.5707293730374658,10.948803087076897,3.4270246407452776
462,79,qkv_all_blocks_stage10_w4,0.46790913311997423,2.9299854248493493,2.8096260760117717
511,79,qkv_all_blocks_stage10_w4,0.4790489387232811,17.940571252237532,2.876516602589136
568,79,qkv_all_blocks_stage10_w4,0.4595404112915276,0.49830795714501613,2.759374910971863
679,79,qkv_all_blocks_stage10_w4,0.49213115579914307,7.253951679052137,2.9550706115337824
712,79,qkv_all_blocks_stage10_w4,0.46720080070372205,1.2826255354602836,2.8053727945810025
780,79,qkv_all_blocks_stage10_w4,0.4840084058232606,1.5440247920538788,2.9062964190127065
870,79,qkv_all_blocks_stage10_w4,0.4731258241954492,2.0449887139216116,2.840950429905916
888,79,qkv_all_blocks_stage10_w4,0.4952409108373103,1.3208069021871436,2.973743572215239
975,79,qkv_all_blocks_stage10_w4,0.47317144594853744,5.320417589961664,2.8412243721268244
19,80,qkv_all_blocks_stage10_w4,0.4390893992733708,1.4839583007968284,2.6365739383473117
85,80,qkv_all_blocks_stage10_w4,0.45603331453457935,0.3802079029205742,2.7383160561602136
131,80,qkv_all_blocks_stage10_w4,0.4363770550844493,0.4893184747008377,2.620287286899628
224,80,qkv_all_blocks_stage10_w4,0.4647241027123528,0.9530621513199549,2.790501113807093
301,80,qkv_all_blocks_stage10_w4,0.43401801236905163,0.6167772780554516,2.606122083747016
345,80,qkv_all_blocks_stage10_w4,0.4645129931159317,1.6795003927650785,2.789233476599317
384,80,qkv_all_blocks_stage10_w4,0.43144113617017865,0.4658017392637142,2.590648868862896
462,80,qkv_all_blocks_stage10_w4,0.4336163482694246,1.054245106102215,2.603710235274247
511,80,qkv_all_blocks_stage10_w4,0.46187329199165106,4.016708017028122,2.773383020631075
568,80,qkv_all_blocks_stage10_w4,0.44274418418353884,3.056662256212632,2.658519607407782
679,80,qkv_all_blocks_stage10_w4,0.4364063666143921,6.733795859373587,2.6204632920959914
712,80,qkv_all_blocks_stage10_w4,0.4513101949596603,0.7194216720795517,2.7099554216298944
780,80,qkv_all_blocks_stage10_w4,0.43480757964425726,0.5275276453830884,2.6108631512923135
870,80,qkv_all_blocks_stage10_w4,0.4439626859129931,0.5966781171700007,2.66583627209845
888,80,qkv_all_blocks_stage10_w4,0.44355677346266015,1.0185005803979303,2.663398913807474
975,80,qkv_all_blocks_stage10_w4,0.4556364005693468,3.443817859652938,2.735932730536252
19,81,qkv_all_blocks_stage10_w4,0.46221035496637336,7.184415664477741,2.7754069625804942
85,81,qkv_all_blocks_stage10_w4,0.42567580235481733,1.142651541242074,2.5560301126173366
131,81,qkv_all_blocks_stage10_w4,0.41735227863318863,2.5472084679675504,2.506050345954833
224,81,qkv_all_blocks_stage10_w4,0.49127057893201703,0.3872962816133168,2.9499031569253042
301,81,qkv_all_blocks_stage10_w4,0.46679879410658026,4.368988362562905,2.802958889533826
345,81,qkv_all_blocks_stage10_w4,0.4694352472433821,7.172866796582299,2.8187898425052915
384,81,qkv_all_blocks_stage10_w4,0.43373848113697017,4.638649399966255,2.6044435992227264
462,81,qkv_all_blocks_stage10_w4,0.5184102449857164,9.740423263991772,3.1128670916753745
511,81,qkv_all_blocks_stage10_w4,0.4948049544473179,1.0866238827775305,2.9711258108709386
568,81,qkv_all_blocks_stage10_w4,0.4496983714780071,2.4145054249950135,2.700277001262708
679,81,qkv_all_blocks_stage10_w4,0.4603421853098552,3.6030907276263524,2.7641892756198474
712,81,qkv_all_blocks_stage10_w4,0.43481462799536524,0.677335599947014,2.6109054741060054
780,81,qkv_all_blocks_stage10_w4,0.43316924237660714,3.290645675943552,2.6010255251750403
870,81,qkv_all_blocks_stage10_w4,0.4404508750458263,5.072970926345078,2.6447491107502157
888,81,qkv_all_blocks_stage10_w4,0.45365936417147174,2.045398811210646,2.7240613379441565
975,81,qkv_all_blocks_stage10_w4,0.43712217762367805,0.6159037250138225,2.6247614797884946
19,82,qkv_all_blocks_stage10_w4,0.47396731314074714,0.4035635495479255,2.84600326840817
85,82,qkv_all_blocks_stage10_w4,0.5123290626106609,1.0857025718499926,3.0763517784135614
131,82,qkv_all_blocks_stage10_w4,0.5018104679329554,2.127793712738935,3.0131914000460323
224,82,qkv_all_blocks_stage10_w4,0.5482124004047364,0.7624656869936643,3.291818317586078
301,82,qkv_all_blocks_stage10_w4,0.526628824416548,2.013770051155703,3.162216705611458
345,82,qkv_all_blocks_stage10_w4,0.6366142582301108,28.51765647226966,3.822639682960821
384,82,qkv_all_blocks_stage10_w4,0.5515214042388834,11.718534025833222,3.311687695634013
462,82,qkv_all_blocks_stage10_w4,0.5180262082139961,3.2125476387520853,3.1105610889675877
511,82,qkv_all_blocks_stage10_w4,0.4736996298888698,2.9371380401382794,2.844395926744263
568,82,qkv_all_blocks_stage10_w4,0.5390670673368732,10.798342980651626,3.236903881336566
679,82,qkv_all_blocks_stage10_w4,0.506511565647088,35.49776228357044,3.0414198012217786
712,82,qkv_all_blocks_stage10_w4,0.5215646888245828,2.7045294829707127,3.1318083925341487
780,82,qkv_all_blocks_stage10_w4,0.509979363239836,0.7239435453178088,3.0622426786850774
870,82,qkv_all_blocks_stage10_w4,0.4989481894372148,2.3499181631007104,2.9960044470049203
888,82,qkv_all_blocks_stage10_w4,0.515735161898192,3.4278011491711027,3.0968041797418313
975,82,qkv_all_blocks_stage10_w4,0.8046450922847727,149.90596879822613,4.831604414608696
19,79,qkv_all_blocks_stage15_w8,0.0023398132325382908,0.0029221823472198594,0.00243097895724354
85,79,qkv_all_blocks_stage15_w8,0.0021175491856411095,0.0033960152061496274,0.0022000548760198915
131,79,qkv_all_blocks_stage15_w8,0.0021220471826381986,0.002535114083229928,0.002204728127669899
224,79,qkv_all_blocks_stage15_w8,0.002369459019973874,0.0032134576365479006,0.0024617798281953793
301,79,qkv_all_blocks_stage15_w8,0.002311795600689947,0.003341901008866444,0.0024018696794140303
345,79,qkv_all_blocks_stage15_w8,0.0020855936454609036,0.003211583183031053,0.0021668542578401413
384,79,qkv_all_blocks_stage15_w8,0.00218802347080782,0.0034836471380117473,0.002273275038161295
462,79,qkv_all_blocks_stage15_w8,0.002030838384825984,0.00392765945349538,0.0021099655777733674
511,79,qkv_all_blocks_stage15_w8,0.0019547343254089355,0.0032668120987295875,0.002030896289493911
568,79,qkv_all_blocks_stage15_w8,0.002035014927969314,0.002845506934363584,0.002114304850820576
679,79,qkv_all_blocks_stage15_w8,0.002244498347863555,0.011191592356681213,0.002331950335756083
712,79,qkv_all_blocks_stage15_w8,0.0026040877710329364,0.004047695008523534,0.002705550377338805
780,79,qkv_all_blocks_stage15_w8,0.002227243792731315,0.0040494762573075604,0.002314023494476717
870,79,qkv_all_blocks_stage15_w8,0.0018868835177272558,0.004183053009057858,0.001960401822921805
888,79,qkv_all_blocks_stage15_w8,0.002358510414524062,0.003224253659027454,0.0024504046341886415
975,79,qkv_all_blocks_stage15_w8,0.002156413858756423,0.003427612958375903,0.0022404338264461966
19,80,qkv_all_blocks_stage15_w8,0.001843364865635522,0.005856241471875024,0.0019151875613681848
85,80,qkv_all_blocks_stage15_w8,0.001547431354993023,0.0020366789827335197,0.001607723646252751
131,80,qkv_all_blocks_stage15_w8,0.001322094874922186,0.0016919038457245959,0.0013736074211909421
224,80,qkv_all_blocks_stage15_w8,0.0016748481466493101,0.002018268636788889,0.0017401049555848195
301,80,qkv_all_blocks_stage15_w8,0.0015072659734869376,0.0022977539615567366,0.0015659933081671642
345,80,qkv_all_blocks_stage15_w8,0.0014129275368759409,0.005509087334601758,0.0014679791799148002
384,80,qkv_all_blocks_stage15_w8,0.0015963695423124589,0.00622062121870215,0.0016585686034163328
462,80,qkv_all_blocks_stage15_w8,0.0012308206059969962,0.0019731937848384007,0.0012787768492421646
511,80,qkv_all_blocks_stage15_w8,0.0020170644565951083,0.003877401422883508,0.0020956549784391133
568,80,qkv_all_blocks_stage15_w8,0.0016468052635900676,0.0032121569495302533,0.0017109694426859948
679,80,qkv_all_blocks_stage15_w8,0.0014837405760772524,0.0039393030188534794,0.0015415512949036973
712,80,qkv_all_blocks_stage15_w8,0.0014350478450069204,0.0023672270774000026,0.0014909613576571746
780,80,qkv_all_blocks_stage15_w8,0.0016515208553755658,0.004042375566555735,0.0017158687672312537
870,80,qkv_all_blocks_stage15_w8,0.0014678493025712667,0.002862687221977467,0.001525040852548884
888,80,qkv_all_blocks_stage15_w8,0.0013665913029399235,0.0020083737467331275,0.0014198375555791796
975,80,qkv_all_blocks_stage15_w8,0.0013680365518666802,0.0015143292541779374,0.0014213391154815113
19,81,qkv_all_blocks_stage15_w8,0.0018910994986072185,0.002267848250994575,0.0019647820703111284
85,81,qkv_all_blocks_stage15_w8,0.0014640769950347021,0.004290639701480358,0.0015211215652681247
131,81,qkv_all_blocks_stage15_w8,0.0016586162528255954,0.0032042361949606857,0.001723240621383728
224,81,qkv_all_blocks_stage15_w8,0.0023207788617582996,0.003002950532618343,0.002411202953677506
301,81,qkv_all_blocks_stage15_w8,0.0020616187830455597,0.004397807845990088,0.0021419452671463486
345,81,qkv_all_blocks_stage15_w8,0.0018060157017316671,0.002985589178479131,0.0018763831686678266
384,81,qkv_all_blocks_stage15_w8,0.001757685691700317,0.0025925294210651377,0.0018261700850952859
462,81,qkv_all_blocks_stage15_w8,0.0023056119825923815,0.0034214615845371554,0.002395445130109937
511,81,qkv_all_blocks_stage15_w8,0.002428483683615923,0.0037991221490756293,0.002523104259255434
568,81,qkv_all_blocks_stage15_w8,0.0019503569346852598,0.002184596563893137,0.0020263483432779884
679,81,qkv_all_blocks_stage15_w8,0.0020139129628660153,0.003453265714384202,0.002092380693623227
712,81,qkv_all_blocks_stage15_w8,0.0020639836184273004,0.003320454243667115,0.0021444022431863206
780,81,qkv_all_blocks_stage15_w8,0.0017476465145591649,0.0025598608676773438,0.0018157397532898255
870,81,qkv_all_blocks_stage15_w8,0.0019443004857748745,0.005060769180090575,0.002020055918031382
888,81,qkv_all_blocks_stage15_w8,0.001909169732243754,0.0022685389512844263,0.001983556371230539
975,81,qkv_all_blocks_stage15_w8,0.0017562855209689585,0.0019503933590385716,0.0018247153597620216
19,82,qkv_all_blocks_stage15_w8,0.0021854147198610008,0.002024538558828226,0.002270564642917685
85,82,qkv_all_blocks_stage15_w8,0.002056076482404024,0.0024446099660373477,0.00213618702283568
131,82,qkv_all_blocks_stage15_w8,0.0019565077964216475,0.0020798818618459336,0.0020327388599406587
224,82,qkv_all_blocks_stage15_w8,0.002840426284819841,0.002201830564359853,0.002951097306389594
301,82,qkv_all_blocks_stage15_w8,0.0028306902897838886,0.003381620470520374,0.0029409819695195003
345,82,qkv_all_blocks_stage15_w8,0.0022925879457034175,0.002670258982618634,0.002381913639999896
384,82,qkv_all_blocks_stage15_w8,0.002602385415229947,0.002600233364148607,0.002703781692950983
462,82,qkv_all_blocks_stage15_w8,0.002366647473536432,0.002888943763096563,0.002458858735976698
511,82,qkv_all_blocks_stage15_w8,0.0016954857419477776,0.002552615404624703,0.001761546649819644
568,82,qkv_all_blocks_stage15_w8,0.002302213979419321,0.0022922025275988744,0.0023919147311466846
679,82,qkv_all_blocks_stage15_w8,0.002351840812480077,0.002075348248240516,0.002443475165632501
712,82,qkv_all_blocks_stage15_w8,0.0025423680781386793,0.0024244382059350755,0.002641425911083562
780,82,qkv_all_blocks_stage15_w8,0.002318998333066702,0.003428544832150493,0.002409353050564792
870,82,qkv_all_blocks_stage15_w8,0.0022316144895739858,0.0029601986936995672,0.002318564485999146
888,82,qkv_all_blocks_stage15_w8,0.0024532048264518376,0.002493919996382487,0.0025487886075604167
975,82,qkv_all_blocks_stage15_w8,0.0023638426291654464,0.0018169579470992403,0.0024559446069558908
19,79,qkv_all_blocks_stage15_w6,0.019169269507983696,0.01660224301872404,0.028905324920890225
85,79,qkv_all_blocks_stage15_w6,0.0171920201391913,0.02023970245883788,0.025923832306851594
131,79,qkv_all_blocks_stage15_w6,0.02081317338161171,0.035160562497139836,0.03138416615091923
224,79,qkv_all_blocks_stage15_w6,0.020642192161176354,0.027273891046604607,0.03112634371642344
301,79,qkv_all_blocks_stage15_w6,0.0175751723581925,0.01833605025382212,0.026501587206681092
345,79,qkv_all_blocks_stage15_w6,0.01961204492545221,0.025926690017342935,0.02957298559014942
384,79,qkv_all_blocks_stage15_w6,0.015934498820570294,0.016683642928228434,0.024027616997522896
462,79,qkv_all_blocks_stage15_w6,0.019173262104459354,0.046759430202328645,0.028911345353664613
511,79,qkv_all_blocks_stage15_w6,0.017395789360307393,0.031117140886692592,0.026231095739231443
568,79,qkv_all_blocks_stage15_w6,0.015030721799121238,0.013534578794406116,0.02266481240811801
679,79,qkv_all_blocks_stage15_w6,0.019982076250016686,0.03340725732337546,0.030130955504599672
712,79,qkv_all_blocks_stage15_w6,0.019974525581346825,0.0297047271854467,0.0301195698578393
780,79,qkv_all_blocks_stage15_w6,0.019676664367580088,0.02674436217932907,0.029670425191076048
870,79,qkv_all_blocks_stage15_w6,0.018657253531273458,0.07318452163349319,0.028133256472202994
888,79,qkv_all_blocks_stage15_w6,0.025568748478690395,0.04609998975615781,0.03855509372901515
975,79,qkv_all_blocks_stage15_w6,0.017552505014464263,0.047456463763410284,0.02646740713866727
19,80,qkv_all_blocks_stage15_w6,0.018237241296446882,0.03526638075942401,0.027499920386372754
85,80,qkv_all_blocks_stage15_w6,0.016266534861642867,0.015184457136797391,0.024528293856839394
131,80,qkv_all_blocks_stage15_w6,0.01290444121696055,0.011821452621987305,0.019458595756266104
224,80,qkv_all_blocks_stage15_w6,0.015942163099680332,0.01594818066246262,0.024039173957367807
301,80,qkv_all_blocks_stage15_w6,0.013567898597102612,0.027875887630443685,0.020459022566280006
345,80,qkv_all_blocks_stage15_w6,0.014428915736061755,0.05277352887237897,0.021757349565840623
384,80,qkv_all_blocks_stage15_w6,0.011621315098636842,0.01708001645313573,0.017523770991598867
462,80,qkv_all_blocks_stage15_w6,0.011312163220281944,0.01511053949070984,0.017057601141462944
511,80,qkv_all_blocks_stage15_w6,0.018847444633138366,0.031427465376751236,0.028420045470301105
568,80,qkv_all_blocks_stage15_w6,0.014008355443365872,0.024401065998290502,0.021123187064023
679,80,qkv_all_blocks_stage15_w6,0.015188487610430457,0.05335144760715593,0.022902707338616095
712,80,qkv_all_blocks_stage15_w6,0.012311394151765853,0.014957013711196508,0.018564340599297624
780,80,qkv_all_blocks_stage15_w6,0.015820370812434703,0.05771326428026668,0.023855523472709167
870,80,qkv_all_blocks_stage15_w6,0.014899958696332762,0.026207226135397832,0.022467634838456815
888,80,qkv_all_blocks_stage15_w6,0.013113925495417789,0.018664561941449165,0.019774476918670483
975,80,qkv_all_blocks_stage15_w6,0.012841686606407166,0.01162991980697825,0.019363968133258663
19,81,qkv_all_blocks_stage15_w6,0.016760984202846885,0.02071512047382385,0.025273873591031653
85,81,qkv_all_blocks_stage15_w6,0.012270292998437073,0.020533409707809373,0.018502364205721596
131,81,qkv_all_blocks_stage15_w6,0.016514153918251395,0.03606261302386215,0.02490167841825384
224,81,qkv_all_blocks_stage15_w6,0.020594953632098623,0.017604896326986363,0.031055112779260804
301,81,qkv_all_blocks_stage15_w6,0.01787360577145591,0.053554582652992615,0.02695159469257076
345,81,qkv_all_blocks_stage15_w6,0.019388608565350293,0.05747565981562274,0.02923606609589341
384,81,qkv_all_blocks_stage15_w6,0.014345236544613728,0.01475115894402279,0.02163116978538967
462,81,qkv_all_blocks_stage15_w6,0.023463224948500287,0.05055160099897193,0.03538017661788698
511,81,qkv_all_blocks_stage15_w6,0.02382713591214269,0.04072636648794514,0.035928917645393375
568,81,qkv_all_blocks_stage15_w6,0.01716532139107585,0.01848290127969676,0.025883573287647097
679,81,qkv_all_blocks_stage15_w6,0.017739158476615557,0.03905601174307094,0.02674886173289921
712,81,qkv_all_blocks_stage15_w6,0.01748910997412168,0.03370954203595389,0.02637181381213429
780,81,qkv_all_blocks_stage15_w6,0.016794370574643835,0.031850401749011326,0.025324216872204604
870,81,qkv_all_blocks_stage15_w6,0.022137073567137126,0.08525952804302504,0.03338047409627422
888,81,qkv_all_blocks_stage15_w6,0.01689410133985803,0.027648332461694732,0.025474600806862344
975,81,qkv_all_blocks_stage15_w6,0.013363804639084263,0.01072683641018557,0.020151269463405955
19,82,qkv_all_blocks_stage15_w6,0.018232625792734325,0.020415028393586,0.0274929606723143
85,82,qkv_all_blocks_stage15_w6,0.017528481039335016,0.01759660957816322,0.02643118140733656
131,82,qkv_all_blocks_stage15_w6,0.01907340623438358,0.018240866763846952,0.028760772773494234
224,82,qkv_all_blocks_stage15_w6,0.021837828404386524,0.01177437536064474,0.032929242574034505
301,82,qkv_all_blocks_stage15_w6,0.02097392475479865,0.01817494762991601,0.031626563007591965
345,82,qkv_all_blocks_stage15_w6,0.026009733090177175,0.07409294745099258,0.039220054043482486
384,82,qkv_all_blocks_stage15_w6,0.02087671356275678,0.015171049586001574,0.031479978335142815
462,82,qkv_all_blocks_stage15_w6,0.02097010899160523,0.023741245302304034,0.03162080922157101
511,82,qkv_all_blocks_stage15_w6,0.014640408684499564,0.02319323138959817,0.02207625959997238
568,82,qkv_all_blocks_stage15_w6,0.018641077652318924,0.018161247133150482,0.02810886487831012
679,82,qkv_all_blocks_stage15_w6,0.018692773213842887,0.019070777042315967,0.0281868165708457
712,82,qkv_all_blocks_stage15_w6,0.019817904467345215,0.016022685866346364,0.029883401015421866
780,82,qkv_all_blocks_stage15_w6,0.02095269277924672,0.027075903404536916,0.03159454733001044
870,82,qkv_all_blocks_stage15_w6,0.022353447566274554,0.042148465114905775,0.033706744262536684
888,82,qkv_all_blocks_stage15_w6,0.024100665526930243,0.032600023007844925,0.036341372715088506
975,82,qkv_all_blocks_stage15_w6,0.018509262577026675,0.007566189680403568,0.027910101040219827
19,79,qkv_all_blocks_stage15_w4,0.3585428682417841,0.30208937178417733,0.45721454647635396
85,79,qkv_all_blocks_stage15_w4,0.29801522598427255,0.4381645462243853,0.38002958212394894
131,79,qkv_all_blocks_stage15_w4,0.4132254124269821,0.7061140289299601,0.5269458306667525
224,79,qkv_all_blocks_stage15_w4,0.4557998086092993,0.6464521005023017,0.5812367815297776
301,79,qkv_all_blocks_stage15_w4,0.32550357178843115,0.33234631220221905,0.41508277289543083
345,79,qkv_all_blocks_stage15_w4,0.3816045989078702,0.5855271714556807,0.4866229092173579
384,79,qkv_all_blocks_stage15_w4,0.34898787498605083,0.8174689336067331,0.44503000093113704
462,79,qkv_all_blocks_stage15_w4,0.3463513597218935,0.45778927180805346,0.4416679116593829
511,79,qkv_all_blocks_stage15_w4,0.314921317214612,0.527130352075858,0.40158826176655993
568,79,qkv_all_blocks_stage15_w4,0.2948094204330119,0.3603982588936106,0.3759415327969642
679,79,qkv_all_blocks_stage15_w4,0.3349637079518288,0.4533251594180569,0.427146356496362
712,79,qkv_all_blocks_stage15_w4,0.33299505578179384,0.39409390528305727,0.4246359275105448
780,79,qkv_all_blocks_stage15_w4,0.3280459067900665,0.41800332319110106,0.4183247633175631
870,79,qkv_all_blocks_stage15_w4,0.33223126956727356,1.3031847149657096,0.42366194587931266
888,79,qkv_all_blocks_stage15_w4,0.42889414850287727,0.8446753123300823,0.5469266326666045
975,79,qkv_all_blocks_stage15_w4,0.2719862447702326,0.3463365137095024,0.3468373758492073
19,80,qkv_all_blocks_stage15_w4,0.3628612821485149,0.9589972908273126,0.46272139609114427
85,80,qkv_all_blocks_stage15_w4,0.271832451413502,0.22526026621522988,0.3466412582686416
131,80,qkv_all_blocks_stage15_w4,0.21300611027982083,0.1991013690405907,0.2716257963402181
224,80,qkv_all_blocks_stage15_w4,0.2590599679133448,0.2323697467530792,0.33035376305352826
301,80,qkv_all_blocks_stage15_w4,0.23498208128148693,0.4008710731733345,0.2996495962952309
345,80,qkv_all_blocks_stage15_w4,0.2290538544220908,0.4732560370171796,0.29208991014607033
384,80,qkv_all_blocks_stage15_w4,0.20272405291416362,0.24806056831120316,0.2585140972612879
462,80,qkv_all_blocks_stage15_w4,0.18186711450471194,0.25780849606832495,0.23191728979297696
511,80,qkv_all_blocks_stage15_w4,0.31603505203383975,0.43018909292938184,0.40300849852308845
568,80,qkv_all_blocks_stage15_w4,0.27732122056477243,0.6074244285952943,0.3536405471138438
679,80,qkv_all_blocks_stage15_w4,0.2729136984708021,0.8435424364902815,0.34802006656946377
712,80,qkv_all_blocks_stage15_w4,0.2154496484727133,0.1777733709807876,0.27474180088422034
780,80,qkv_all_blocks_stage15_w4,0.2827102908195229,0.9513002069762707,0.36051269973686956
870,80,qkv_all_blocks_stage15_w4,0.31305618301848875,1.125306266501642,0.3992098390976618
888,80,qkv_all_blocks_stage15_w4,0.2314255298297212,0.43873148478878926,0.29511427512983457
975,80,qkv_all_blocks_stage15_w4,0.21626081870635971,0.18246304601120752,0.2757762067066272
19,81,qkv_all_blocks_stage15_w4,0.3628308493098302,0.7673932398051875,0.46268258807745977
85,81,qkv_all_blocks_stage15_w4,0.21270232561801097,0.5643370687334367,0.2712384095625729
131,81,qkv_all_blocks_stage15_w4,0.2608524583192775,0.6100467095191107,0.3326395502232205
224,81,qkv_all_blocks_stage15_w4,0.35646277340129023,0.27718926659127874,0.45456200558553117
301,81,qkv_all_blocks_stage15_w4,0.3399077991489321,0.7960006626905881,0.43345107098003416
345,81,qkv_all_blocks_stage15_w4,0.2686781929660355,0.4192600059005258,0.3426189419063062
384,81,qkv_all_blocks_stage15_w4,0.27220217314607,0.383367802123189,0.34711272812413607
462,81,qkv_all_blocks_stage15_w4,0.38566718282527296,0.6580421391948902,0.49180352394392063
511,81,qkv_all_blocks_stage15_w4,0.39925048392615287,0.5781298031852202,0.509124975303267
568,81,qkv_all_blocks_stage15_w4,0.30995699774939567,0.4008532302748477,0.39525775215697545
679,81,qkv_all_blocks_stage15_w4,0.3485906035859898,0.6073990685965781,0.444523399687337
712,81,qkv_all_blocks_stage15_w4,0.3384816752950428,0.9493357876334905,0.4316324751332597
780,81,qkv_all_blocks_stage15_w4,0.3023684313666308,0.4567114126753608,0.38558079789453054
870,81,qkv_all_blocks_stage15_w4,0.3094407336902804,0.6823265435336907,0.3945994112483752
888,81,qkv_all_blocks_stage15_w4,0.3156158571509878,0.48628775943831576,0.4024739404123994
975,81,qkv_all_blocks_stage15_w4,0.24086048298340756,0.22465365748030308,0.30714574530895783
19,82,qkv_all_blocks_stage15_w4,0.3029134622920538,0.19531119130739683,0.38627582236567637
85,82,qkv_all_blocks_stage15_w4,0.3199513336876408,0.3397984577351281,0.4080025483252695
131,82,qkv_all_blocks_stage15_w4,0.33192612626589835,0.3797141705522336,0.42327282656191356
224,82,qkv_all_blocks_stage15_w4,0.35628508288937155,0.16907453693717397,0.4543354143072875
301,82,qkv_all_blocks_stage15_w4,0.3502191364568717,0.3638540602774612,0.44660010789696725
345,82,qkv_all_blocks_stage15_w4,0.3817010411876254,0.6948500920557876,0.4867458925956514
384,82,qkv_all_blocks_stage15_w4,0.4098685940407449,0.3982890775042734,0.5226652094858232
462,82,qkv_all_blocks_stage15_w4,0.3622282322030514,0.6922562259820069,0.4619141295984894
511,82,qkv_all_blocks_stage15_w4,0.2691742600582074,0.5594584488019905,0.343251527604305
568,82,qkv_all_blocks_stage15_w4,0.3495092664097683,0.37061417562796356,0.4456948802648152
679,82,qkv_all_blocks_stage15_w4,0.3182407252315898,0.3048850473475113,0.40582117717356514
712,82,qkv_all_blocks_stage15_w4,0.3515278989361832,0.296281641539565,0.44826904429600384
780,82,qkv_all_blocks_stage15_w4,0.33779033890459687,0.395274616865052,0.43075088165527375
870,82,qkv_all_blocks_stage15_w4,0.4090735329227755,0.9908440494216393,0.5216513460383199
888,82,qkv_all_blocks_stage15_w4,0.3679223962244578,0.2949993829332839,0.46917533837214614
975,82,qkv_all_blocks_stage15_w4,0.34218994261755137,0.21732630349396234,0.4363612646651449
