class_id,seed,group,event_stage,probe_stage,family,alpha,relative_derivative_drift,direction_cosine,odd_curvature,component_robust_error,richardson_diagnostic_disagreement,legacy_L_pass,C_pass,D_source_ratio_within_reference,application_certified,R_pass,N_pass
123,107,qkv_all_blocks,4,5,actual_local,0.0078125,0.0011403594022706856,0.999999349794776,0.001646469257709442,0.0006313561646979423,0.0015871021015947714,True,True,True,False,True,True
123,107,qkv_all_blocks,4,5,actual_local,0.015625,0.0,1.0,0.0008824875063466344,0.0,0.0015871021015947714,True,True,True,False,True,True
123,107,qkv_all_blocks,4,5,actual_local,0.03125,0.000601085535085889,0.99999981941015,0.00045461511878470534,0.00036829109607379966,0.0015871021015947714,True,True,True,False,True,True
123,107,qkv_all_blocks,4,5,accumulated,0.0078125,0.0011403594022706856,0.999999349794776,0.001646469257709442,0.0006313561646979423,0.0015871021015947714,True,True,True,False,True,True
123,107,qkv_all_blocks,4,5,accumulated,0.015625,0.0,1.0,0.0008824875063466344,0.0,0.0015871021015947714,True,True,True,False,True,True
123,107,qkv_all_blocks,4,5,accumulated,0.03125,0.000601085535085889,0.99999981941015,0.00045461511878470534,0.00036829109607379966,0.0015871021015947714,True,True,True,False,True,True
123,107,qkv_all_blocks,4,5,donor,0.0078125,0.001098376077075607,0.9999993968004001,0.001610246385318498,0.0006636841771272374,0.0015301871224459671,True,True,True,False,True,True
123,107,qkv_all_blocks,4,5,donor,0.015625,0.0,1.0,0.0008702235013374808,0.0,0.0015301871224459671,True,True,True,False,True,True
123,107,qkv_all_blocks,4,5,donor,0.03125,0.0005802759064364306,0.9999998317084174,0.0004655564712070785,0.00035484104519674077,0.0015301871224459671,True,True,True,False,True,True
123,107,qkv_all_blocks,4,5,isotropic,0.0078125,0.0011348892775875686,0.9999993560136452,0.0015994960207633916,0.0006836765302681046,0.0015784777813524745,True,True,True,False,True,True
123,107,qkv_all_blocks,4,5,isotropic,0.015625,0.0,1.0,0.0008622653163815768,0.0,0.0015784777813524745,True,True,True,False,True,True
123,107,qkv_all_blocks,4,5,isotropic,0.03125,0.0005871867444550236,0.9999998276424141,0.00045049994157687835,0.0003681335162982102,0.0015784777813524745,True,True,True,False,True,True
123,107,qkv_all_blocks,10,11,actual_local,0.0078125,0.0021201540292433386,0.9999977543120746,0.0031837388697231847,0.0013957972167192054,0.0029611993520394695,True,True,True,False,True,True
123,107,qkv_all_blocks,10,11,actual_local,0.015625,0.0,1.0,0.0017776137963538925,0.0,0.0029611993520394695,True,True,True,False,True,True
123,107,qkv_all_blocks,10,11,actual_local,0.03125,0.0010769514044455853,0.9999994201050527,0.0014538265137094292,0.0006978986083596027,0.0029611993520394695,True,True,True,False,True,True
123,107,qkv_all_blocks,10,11,accumulated,0.0078125,0.0013468528752250892,0.9999990937511111,0.002101385255977945,0.0008629575733435407,0.0018900764821369435,True,True,True,False,True,True
123,107,qkv_all_blocks,10,11,accumulated,0.015625,0.0,0.9999999999999998,0.0011926737617136587,0.0,0.0018900764821369435,True,True,True,False,True,True
123,107,qkv_all_blocks,10,11,accumulated,0.03125,0.000727105270390634,0.9999997358664853,0.0011341016346000357,0.0004314787866717704,0.0018900764821369435,True,True,True,False,True,True
123,107,qkv_all_blocks,10,11,donor,0.0078125,0.0019811012694110745,0.9999980387230445,0.0030262882618033345,0.0012238954633349026,0.002797284995078017,True,True,True,False,True,True
123,107,qkv_all_blocks,10,11,donor,0.015625,0.0,1.0,0.001589947444317465,0.0,0.002797284995078017,True,True,True,False,True,True
123,107,qkv_all_blocks,10,11,donor,0.03125,0.0010641711455265115,0.999999434561755,0.0008464840808868661,0.000699368836191373,0.002797284995078017,True,True,True,False,True,True
123,107,qkv_all_blocks,10,11,isotropic,0.0078125,0.0019414967776828357,0.9999981155027943,0.0029572264511195166,0.0012244325373794746,0.0027249343544279493,True,True,True,False,True,True
123,107,qkv_all_blocks,10,11,isotropic,0.015625,0.0,1.0,0.0016092314505835217,0.0,0.0027249343544279493,True,True,True,False,True,True
123,107,qkv_all_blocks,10,11,isotropic,0.03125,0.0010590677456643273,0.9999994393270345,0.0008329438006233035,0.0006996757356454141,0.0027249343544279493,True,True,True,False,True,True
123,107,qkv_all_blocks,15,16,actual_local,0.0078125,0.0020473963648398644,0.9999979406500509,0.003940857849125328,0.0012523652317997578,0.0028758064459806364,True,True,True,False,True,True
123,107,qkv_all_blocks,15,16,actual_local,0.015625,0.0,1.0,0.005218878426295473,0.0,0.0028758064459806364,True,True,True,False,True,True
123,107,qkv_all_blocks,15,16,actual_local,0.03125,0.0010578936707308691,0.9999994413943419,0.00946753055336974,0.0006783645005582022,0.0028758064459806364,True,True,True,False,True,True
123,107,qkv_all_blocks,15,16,accumulated,0.0078125,0.001218362705570403,0.9999992607349775,0.0032699890433247,0.0007331340273099672,0.001709883810743144,True,True,True,False,True,True
123,107,qkv_all_blocks,15,16,accumulated,0.015625,0.0,1.0,0.00531615483801364,0.0,0.001709883810743144,True,True,True,False,True,True
123,107,qkv_all_blocks,15,16,accumulated,0.03125,0.0006422405632603113,0.9999997977911054,0.01044493184376969,0.00038184063922394124,0.001709883810743144,True,True,True,False,True,True
123,107,qkv_all_blocks,15,16,donor,0.0078125,0.0028181307905708343,0.9999960291995914,0.004295452997999991,0.0017310197446798192,0.003958943654196944,True,True,True,False,True,True
123,107,qkv_all_blocks,15,16,donor,0.015625,0.0,1.0,0.002154308051133832,0.0,0.003958943654196944,True,True,True,False,True,True
123,107,qkv_all_blocks,15,16,donor,0.03125,0.0014286781204254251,0.9999989798590015,0.0013251037488573312,0.0008655098723399096,0.003958943654196944,True,True,True,False,True,True
123,107,qkv_all_blocks,15,16,isotropic,0.0078125,0.0028846748233876504,0.9999958393841937,0.004484412435644573,0.0017671409146916856,0.004054053593071852,True,True,True,False,True,True
123,107,qkv_all_blocks,15,16,isotropic,0.015625,0.0,1.0,0.0023177106536866514,0.0,0.004054053593071852,True,True,True,False,True,True
123,107,qkv_all_blocks,15,16,isotropic,0.03125,0.0015415998422130019,0.9999988118334046,0.00124165506095067,0.0009572013287913296,0.004054053593071852,True,True,True,False,True,True
123,107,attention_output_all_blocks,4,5,actual_local,0.0078125,0.009258483112329723,0.9999571462348733,0.012876836588255456,0.006019728194153394,0.012999043456942068,True,True,True,False,True,True
123,107,attention_output_all_blocks,4,5,actual_local,0.015625,0.0,1.0,0.007098737192062818,0.0,0.012999043456942068,True,True,True,False,True,True
123,107,attention_output_all_blocks,4,5,actual_local,0.03125,0.005094644742283379,0.9999870250633737,0.0038477288641160516,0.003009864097076697,0.012999043456942068,True,True,True,False,True,True
123,107,attention_output_all_blocks,4,5,accumulated,0.0078125,0.009258483112329723,0.9999571462348733,0.012876836588255456,0.006019728194153394,0.012999043456942068,True,True,True,False,True,True
123,107,attention_output_all_blocks,4,5,accumulated,0.015625,0.0,1.0,0.007098737192062818,0.0,0.012999043456942068,True,True,True,False,True,True
123,107,attention_output_all_blocks,4,5,accumulated,0.03125,0.005094644742283379,0.9999870250633737,0.0038477288641160516,0.003009864097076697,0.012999043456942068,True,True,True,False,True,True
123,107,attention_output_all_blocks,4,5,donor,0.0078125,0.009028285883382578,0.999959254836542,0.012692121076045228,0.005504431978534903,0.01259751065235316,True,True,True,False,True,True
123,107,attention_output_all_blocks,4,5,donor,0.015625,0.0,1.0,0.006900912506988485,0.0,0.01259751065235316,True,True,True,False,True,True
123,107,attention_output_all_blocks,4,5,donor,0.03125,0.004856641089934926,0.999988214049444,0.003791622749425565,0.00300241744283722,0.01259751065235316,True,True,True,False,True,True
123,107,attention_output_all_blocks,4,5,isotropic,0.0078125,0.0079272344956798,0.9999685790785429,0.011184380410328373,0.004454603173995651,0.011087825150312824,True,True,True,False,True,True
123,107,attention_output_all_blocks,4,5,isotropic,0.015625,0.0,1.0,0.006061494596188931,0.0,0.011087825150312824,True,True,True,False,True,True
123,107,attention_output_all_blocks,4,5,isotropic,0.03125,0.004293673073434361,0.999990782315349,0.0034373977311758816,0.002722257495219564,0.011087825150312824,True,True,True,False,True,True
123,107,attention_output_all_blocks,10,11,actual_local,0.0078125,0.011068729744438349,0.9999387948525496,0.017200067986216455,0.00701616464485883,0.015456966048446376,True,True,True,False,True,True
123,107,attention_output_all_blocks,10,11,actual_local,0.015625,0.0,0.9999999999999999,0.008880944985099093,0.0,0.015456966048446376,True,True,True,False,True,True
123,107,attention_output_all_blocks,10,11,actual_local,0.03125,0.005807096275345908,0.9999831392541235,0.0047943578830197805,0.003758659631174373,0.015456966048446376,True,True,True,False,True,True
123,107,attention_output_all_blocks,10,11,accumulated,0.0078125,0.012090312508679176,0.999927076676207,0.016934763175835726,0.007527359734744887,0.016877093824026072,True,True,True,False,True,True
123,107,attention_output_all_blocks,10,11,accumulated,0.015625,0.0,0.9999999999999999,0.008944039124781877,0.0,0.016877093824026072,True,True,True,False,True,True
123,107,attention_output_all_blocks,10,11,accumulated,0.03125,0.005996267904941062,0.9999820244964492,0.004795779929966888,0.0037636798673724436,0.016877093824026072,True,True,True,False,True,True
123,107,attention_output_all_blocks,10,11,donor,0.0078125,0.009296596510966986,0.9999567870854966,0.013674187082687058,0.005684933134489577,0.012989556998084326,True,True,True,False,True,True
123,107,attention_output_all_blocks,10,11,donor,0.015625,0.0,1.0,0.007367924317893624,0.0,0.012989556998084326,True,True,True,False,True,True
123,107,attention_output_all_blocks,10,11,donor,0.03125,0.004933212129040568,0.9999878473771205,0.003930822644799874,0.003279769116051679,0.012989556998084326,True,True,True,False,True,True
123,107,attention_output_all_blocks,10,11,isotropic,0.0078125,0.007599873417363891,0.9999711207751565,0.011489924558742898,0.00467713390773163,0.010635198643838755,True,True,True,False,True,True
123,107,attention_output_all_blocks,10,11,isotropic,0.015625,0.0,1.0,0.006174632761171893,0.0,0.010635198643838755,True,True,True,False,True,True
123,107,attention_output_all_blocks,10,11,isotropic,0.03125,0.004065019510927836,0.9999917378868054,0.0032376142506275437,0.002728328112843451,0.010635198643838755,True,True,True,False,True,True
123,107,attention_output_all_blocks,15,16,actual_local,0.0078125,0.004255107443558604,0.9999910094332904,0.006452361183599077,0.0024765743351202753,0.005932209879443368,True,True,True,False,True,True
123,107,attention_output_all_blocks,15,16,actual_local,0.015625,0.0,0.9999999999999999,0.0037199410323774003,0.0,0.005932209879443368,True,True,True,False,True,True
123,107,attention_output_all_blocks,15,16,actual_local,0.03125,0.0019720630277487525,0.9999980775082399,0.004420474894527429,0.0012382871675601377,0.005932209879443368,True,True,True,False,True,True
123,107,attention_output_all_blocks,15,16,accumulated,0.0078125,0.010743497824143211,0.9999423362932925,0.016058404172075373,0.006616340633988495,0.015140429014528521,True,True,True,False,True,True
123,107,attention_output_all_blocks,15,16,accumulated,0.015625,0.0,0.9999999999999999,0.008035613483007712,0.0,0.015140429014528521,True,True,True,False,True,True
123,107,attention_output_all_blocks,15,16,accumulated,0.03125,0.0052889430098131945,0.9999860218745033,0.004163108092150081,0.0033081703169942473,0.015140429014528521,True,True,True,False,True,True
123,107,attention_output_all_blocks,15,16,donor,0.0078125,0.004956034476462528,0.999987720368615,0.0073251767929128,0.002972678399763836,0.00698582985601557,True,True,True,False,True,True
123,107,attention_output_all_blocks,15,16,donor,0.015625,0.0,1.0,0.0038182379118892945,0.0,0.00698582985601557,True,True,True,False,True,True
123,107,attention_output_all_blocks,15,16,donor,0.03125,0.0024663910318937997,0.999996965048877,0.001980676757609335,0.001486339199881918,0.00698582985601557,True,True,True,False,True,True
123,107,attention_output_all_blocks,15,16,isotropic,0.0078125,0.004361815295317405,0.9999904884474158,0.006750564591244043,0.0028132786257418396,0.006161753325242128,True,True,True,False,True,True
123,107,attention_output_all_blocks,15,16,isotropic,0.015625,0.0,1.0,0.0033644591945347947,0.0,0.006161753325242128,True,True,True,False,True,True
123,107,attention_output_all_blocks,15,16,isotropic,0.03125,0.002338796749992999,0.9999972655769946,0.0017807328663767073,0.0014066393128709198,0.006161753325242128,True,True,True,False,True,True
123,107,mlp_down_all_blocks,4,5,actual_local,0.0078125,0.0001133984542671566,0.9999999935707731,0.0001763575810961708,6.826865064352588e-05,0.00015861578552573717,True,True,True,False,True,True
123,107,mlp_down_all_blocks,4,5,actual_local,0.015625,0.0,1.0,0.00017034134008678974,0.0,0.00015861578552573717,True,True,True,False,True,True
123,107,mlp_down_all_blocks,4,5,actual_local,0.03125,5.996254191615054e-05,0.9999999982043805,0.0002967003568587193,3.9010657510586214e-05,0.00015861578552573717,True,True,True,False,True,True
123,107,mlp_down_all_blocks,4,5,accumulated,0.0078125,0.0001133984542671566,0.9999999935707731,0.0001763575810961708,6.826865064352588e-05,0.00015861578552573717,True,True,True,False,True,True
123,107,mlp_down_all_blocks,4,5,accumulated,0.015625,0.0,1.0,0.00017034134008678974,0.0,0.00015861578552573717,True,True,True,False,True,True
123,107,mlp_down_all_blocks,4,5,accumulated,0.03125,5.996254191615054e-05,0.9999999982043805,0.0002967003568587193,3.9010657510586214e-05,0.00015861578552573717,True,True,True,False,True,True
123,107,mlp_down_all_blocks,4,5,donor,0.0078125,0.00010375814100112476,0.9999999946176504,0.0001539095568086145,6.22639235259975e-05,0.0001451350133199223,True,True,True,False,True,True
123,107,mlp_down_all_blocks,4,5,donor,0.015625,0.0,0.9999999999999999,8.750689634118302e-05,0.0,0.0001451350133199223,True,True,True,False,True,True
123,107,mlp_down_all_blocks,4,5,donor,0.03125,5.5453230281100665e-05,0.9999999984627999,7.637229024225192e-05,3.5023456983373594e-05,0.0001451350133199223,True,True,True,False,True,True
123,107,mlp_down_all_blocks,4,5,isotropic,0.0078125,0.00010036862787543162,0.999999994963257,0.00015124185575929376,6.226205660301096e-05,0.0001402041192832956,True,True,True,False,True,True
123,107,mlp_down_all_blocks,4,5,isotropic,0.015625,0.0,1.0,8.607353378547314e-05,0.0,0.0001402041192832956,True,True,True,False,True,True
123,107,mlp_down_all_blocks,4,5,isotropic,0.03125,5.427364705198507e-05,0.999999998527199,6.930729669351172e-05,3.113102830150548e-05,0.0001402041192832956,True,True,True,False,True,True
123,107,mlp_down_all_blocks,10,11,actual_local,0.0078125,0.0022342218270775998,0.9999975160075952,0.010455755607682155,0.000305953336619688,0.0003833277889575647,True,True,True,False,True,True
123,107,mlp_down_all_blocks,10,11,actual_local,0.015625,0.0,1.0,0.020746234037150042,0.0,0.0003833277889575647,True,True,True,False,True,True
123,107,mlp_down_all_blocks,10,11,actual_local,0.03125,0.008355058466256397,0.9999652291854689,0.04038230877198909,0.0009009668808432529,0.0003833277889575647,True,True,True,False,True,True
123,107,mlp_down_all_blocks,10,11,accumulated,0.0078125,0.0034597637424880166,0.9999940566448118,0.012319672313933057,0.00046100910384010553,0.0006216565386338082,True,True,True,False,True,True
123,107,mlp_down_all_blocks,10,11,accumulated,0.015625,0.0,1.0,0.024357377287708155,0.0,0.0006216565386338082,True,True,True,False,True,True
123,107,mlp_down_all_blocks,10,11,accumulated,0.03125,0.012281546666277277,0.9999250048344369,0.046797277588766194,0.0016072453756607317,0.0006216565386338082,True,True,True,False,True,True
123,107,mlp_down_all_blocks,10,11,donor,0.0078125,0.00019255269412218206,0.9999999814625816,0.00038061046425790483,0.0001199084343349133,0.0002692943939573027,True,True,True,False,True,True
123,107,mlp_down_all_blocks,10,11,donor,0.015625,0.0,1.0,0.0005209407807854438,0.0,0.0002692943939573027,True,True,True,False,True,True
123,107,mlp_down_all_blocks,10,11,donor,0.03125,0.00010267754269578674,0.9999999947289832,0.0010061408829185289,6.348093582436586e-05,0.0002692943939573027,True,True,True,False,True,True
123,107,mlp_down_all_blocks,10,11,isotropic,0.0078125,0.00019030066087606656,0.9999999818951094,0.0004100299102978804,0.00011269757660316462,0.0002680449601934292,True,True,True,False,True,True
123,107,mlp_down_all_blocks,10,11,isotropic,0.015625,0.0,1.0,0.0006469805696944863,0.0,0.0002680449601934292,True,True,True,False,True,True
123,107,mlp_down_all_blocks,10,11,isotropic,0.03125,0.00010603686160245251,0.9999999943819007,0.0012578521780796982,6.33923868392801e-05,0.0002680449601934292,True,True,True,False,True,True
123,107,mlp_down_all_blocks,15,16,actual_local,0.0078125,0.00041531911559162995,0.9999999139690049,0.003538261776549208,0.0002543912933808154,0.0005863310695845579,True,True,True,False,True,True
123,107,mlp_down_all_blocks,15,16,actual_local,0.015625,0.0,1.0,0.006941614865078666,0.0,0.0005863310695845579,True,True,True,False,True,True
123,107,mlp_down_all_blocks,15,16,actual_local,0.03125,0.0003228069304476087,0.9999999523254158,0.013865016742516178,0.00017611704926364142,0.0005863310695845579,True,True,True,False,True,True
123,107,mlp_down_all_blocks,15,16,accumulated,0.0078125,0.0008417732301287685,0.9999996946477963,0.01681291379613829,0.0004136178793779882,0.00016896227264975934,True,True,True,False,True,True
123,107,mlp_down_all_blocks,15,16,accumulated,0.015625,0.0,1.0,0.03355841267461675,0.0,0.00016896227264975934,True,True,True,False,True,True
123,107,mlp_down_all_blocks,15,16,accumulated,0.03125,0.0033176852681163576,0.9999953016944639,0.06675542510896233,0.0016243963612499912,0.00016896227264975934,True,True,True,False,True,True
123,107,mlp_down_all_blocks,15,16,donor,0.0078125,0.0003830015621103843,0.999999926661157,0.0012543385198725448,0.00023967965512988905,0.0005345866448771298,True,True,True,False,True,True
123,107,mlp_down_all_blocks,15,16,donor,0.015625,0.0,1.0,0.002288772367853381,0.0,0.0005345866448771298,True,True,True,False,True,True
123,107,mlp_down_all_blocks,15,16,donor,0.03125,0.00020256497580515765,0.9999999794845221,0.004557674330592617,0.00011983982756494453,0.0005345866448771298,True,True,True,False,True,True
123,107,mlp_down_all_blocks,15,16,isotropic,0.0078125,0.00039256054801372324,0.9999999229893295,0.000970293543337791,0.00025197672571810047,0.0005543518050614942,True,True,True,False,True,True
123,107,mlp_down_all_blocks,15,16,isotropic,0.015625,0.0,1.0,0.0016166403716610948,0.0,0.0005543518050614942,True,True,True,False,True,True
123,107,mlp_down_all_blocks,15,16,isotropic,0.03125,0.0002091009544685094,0.9999999781701052,0.0031741162888707097,0.0001350305898585036,0.0005543518050614942,True,True,True,False,True,True
123,108,qkv_all_blocks,4,5,actual_local,0.0078125,0.0010915840906297971,0.9999994043376358,0.001665730995012881,0.0006216804121878812,0.0015343075044441687,True,True,True,False,True,True
123,108,qkv_all_blocks,4,5,actual_local,0.015625,0.0,0.9999999999999999,0.0009091795611719562,0.0,0.0015343075044441687,True,True,True,False,True,True
123,108,qkv_all_blocks,4,5,actual_local,0.03125,0.0006053966377232114,0.9999998167489905,0.00047412989810240787,0.00036264690710959734,0.0015343075044441687,True,True,True,False,True,True
123,108,qkv_all_blocks,4,5,accumulated,0.0078125,0.0010915840906297971,0.9999994043376358,0.001665730995012881,0.0006216804121878812,0.0015343075044441687,True,True,True,False,True,True
123,108,qkv_all_blocks,4,5,accumulated,0.015625,0.0,0.9999999999999999,0.0009091795611719562,0.0,0.0015343075044441687,True,True,True,False,True,True
123,108,qkv_all_blocks,4,5,accumulated,0.03125,0.0006053966377232114,0.9999998167489905,0.00047412989810240787,0.00036264690710959734,0.0015343075044441687,True,True,True,False,True,True
123,108,qkv_all_blocks,4,5,donor,0.0078125,0.0011065112186151582,0.9999993885035652,0.0016646383943210994,0.0006606540961654761,0.0015443447677693858,True,True,True,False,True,True
123,108,qkv_all_blocks,4,5,donor,0.015625,0.0,1.0,0.0008933481288657824,0.0,0.0015443447677693858,True,True,True,False,True,True
123,108,qkv_all_blocks,4,5,donor,0.03125,0.0005932604627358255,0.9999998240324053,0.0004718276734085048,0.000362712052796732,0.0015443447677693858,True,True,True,False,True,True
123,108,qkv_all_blocks,4,5,isotropic,0.0078125,0.0010822766619476287,0.9999994145497062,0.0016380761022783954,0.000622185812767369,0.0015162948396742798,True,True,True,False,True,True
123,108,qkv_all_blocks,4,5,isotropic,0.015625,0.0,1.0,0.0008889444599584136,0.0,0.0015162948396742798,True,True,True,False,True,True
123,108,qkv_all_blocks,4,5,isotropic,0.03125,0.0005865671096816974,0.9999998280121651,0.0004710015602639407,0.00036294172411429856,0.0015162948396742798,True,True,True,False,True,True
123,108,qkv_all_blocks,10,11,actual_local,0.0078125,0.0019510681263787042,0.9999980981465084,0.003019555243925564,0.0011735371359094674,0.002747253604152215,True,True,True,False,True,True
123,108,qkv_all_blocks,10,11,actual_local,0.015625,0.0,1.0,0.0015772112465644913,0.0,0.002747253604152215,True,True,True,False,True,True
123,108,qkv_all_blocks,10,11,actual_local,0.03125,0.0010605319691985092,0.999999437642495,0.000848161400640588,0.0006319046116435593,0.002747253604152215,True,True,True,False,True,True
123,108,qkv_all_blocks,10,11,accumulated,0.0078125,0.0012841854648095008,0.9999991755421999,0.0018636831056944015,0.0008153375714800743,0.0018024226905514556,True,True,True,False,True,True
123,108,qkv_all_blocks,10,11,accumulated,0.015625,0.0,1.0,0.0010189934748318457,0.0,0.0018024226905514556,True,True,True,False,True,True
123,108,qkv_all_blocks,10,11,accumulated,0.03125,0.0006605913946088292,0.9999997818374311,0.0005778667940209036,0.000434846704789373,0.0018024226905514556,True,True,True,False,True,True
123,108,qkv_all_blocks,10,11,donor,0.0078125,0.0020026151356263735,0.999997994945633,0.002929854351531967,0.0012161632890061945,0.0028019584978307413,True,True,True,False,True,True
123,108,qkv_all_blocks,10,11,donor,0.015625,0.0,1.0,0.0014979933874528987,0.0,0.0028019584978307413,True,True,True,False,True,True
123,108,qkv_all_blocks,10,11,donor,0.03125,0.0010217695379074858,0.9999994780966448,0.0008247807687519756,0.0006306031868921008,0.0028019584978307413,True,True,True,False,True,True
123,108,qkv_all_blocks,10,11,isotropic,0.0078125,0.0019075139324650798,0.9999981811380472,0.0028973797875258707,0.0011565219559802294,0.0026748205503828995,True,True,True,False,True,True
123,108,qkv_all_blocks,10,11,isotropic,0.015625,0.0,1.0,0.0015379942018039655,0.0,0.0026748205503828995,True,True,True,False,True,True
123,108,qkv_all_blocks,10,11,isotropic,0.03125,0.0010204304021702694,0.9999994795504727,0.0008033330892487167,0.0006287886362610956,0.0026748205503828995,True,True,True,False,True,True
123,108,qkv_all_blocks,15,16,actual_local,0.0078125,0.002933122514691445,0.9999957054779011,0.004207801305983957,0.001768560411070887,0.004115070060418335,True,True,True,False,True,True
123,108,qkv_all_blocks,15,16,actual_local,0.015625,0.0,0.9999999999999999,0.0022217601978003214,0.0,0.004115070060418335,True,True,True,False,True,True
123,108,qkv_all_blocks,15,16,actual_local,0.03125,0.0014487503183567359,0.9999989547169411,0.001483882529104937,0.0008700685593750525,0.004115070060418335,True,True,True,False,True,True
123,108,qkv_all_blocks,15,16,accumulated,0.0078125,0.0016431840035865104,0.9999986510468669,0.0025433480134328767,0.0009535181854850586,0.002319609022483096,True,True,True,False,True,True
123,108,qkv_all_blocks,15,16,accumulated,0.015625,0.0,1.0,0.0022432782433733783,0.0,0.002319609022483096,True,True,True,False,True,True
123,108,qkv_all_blocks,15,16,accumulated,0.03125,0.0008087189118656867,0.9999996729894737,0.003881224176557932,0.0004900024008742663,0.002319609022483096,True,True,True,False,True,True
123,108,qkv_all_blocks,15,16,donor,0.0078125,0.0029872228194201,0.9999955404993821,0.004623304662480678,0.0017597043035499085,0.004209830279151333,True,True,True,False,True,True
123,108,qkv_all_blocks,15,16,donor,0.015625,0.0,0.9999999999999998,0.002365774247998943,0.0,0.004209830279151333,True,True,True,False,True,True
123,108,qkv_all_blocks,15,16,donor,0.03125,0.001542268400025853,0.9999988108721006,0.0012643440930105159,0.0009073475315179216,0.004209830279151333,True,True,True,False,True,True
123,108,qkv_all_blocks,15,16,isotropic,0.0078125,0.0028717049814785127,0.9999958766672654,0.004360106525384765,0.001724172554630527,0.004043998889909297,True,True,True,False,True,True
123,108,qkv_all_blocks,15,16,isotropic,0.015625,0.0,0.9999999999999998,0.002274276275595363,0.0,0.004043998889909297,True,True,True,False,True,True
123,108,qkv_all_blocks,15,16,isotropic,0.03125,0.001589369920990468,0.999998737765392,0.0012393749467256607,0.000936171816772044,0.004043998889909297,True,True,True,False,True,True
123,108,attention_output_all_blocks,4,5,actual_local,0.0078125,0.00900727876006106,0.9999594384998148,0.013609767104692957,0.005994090093854814,0.012557728619935331,True,True,True,False,True,True
123,108,attention_output_all_blocks,4,5,actual_local,0.015625,0.0,1.0,0.007453436709059251,0.0,0.012557728619935331,True,True,True,False,True,True
123,108,attention_output_all_blocks,4,5,actual_local,0.03125,0.004862500393676342,0.9999881780913632,0.004003108690681965,0.002997045046927407,0.012557728619935331,True,True,True,False,True,True
123,108,attention_output_all_blocks,4,5,accumulated,0.0078125,0.00900727876006106,0.9999594384998148,0.013609767104692957,0.005994090093854814,0.012557728619935331,True,True,True,False,True,True
123,108,attention_output_all_blocks,4,5,accumulated,0.015625,0.0,1.0,0.007453436709059251,0.0,0.012557728619935331,True,True,True,False,True,True
123,108,attention_output_all_blocks,4,5,accumulated,0.03125,0.004862500393676342,0.9999881780913632,0.004003108690681965,0.002997045046927407,0.012557728619935331,True,True,True,False,True,True
123,108,attention_output_all_blocks,4,5,donor,0.0078125,0.008438906531364998,0.9999643948281819,0.012889254660808367,0.004977989223541487,0.011744931263333577,True,True,True,False,True,True
123,108,attention_output_all_blocks,4,5,donor,0.015625,0.0,1.0,0.007151613897204861,0.0,0.011744931263333577,True,True,True,False,True,True
123,108,attention_output_all_blocks,4,5,donor,0.03125,0.004784045196268192,0.9999885563937136,0.003923216117430013,0.002986793534124892,0.011744931263333577,True,True,True,False,True,True
123,108,attention_output_all_blocks,4,5,isotropic,0.0078125,0.007947300643188479,0.9999684231042917,0.01180393644548837,0.004940621501418626,0.011126989368655261,True,True,True,False,True,True
123,108,attention_output_all_blocks,4,5,isotropic,0.015625,0.0,1.0,0.006338788056550764,0.0,0.011126989368655261,True,True,True,False,True,True
123,108,attention_output_all_blocks,4,5,isotropic,0.03125,0.004418395850992791,0.9999902441196744,0.003512022441406773,0.002717341825780245,0.011126989368655261,True,True,True,False,True,True
123,108,attention_output_all_blocks,10,11,actual_local,0.0078125,0.015107223666666659,0.9998858973316507,0.022353034756649178,0.008704153844004367,0.02124585293894034,True,True,True,False,True,True
123,108,attention_output_all_blocks,10,11,actual_local,0.015625,0.0,0.9999999999999999,0.011785625935239505,0.0,0.02124585293894034,True,True,True,False,True,True
123,108,attention_output_all_blocks,10,11,actual_local,0.03125,0.008003356328954409,0.9999679742846281,0.006318071765363956,0.005077423075669215,0.02124585293894034,True,True,True,False,True,True
123,108,attention_output_all_blocks,10,11,accumulated,0.0078125,0.01061175041921298,0.9999437296763706,0.01570717496066387,0.006261656524071324,0.014842679822959639,True,True,True,False,True,True
123,108,attention_output_all_blocks,10,11,accumulated,0.015625,0.0,1.0,0.008469362135220614,0.0,0.014842679822959639,True,True,True,False,True,True
123,108,attention_output_all_blocks,10,11,accumulated,0.03125,0.005526504012154774,0.9999847299282509,0.004453294409042125,0.0032612794396204813,0.014842679822959639,True,True,True,False,True,True
123,108,attention_output_all_blocks,10,11,donor,0.0078125,0.012215915230253895,0.9999254018196492,0.018224856595652403,0.007816446249421792,0.017081744966930767,True,True,True,False,True,True
123,108,attention_output_all_blocks,10,11,donor,0.015625,0.0,1.0,0.009684037579114416,0.0,0.017081744966930767,True,True,True,False,True,True
123,108,attention_output_all_blocks,10,11,donor,0.03125,0.006751399631520419,0.9999772090458677,0.005231604742919617,0.003908223124710896,0.017081744966930767,True,True,True,False,True,True
123,108,attention_output_all_blocks,10,11,isotropic,0.0078125,0.010952768197758811,0.9999400533632024,0.016160727371976078,0.0067516854366449055,0.015274988739548315,True,True,True,False,True,True
123,108,attention_output_all_blocks,10,11,isotropic,0.015625,0.0,1.0,0.008587422284955593,0.0,0.015274988739548315,True,True,True,False,True,True
123,108,attention_output_all_blocks,10,11,isotropic,0.03125,0.005876709969328734,0.9999827324746406,0.004608803979095394,0.003682737510897221,0.015274988739548315,True,True,True,False,True,True
123,108,attention_output_all_blocks,15,16,actual_local,0.0078125,0.0037332956018062092,0.9999933090676684,0.005489844955645923,0.002113771037084525,0.0052385557639570025,True,True,True,False,True,True
123,108,attention_output_all_blocks,15,16,actual_local,0.015625,0.0,0.9999999999999999,0.002943126284383857,0.0,0.0052385557639570025,True,True,True,False,True,True
123,108,attention_output_all_blocks,15,16,actual_local,0.03125,0.0018858991245263648,0.9999982516689703,0.0025311497223957343,0.00110566485016729,0.0052385557639570025,True,True,True,False,True,True
123,108,attention_output_all_blocks,15,16,accumulated,0.0078125,0.010540398430790963,0.9999445103163956,0.01598330474517352,0.006517436891731395,0.014844876998234403,True,True,True,False,True,True
123,108,attention_output_all_blocks,15,16,accumulated,0.015625,0.0,0.9999999999999999,0.008275660135572358,0.0,0.014844876998234403,True,True,True,False,True,True
123,108,attention_output_all_blocks,15,16,accumulated,0.03125,0.005648027233752854,0.9999840698566327,0.004330319150077309,0.0032587184458656975,0.014844876998234403,True,True,True,False,True,True
123,108,attention_output_all_blocks,15,16,donor,0.0078125,0.005955922529467041,0.9999822797128372,0.008850308351418073,0.0035763431602435724,0.008386941584690154,True,True,True,False,True,True
123,108,attention_output_all_blocks,15,16,donor,0.015625,0.0,1.0,0.004597034741415557,0.0,0.008386941584690154,True,True,True,False,True,True
123,108,attention_output_all_blocks,15,16,donor,0.03125,0.003025728223893193,0.9999954296495699,0.002364872798339255,0.0017881715801217862,0.008386941584690154,True,True,True,False,True,True
123,108,attention_output_all_blocks,15,16,isotropic,0.0078125,0.0059359294190101525,0.9999824389703262,0.00830639534949438,0.0033471255647118956,0.00835612106217229,True,True,True,False,True,True
123,108,attention_output_all_blocks,15,16,isotropic,0.015625,0.0,1.0,0.004250888121039385,0.0,0.00835612106217229,True,True,True,False,True,True
123,108,attention_output_all_blocks,15,16,isotropic,0.03125,0.0029558013990770454,0.9999956363925343,0.0022353215416630883,0.0017781604562531945,0.00835612106217229,True,True,True,False,True,True
123,108,mlp_down_all_blocks,4,5,actual_local,0.0078125,0.00011001202380307835,0.9999999939673873,0.00018312095362058798,6.566796643252317e-05,0.00015454275964238456,True,True,True,False,True,True
123,108,mlp_down_all_blocks,4,5,actual_local,0.015625,0.0,1.0,0.0001760004077106165,0.0,0.00015454275964238456,True,True,True,False,True,True
123,108,mlp_down_all_blocks,4,5,actual_local,0.03125,5.8512123483333874e-05,0.9999999982882726,0.00031026257913527316,3.476539399368873e-05,0.00015454275964238456,True,True,True,False,True,True
123,108,mlp_down_all_blocks,4,5,accumulated,0.0078125,0.00011001202380307835,0.9999999939673873,0.00018312095362058798,6.566796643252317e-05,0.00015454275964238456,True,True,True,False,True,True
123,108,mlp_down_all_blocks,4,5,accumulated,0.015625,0.0,1.0,0.0001760004077106165,0.0,0.00015454275964238456,True,True,True,False,True,True
123,108,mlp_down_all_blocks,4,5,accumulated,0.03125,5.8512123483333874e-05,0.9999999982882726,0.00031026257913527316,3.476539399368873e-05,0.00015454275964238456,True,True,True,False,True,True
123,108,mlp_down_all_blocks,4,5,donor,0.0078125,0.00010276299487620547,0.9999999947211929,0.00015572157548019333,6.160237131524961e-05,0.00014405977975457478,True,True,True,False,True,True
123,108,mlp_down_all_blocks,4,5,donor,0.015625,0.0,1.0,8.638969787954352e-05,0.0,0.00014405977975457478,True,True,True,False,True,True
123,108,mlp_down_all_blocks,4,5,donor,0.03125,5.61499609995112e-05,0.9999999984244577,6.94806883753788e-05,3.2726259761226355e-05,0.00014405977975457478,True,True,True,False,True,True
123,108,mlp_down_all_blocks,4,5,isotropic,0.0078125,0.00010017770349233105,0.9999999949828106,0.000156150218367393,6.160841602052083e-05,0.00014030728427022495,True,True,True,False,True,True
123,108,mlp_down_all_blocks,4,5,isotropic,0.015625,0.0,1.0,8.545976118066143e-05,0.0,0.00014030728427022495,True,True,True,False,True,True
123,108,mlp_down_all_blocks,4,5,isotropic,0.03125,5.4948947277441895e-05,0.9999999984905247,6.89644720622251e-05,3.3692102511222325e-05,0.00014030728427022495,True,True,True,False,True,True
123,108,mlp_down_all_blocks,10,11,actual_local,0.0078125,0.00030862061376339033,0.9999999532785758,0.004727023642047871,0.00018994535384289917,0.0003547973427784587,True,True,True,False,True,True
123,108,mlp_down_all_blocks,10,11,actual_local,0.015625,0.0,1.0,0.009363327431134012,0.0,0.0003547973427784587,True,True,True,False,True,True
123,108,mlp_down_all_blocks,10,11,actual_local,0.03125,0.0007544045224564243,0.999999733354156,0.018681181651202357,0.0003739209965650215,0.0003547973427784587,True,True,True,False,True,True
123,108,mlp_down_all_blocks,10,11,accumulated,0.0078125,0.0011087760075984476,0.9999994209856465,0.012136211105579315,0.0004814156636061105,0.00021537720957549964,True,True,True,False,True,True
123,108,mlp_down_all_blocks,10,11,accumulated,0.015625,0.0,1.0,0.024200832443780806,0.0,0.00021537720957549964,True,True,True,False,True,True
123,108,mlp_down_all_blocks,10,11,accumulated,0.03125,0.004291861564658009,0.9999913810656107,0.04796197573244904,0.0018513264122499691,0.00021537720957549964,True,True,True,False,True,True
123,108,mlp_down_all_blocks,10,11,donor,0.0078125,0.00018997064600364803,0.9999999819592446,0.00040084185083111594,0.00011508042622878389,0.0002661333164862451,True,True,True,False,True,True
123,108,mlp_down_all_blocks,10,11,donor,0.015625,0.0,1.0,0.0005764425485148051,0.0,0.0002661333164862451,True,True,True,False,True,True
123,108,mlp_down_all_blocks,10,11,donor,0.03125,9.988541226707188e-05,0.9999999950114692,0.0011177133171777437,5.7540213114391946e-05,0.0002661333164862451,True,True,True,False,True,True
123,108,mlp_down_all_blocks,10,11,isotropic,0.0078125,0.00018627702050612817,0.9999999826506402,0.0004252945211704757,0.00011570582703304673,0.00026115443707915324,True,True,True,False,True,True
123,108,mlp_down_all_blocks,10,11,isotropic,0.015625,0.0,1.0,0.0006617098745214874,0.0,0.00026115443707915324,True,True,True,False,True,True
123,108,mlp_down_all_blocks,10,11,isotropic,0.03125,0.00010201093136171688,0.9999999947968865,0.0012889719574020926,5.9660817063914724e-05,0.00026115443707915324,True,True,True,False,True,True
123,108,mlp_down_all_blocks,15,16,actual_local,0.0078125,0.00044792501426751014,0.9999998996834194,0.0028671022322754444,0.0002632872433687876,0.0006328532518890204,True,True,True,False,True,True
123,108,mlp_down_all_blocks,15,16,actual_local,0.015625,0.0,1.0,0.0055231424608514715,0.0,0.0006328532518890204,True,True,True,False,True,True
123,108,mlp_down_all_blocks,15,16,actual_local,0.03125,0.0002688064094678012,0.9999999645416529,0.011027153281245799,0.0001682112943745032,0.0006328532518890204,True,True,True,False,True,True
123,108,mlp_down_all_blocks,15,16,accumulated,0.0078125,0.01478216820679421,0.999938746748238,0.06833371104761761,0.0007560566566479142,0.002623318612609815,True,True,True,False,True,True
123,108,mlp_down_all_blocks,15,16,accumulated,0.015625,0.0,1.0,0.13522695059994716,0.0,0.002623318612609815,True,True,True,False,True,True
123,108,mlp_down_all_blocks,15,16,accumulated,0.03125,0.05152286941523994,0.9991915200149216,0.25610454129564714,0.0028262039167831297,0.002623318612609815,False,True,False,False,True,True
123,108,mlp_down_all_blocks,15,16,donor,0.0078125,0.0003500370513285271,0.9999999387791048,0.0008800079721543657,0.00020894639495871406,0.000490152656322697,True,True,True,False,True,True
123,108,mlp_down_all_blocks,15,16,donor,0.015625,0.0,0.9999999999999999,0.0014557919708513608,0.0,0.000490152656322697,True,True,True,False,True,True
123,108,mlp_down_all_blocks,15,16,donor,0.03125,0.00016969172087915024,0.9999999856088053,0.0028568067153488955,0.00010997178682037583,0.000490152656322697,True,True,True,False,True,True
123,108,mlp_down_all_blocks,15,16,isotropic,0.0078125,0.0003426884356327878,0.9999999412852955,0.0008705892664910292,0.00020483649567935448,0.0004791600640790581,True,True,True,False,True,True
123,108,mlp_down_all_blocks,15,16,isotropic,0.015625,0.0,0.9999999999999999,0.0014052688245031885,0.0,0.0004791600640790581,True,True,True,False,True,True
123,108,mlp_down_all_blocks,15,16,isotropic,0.03125,0.000177698147507174,0.9999999842396985,0.0027403821298888917,0.00011379805315519694,0.0004791600640790581,True,True,True,False,True,True
123,109,qkv_all_blocks,4,5,actual_local,0.0078125,0.0011131751939128915,0.9999993806570916,0.001653916535804976,0.0006357370587186989,0.0015644248096461934,True,True,True,False,True,True
123,109,qkv_all_blocks,4,5,actual_local,0.015625,0.0,1.0,0.0009117883218595454,0.0,0.0015644248096461934,True,True,True,False,True,True
123,109,qkv_all_blocks,4,5,actual_local,0.03125,0.0006132122013711457,0.9999998120644334,0.00048465919688773926,0.0003807800091283874,0.0015644248096461934,True,True,True,False,True,True
123,109,qkv_all_blocks,4,5,accumulated,0.0078125,0.0011131751939128915,0.9999993806570916,0.001653916535804976,0.0006357370587186989,0.0015644248096461934,True,True,True,False,True,True
123,109,qkv_all_blocks,4,5,accumulated,0.015625,0.0,1.0,0.0009117883218595454,0.0,0.0015644248096461934,True,True,True,False,True,True
123,109,qkv_all_blocks,4,5,accumulated,0.03125,0.0006132122013711457,0.9999998120644334,0.00048465919688773926,0.0003807800091283874,0.0015644248096461934,True,True,True,False,True,True
123,109,qkv_all_blocks,4,5,donor,0.0078125,0.0011281592006936322,0.9999993638621195,0.0016994459866883128,0.0007151549864541016,0.0015786717359999466,True,True,True,False,True,True
123,109,qkv_all_blocks,4,5,donor,0.015625,0.0,0.9999999999999998,0.0009111999984007806,0.0,0.0015786717359999466,True,True,True,False,True,True
123,109,qkv_all_blocks,4,5,donor,0.03125,0.000613201188059221,0.9999998119968546,0.000483872795441387,0.000370821104087312,0.0015786717359999466,True,True,True,False,True,True
123,109,qkv_all_blocks,4,5,isotropic,0.0078125,0.001132645172537692,0.9999993591180315,0.001708025779926796,0.0006359146169507569,0.0015844004181702338,True,True,True,False,True,True
123,109,qkv_all_blocks,4,5,isotropic,0.015625,0.0,1.0,0.0008918778721233215,0.0,0.0015844004181702338,True,True,True,False,True,True
123,109,qkv_all_blocks,4,5,isotropic,0.03125,0.0006078963504502665,0.9999998152315567,0.0004814487721801972,0.00037095019322127485,0.0015844004181702338,True,True,True,False,True,True
123,109,qkv_all_blocks,10,11,actual_local,0.0078125,0.002014609831086347,0.9999979712413293,0.0030708924734000817,0.0013199845524369813,0.002817721908859564,True,True,True,False,True,True
123,109,qkv_all_blocks,10,11,actual_local,0.015625,0.0,1.0,0.0016489987742205345,0.0,0.002817721908859564,True,True,True,False,True,True
123,109,qkv_all_blocks,10,11,actual_local,0.03125,0.0010484745503782783,0.9999994510257253,0.0008886292065586064,0.0007039917612997234,0.002817721908859564,True,True,True,False,True,True
123,109,qkv_all_blocks,10,11,accumulated,0.0078125,0.0012601212745479988,0.9999992063756495,0.0020009389325824777,0.000820052608469253,0.0017758752055318872,True,True,True,False,True,True
123,109,qkv_all_blocks,10,11,accumulated,0.015625,0.0,1.0,0.0010504277011783815,0.0,0.0017758752055318872,True,True,True,False,True,True
123,109,qkv_all_blocks,10,11,accumulated,0.03125,0.0006756934506765317,0.9999997717723684,0.0005956295120739932,0.0004373613911836016,0.0017758752055318872,True,True,True,False,True,True
123,109,qkv_all_blocks,10,11,donor,0.0078125,0.002044978655536505,0.999997909123097,0.003071060895597074,0.0012446155483266206,0.002868243686705862,True,True,True,False,True,True
123,109,qkv_all_blocks,10,11,donor,0.015625,0.0,1.0,0.0015843933849097516,0.0,0.002868243686705862,True,True,True,False,True,True
123,109,qkv_all_blocks,10,11,donor,0.03125,0.0010590504206991285,0.9999994392066213,0.0008567936707988822,0.000711208884758069,0.002868243686705862,True,True,True,False,True,True
123,109,qkv_all_blocks,10,11,isotropic,0.0078125,0.00193859945051086,0.9999981212555877,0.0029532285277768734,0.0012203704853849596,0.002696063541161533,True,True,True,False,True,True
123,109,qkv_all_blocks,10,11,isotropic,0.015625,0.0,0.9999999999999999,0.0015067641701303528,0.0,0.002696063541161533,True,True,True,False,True,True
123,109,qkv_all_blocks,10,11,isotropic,0.03125,0.0010033730680101501,0.9999994966782502,0.0008182782899472435,0.0006537699028847998,0.002696063541161533,True,True,True,False,True,True
123,109,qkv_all_blocks,15,16,actual_local,0.0078125,0.002637734791730491,0.9999965302992094,0.0040603227464230006,0.0016168094346566675,0.003716136705799988,True,True,True,False,True,True
123,109,qkv_all_blocks,15,16,actual_local,0.015625,0.0,0.9999999999999998,0.00225187713852371,0.0,0.003716136705799988,True,True,True,False,True,True
123,109,qkv_all_blocks,15,16,actual_local,0.03125,0.0014116604405711491,0.9999990040349016,0.002188359988577532,0.0008488249531947504,0.003716136705799988,True,True,True,False,True,True
123,109,qkv_all_blocks,15,16,accumulated,0.0078125,0.001223520904343221,0.9999992581808775,0.0099240307579761,0.0007180351775572093,0.0016972824117097562,True,True,True,False,True,True
123,109,qkv_all_blocks,15,16,accumulated,0.015625,0.0,1.0,0.019705118216022832,0.0,0.0016972824117097562,True,True,True,False,True,True
123,109,qkv_all_blocks,15,16,accumulated,0.03125,0.0012305684507093692,0.9999994199948197,0.039423654511002285,0.0004083825072356628,0.0016972824117097562,True,True,True,False,True,True
123,109,qkv_all_blocks,15,16,donor,0.0078125,0.0027453953375080062,0.9999962358341389,0.004102782072165469,0.0017065241627194972,0.003849338440665023,True,True,True,False,True,True
123,109,qkv_all_blocks,15,16,donor,0.015625,0.0,1.0,0.0021057890539766034,0.0,0.003849338440665023,True,True,True,False,True,True
123,109,qkv_all_blocks,15,16,donor,0.03125,0.0014049929312525008,0.9999990131485134,0.001167482340553989,0.0008532620813597486,0.003849338440665023,True,True,True,False,True,True
123,109,qkv_all_blocks,15,16,isotropic,0.0078125,0.0027969277586247857,0.9999960903981077,0.004119436833233753,0.0016982746134880965,0.003929678826598472,True,True,True,False,True,True
123,109,qkv_all_blocks,15,16,isotropic,0.015625,0.0,1.0,0.0020646780939258405,0.0,0.003929678826598472,True,True,True,False,True,True
123,109,qkv_all_blocks,15,16,isotropic,0.03125,0.0013896097207669281,0.9999990346892969,0.0011157038820169883,0.0008491373067440483,0.003929678826598472,True,True,True,False,True,True
123,109,attention_output_all_blocks,4,5,actual_local,0.0078125,0.008355616762797124,0.9999651555752874,0.011893569455779754,0.005045609478024978,0.011622926785364947,True,True,True,False,True,True
123,109,attention_output_all_blocks,4,5,actual_local,0.015625,0.0,1.0,0.006560616686719936,0.0,0.011622926785364947,True,True,True,False,True,True
123,109,attention_output_all_blocks,4,5,actual_local,0.03125,0.0044740655682866245,0.9999899914930351,0.0036342650988122355,0.0027521506243772605,0.011622926785364947,True,True,True,False,True,True
123,109,attention_output_all_blocks,4,5,accumulated,0.0078125,0.008355616762797124,0.9999651555752874,0.011893569455779754,0.005045609478024978,0.011622926785364947,True,True,True,False,True,True
123,109,attention_output_all_blocks,4,5,accumulated,0.015625,0.0,1.0,0.006560616686719936,0.0,0.011622926785364947,True,True,True,False,True,True
123,109,attention_output_all_blocks,4,5,accumulated,0.03125,0.0044740655682866245,0.9999899914930351,0.0036342650988122355,0.0027521506243772605,0.011622926785364947,True,True,True,False,True,True
123,109,attention_output_all_blocks,4,5,donor,0.0078125,0.008027914286980421,0.9999677957621516,0.011588544614826477,0.005041591026350399,0.011241598066940119,True,True,True,False,True,True
123,109,attention_output_all_blocks,4,5,donor,0.015625,0.0,0.9999999999999998,0.006534027136141543,0.0,0.011241598066940119,True,True,True,False,True,True
123,109,attention_output_all_blocks,4,5,donor,0.03125,0.004488880202256671,0.999989925935609,0.003632830893173177,0.0027499587416456722,0.011241598066940119,True,True,True,False,True,True
123,109,attention_output_all_blocks,4,5,isotropic,0.0078125,0.007385764354021923,0.9999727324614528,0.010976553670690255,0.004557556309978201,0.010303842438505587,True,True,True,False,True,True
123,109,attention_output_all_blocks,4,5,isotropic,0.015625,0.0,1.0,0.005925959617098492,0.0,0.010303842438505587,True,True,True,False,True,True
123,109,attention_output_all_blocks,4,5,isotropic,0.03125,0.003995394975850283,0.9999920193214759,0.003256767603709646,0.002392717062738555,0.010303842438505587,True,True,True,False,True,True
123,109,attention_output_all_blocks,10,11,actual_local,0.0078125,0.009916107327950962,0.9999508362040411,0.01552525849845352,0.006478842542943449,0.013814357031545156,True,True,True,False,True,True
123,109,attention_output_all_blocks,10,11,actual_local,0.015625,0.0,1.0,0.008047844978758366,0.0,0.013814357031545156,True,True,True,False,True,True
123,109,attention_output_all_blocks,10,11,actual_local,0.03125,0.0051595599177538115,0.9999866896015633,0.00436850012223585,0.0032394212714717246,0.013814357031545156,True,True,True,False,True,True
123,109,attention_output_all_blocks,10,11,accumulated,0.0078125,0.010183219304265533,0.9999481900330767,0.01536138460745504,0.006421629245710999,0.01418855388322968,True,True,True,False,True,True
123,109,attention_output_all_blocks,10,11,accumulated,0.015625,0.0,1.0,0.007874326002506118,0.0,0.01418855388322968,True,True,True,False,True,True
123,109,attention_output_all_blocks,10,11,accumulated,0.03125,0.005213399596340439,0.9999864218064344,0.004267754492264492,0.003329733682961259,0.01418855388322968,True,True,True,False,True,True
123,109,attention_output_all_blocks,10,11,donor,0.0078125,0.00955644719005148,0.9999543822743965,0.01475079550204264,0.006268394657198574,0.013389450296215102,True,True,True,False,True,True
123,109,attention_output_all_blocks,10,11,donor,0.015625,0.0,1.0,0.007531928166831725,0.0,0.013389450296215102,True,True,True,False,True,True
123,109,attention_output_all_blocks,10,11,donor,0.03125,0.0050076319107374995,0.9999874667938984,0.004061795007255851,0.003134197328599287,0.013389450296215102,True,True,True,False,True,True
123,109,attention_output_all_blocks,10,11,isotropic,0.0078125,0.007552391338158951,0.9999715079590015,0.011727661938779105,0.004812095682604775,0.01063412391415699,True,True,True,False,True,True
123,109,attention_output_all_blocks,10,11,isotropic,0.015625,0.0,1.0,0.0063478764901716625,0.0,0.01063412391415699,True,True,True,False,True,True
123,109,attention_output_all_blocks,10,11,isotropic,0.03125,0.0042563665504258014,0.9999909422611705,0.0033460708650861716,0.0026065518280775865,0.01063412391415699,True,True,True,False,True,True
123,109,attention_output_all_blocks,15,16,actual_local,0.0078125,0.003046684689241059,0.9999953594029074,0.005707360790166571,0.0018830955019383336,0.004292563781060282,True,True,True,False,True,True
123,109,attention_output_all_blocks,15,16,actual_local,0.015625,0.0,1.0,0.006919897159729076,0.0,0.004292563781060282,True,True,True,False,True,True
123,109,attention_output_all_blocks,15,16,actual_local,0.03125,0.0016272645189663415,0.9999986884043277,0.01268238978519229,0.0009974521486829611,0.004292563781060282,True,True,True,False,True,True
123,109,attention_output_all_blocks,15,16,accumulated,0.0078125,0.007984402248884326,0.999968398281471,0.012128033873942538,0.0050271313304276,0.011188102372745668,True,True,True,False,True,True
123,109,attention_output_all_blocks,15,16,accumulated,0.015625,0.0,1.0,0.006230548078150305,0.0,0.011188102372745668,True,True,True,False,True,True
123,109,attention_output_all_blocks,15,16,accumulated,0.03125,0.004020782599452951,0.9999919827169887,0.00478541506077989,0.0025135656652138,0.011188102372745668,True,True,True,False,True,True
123,109,attention_output_all_blocks,15,16,donor,0.0078125,0.004724212835745483,0.9999888408689885,0.006476186072144681,0.0027890381601684893,0.006680897879317712,True,True,True,False,True,True
123,109,attention_output_all_blocks,15,16,donor,0.015625,0.0,1.0,0.0033947375812503422,0.0,0.006680897879317712,True,True,True,False,True,True
123,109,attention_output_all_blocks,15,16,donor,0.03125,0.0024076953176061025,0.9999971015721565,0.0017878206409630822,0.0013945190800842447,0.006680897879317712,True,True,True,False,True,True
123,109,attention_output_all_blocks,15,16,isotropic,0.0078125,0.0044920985434471475,0.9999899112229063,0.006086155444778206,0.0027232701798376078,0.0062447326247320285,True,True,True,False,True,True
123,109,attention_output_all_blocks,15,16,isotropic,0.015625,0.0,1.0,0.003279928990988528,0.0,0.0062447326247320285,True,True,True,False,True,True
123,109,attention_output_all_blocks,15,16,isotropic,0.03125,0.002147858559129865,0.9999976933551179,0.0017074562882074043,0.0013361044319828263,0.0062447326247320285,True,True,True,False,True,True
123,109,mlp_down_all_blocks,4,5,actual_local,0.0078125,0.00011132250950927143,0.9999999938037387,0.00019894693920122206,6.651240551904482e-05,0.00015481410649036167,True,True,True,False,True,True
123,109,mlp_down_all_blocks,4,5,actual_local,0.015625,0.0,1.0,0.0002268209376361973,0.0,0.00015481410649036167,True,True,True,False,True,True
123,109,mlp_down_all_blocks,4,5,actual_local,0.03125,5.867808995625068e-05,0.9999999982795835,0.0004185765062569185,3.521244998067079e-05,0.00015481410649036167,True,True,True,False,True,True
123,109,mlp_down_all_blocks,4,5,accumulated,0.0078125,0.00011132250950927143,0.9999999938037387,0.00019894693920122206,6.651240551904482e-05,0.00015481410649036167,True,True,True,False,True,True
123,109,mlp_down_all_blocks,4,5,accumulated,0.015625,0.0,1.0,0.0002268209376361973,0.0,0.00015481410649036167,True,True,True,False,True,True
123,109,mlp_down_all_blocks,4,5,accumulated,0.03125,5.867808995625068e-05,0.9999999982795835,0.0004185765062569185,3.521244998067079e-05,0.00015481410649036167,True,True,True,False,True,True
123,109,mlp_down_all_blocks,4,5,donor,0.0078125,0.00010341244216456311,0.9999999946543469,0.0001601512622953842,6.244895260295989e-05,0.00014485257635591395,True,True,True,False,True,True
123,109,mlp_down_all_blocks,4,5,donor,0.015625,0.0,1.0,9.212585828258283e-05,0.0,0.00014485257635591395,True,True,True,False,True,True
123,109,mlp_down_all_blocks,4,5,donor,0.03125,5.5193484371523405e-05,0.9999999984768413,8.889153184232055e-05,3.1224476301479944e-05,0.00014485257635591395,True,True,True,False,True,True
123,109,mlp_down_all_blocks,4,5,isotropic,0.0078125,0.00010378201304867289,0.999999994617957,0.00016112494177925114,6.246312485394626e-05,0.000145340114870586,True,True,True,False,True,True
123,109,mlp_down_all_blocks,4,5,isotropic,0.015625,0.0,1.0,9.485289376333455e-05,0.0,0.000145340114870586,True,True,True,False,True,True
123,109,mlp_down_all_blocks,4,5,isotropic,0.03125,5.541645416579172e-05,0.9999999984647037,9.413446075045842e-05,3.318353507865895e-05,0.000145340114870586,True,True,True,False,True,True
123,109,mlp_down_all_blocks,10,11,actual_local,0.0078125,0.0002454170385921594,0.9999999701040607,0.0028196571800627817,0.00015253920244755938,0.0003268350882869201,True,True,True,False,True,True
123,109,mlp_down_all_blocks,10,11,actual_local,0.015625,0.0,1.0,0.005592305630993729,0.0,0.0003268350882869201,True,True,True,False,True,True
123,109,mlp_down_all_blocks,10,11,actual_local,0.03125,0.00036762162191922906,0.9999999344077874,0.011160737764471296,0.00018304704293707125,0.0003268350882869201,True,True,True,False,True,True
123,109,mlp_down_all_blocks,10,11,accumulated,0.0078125,0.0004752552681948384,0.9999998908368112,0.006858845731955706,0.00023810256025972259,0.0002018880269122968,True,True,True,False,True,True
123,109,mlp_down_all_blocks,10,11,accumulated,0.015625,0.0,1.0,0.013689137177085278,0.0,0.0002018880269122968,True,True,True,False,True,True
123,109,mlp_down_all_blocks,10,11,accumulated,0.03125,0.0018055393944200753,0.9999984215372973,0.02718085689533842,0.0008085566108819747,0.0002018880269122968,True,True,True,False,True,True
123,109,mlp_down_all_blocks,10,11,donor,0.0078125,0.000188078140852854,0.9999999823147407,0.00043618801734832374,0.00010878500480999788,0.00026184027323126595,True,True,True,False,True,True
123,109,mlp_down_all_blocks,10,11,donor,0.015625,0.0,1.0,0.0006864658453569852,0.0,0.00026184027323126595,True,True,True,False,True,True
123,109,mlp_down_all_blocks,10,11,donor,0.03125,0.0001006880357620718,0.9999999949418762,0.0013411691878366517,6.629086230609246e-05,0.00026184027323126595,True,True,True,False,True,True
123,109,mlp_down_all_blocks,10,11,isotropic,0.0078125,0.0001847265513223796,0.9999999829381004,0.00041527349456571175,0.00010940224025585032,0.0002591055932992455,True,True,True,False,True,True
123,109,mlp_down_all_blocks,10,11,isotropic,0.015625,0.0,0.9999999999999998,0.0006350336674310101,0.0,0.0002591055932992455,True,True,True,False,True,True
123,109,mlp_down_all_blocks,10,11,isotropic,0.03125,9.952035739083414e-05,0.9999999950505049,0.0012348083772257918,5.641053013192283e-05,0.0002591055932992455,True,True,True,False,True,True
123,109,mlp_down_all_blocks,15,16,actual_local,0.0078125,0.00036931435033728336,0.9999999318051462,0.00356741217377136,0.00023164988286644483,0.0005186618831414362,True,True,True,False,True,True
123,109,mlp_down_all_blocks,15,16,actual_local,0.015625,0.0,1.0,0.0070146354579218645,0.0,0.0005186618831414362,True,True,True,False,True,True
123,109,mlp_down_all_blocks,15,16,actual_local,0.03125,0.0002724858813228994,0.999999965574949,0.014011325371070887,0.00016847264208468715,0.0005186618831414362,True,True,True,False,True,True
123,109,mlp_down_all_blocks,15,16,accumulated,0.0078125,0.0013651062334467871,0.9999991999548831,0.019373004936081944,0.0005491826957614269,0.00015716397005642382,True,True,True,False,True,True
123,109,mlp_down_all_blocks,15,16,accumulated,0.015625,0.0,0.9999999999999999,0.03871730263397154,0.0,0.00015716397005642382,True,True,True,False,True,True
123,109,mlp_down_all_blocks,15,16,accumulated,0.03125,0.0054020786508271615,0.9999874915975566,0.07735605542778443,0.0022135839152581807,0.00015716397005642382,True,True,True,False,True,True
123,109,mlp_down_all_blocks,15,16,donor,0.0078125,0.00032938025905378184,0.9999999458716776,0.0009957954164907903,0.0002071462235890716,0.00046263694298296715,True,True,True,False,True,True
123,109,mlp_down_all_blocks,15,16,donor,0.015625,0.0,1.0,0.0017588501134645172,0.0,0.00046263694298296715,True,True,True,False,True,True
123,109,mlp_down_all_blocks,15,16,donor,0.03125,0.0001726088385636314,0.9999999851031766,0.0034665648896242815,0.00010828098051246925,0.00046263694298296715,True,True,True,False,True,True
123,109,mlp_down_all_blocks,15,16,isotropic,0.0078125,0.00033368024868115725,0.9999999443288086,0.000921961845914102,0.00021188627603131111,0.00046949329172022315,True,True,True,False,True,True
123,109,mlp_down_all_blocks,15,16,isotropic,0.015625,0.0,1.0,0.001542375178094544,0.0,0.00046949329172022315,True,True,True,False,True,True
123,109,mlp_down_all_blocks,15,16,isotropic,0.03125,0.0001749948642199812,0.9999999846987239,0.0030190514310348563,0.00011075873519818536,0.00046949329172022315,True,True,True,False,True,True
123,110,qkv_all_blocks,4,5,actual_local,0.0078125,0.0011634346858496517,0.9999993237442656,0.0016801671238519317,0.0006428260856825274,0.0016359423136470296,True,True,True,False,True,True
123,110,qkv_all_blocks,4,5,actual_local,0.015625,0.0,1.0,0.0009223835494370057,0.0,0.0016359423136470296,True,True,True,False,True,True
123,110,qkv_all_blocks,4,5,actual_local,0.03125,0.0006137229862879356,0.9999998117060105,0.00047685760318332823,0.00037498188331480767,0.0016359423136470296,True,True,True,False,True,True
123,110,qkv_all_blocks,4,5,accumulated,0.0078125,0.0011634346858496517,0.9999993237442656,0.0016801671238519317,0.0006428260856825274,0.0016359423136470296,True,True,True,False,True,True
123,110,qkv_all_blocks,4,5,accumulated,0.015625,0.0,1.0,0.0009223835494370057,0.0,0.0016359423136470296,True,True,True,False,True,True
123,110,qkv_all_blocks,4,5,accumulated,0.03125,0.0006137229862879356,0.9999998117060105,0.00047685760318332823,0.00037498188331480767,0.0016359423136470296,True,True,True,False,True,True
123,110,qkv_all_blocks,4,5,donor,0.0078125,0.0011544807585100643,0.9999993339139537,0.001705217550716781,0.0006428250853626243,0.0016164305406210385,True,True,True,False,True,True
123,110,qkv_all_blocks,4,5,donor,0.015625,0.0,1.0,0.0009001566166868269,0.0,0.0016164305406210385,True,True,True,False,True,True
123,110,qkv_all_blocks,4,5,donor,0.03125,0.00061586387009055,0.9999998103604749,0.00048391692231211934,0.00037498129979486415,0.0016164305406210385,True,True,True,False,True,True
123,110,qkv_all_blocks,4,5,isotropic,0.0078125,0.001157229699389985,0.9999993304149742,0.001658774746952141,0.0006425103368300166,0.0016150905237764465,True,True,True,False,True,True
123,110,qkv_all_blocks,4,5,isotropic,0.015625,0.0,1.0,0.0009025227836647206,0.0,0.0016150905237764465,True,True,True,False,True,True
123,110,qkv_all_blocks,4,5,isotropic,0.03125,0.0005922326517952877,0.9999998246759803,0.0004826176455194518,0.0003747976964841763,0.0016150905237764465,True,True,True,False,True,True
123,110,qkv_all_blocks,10,11,actual_local,0.0078125,0.0010530132590320458,0.9999994832556973,0.005500449371213538,0.0006496765056301657,0.0013933876775207392,True,True,True,False,True,True
123,110,qkv_all_blocks,10,11,actual_local,0.015625,0.0,1.0,0.010596783111118412,0.0,0.0013933876775207392,True,True,True,False,True,True
123,110,qkv_all_blocks,10,11,actual_local,0.03125,0.0010967011873722712,0.9999995211196385,0.021105581144685547,0.000577490227226814,0.0013933876775207392,True,True,True,False,True,True
123,110,qkv_all_blocks,10,11,accumulated,0.0078125,0.001052460509974634,0.9999994473208144,0.0034826679141552737,0.000612421189486984,0.0014770092135942615,True,True,True,False,True,True
123,110,qkv_all_blocks,10,11,accumulated,0.015625,0.0,0.9999999999999998,0.006201689070008814,0.0,0.0014770092135942615,True,True,True,False,True,True
123,110,qkv_all_blocks,10,11,accumulated,0.03125,0.0007182218278333793,0.9999997639408666,0.012207700852061963,0.0004210395677723015,0.0014770092135942615,True,True,True,False,True,True
123,110,qkv_all_blocks,10,11,donor,0.0078125,0.0019387517748205565,0.9999981226679305,0.0028907363864424766,0.0013025617810535812,0.0027368998681478927,True,True,True,False,True,True
123,110,qkv_all_blocks,10,11,donor,0.015625,0.0,0.9999999999999998,0.0014724233491816546,0.0,0.0027368998681478927,True,True,True,False,True,True
123,110,qkv_all_blocks,10,11,donor,0.03125,0.00099534149808176,0.9999995046478304,0.0009299695814901183,0.0006512808905267906,0.0027368998681478927,True,True,True,False,True,True
123,110,qkv_all_blocks,10,11,isotropic,0.0078125,0.0020036771069829942,0.9999979927882312,0.0029108286370710117,0.0013046234784392535,0.0028260483375174487,True,True,True,False,True,True
123,110,qkv_all_blocks,10,11,isotropic,0.015625,0.0,1.0,0.0014651487657034441,0.0,0.0028260483375174487,True,True,True,False,True,True
123,110,qkv_all_blocks,10,11,isotropic,0.03125,0.0010045971924358325,0.9999994956518999,0.0008471995508036638,0.0006523117392196267,0.0028260483375174487,True,True,True,False,True,True
123,110,qkv_all_blocks,15,16,actual_local,0.0078125,0.002479989838133221,0.9999969249050737,0.0038258589363745175,0.0014205889590827832,0.0034693666359219993,True,True,True,False,True,True
123,110,qkv_all_blocks,15,16,actual_local,0.015625,0.0,1.0,0.002386684745173479,0.0,0.0034693666359219993,True,True,True,False,True,True
123,110,qkv_all_blocks,15,16,actual_local,0.03125,0.001312259098064613,0.9999991457266313,0.003093840688475923,0.0007813239274955308,0.0034693666359219993,True,True,True,False,True,True
123,110,qkv_all_blocks,15,16,accumulated,0.0078125,0.0004722012102666622,0.9999998915113966,0.005384660182933829,0.0002633848416023813,0.0006308426697131688,True,True,True,False,True,True
123,110,qkv_all_blocks,15,16,accumulated,0.015625,0.0,1.0,0.01066520528084849,0.0,0.0006308426697131688,True,True,True,False,True,True
123,110,qkv_all_blocks,15,16,accumulated,0.03125,0.0006542998321713193,0.999999852935433,0.021279516614906905,0.00022148270771109335,0.0006308426697131688,True,True,True,False,True,True
123,110,qkv_all_blocks,15,16,donor,0.0078125,0.002738198830339699,0.9999962561140243,0.004306218192007154,0.0016362570904247015,0.003889044480681553,True,True,True,False,True,True
123,110,qkv_all_blocks,15,16,donor,0.015625,0.0,1.0,0.002196558445306358,0.0,0.003889044480681553,True,True,True,False,True,True
123,110,qkv_all_blocks,15,16,donor,0.03125,0.0015115166702390386,0.9999988593328563,0.0012434441019651763,0.000879488186103277,0.003889044480681553,True,True,True,False,True,True
123,110,qkv_all_blocks,15,16,isotropic,0.0078125,0.0027302687304343333,0.999996273868425,0.004277044618896081,0.0016075620499851635,0.0038860457619065373,True,True,True,False,True,True
123,110,qkv_all_blocks,15,16,isotropic,0.015625,0.0,1.0,0.002099956841234063,0.0,0.0038860457619065373,True,True,True,False,True,True
123,110,qkv_all_blocks,15,16,isotropic,0.03125,0.0015667510937469892,0.9999987730313233,0.0011542080533701296,0.000964537229991098,0.0038860457619065373,True,True,True,False,True,True
123,110,attention_output_all_blocks,4,5,actual_local,0.0078125,0.008977036109086295,0.9999597182921254,0.012638319931007107,0.005492122491570908,0.012631627265446692,True,True,True,False,True,True
123,110,attention_output_all_blocks,4,5,actual_local,0.015625,0.0,0.9999999999999999,0.007037081611136794,0.0,0.012631627265446692,True,True,True,False,True,True
123,110,attention_output_all_blocks,4,5,actual_local,0.03125,0.004852549816626967,0.9999882299923282,0.003797226202276771,0.002995703177220495,0.012631627265446692,True,True,True,False,True,True
123,110,attention_output_all_blocks,4,5,accumulated,0.0078125,0.008977036109086295,0.9999597182921254,0.012638319931007107,0.005492122491570908,0.012631627265446692,True,True,True,False,True,True
123,110,attention_output_all_blocks,4,5,accumulated,0.015625,0.0,0.9999999999999999,0.007037081611136794,0.0,0.012631627265446692,True,True,True,False,True,True
123,110,attention_output_all_blocks,4,5,accumulated,0.03125,0.004852549816626967,0.9999882299923282,0.003797226202276771,0.002995703177220495,0.012631627265446692,True,True,True,False,True,True
123,110,attention_output_all_blocks,4,5,donor,0.0078125,0.009110304982637988,0.9999585044810848,0.013057296558741887,0.0055214097894366425,0.012715102699730817,True,True,True,False,True,True
123,110,attention_output_all_blocks,4,5,donor,0.015625,0.0,1.0,0.007200713452867506,0.0,0.012715102699730817,True,True,True,False,True,True
123,110,attention_output_all_blocks,4,5,donor,0.03125,0.005036920686486625,0.9999873150654414,0.003972329748708505,0.0030116780669654413,0.012715102699730817,True,True,True,False,True,True
123,110,attention_output_all_blocks,4,5,isotropic,0.0078125,0.007832940639802595,0.9999693221351963,0.0113445073301626,0.004462347884469575,0.010892125519202649,True,True,True,False,True,True
123,110,attention_output_all_blocks,4,5,isotropic,0.015625,0.0,1.0,0.006214956177513761,0.0,0.010892125519202649,True,True,True,False,True,True
123,110,attention_output_all_blocks,4,5,isotropic,0.03125,0.004227312181209989,0.9999910655210612,0.0034309036375285203,0.0026030362659405855,0.010892125519202649,True,True,True,False,True,True
123,110,attention_output_all_blocks,10,11,actual_local,0.0078125,0.004662196447293827,0.9999893796886311,0.0071781633529905105,0.0031283657575450533,0.006520098183015217,True,True,True,False,True,True
123,110,attention_output_all_blocks,10,11,actual_local,0.015625,0.0,1.0,0.004931627227636762,0.0,0.006520098183015217,True,True,True,False,True,True
123,110,attention_output_all_blocks,10,11,actual_local,0.03125,0.0024959544323030353,0.999996927063839,0.00575034632395285,0.0015641828787725267,0.006520098183015217,True,True,True,False,True,True
123,110,attention_output_all_blocks,10,11,accumulated,0.0078125,0.012203451009527995,0.9999274798668655,0.01564944440041782,0.007830564135512648,0.017012545639098937,True,True,True,False,True,True
123,110,attention_output_all_blocks,10,11,accumulated,0.015625,0.0,1.0,0.008307480159061964,0.0,0.017012545639098937,True,True,True,False,True,True
123,110,attention_output_all_blocks,10,11,accumulated,0.03125,0.005603335131937351,0.999984348563887,0.0043525536696375966,0.0034258718092867835,0.017012545639098937,True,True,True,False,True,True
123,110,attention_output_all_blocks,10,11,donor,0.0078125,0.010119694556907666,0.9999488464569051,0.014636551644052746,0.005879802659950411,0.014332874639180407,True,True,True,False,True,True
123,110,attention_output_all_blocks,10,11,donor,0.015625,0.0,1.0,0.007861879701049339,0.0,0.014332874639180407,True,True,True,False,True,True
123,110,attention_output_all_blocks,10,11,donor,0.03125,0.005750645390122888,0.9999834763379685,0.004220650556519188,0.0039198684399669404,0.014332874639180407,True,True,True,False,True,True
123,110,attention_output_all_blocks,10,11,isotropic,0.0078125,0.00870360298178878,0.9999621245461011,0.01294512436750742,0.0055156881737272795,0.012292746291297334,True,True,True,False,True,True
123,110,attention_output_all_blocks,10,11,isotropic,0.015625,0.0,1.0,0.006770704154355027,0.0,0.012292746291297334,True,True,True,False,True,True
123,110,attention_output_all_blocks,10,11,isotropic,0.03125,0.004821581267147558,0.9999883769546503,0.003608776074164723,0.0029876644274356096,0.012292746291297334,True,True,True,False,True,True
123,110,attention_output_all_blocks,15,16,actual_local,0.0078125,0.0033920938229061756,0.999994280076048,0.004904496475252902,0.001909249542855768,0.004772870611572962,True,True,True,False,True,True
123,110,attention_output_all_blocks,15,16,actual_local,0.015625,0.0,0.9999999999999999,0.003345023504540504,0.0,0.004772870611572962,True,True,True,False,True,True
123,110,attention_output_all_blocks,15,16,actual_local,0.03125,0.0017190665312795852,0.9999985278206829,0.004715992309467367,0.0010500872485706724,0.004772870611572962,True,True,True,False,True,True
123,110,attention_output_all_blocks,15,16,accumulated,0.0078125,0.005941799429921755,0.9999824731525646,0.00836830039249015,0.003349753432142781,0.00836090905561379,True,True,True,False,True,True
123,110,attention_output_all_blocks,15,16,accumulated,0.015625,0.0,1.0,0.004389695623048306,0.0,0.00836090905561379,True,True,True,False,True,True
123,110,attention_output_all_blocks,15,16,accumulated,0.03125,0.0029306839709207794,0.9999957193129472,0.002724617103286502,0.0017586205518749602,0.00836090905561379,True,True,True,False,True,True
123,110,attention_output_all_blocks,15,16,donor,0.0078125,0.00477221201989159,0.9999886237437811,0.007584927845722613,0.0028886756066012305,0.006654950848687757,True,True,True,False,True,True
123,110,attention_output_all_blocks,15,16,donor,0.015625,0.0,0.9999999999999999,0.0037967887813947334,0.0,0.006654950848687757,True,True,True,False,True,True
123,110,attention_output_all_blocks,15,16,donor,0.03125,0.0023991231680837027,0.9999971246996815,0.001999848865617828,0.0014443378033006152,0.006654950848687757,True,True,True,False,True,True
123,110,attention_output_all_blocks,15,16,isotropic,0.0078125,0.0046323475647831475,0.9999892769527619,0.0070558001013398125,0.0028059780581091405,0.006501669405237448,True,True,True,False,True,True
123,110,attention_output_all_blocks,15,16,isotropic,0.015625,0.0,0.9999999999999999,0.0036247311085503366,0.0,0.006501669405237448,True,True,True,False,True,True
123,110,attention_output_all_blocks,15,16,isotropic,0.03125,0.0023518410858904245,0.9999972353084097,0.0018935312623950319,0.0014029890290545703,0.006501669405237448,True,True,True,False,True,True
123,110,mlp_down_all_blocks,4,5,actual_local,0.0078125,0.0001080564110505198,0.9999999941686899,0.00017250755636341456,6.518523079304339e-05,0.0001519142914086772,True,True,True,False,True,True
123,110,mlp_down_all_blocks,4,5,actual_local,0.015625,0.0,1.0,0.00015635160229226337,0.0,0.0001519142914086772,True,True,True,False,True,True
123,110,mlp_down_all_blocks,4,5,actual_local,0.03125,5.667625846411737e-05,0.9999999983942011,0.00026772259475126345,3.2592615396521694e-05,0.0001519142914086772,True,True,True,False,True,True
123,110,mlp_down_all_blocks,4,5,accumulated,0.0078125,0.0001080564110505198,0.9999999941686899,0.00017250755636341456,6.518523079304339e-05,0.0001519142914086772,True,True,True,False,True,True
123,110,mlp_down_all_blocks,4,5,accumulated,0.015625,0.0,1.0,0.00015635160229226337,0.0,0.0001519142914086772,True,True,True,False,True,True
123,110,mlp_down_all_blocks,4,5,accumulated,0.03125,5.667625846411737e-05,0.9999999983942011,0.00026772259475126345,3.2592615396521694e-05,0.0001519142914086772,True,True,True,False,True,True
123,110,mlp_down_all_blocks,4,5,donor,0.0078125,9.980493436427956e-05,0.9999999950198057,0.0001503565059938488,6.11774926143185e-05,0.00014022726151967228,True,True,True,False,True,True
123,110,mlp_down_all_blocks,4,5,donor,0.015625,0.0,1.0,8.306593246432279e-05,0.0,0.00014022726151967228,True,True,True,False,True,True
123,110,mlp_down_all_blocks,4,5,donor,0.03125,5.4011354038267285e-05,0.9999999985416667,5.837818589819636e-05,3.250054295135671e-05,0.00014022726151967228,True,True,True,False,True,True
123,110,mlp_down_all_blocks,4,5,isotropic,0.0078125,0.00010165848886367222,0.9999999948345321,0.00014959213688371816,6.116587444726778e-05,0.00014222820657209027,True,True,True,False,True,True
123,110,mlp_down_all_blocks,4,5,isotropic,0.015625,0.0,1.0,8.404589403067677e-05,0.0,0.00014222820657209027,True,True,True,False,True,True
123,110,mlp_down_all_blocks,4,5,isotropic,0.03125,5.3406632122356476e-05,0.9999999985740213,6.841067229865833e-05,3.058293722363389e-05,0.00014222820657209027,True,True,True,False,True,True
123,110,mlp_down_all_blocks,10,11,actual_local,0.0078125,0.01366564285086539,0.9999222012640924,0.03972530140001808,0.0056037610322650965,0.00485131765725746,True,True,True,False,True,True
123,110,mlp_down_all_blocks,10,11,actual_local,0.015625,0.0,1.0,0.07730751144155949,0.0,0.00485131765725746,True,True,True,False,True,True
123,110,mlp_down_all_blocks,10,11,actual_local,0.03125,0.042396060002881465,0.9992303549171715,0.14137925768324483,0.018080177818867886,0.00485131765725746,True,True,True,False,True,True
123,110,mlp_down_all_blocks,10,11,accumulated,0.0078125,0.06968083642722828,0.998134635645438,0.10884134936615972,0.030819035788038407,0.054553190624667805,True,True,True,False,True,True
123,110,mlp_down_all_blocks,10,11,accumulated,0.015625,0.0,1.0,0.19267723906069648,0.0,0.054553190624667805,False,True,False,False,True,True
123,110,mlp_down_all_blocks,10,11,accumulated,0.03125,0.13472765850933047,0.992505461624801,0.30045287335043946,0.06592886373290809,0.054553190624667805,False,True,False,False,True,True
123,110,mlp_down_all_blocks,10,11,donor,0.0078125,0.0002682965124331137,0.9999999644671237,0.0024985960343045397,0.00015689794806641698,0.0003197786386559414,True,True,True,False,True,True
123,110,mlp_down_all_blocks,10,11,donor,0.015625,0.0,1.0,0.004857337447676499,0.0,0.0003197786386559414,True,True,True,False,True,True
123,110,mlp_down_all_blocks,10,11,donor,0.03125,0.00044227398474526463,0.9999999027640225,0.009713865830054074,0.00019968829753907617,0.0003197786386559414,True,True,True,False,True,True
123,110,mlp_down_all_blocks,10,11,isotropic,0.0078125,0.00020740332353970958,0.9999999784924295,0.0011925645577017,0.00013060985618004056,0.0002921492723262974,True,True,True,False,True,True
123,110,mlp_down_all_blocks,10,11,isotropic,0.015625,0.0,1.0,0.002226054245670304,0.0,0.0002921492723262974,True,True,True,False,True,True
123,110,mlp_down_all_blocks,10,11,isotropic,0.03125,0.00014267295926361995,0.999999989825985,0.0044246093895590815,8.707323745336037e-05,0.0002921492723262974,True,True,True,False,True,True
123,110,mlp_down_all_blocks,15,16,actual_local,0.0078125,0.00045271044887896595,0.9999998975278431,0.0031304245705425916,0.00027687430969443116,0.0006327093754427854,True,True,True,False,True,True
123,110,mlp_down_all_blocks,15,16,actual_local,0.015625,0.0,1.0,0.006113658251790931,0.0,0.0006327093754427854,True,True,True,False,True,True
123,110,mlp_down_all_blocks,15,16,actual_local,0.03125,0.0002797115737861133,0.9999999626923022,0.012223697983843927,0.00015649417504467848,0.0006327093754427854,True,True,True,False,True,True
123,110,mlp_down_all_blocks,15,16,accumulated,0.0078125,0.001048587708403734,0.9999994738615715,0.01370335123712442,0.0004121047197898498,0.00016819834602238177,True,True,True,False,True,True
123,110,mlp_down_all_blocks,15,16,accumulated,0.015625,0.0,1.0,0.02739983774587135,0.0,0.00016819834602238177,True,True,True,False,True,True
123,110,mlp_down_all_blocks,15,16,accumulated,0.03125,0.004126961284585153,0.9999918423051477,0.05472119850636168,0.0016006935163896186,0.00016819834602238177,True,True,True,False,True,True
123,110,mlp_down_all_blocks,15,16,donor,0.0078125,0.00036598539342921346,0.9999999330519622,0.0009278888034143387,0.00023144304545281297,0.0005153797438495653,True,True,True,False,True,True
123,110,mlp_down_all_blocks,15,16,donor,0.015625,0.0,0.9999999999999998,0.0015220251625401946,0.0,0.0005153797438495653,True,True,True,False,True,True
123,110,mlp_down_all_blocks,15,16,donor,0.03125,0.00018879250620758113,0.9999999821792063,0.0029890559969998815,0.00011823720800306749,0.0005153797438495653,True,True,True,False,True,True
123,110,mlp_down_all_blocks,15,16,isotropic,0.0078125,0.0003714837068815282,0.9999999310090583,0.0010024359001613006,0.00021853601975978053,0.0005241920768167644,True,True,True,False,True,True
123,110,mlp_down_all_blocks,15,16,isotropic,0.015625,0.0,1.0,0.0016188561752097214,0.0,0.0005241920768167644,True,True,True,False,True,True
123,110,mlp_down_all_blocks,15,16,isotropic,0.03125,0.000197506833123613,0.9999999805019155,0.003183665136610284,0.00011447124844559932,0.0005241920768167644,True,True,True,False,True,True
206,107,qkv_all_blocks,4,5,actual_local,0.0078125,0.0011554794947051636,0.9999993324750129,0.0017183595093280784,0.0007419338182585457,0.0016171102307322165,True,True,True,False,True,True
206,107,qkv_all_blocks,4,5,actual_local,0.015625,0.0,1.0,0.000911921883721669,0.0,0.0016171102307322165,True,True,True,False,True,True
206,107,qkv_all_blocks,4,5,actual_local,0.03125,0.0006007595192771185,0.999999819550569,0.00047996146665887105,0.00037096690912927287,0.0016171102307322165,True,True,True,False,True,True
206,107,qkv_all_blocks,4,5,accumulated,0.0078125,0.0011554794947051636,0.9999993324750129,0.0017183595093280784,0.0007419338182585457,0.0016171102307322165,True,True,True,False,True,True
206,107,qkv_all_blocks,4,5,accumulated,0.015625,0.0,1.0,0.000911921883721669,0.0,0.0016171102307322165,True,True,True,False,True,True
206,107,qkv_all_blocks,4,5,accumulated,0.03125,0.0006007595192771185,0.999999819550569,0.00047996146665887105,0.00037096690912927287,0.0016171102307322165,True,True,True,False,True,True
206,107,qkv_all_blocks,4,5,donor,0.0078125,0.0011391180671755997,0.9999993512741204,0.0016742528396003085,0.000688818798887665,0.0015954173669491343,True,True,True,False,True,True
206,107,qkv_all_blocks,4,5,donor,0.015625,0.0,1.0,0.0009078086499277239,0.0,0.0015954173669491343,True,True,True,False,True,True
206,107,qkv_all_blocks,4,5,donor,0.03125,0.0005989608552486259,0.999999820646203,0.00047591423933809196,0.0003709024301702811,0.0015954173669491343,True,True,True,False,True,True
206,107,qkv_all_blocks,4,5,isotropic,0.0078125,0.001134827295363047,0.9999993562954497,0.0017111667199804037,0.0006893104281772838,0.0015903866463373598,True,True,True,False,True,True
206,107,qkv_all_blocks,4,5,isotropic,0.015625,0.0,0.9999999999999998,0.000926224666704815,0.0,0.0015903866463373598,True,True,True,False,True,True
206,107,qkv_all_blocks,4,5,isotropic,0.03125,0.0006106884003734732,0.9999998135478114,0.0004969416189172674,0.0003711671536339221,0.0015903866463373598,True,True,True,False,True,True
206,107,qkv_all_blocks,10,11,actual_local,0.0078125,0.0020490977234166336,0.9999980066866065,0.002878866662335299,0.0012181933369569185,0.0028238554580210756,True,True,True,False,True,True
206,107,qkv_all_blocks,10,11,actual_local,0.015625,0.0,1.0,0.002115569941883198,0.0,0.0028238554580210756,True,True,True,False,True,True
206,107,qkv_all_blocks,10,11,actual_local,0.03125,0.001016827390851101,0.9999994856685042,0.002999541174947702,0.0006090966684784593,0.0028238554580210756,True,True,True,False,True,True
206,107,qkv_all_blocks,10,11,accumulated,0.0078125,0.0011572610165929424,0.9999995791310785,0.005657587341383075,0.0006659263198731172,0.0014469605379320942,True,True,True,False,True,True
206,107,qkv_all_blocks,10,11,accumulated,0.015625,0.0,1.0,0.011548269317318923,0.0,0.0014469605379320942,True,True,True,False,True,True
206,107,qkv_all_blocks,10,11,accumulated,0.03125,0.0009166671800076448,0.9999996703159219,0.023283655197453988,0.00038845701992598505,0.0014469605379320942,True,True,True,False,True,True
206,107,qkv_all_blocks,10,11,donor,0.0078125,0.002159078207212104,0.999997675142083,0.003035234681229973,0.001419569928301355,0.0030737240029827554,True,True,True,False,True,True
206,107,qkv_all_blocks,10,11,donor,0.015625,0.0,1.0,0.0015925408914185812,0.0,0.0030737240029827554,True,True,True,False,True,True
206,107,qkv_all_blocks,10,11,donor,0.03125,0.0011818586693811356,0.9999993017969797,0.0009794710210242906,0.0007097849641506775,0.0030737240029827554,True,True,True,False,True,True
206,107,qkv_all_blocks,10,11,isotropic,0.0078125,0.0020292706764481194,0.9999979422470385,0.0030342527180576002,0.0013058946348492749,0.0028443082398696986,True,True,True,False,True,True
206,107,qkv_all_blocks,10,11,isotropic,0.015625,0.0,0.9999999999999999,0.0016408565925964094,0.0,0.0028443082398696986,True,True,True,False,True,True
206,107,qkv_all_blocks,10,11,isotropic,0.03125,0.0010512762992758193,0.9999994474884238,0.001019897783994428,0.0006806145766375458,0.0028443082398696986,True,True,True,False,True,True
206,107,qkv_all_blocks,15,16,actual_local,0.0078125,0.002293534040746546,0.9999973842880433,0.003935967893959917,0.0013466645472748455,0.0032134012461100883,True,True,True,False,True,True
206,107,qkv_all_blocks,15,16,actual_local,0.015625,0.0,0.9999999999999999,0.0037535266966499145,0.0,0.0032134012461100883,True,True,True,False,True,True
206,107,qkv_all_blocks,15,16,actual_local,0.03125,0.0011283548047663033,0.9999993657918053,0.006701038876460086,0.0007251270639172245,0.0032134012461100883,True,True,True,False,True,True
206,107,qkv_all_blocks,15,16,accumulated,0.0078125,0.004152072407240398,0.9999914333516949,0.02684945750987375,0.0005481427708683831,0.0008088256421502608,True,True,True,False,True,True
206,107,qkv_all_blocks,15,16,accumulated,0.015625,0.0,1.0,0.053544603115436365,0.0,0.0008088256421502608,True,True,True,False,True,True
206,107,qkv_all_blocks,15,16,accumulated,0.03125,0.015555935337126195,0.9998797558966794,0.10564273880376973,0.0017514874475403801,0.0008088256421502608,True,True,True,False,True,True
206,107,qkv_all_blocks,15,16,donor,0.0078125,0.0030111697872545052,0.9999954664712869,0.00439702510340627,0.0018436809365206294,0.004244050629440831,True,True,True,False,True,True
206,107,qkv_all_blocks,15,16,donor,0.015625,0.0,1.0,0.0022564974467231746,0.0,0.004244050629440831,True,True,True,False,True,True
206,107,qkv_all_blocks,15,16,donor,0.03125,0.0014253512573029674,0.9999989848846326,0.0013891325527948006,0.0008876982286951178,0.004244050629440831,True,True,True,False,True,True
206,107,qkv_all_blocks,15,16,isotropic,0.0078125,0.0030835223532603867,0.9999952506990646,0.004360601263129763,0.0018861758621257273,0.004384009664487548,True,True,True,False,True,True
206,107,qkv_all_blocks,15,16,isotropic,0.015625,0.0,0.9999999999999999,0.0024949433025528932,0.0,0.004384009664487548,True,True,True,False,True,True
206,107,qkv_all_blocks,15,16,isotropic,0.03125,0.001559051805112291,0.999998784906663,0.0013038661376828734,0.0009388108882916035,0.004384009664487548,True,True,True,False,True,True
206,107,attention_output_all_blocks,4,5,actual_local,0.0078125,0.009679331639883283,0.9999531665083439,0.014688811159464528,0.0059747635881661175,0.013482456732163734,True,True,True,False,True,True
206,107,attention_output_all_blocks,4,5,actual_local,0.015625,0.0,1.0,0.00788430635689505,0.0,0.013482456732163734,True,True,True,False,True,True
206,107,attention_output_all_blocks,4,5,actual_local,0.03125,0.0053089836439752505,0.9999859080336648,0.004303223650258425,0.0032363302769233136,0.013482456732163734,True,True,True,False,True,True
206,107,attention_output_all_blocks,4,5,accumulated,0.0078125,0.009679331639883283,0.9999531665083439,0.014688811159464528,0.0059747635881661175,0.013482456732163734,True,True,True,False,True,True
206,107,attention_output_all_blocks,4,5,accumulated,0.015625,0.0,1.0,0.00788430635689505,0.0,0.013482456732163734,True,True,True,False,True,True
206,107,attention_output_all_blocks,4,5,accumulated,0.03125,0.0053089836439752505,0.9999859080336648,0.004303223650258425,0.0032363302769233136,0.013482456732163734,True,True,True,False,True,True
206,107,attention_output_all_blocks,4,5,donor,0.0078125,0.00868341351251167,0.9999623061967939,0.012809541769778797,0.004858005442957211,0.012131604089701929,True,True,True,False,True,True
206,107,attention_output_all_blocks,4,5,donor,0.015625,0.0,1.0,0.006971919009650657,0.0,0.012131604089701929,True,True,True,False,True,True
206,107,attention_output_all_blocks,4,5,donor,0.03125,0.004686514695966032,0.999989022315203,0.003797045783161899,0.0029148032657743267,0.012131604089701929,True,True,True,False,True,True
206,107,attention_output_all_blocks,4,5,isotropic,0.0078125,0.007941941610553603,0.999968463543365,0.011827602131494105,0.004832962663039929,0.01102995380735548,True,True,True,False,True,True
206,107,attention_output_all_blocks,4,5,isotropic,0.015625,0.0,1.0,0.0065154905937545695,0.0,0.01102995380735548,True,True,True,False,True,True
206,107,attention_output_all_blocks,4,5,isotropic,0.03125,0.004196191440457413,0.9999911967331789,0.0035755611491727125,0.0026581294646719606,0.01102995380735548,True,True,True,False,True,True
206,107,attention_output_all_blocks,10,11,actual_local,0.0078125,0.0032728735533071878,0.9999949091239466,0.0050649129850511895,0.0021394755532238327,0.004517879813436938,True,True,True,False,True,True
206,107,attention_output_all_blocks,10,11,actual_local,0.015625,0.0,1.0,0.003921681338242488,0.0,0.004517879813436938,True,True,True,False,True,True
206,107,attention_output_all_blocks,10,11,actual_local,0.03125,0.0018772991639299042,0.9999985209221309,0.006519739736351545,0.001203454998688406,0.004517879813436938,True,True,True,False,True,True
206,107,attention_output_all_blocks,10,11,accumulated,0.0078125,0.0068841321755141495,0.9999763106068952,0.01070009476880884,0.0041713108262981385,0.009743421499400143,True,True,True,False,True,True
206,107,attention_output_all_blocks,10,11,accumulated,0.015625,0.0,1.0,0.005450713736273717,0.0,0.009743421499400143,True,True,True,False,True,True
206,107,attention_output_all_blocks,10,11,accumulated,0.03125,0.0040459268760209225,0.999992677938642,0.003534628013713662,0.0023836061864560792,0.009743421499400143,True,True,True,False,True,True
206,107,attention_output_all_blocks,10,11,donor,0.0078125,0.010768603584108846,0.9999432154976503,0.015251382029459477,0.007421776714236297,0.014883751622857648,True,True,True,False,True,True
206,107,attention_output_all_blocks,10,11,donor,0.015625,0.0,0.9999999999999998,0.007831515456819916,0.0,0.014883751622857648,True,True,True,False,True,True
206,107,attention_output_all_blocks,10,11,donor,0.03125,0.005181923380774112,0.9999866029992965,0.004231935121794792,0.0032470273124783804,0.014883751622857648,True,True,True,False,True,True
206,107,attention_output_all_blocks,10,11,isotropic,0.0078125,0.009048503398613815,0.9999590617117098,0.013471333539346483,0.005355379298865622,0.012533331730757087,True,True,True,False,True,True
206,107,attention_output_all_blocks,10,11,isotropic,0.015625,0.0,1.0,0.006827954073741451,0.0,0.012533331730757087,True,True,True,False,True,True
206,107,attention_output_all_blocks,10,11,isotropic,0.03125,0.004569951240436033,0.9999895584567308,0.003702991413682134,0.002677689649432811,0.012533331730757087,True,True,True,False,True,True
206,107,attention_output_all_blocks,15,16,actual_local,0.0078125,0.002562473693929189,0.9999967233459004,0.004772666738229556,0.00154678709876893,0.0036540705348030683,True,True,True,False,True,True
206,107,attention_output_all_blocks,15,16,actual_local,0.015625,0.0,0.9999999999999998,0.006308300568137926,0.0,0.0036540705348030683,True,True,True,False,True,True
206,107,attention_output_all_blocks,15,16,actual_local,0.03125,0.0014660147617668654,0.9999989644730485,0.011659900983923848,0.0008328853608755778,0.0036540705348030683,True,True,True,False,True,True
206,107,attention_output_all_blocks,15,16,accumulated,0.0078125,0.003462503760026461,0.9999941534913981,0.005332613299076141,0.002119207214063621,0.0049053333506090665,True,True,True,False,True,True
206,107,attention_output_all_blocks,15,16,accumulated,0.015625,0.0,1.0,0.0036670062276673047,0.0,0.0049053333506090665,True,True,True,False,True,True
206,107,attention_output_all_blocks,15,16,accumulated,0.03125,0.0019323180914231416,0.9999981708034122,0.004646849368534312,0.0011411115768034884,0.0049053333506090665,True,True,True,False,True,True
206,107,attention_output_all_blocks,15,16,donor,0.0078125,0.004147653163926713,0.9999913991139554,0.007278333515400728,0.002544642415018314,0.0058527712954540186,True,True,True,False,True,True
206,107,attention_output_all_blocks,15,16,donor,0.015625,0.0,1.0,0.00358670640578674,0.0,0.0058527712954540186,True,True,True,False,True,True
206,107,attention_output_all_blocks,15,16,donor,0.03125,0.0022735433507995962,0.9999974156396267,0.001831363464873746,0.0013452146100227027,0.0058527712954540186,True,True,True,False,True,True
206,107,attention_output_all_blocks,15,16,isotropic,0.0078125,0.004240900057043692,0.9999910103053908,0.006507890665744383,0.0025646915685615533,0.005971497715960835,True,True,True,False,True,True
206,107,attention_output_all_blocks,15,16,isotropic,0.015625,0.0,1.0,0.0033247314356043556,0.0,0.005971497715960835,True,True,True,False,True,True
206,107,attention_output_all_blocks,15,16,isotropic,0.03125,0.0022522697147230636,0.9999974637299869,0.001789668453555682,0.0013608567506653141,0.005971497715960835,True,True,True,False,True,True
206,107,mlp_down_all_blocks,4,5,actual_local,0.0078125,0.00011002378250825956,0.9999999939533579,0.0001842414779788333,6.62563233098357e-05,0.00015420127016561644,True,True,True,False,True,True
206,107,mlp_down_all_blocks,4,5,actual_local,0.015625,0.0,1.0,0.00018313455339055387,0.0,0.00015420127016561644,True,True,True,False,True,True
206,107,mlp_down_all_blocks,4,5,actual_local,0.03125,5.853220602230536e-05,0.9999999982871394,0.00032785920084073327,3.5076877046383605e-05,0.00015420127016561644,True,True,True,False,True,True
206,107,mlp_down_all_blocks,4,5,accumulated,0.0078125,0.00011002378250825956,0.9999999939533579,0.0001842414779788333,6.62563233098357e-05,0.00015420127016561644,True,True,True,False,True,True
206,107,mlp_down_all_blocks,4,5,accumulated,0.015625,0.0,1.0,0.00018313455339055387,0.0,0.00015420127016561644,True,True,True,False,True,True
206,107,mlp_down_all_blocks,4,5,accumulated,0.03125,5.853220602230536e-05,0.9999999982871394,0.00032785920084073327,3.5076877046383605e-05,0.00015420127016561644,True,True,True,False,True,True
206,107,mlp_down_all_blocks,4,5,donor,0.0078125,0.00010379086077022025,0.9999999946158914,0.00015788539055877992,6.203367382887332e-05,0.0001455016186349021,True,True,True,False,True,True
206,107,mlp_down_all_blocks,4,5,donor,0.015625,0.0,0.9999999999999999,9.342557847868971e-05,0.0,0.0001455016186349021,True,True,True,False,True,True
206,107,mlp_down_all_blocks,4,5,donor,0.03125,5.6587620370616056e-05,0.9999999983989207,9.561122191353426e-05,3.295538922158895e-05,0.0001455016186349021,True,True,True,False,True,True
206,107,mlp_down_all_blocks,4,5,isotropic,0.0078125,0.00010444173968597031,0.9999999945460405,0.0001640763575941744,6.201777800008762e-05,0.00014642012390034807,True,True,True,False,True,True
206,107,mlp_down_all_blocks,4,5,isotropic,0.015625,0.0,1.0,0.00011199241089559575,0.0,0.00014642012390034807,True,True,True,False,True,True
206,107,mlp_down_all_blocks,4,5,isotropic,0.03125,5.50607868626141e-05,0.999999998484218,0.00015425806796013996,3.2946944562546546e-05,0.00014642012390034807,True,True,True,False,True,True
206,107,mlp_down_all_blocks,10,11,actual_local,0.0078125,0.021512958254042956,0.9998819719653854,0.05780244135016633,0.006477334575226283,0.006083700610794948,True,True,True,False,True,True
206,107,mlp_down_all_blocks,10,11,actual_local,0.015625,0.0,1.0,0.11059031662937743,0.0,0.006083700610794948,True,True,True,False,True,True
206,107,mlp_down_all_blocks,10,11,actual_local,0.03125,0.07244231588943106,0.998707938685792,0.19133721734706485,0.02312895126233324,0.006083700610794948,False,True,False,False,True,True
206,107,mlp_down_all_blocks,10,11,accumulated,0.0078125,0.06399959961474616,0.9990949734928677,0.09783003896807915,0.02057213719846501,0.03184967368443052,True,True,True,False,True,True
206,107,mlp_down_all_blocks,10,11,accumulated,0.015625,0.0,1.0,0.17382180077163226,0.0,0.03184967368443052,False,True,False,False,True,True
206,107,mlp_down_all_blocks,10,11,accumulated,0.03125,0.16927482078105116,0.9930507296892714,0.2576218130617704,0.06022099464028808,0.03184967368443052,False,False,False,False,True,True
206,107,mlp_down_all_blocks,10,11,donor,0.0078125,0.00020118446342184105,0.9999999797857454,0.001882591153841012,0.00012314270599736609,0.00026932620734275995,True,True,True,False,True,True
206,107,mlp_down_all_blocks,10,11,donor,0.015625,0.0,1.0,0.003734400770723823,0.0,0.00026932620734275995,True,True,True,False,True,True
206,107,mlp_down_all_blocks,10,11,donor,0.03125,0.0004105510046302989,0.9999999188014699,0.0073917013412818505,0.00017306542464494692,0.00026932620734275995,True,True,True,False,True,True
206,107,mlp_down_all_blocks,10,11,isotropic,0.0078125,0.00019597877077613674,0.9999999807974249,0.001302013219878147,0.00012362812348102695,0.0002730002994422388,True,True,True,False,True,True
206,107,mlp_down_all_blocks,10,11,isotropic,0.015625,0.0,1.0,0.0025114761115695113,0.0,0.0002730002994422388,True,True,True,False,True,True
206,107,mlp_down_all_blocks,10,11,isotropic,0.03125,0.00012015463407410677,0.9999999927934848,0.004933685329428691,6.868229082279276e-05,0.0002730002994422388,True,True,True,False,True,True
206,107,mlp_down_all_blocks,15,16,actual_local,0.0078125,0.0007082641680910464,0.999999749215992,0.007733097057248087,0.00027122834606708237,0.0005933614389028475,True,True,True,False,True,True
206,107,mlp_down_all_blocks,15,16,actual_local,0.015625,0.0,1.0,0.015472766186038855,0.0,0.0005933614389028475,True,True,True,False,True,True
206,107,mlp_down_all_blocks,15,16,actual_local,0.03125,0.0022433337278706077,0.9999974849852246,0.030939638068634808,0.00033903543258385297,0.0005933614389028475,True,True,True,False,True,True
206,107,mlp_down_all_blocks,15,16,accumulated,0.0078125,0.008213096059628474,0.9999663349096282,0.035810353440469844,0.0012314284182813348,0.004120638215520455,True,True,True,False,True,True
206,107,mlp_down_all_blocks,15,16,accumulated,0.015625,0.0,1.0,0.07144467725925334,0.0,0.004120638215520455,True,True,True,False,True,True
206,107,mlp_down_all_blocks,15,16,accumulated,0.03125,0.027572944112500237,0.9996214903295201,0.13907262761039332,0.004807942834464204,0.004120638215520455,True,True,True,False,True,True
206,107,mlp_down_all_blocks,15,16,donor,0.0078125,0.0003989040357308254,0.9999999208394483,0.0013149397324722105,0.00023030612407283835,0.0005560440259687313,True,True,True,False,True,True
206,107,mlp_down_all_blocks,15,16,donor,0.015625,0.0,0.9999999999999999,0.0023239142283956256,0.0,0.0005560440259687313,True,True,True,False,True,True
206,107,mlp_down_all_blocks,15,16,donor,0.03125,0.00019639838095381783,0.9999999807236626,0.0046421986445023015,0.00011941799025999026,0.0005560440259687313,True,True,True,False,True,True
206,107,mlp_down_all_blocks,15,16,isotropic,0.0078125,0.0003992813497786031,0.999999920300646,0.0018886323477141018,0.00024673700643160814,0.0005645071938382133,True,True,True,False,True,True
206,107,mlp_down_all_blocks,15,16,isotropic,0.015625,0.0,1.0,0.003428129533915768,0.0,0.0005645071938382133,True,True,True,False,True,True
206,107,mlp_down_all_blocks,15,16,isotropic,0.03125,0.0002691222360204881,0.9999999638326473,0.006791017169017502,0.00013218053915979005,0.0005645071938382133,True,True,True,False,True,True
206,108,qkv_all_blocks,4,5,actual_local,0.0078125,0.0011593206713797774,0.9999993279888663,0.0017335243242047839,0.0007286897011301296,0.0016311225500765254,True,True,True,False,True,True
206,108,qkv_all_blocks,4,5,actual_local,0.015625,0.0,0.9999999999999999,0.000901442844403009,0.0,0.0016311225500765254,True,True,True,False,True,True
206,108,qkv_all_blocks,4,5,actual_local,0.03125,0.0006308452079743562,0.999999801039267,0.0005007075762487258,0.0004163941149315026,0.0016311225500765254,True,True,True,False,True,True
206,108,qkv_all_blocks,4,5,accumulated,0.0078125,0.0011593206713797774,0.9999993279888663,0.0017335243242047839,0.0007286897011301296,0.0016311225500765254,True,True,True,False,True,True
206,108,qkv_all_blocks,4,5,accumulated,0.015625,0.0,0.9999999999999999,0.000901442844403009,0.0,0.0016311225500765254,True,True,True,False,True,True
206,108,qkv_all_blocks,4,5,accumulated,0.03125,0.0006308452079743562,0.999999801039267,0.0005007075762487258,0.0004163941149315026,0.0016311225500765254,True,True,True,False,True,True
206,108,qkv_all_blocks,4,5,donor,0.0078125,0.0011245549615749649,0.9999993681214591,0.0016137318618094998,0.0007020518500189397,0.0015704123862737005,True,True,True,False,True,True
206,108,qkv_all_blocks,4,5,donor,0.015625,0.0,1.0,0.0008653170717374571,0.0,0.0015704123862737005,True,True,True,False,True,True
206,108,qkv_all_blocks,4,5,donor,0.03125,0.0006073503369196614,0.9999998155627778,0.0004610522661309736,0.00036402688519500577,0.0015704123862737005,True,True,True,False,True,True
206,108,qkv_all_blocks,4,5,isotropic,0.0078125,0.0011009555908850022,0.999999393949327,0.0016328740693526001,0.0006507782044176995,0.0015465241057998527,True,True,True,False,True,True
206,108,qkv_all_blocks,4,5,isotropic,0.015625,0.0,1.0,0.0008744784150633946,0.0,0.0015465241057998527,True,True,True,False,True,True
206,108,qkv_all_blocks,4,5,isotropic,0.03125,0.000609299909360089,0.9999998147357648,0.0004715368448639096,0.0003774513585622657,0.0015465241057998527,True,True,True,False,True,True
206,108,qkv_all_blocks,10,11,actual_local,0.0078125,0.0021039056992439103,0.9999977868268594,0.003088191108783793,0.0013313123217010912,0.002946788173335771,True,True,True,False,True,True
206,108,qkv_all_blocks,10,11,actual_local,0.015625,0.0,0.9999999999999999,0.0016452116747780409,0.0,0.002946788173335771,True,True,True,False,True,True
206,108,qkv_all_blocks,10,11,actual_local,0.03125,0.0011455866116117986,0.9999993440803143,0.0010918585995417624,0.000710033238240582,0.002946788173335771,True,True,True,False,True,True
206,108,qkv_all_blocks,10,11,accumulated,0.0078125,0.0011385495478860852,0.999999353272984,0.002687201967514607,0.0006959141870431023,0.001592265625244467,True,True,True,False,True,True
206,108,qkv_all_blocks,10,11,accumulated,0.015625,0.0,1.0,0.004409646057435571,0.0,0.001592265625244467,True,True,True,False,True,True
206,108,qkv_all_blocks,10,11,accumulated,0.03125,0.000621389558781969,0.9999998074551255,0.008597229227943514,0.00039145173021174504,0.001592265625244467,True,True,True,False,True,True
206,108,qkv_all_blocks,10,11,donor,0.0078125,0.0020495202911111673,0.9999979019783799,0.003092486017285593,0.001240218664276204,0.002898712024983526,True,True,True,False,True,True
206,108,qkv_all_blocks,10,11,donor,0.015625,0.0,0.9999999999999999,0.0016042250824847934,0.0,0.002898712024983526,True,True,True,False,True,True
206,108,qkv_all_blocks,10,11,donor,0.03125,0.0011174053542695348,0.9999993757024604,0.0008458380805392177,0.0007086963795864023,0.002898712024983526,True,True,True,False,True,True
206,108,qkv_all_blocks,10,11,isotropic,0.0078125,0.001928436408882001,0.9999981412491484,0.0030433606668627345,0.0012271656334459386,0.0027082324455453013,True,True,True,False,True,True
206,108,qkv_all_blocks,10,11,isotropic,0.015625,0.0,1.0,0.0015102835279813668,0.0,0.0027082324455453013,True,True,True,False,True,True
206,108,qkv_all_blocks,10,11,isotropic,0.03125,0.0010401178802863982,0.9999994593228018,0.0008171125056849135,0.0006574101607746101,0.0027082324455453013,True,True,True,False,True,True
206,108,qkv_all_blocks,15,16,actual_local,0.0078125,0.0029368301416290367,0.9999956882313572,0.004484591118830702,0.0017633503361798204,0.0041132455373698055,True,True,True,False,True,True
206,108,qkv_all_blocks,15,16,actual_local,0.015625,0.0,1.0,0.002264058535338293,0.0,0.0041132455373698055,True,True,True,False,True,True
206,108,qkv_all_blocks,15,16,actual_local,0.03125,0.0015017928203081095,0.9999988723226128,0.0014074332322435166,0.0009257589264944058,0.0041132455373698055,True,True,True,False,True,True
206,108,qkv_all_blocks,15,16,accumulated,0.0078125,0.0007308253362622757,0.9999997367052278,0.004647500909410977,0.0004411963752170197,0.001021347957088293,True,True,True,False,True,True
206,108,qkv_all_blocks,15,16,accumulated,0.015625,0.0,1.0,0.009049856092550825,0.0,0.001021347957088293,True,True,True,False,True,True
206,108,qkv_all_blocks,15,16,accumulated,0.03125,0.00045840707869164156,0.9999998964653617,0.01797960407643761,0.00024065256830019258,0.001021347957088293,True,True,True,False,True,True
206,108,qkv_all_blocks,15,16,donor,0.0078125,0.003083290927187783,0.9999952466514743,0.004738386952032693,0.0019278130097907182,0.004319003020360738,True,True,True,False,True,True
206,108,qkv_all_blocks,15,16,donor,0.015625,0.0,1.0,0.0024195238816233683,0.0,0.004319003020360738,True,True,True,False,True,True
206,108,qkv_all_blocks,15,16,donor,0.03125,0.0015044845715084807,0.9999988685278784,0.0012413590290033282,0.0009180061951384372,0.004319003020360738,True,True,True,False,True,True
206,108,qkv_all_blocks,15,16,isotropic,0.0078125,0.0029713841257616577,0.9999955856009846,0.004547927386825412,0.0018117704460372335,0.004155031062193037,True,True,True,False,True,True
206,108,qkv_all_blocks,15,16,isotropic,0.015625,0.0,1.0,0.002324542432406625,0.0,0.004155031062193037,True,True,True,False,True,True
206,108,qkv_all_blocks,15,16,isotropic,0.03125,0.0014529518689483168,0.9999989446068971,0.001209250025982801,0.0009058852230186167,0.004155031062193037,True,True,True,False,True,True
206,108,attention_output_all_blocks,4,5,actual_local,0.0078125,0.0089347729292709,0.9999600850525393,0.012882971173212947,0.005767437341633493,0.012486456338187043,True,True,True,False,True,True
206,108,attention_output_all_blocks,4,5,actual_local,0.015625,0.0,1.0,0.007159478805358579,0.0,0.012486456338187043,True,True,True,False,True,True
206,108,attention_output_all_blocks,4,5,actual_local,0.03125,0.004746133356984278,0.9999887388149423,0.003853775496583817,0.0028837186708167463,0.012486456338187043,True,True,True,False,True,True
206,108,attention_output_all_blocks,4,5,accumulated,0.0078125,0.0089347729292709,0.9999600850525393,0.012882971173212947,0.005767437341633493,0.012486456338187043,True,True,True,False,True,True
206,108,attention_output_all_blocks,4,5,accumulated,0.015625,0.0,1.0,0.007159478805358579,0.0,0.012486456338187043,True,True,True,False,True,True
206,108,attention_output_all_blocks,4,5,accumulated,0.03125,0.004746133356984278,0.9999887388149423,0.003853775496583817,0.0028837186708167463,0.012486456338187043,True,True,True,False,True,True
206,108,attention_output_all_blocks,4,5,donor,0.0078125,0.009345722284021711,0.999956327985726,0.01367401967209746,0.005842997165229017,0.013091758615359547,True,True,True,False,True,True
206,108,attention_output_all_blocks,4,5,donor,0.015625,0.0,1.0,0.0073814421778531335,0.0,0.013091758615359547,True,True,True,False,True,True
206,108,attention_output_all_blocks,4,5,donor,0.03125,0.005072704863429371,0.9999871338784321,0.00391881682450175,0.0029214985826145085,0.013091758615359547,True,True,True,False,True,True
206,108,attention_output_all_blocks,4,5,isotropic,0.0078125,0.007684563600399912,0.9999704790707272,0.011349959726383398,0.0047675467178627745,0.01073524811353884,True,True,True,False,True,True
206,108,attention_output_all_blocks,4,5,isotropic,0.015625,0.0,1.0,0.006220626197210535,0.0,0.01073524811353884,True,True,True,False,True,True
206,108,attention_output_all_blocks,4,5,isotropic,0.03125,0.004338034321401723,0.9999905909636869,0.0033235122803527456,0.002622150694824526,0.01073524811353884,True,True,True,False,True,True
206,108,attention_output_all_blocks,10,11,actual_local,0.0078125,0.007760252165922992,0.9999699056831856,0.011779280664067669,0.0048368558015210745,0.010933460386906745,True,True,True,False,True,True
206,108,attention_output_all_blocks,10,11,actual_local,0.015625,0.0,0.9999999999999999,0.006292332405698779,0.0,0.010933460386906745,True,True,True,False,True,True
206,108,attention_output_all_blocks,10,11,actual_local,0.03125,0.004298510055586886,0.9999907713758928,0.0037859718753767554,0.0027639176008691854,0.010933460386906745,True,True,True,False,True,True
206,108,attention_output_all_blocks,10,11,accumulated,0.0078125,0.00800185382891673,0.9999682239105491,0.011904004326133845,0.005267076370723699,0.011246641330883142,True,True,True,False,True,True
206,108,attention_output_all_blocks,10,11,accumulated,0.015625,0.0,1.0,0.006153778561124073,0.0,0.011246641330883142,True,True,True,False,True,True
206,108,attention_output_all_blocks,10,11,accumulated,0.03125,0.004161246628372659,0.9999913419889681,0.0036182800995705226,0.0027184910300509413,0.011246641330883142,True,True,True,False,True,True
206,108,attention_output_all_blocks,10,11,donor,0.0078125,0.007550888753463517,0.9999714953164488,0.011233716522308418,0.004379403122092806,0.010572304345504475,True,True,True,False,True,True
206,108,attention_output_all_blocks,10,11,donor,0.015625,0.0,1.0,0.005990290913842423,0.0,0.010572304345504475,True,True,True,False,True,True
206,108,attention_output_all_blocks,10,11,donor,0.03125,0.004041668379625677,0.9999918389878756,0.0032716774438167136,0.0025546518212208034,0.010572304345504475,True,True,True,False,True,True
206,108,attention_output_all_blocks,10,11,isotropic,0.0078125,0.006994322440910208,0.9999755426322958,0.010397519759097393,0.004168448443673873,0.009811314428366462,True,True,True,False,True,True
206,108,attention_output_all_blocks,10,11,isotropic,0.015625,0.0,1.0,0.005555985942791882,0.0,0.009811314428366462,True,True,True,False,True,True
206,108,attention_output_all_blocks,10,11,isotropic,0.03125,0.0037840472019904283,0.999992840620934,0.002884788722146027,0.002257909573656681,0.009811314428366462,True,True,True,False,True,True
206,108,attention_output_all_blocks,15,16,actual_local,0.0078125,0.006727351211301308,0.9999774195613776,0.009555522120499111,0.003954214186525849,0.009469203602641625,True,True,True,False,True,True
206,108,attention_output_all_blocks,15,16,actual_local,0.015625,0.0,1.0,0.005069325397052202,0.0,0.009469203602641625,True,True,True,False,True,True
206,108,attention_output_all_blocks,15,16,actual_local,0.03125,0.0034554702488814315,0.999994077600317,0.0028023322249475045,0.0019771070932629244,0.009469203602641625,True,True,True,False,True,True
206,108,attention_output_all_blocks,15,16,accumulated,0.0078125,0.004799356808130092,0.9999886919322183,0.007719143669113533,0.002919307685344668,0.006745823267426895,True,True,True,False,True,True
206,108,attention_output_all_blocks,15,16,accumulated,0.015625,0.0,0.9999999999999999,0.004450891301320534,0.0,0.006745823267426895,True,True,True,False,True,True
206,108,attention_output_all_blocks,15,16,accumulated,0.03125,0.0025603016594351884,0.9999967729262553,0.004760336680963619,0.001459653842672334,0.006745823267426895,True,True,True,False,True,True
206,108,attention_output_all_blocks,15,16,donor,0.0078125,0.005898624299049526,0.9999826082551116,0.009265433496311695,0.0038197139273164872,0.008289501990397258,True,True,True,False,True,True
206,108,attention_output_all_blocks,15,16,donor,0.015625,0.0,0.9999999999999999,0.004809450336823253,0.0,0.008289501990397258,True,True,True,False,True,True
206,108,attention_output_all_blocks,15,16,donor,0.03125,0.0032103390407028586,0.9999948478829583,0.0024553844018007894,0.0019098569636582436,0.008289501990397258,True,True,True,False,True,True
206,108,attention_output_all_blocks,15,16,isotropic,0.0078125,0.005600505872625501,0.9999843171018866,0.00882379784313628,0.003409429179345575,0.007890179032070168,True,True,True,False,True,True
206,108,attention_output_all_blocks,15,16,isotropic,0.015625,0.0,0.9999999999999999,0.004460551161137385,0.0,0.007890179032070168,True,True,True,False,True,True
206,108,attention_output_all_blocks,15,16,isotropic,0.03125,0.0028569171692188577,0.9999959191576433,0.002289358227951936,0.0017711320412184806,0.007890179032070168,True,True,True,False,True,True
206,108,mlp_down_all_blocks,4,5,actual_local,0.0078125,0.00010943747882128076,0.9999999940134124,0.00018464766489429129,6.53149917556825e-05,0.0001533627528700228,True,True,True,False,True,True
206,108,mlp_down_all_blocks,4,5,actual_local,0.015625,0.0,1.0,0.0001940900278556195,0.0,0.0001533627528700228,True,True,True,False,True,True
206,108,mlp_down_all_blocks,4,5,actual_local,0.03125,5.956549652515719e-05,0.9999999982288532,0.00034550386294519484,3.553903963176842e-05,0.0001533627528700228,True,True,True,False,True,True
206,108,mlp_down_all_blocks,4,5,accumulated,0.0078125,0.00010943747882128076,0.9999999940134124,0.00018464766489429129,6.53149917556825e-05,0.0001533627528700228,True,True,True,False,True,True
206,108,mlp_down_all_blocks,4,5,accumulated,0.015625,0.0,1.0,0.0001940900278556195,0.0,0.0001533627528700228,True,True,True,False,True,True
206,108,mlp_down_all_blocks,4,5,accumulated,0.03125,5.956549652515719e-05,0.9999999982288532,0.00034550386294519484,3.553903963176842e-05,0.0001533627528700228,True,True,True,False,True,True
206,108,mlp_down_all_blocks,4,5,donor,0.0078125,0.00010214428833295693,0.9999999947835452,0.00015822740748238804,6.115007608504257e-05,0.0001434751384330386,True,True,True,False,True,True
206,108,mlp_down_all_blocks,4,5,donor,0.015625,0.0,1.0,0.0001206441213701892,0.0,0.0001434751384330386,True,True,True,False,True,True
206,108,mlp_down_all_blocks,4,5,donor,0.03125,5.636199506078336e-05,0.999999998411691,0.00018839420515424828,3.439691779783644e-05,0.0001434751384330386,True,True,True,False,True,True
206,108,mlp_down_all_blocks,4,5,isotropic,0.0078125,0.00010539816293731929,0.9999999944473168,0.00016859944754350347,6.122454106906296e-05,0.0001474728873599616,True,True,True,False,True,True
206,108,mlp_down_all_blocks,4,5,isotropic,0.015625,0.0,0.9999999999999999,0.00014615754332985805,0.0,0.0001474728873599616,True,True,True,False,True,True
206,108,mlp_down_all_blocks,4,5,isotropic,0.03125,5.7467749427216726e-05,0.999999998348736,0.00024296074271458232,3.4438804351347915e-05,0.0001474728873599616,True,True,True,False,True,True
206,108,mlp_down_all_blocks,10,11,actual_local,0.0078125,0.00028098088245822673,0.9999999607285566,0.004182028215862644,0.00016961062725648476,0.0003139077262627563,True,True,True,False,True,True
206,108,mlp_down_all_blocks,10,11,actual_local,0.015625,0.0,1.0,0.008322439268621161,0.0,0.0003139077262627563,True,True,True,False,True,True
206,108,mlp_down_all_blocks,10,11,actual_local,0.03125,0.000708474443957991,0.999999753794777,0.01660868645290082,0.0002949750039243213,0.0003139077262627563,True,True,True,False,True,True
206,108,mlp_down_all_blocks,10,11,accumulated,0.0078125,0.0008141132244258826,0.9999996719330483,0.01070184247728858,0.0003445343974775933,0.00018681780725940885,True,True,True,False,True,True
206,108,mlp_down_all_blocks,10,11,accumulated,0.015625,0.0,1.0,0.02137665138397865,0.0,0.00018681780725940885,True,True,True,False,True,True
206,108,mlp_down_all_blocks,10,11,accumulated,0.03125,0.0031701694388305904,0.9999950280774758,0.04258687559097782,0.0012868769905785107,0.00018681780725940885,True,True,True,False,True,True
206,108,mlp_down_all_blocks,10,11,donor,0.0078125,0.00018174724906799047,0.9999999834842765,0.0005725002169113215,0.000107377978249467,0.00025486667691474206,True,True,True,False,True,True
206,108,mlp_down_all_blocks,10,11,donor,0.015625,0.0,0.9999999999999998,0.0009667448308333089,0.0,0.00025486667691474206,True,True,True,False,True,True
206,108,mlp_down_all_blocks,10,11,donor,0.03125,9.990452452852444e-05,0.9999999950123544,0.00191082266620859,6.040011276532519e-05,0.00025486667691474206,True,True,True,False,True,True
206,108,mlp_down_all_blocks,10,11,isotropic,0.0078125,0.0001840317730470204,0.9999999830696262,0.0004895319849133435,0.00010767689923559295,0.00025898735335865204,True,True,True,False,True,True
206,108,mlp_down_all_blocks,10,11,isotropic,0.015625,0.0,1.0,0.0007977780026574377,0.0,0.00025898735335865204,True,True,True,False,True,True
206,108,mlp_down_all_blocks,10,11,isotropic,0.03125,0.00010244192758767966,0.9999999947571644,0.0015629343564952994,6.393315892113332e-05,0.00025898735335865204,True,True,True,False,True,True
206,108,mlp_down_all_blocks,15,16,actual_local,0.0078125,0.0003729070969635451,0.9999999306492929,0.002869985328317223,0.0002219813351777465,0.0005236275724627992,True,True,True,False,True,True
206,108,mlp_down_all_blocks,15,16,actual_local,0.015625,0.0,1.0,0.0056625501938126115,0.0,0.0005236275724627992,True,True,True,False,True,True
206,108,mlp_down_all_blocks,15,16,actual_local,0.03125,0.00024956467361085316,0.9999999702244178,0.011321938532485558,0.00014126084965856596,0.0005236275724627992,True,True,True,False,True,True
206,108,mlp_down_all_blocks,15,16,accumulated,0.0078125,0.0023360129103887645,0.9999979797071578,0.027038751900093354,0.0008351994952437196,0.0001771451508934995,True,True,True,False,True,True
206,108,mlp_down_all_blocks,15,16,accumulated,0.015625,0.0,1.0,0.05402643718984103,0.0,0.0001771451508934995,True,True,True,False,True,True
206,108,mlp_down_all_blocks,15,16,accumulated,0.03125,0.00930925965025704,0.9999676347436387,0.10758554065691157,0.003303476264399978,0.0001771451508934995,True,True,True,False,True,True
206,108,mlp_down_all_blocks,15,16,donor,0.0078125,0.0003616818635730241,0.9999999346070908,0.0009813887467504927,0.000218981627786575,0.0005089725448477448,True,True,True,False,True,True
206,108,mlp_down_all_blocks,15,16,donor,0.015625,0.0,1.0,0.0016925818047216,0.0,0.0005089725448477448,True,True,True,False,True,True
206,108,mlp_down_all_blocks,15,16,donor,0.03125,0.00017978926407831574,0.9999999838584446,0.003330104841413079,0.00010826058002931799,0.0005089725448477448,True,True,True,False,True,True
206,108,mlp_down_all_blocks,15,16,isotropic,0.0078125,0.00037082855903752105,0.9999999312446932,0.000809489216003699,0.00022368434811111563,0.0005185602654598845,True,True,True,False,True,True
206,108,mlp_down_all_blocks,15,16,isotropic,0.015625,0.0,1.0,0.001294925868187049,0.0,0.0005185602654598845,True,True,True,False,True,True
206,108,mlp_down_all_blocks,15,16,isotropic,0.03125,0.00018561672867203503,0.9999999827845627,0.0025419505280127835,0.00011184217405555781,0.0005185602654598845,True,True,True,False,True,True
206,109,qkv_all_blocks,4,5,actual_local,0.0078125,0.0011146454482946972,0.9999993788971858,0.0017252017156374414,0.0006486371602783059,0.0015657026001298583,True,True,True,False,True,True
206,109,qkv_all_blocks,4,5,actual_local,0.015625,0.0,1.0,0.0009300340440419338,0.0,0.0015657026001298583,True,True,True,False,True,True
206,109,qkv_all_blocks,4,5,actual_local,0.03125,0.0006292300770261777,0.99999980203593,0.00048214870314484124,0.0003825296073436163,0.0015657026001298583,True,True,True,False,True,True
206,109,qkv_all_blocks,4,5,accumulated,0.0078125,0.0011146454482946972,0.9999993788971858,0.0017252017156374414,0.0006486371602783059,0.0015657026001298583,True,True,True,False,True,True
206,109,qkv_all_blocks,4,5,accumulated,0.015625,0.0,1.0,0.0009300340440419338,0.0,0.0015657026001298583,True,True,True,False,True,True
206,109,qkv_all_blocks,4,5,accumulated,0.03125,0.0006292300770261777,0.99999980203593,0.00048214870314484124,0.0003825296073436163,0.0015657026001298583,True,True,True,False,True,True
206,109,qkv_all_blocks,4,5,donor,0.0078125,0.0011480167319423739,0.9999993413636813,0.0017081465897065525,0.0006651714842449783,0.001616181629189658,True,True,True,False,True,True
206,109,qkv_all_blocks,4,5,donor,0.015625,0.0,1.0,0.000924111847174256,0.0,0.001616181629189658,True,True,True,False,True,True
206,109,qkv_all_blocks,4,5,donor,0.03125,0.0006294151501229026,0.9999998019316817,0.0004828917100547171,0.00037249603117718783,0.001616181629189658,True,True,True,False,True,True
206,109,qkv_all_blocks,4,5,isotropic,0.0078125,0.001163923251308864,0.9999993228106359,0.001736948539995174,0.0007460108592662786,0.0016345893003444968,True,True,True,False,True,True
206,109,qkv_all_blocks,4,5,isotropic,0.015625,0.0,0.9999999999999998,0.0009255714185718496,0.0,0.0016345893003444968,True,True,True,False,True,True
206,109,qkv_all_blocks,4,5,isotropic,0.03125,0.0006343387723275158,0.999999798835169,0.0004875745025549846,0.0003730054296331393,0.0016345893003444968,True,True,True,False,True,True
206,109,qkv_all_blocks,10,11,actual_local,0.0078125,0.002223654042365459,0.9999975324694532,0.003640926430335364,0.0013256306143274489,0.0031285268801030364,True,True,True,False,True,True
206,109,qkv_all_blocks,10,11,actual_local,0.015625,0.0,0.9999999999999998,0.0018731932358732985,0.0,0.0031285268801030364,True,True,True,False,True,True
206,109,qkv_all_blocks,10,11,actual_local,0.03125,0.001135536391978985,0.9999993554106376,0.0016554700308064774,0.0006628153071637244,0.0031285268801030364,True,True,True,False,True,True
206,109,qkv_all_blocks,10,11,accumulated,0.0078125,0.0015038801689831638,0.9999988699567303,0.002180734675162745,0.0008663957525364731,0.0021576988056569196,True,True,True,False,True,True
206,109,qkv_all_blocks,10,11,accumulated,0.015625,0.0,1.0,0.0011643030232817448,0.0,0.0021576988056569196,True,True,True,False,True,True
206,109,qkv_all_blocks,10,11,accumulated,0.03125,0.0008990365350801468,0.9999995989504752,0.0007524643837362551,0.0004602727435350013,0.0021576988056569196,True,True,True,False,True,True
206,109,qkv_all_blocks,10,11,donor,0.0078125,0.0020359969461132507,0.9999979273697488,0.0029390483549280467,0.0012946100947121926,0.002879456485484591,True,True,True,False,True,True
206,109,qkv_all_blocks,10,11,donor,0.015625,0.0,1.0,0.001577372474232485,0.0,0.002879456485484591,True,True,True,False,True,True
206,109,qkv_all_blocks,10,11,donor,0.03125,0.0010598840542632667,0.999999438336928,0.0008227103300958118,0.0006473050473560963,0.002879456485484591,True,True,True,False,True,True
206,109,qkv_all_blocks,10,11,isotropic,0.0078125,0.001987064037320514,0.9999980258049936,0.00308113078407086,0.0012871382575071826,0.002783518139946935,True,True,True,False,True,True
206,109,qkv_all_blocks,10,11,isotropic,0.015625,0.0,1.0,0.0015879154461573067,0.0,0.002783518139946935,True,True,True,False,True,True
206,109,qkv_all_blocks,10,11,isotropic,0.03125,0.0010046941919075372,0.9999994958197554,0.0008131868895380918,0.0006234575934800416,0.002783518139946935,True,True,True,False,True,True
206,109,qkv_all_blocks,15,16,actual_local,0.0078125,0.0025788969797473876,0.9999966753008442,0.0036974329702977936,0.0016046757744686627,0.0036306193943425728,True,True,True,False,True,True
206,109,qkv_all_blocks,15,16,actual_local,0.015625,0.0,1.0,0.0019418815321319827,0.0,0.0036306193943425728,True,True,True,False,True,True
206,109,qkv_all_blocks,15,16,actual_local,0.03125,0.0013075097957246672,0.9999991452111358,0.0012287749328014255,0.0008023378872343313,0.0036306193943425728,True,True,True,False,True,True
206,109,qkv_all_blocks,15,16,accumulated,0.0078125,0.0017977884787467148,0.9999983843976669,0.0028732973391221643,0.0010947595260540973,0.0025258779652300553,True,True,True,False,True,True
206,109,qkv_all_blocks,15,16,accumulated,0.015625,0.0,0.9999999999999999,0.0025916487653196672,0.0,0.0025258779652300553,True,True,True,False,True,True
206,109,qkv_all_blocks,15,16,accumulated,0.03125,0.0009080476079746444,0.9999995877430007,0.004437834571261858,0.0005722606613464599,0.0025258779652300553,True,True,True,False,True,True
206,109,qkv_all_blocks,15,16,donor,0.0078125,0.0023930772150637806,0.9999971367921767,0.0034736587208064927,0.0013834012105671865,0.003365474100336765,True,True,True,False,True,True
206,109,qkv_all_blocks,15,16,donor,0.015625,0.0,0.9999999999999999,0.0017632647315540873,0.0,0.003365474100336765,True,True,True,False,True,True
206,109,qkv_all_blocks,15,16,donor,0.03125,0.0011975436562649943,0.999999283157543,0.0009921519082444128,0.0007608706658119525,0.003365474100336765,True,True,True,False,True,True
206,109,qkv_all_blocks,15,16,isotropic,0.0078125,0.0024624381838482014,0.9999969688465128,0.0035820529445402243,0.00154927462392962,0.0034714241740537405,True,True,True,False,True,True
206,109,qkv_all_blocks,15,16,isotropic,0.015625,0.0,1.0,0.0018499683724776815,0.0,0.0034714241740537405,True,True,True,False,True,True
206,109,qkv_all_blocks,15,16,isotropic,0.03125,0.0012647792447181983,0.9999992003307886,0.0010046892387489549,0.0008098480988723014,0.0034714241740537405,True,True,True,False,True,True
206,109,attention_output_all_blocks,4,5,actual_local,0.0078125,0.009133103811466618,0.9999582980579804,0.013446669246851426,0.0054322258616433215,0.012733955492736579,True,True,True,False,True,True
206,109,attention_output_all_blocks,4,5,actual_local,0.015625,0.0,1.0,0.007376037206406321,0.0,0.012733955492736579,True,True,True,False,True,True
206,109,attention_output_all_blocks,4,5,actual_local,0.03125,0.0047722845589967,0.9999886406935501,0.003957129645141111,0.0029424556750567987,0.012733955492736579,True,True,True,False,True,True
206,109,attention_output_all_blocks,4,5,accumulated,0.0078125,0.009133103811466618,0.9999582980579804,0.013446669246851426,0.0054322258616433215,0.012733955492736579,True,True,True,False,True,True
206,109,attention_output_all_blocks,4,5,accumulated,0.015625,0.0,1.0,0.007376037206406321,0.0,0.012733955492736579,True,True,True,False,True,True
206,109,attention_output_all_blocks,4,5,accumulated,0.03125,0.0047722845589967,0.9999886406935501,0.003957129645141111,0.0029424556750567987,0.012733955492736579,True,True,True,False,True,True
206,109,attention_output_all_blocks,4,5,donor,0.0078125,0.00865512956119379,0.9999625514647594,0.012253886898863513,0.005331096501262171,0.012104716749294161,True,True,True,False,True,True
206,109,attention_output_all_blocks,4,5,donor,0.015625,0.0,1.0,0.00667674629078799,0.0,0.012104716749294161,True,True,True,False,True,True
206,109,attention_output_all_blocks,4,5,donor,0.03125,0.004629442587593537,0.9999892860303611,0.0037078587185017373,0.0026655482506310856,0.012104716749294161,True,True,True,False,True,True
206,109,attention_output_all_blocks,4,5,isotropic,0.0078125,0.007421848803179862,0.9999724590333727,0.010972624051041878,0.004382881239659826,0.010316948323404357,True,True,True,False,True,True
206,109,attention_output_all_blocks,4,5,isotropic,0.015625,0.0,1.0,0.006035300595116558,0.0,0.010316948323404357,True,True,True,False,True,True
206,109,attention_output_all_blocks,4,5,isotropic,0.03125,0.0039619449428986726,0.9999921515000507,0.0032589745513778,0.002410584681812904,0.010316948323404357,True,True,True,False,True,True
206,109,attention_output_all_blocks,10,11,actual_local,0.0078125,0.005618847212819666,0.9999843680638814,0.008885020065837213,0.0036660758679491513,0.007971121983675417,True,True,True,False,True,True
206,109,attention_output_all_blocks,10,11,actual_local,0.015625,0.0,1.0,0.004799842351952663,0.0,0.007971121983675417,True,True,True,False,True,True
206,109,attention_output_all_blocks,10,11,actual_local,0.03125,0.0031857081447340136,0.9999953880122586,0.004881268773972574,0.0018330379339745757,0.007971121983675417,True,True,True,False,True,True
206,109,attention_output_all_blocks,10,11,accumulated,0.0078125,0.01003000792236893,0.9999497702914673,0.015491404669823305,0.006077702859353731,0.014080101239308515,True,True,True,False,True,True
206,109,attention_output_all_blocks,10,11,accumulated,0.015625,0.0,0.9999999999999999,0.007504336777560993,0.0,0.014080101239308515,True,True,True,False,True,True
206,109,attention_output_all_blocks,10,11,accumulated,0.03125,0.00493780116494573,0.9999878157942984,0.004188475221344118,0.0030388514296768657,0.014080101239308515,True,True,True,False,True,True
206,109,attention_output_all_blocks,10,11,donor,0.0078125,0.005583269319088413,0.9999844232330493,0.008002683333832498,0.0033890107151035736,0.007948009844754944,True,True,True,False,True,True
206,109,attention_output_all_blocks,10,11,donor,0.015625,0.0,1.0,0.004182936728530835,0.0,0.007948009844754944,True,True,True,False,True,True
206,109,attention_output_all_blocks,10,11,donor,0.03125,0.0030941255856522312,0.9999952172454302,0.0021980512409001665,0.0018074723813885725,0.007948009844754944,True,True,True,False,True,True
206,109,attention_output_all_blocks,10,11,isotropic,0.0078125,0.004748745221762079,0.9999887275546446,0.0075718351908349345,0.0030266402811278954,0.006662346452043256,True,True,True,False,True,True
206,109,attention_output_all_blocks,10,11,isotropic,0.015625,0.0,1.0,0.0038184995250347773,0.0,0.006662346452043256,True,True,True,False,True,True
206,109,attention_output_all_blocks,10,11,isotropic,0.03125,0.0026142803964197977,0.9999965828266305,0.002074414985825472,0.0015133201405639477,0.006662346452043256,True,True,True,False,True,True
206,109,attention_output_all_blocks,15,16,actual_local,0.0078125,0.0057051137784504425,0.999983725761786,0.008491081885294469,0.0036003989298374617,0.008028622812837123,True,True,True,False,True,True
206,109,attention_output_all_blocks,15,16,actual_local,0.015625,0.0,1.0,0.00427725324610408,0.0,0.008028622812837123,True,True,True,False,True,True
206,109,attention_output_all_blocks,15,16,actual_local,0.03125,0.0028511073757192585,0.9999959383422958,0.00247361146114961,0.0018001994649187308,0.008028622812837123,True,True,True,False,True,True
206,109,attention_output_all_blocks,15,16,accumulated,0.0078125,0.006314151850841172,0.9999800791594835,0.00892901554537574,0.0038498952041255115,0.00884365547826358,True,True,True,False,True,True
206,109,attention_output_all_blocks,15,16,accumulated,0.015625,0.0,1.0,0.004801621800154811,0.0,0.00884365547826358,True,True,True,False,True,True
206,109,attention_output_all_blocks,15,16,accumulated,0.03125,0.0031656285389741303,0.9999950027413528,0.00281163674477329,0.0019249476020627558,0.00884365547826358,True,True,True,False,True,True
206,109,attention_output_all_blocks,15,16,donor,0.0078125,0.0044601138232371156,0.9999900536428804,0.006559648021427482,0.002627565466106728,0.006251564159221997,True,True,True,False,True,True
206,109,attention_output_all_blocks,15,16,donor,0.015625,0.0,1.0,0.0033619571517301936,0.0,0.006251564159221997,True,True,True,False,True,True
206,109,attention_output_all_blocks,15,16,donor,0.03125,0.002247206648154085,0.9999974767369527,0.0017518925524514905,0.0014451610063587006,0.006251564159221997,True,True,True,False,True,True
206,109,attention_output_all_blocks,15,16,isotropic,0.0078125,0.004324670406301489,0.9999906510262307,0.006292078079074524,0.0025776803199874347,0.006052900852945992,True,True,True,False,True,True
206,109,attention_output_all_blocks,15,16,isotropic,0.015625,0.0,0.9999999999999999,0.0032980083281938717,0.0,0.006052900852945992,True,True,True,False,True,True
206,109,attention_output_all_blocks,15,16,isotropic,0.03125,0.002212052479625183,0.9999975536620714,0.0016930740619884837,0.0013532821679934034,0.006052900852945992,True,True,True,False,True,True
206,109,mlp_down_all_blocks,4,5,actual_local,0.0078125,0.00011080178992914698,0.9999999938619817,0.000199202080038562,6.882369947978063e-05,0.00015496521683883434,True,True,True,False,True,True
206,109,mlp_down_all_blocks,4,5,actual_local,0.015625,0.0,1.0,0.0002284333966214027,0.0,0.00015496521683883434,True,True,True,False,True,True
206,109,mlp_down_all_blocks,4,5,actual_local,0.03125,5.9894273487438994e-05,0.99999999820653,0.00042094527500413154,3.823538859987813e-05,0.00015496521683883434,True,True,True,False,True,True
206,109,mlp_down_all_blocks,4,5,accumulated,0.0078125,0.00011080178992914698,0.9999999938619817,0.000199202080038562,6.882369947978063e-05,0.00015496521683883434,True,True,True,False,True,True
206,109,mlp_down_all_blocks,4,5,accumulated,0.015625,0.0,1.0,0.0002284333966214027,0.0,0.00015496521683883434,True,True,True,False,True,True
206,109,mlp_down_all_blocks,4,5,accumulated,0.03125,5.9894273487438994e-05,0.99999999820653,0.00042094527500413154,3.823538859987813e-05,0.00015496521683883434,True,True,True,False,True,True
206,109,mlp_down_all_blocks,4,5,donor,0.0078125,0.00010319336413200615,0.9999999946760696,0.00015734790416494312,6.079134517147266e-05,0.00014451830078550455,True,True,True,False,True,True
206,109,mlp_down_all_blocks,4,5,donor,0.015625,0.0,1.0,0.00010581212972542178,0.0,0.00014451830078550455,True,True,True,False,True,True
206,109,mlp_down_all_blocks,4,5,donor,0.03125,5.4194584983624546e-05,0.999999998531501,0.00013499714796344047,3.039567258573633e-05,0.00014451830078550455,True,True,True,False,True,True
206,109,mlp_down_all_blocks,4,5,isotropic,0.0078125,0.00010159021386956322,0.9999999948431336,0.0001618080619800705,6.084670821387347e-05,0.0001424658216412187,True,True,True,False,True,True
206,109,mlp_down_all_blocks,4,5,isotropic,0.015625,0.0,0.9999999999999998,0.0001139833692329669,0.0,0.0001424658216412187,True,True,True,False,True,True
206,109,mlp_down_all_blocks,4,5,isotropic,0.03125,5.5464063811118176e-05,0.9999999984622517,0.0001609508108032649,3.4226273370303825e-05,0.0001424658216412187,True,True,True,False,True,True
206,109,mlp_down_all_blocks,10,11,actual_local,0.0078125,0.00023031338808526464,0.9999999734877293,0.001684765390787035,0.0001408554515296053,0.00033739148171479466,True,True,True,False,True,True
206,109,mlp_down_all_blocks,10,11,actual_local,0.015625,0.0,1.0,0.0033130272316425286,0.0,0.00033739148171479466,True,True,True,False,True,True
206,109,mlp_down_all_blocks,10,11,actual_local,0.03125,0.00023858530093265418,0.9999999722438692,0.0066200434887137794,0.00011620574751192436,0.00033739148171479466,True,True,True,False,True,True
206,109,mlp_down_all_blocks,10,11,accumulated,0.0078125,0.00028039941081600315,0.999999962070179,0.005501739370281227,0.00013966646939141716,0.00017680109434637552,True,True,True,False,True,True
206,109,mlp_down_all_blocks,10,11,accumulated,0.015625,0.0,1.0,0.010989384383198736,0.0,0.00017680109434637552,True,True,True,False,True,True
206,109,mlp_down_all_blocks,10,11,accumulated,0.03125,0.0009641250396376748,0.9999995525901716,0.021973704574129366,0.0003685642942273508,0.00017680109434637552,True,True,True,False,True,True
206,109,mlp_down_all_blocks,10,11,donor,0.0078125,0.00019079932750758037,0.9999999817979307,0.0003897640132229699,0.00011287562157031919,0.0002676658973817147,True,True,True,False,True,True
206,109,mlp_down_all_blocks,10,11,donor,0.015625,0.0,0.9999999999999998,0.0004781102141024367,0.0,0.0002676658973817147,True,True,True,False,True,True
206,109,mlp_down_all_blocks,10,11,donor,0.03125,0.00010487071657877595,0.9999999945011215,0.0009077661917925151,5.9757682007816044e-05,0.0002676658973817147,True,True,True,False,True,True
206,109,mlp_down_all_blocks,10,11,isotropic,0.0078125,0.00019383178516976747,0.9999999812176984,0.0003819486345298588,0.00012038233970915515,0.0002720798588922522,True,True,True,False,True,True
206,109,mlp_down_all_blocks,10,11,isotropic,0.015625,0.0,1.0,0.0004759721525348746,0.0,0.0002720798588922522,True,True,True,False,True,True
206,109,mlp_down_all_blocks,10,11,isotropic,0.03125,0.00010268537116582202,0.9999999947360894,0.0009151707322317613,6.353512373538744e-05,0.0002720798588922522,True,True,True,False,True,True
206,109,mlp_down_all_blocks,15,16,actual_local,0.0078125,0.00035879432639813417,0.9999999356461307,0.0035318862434939127,0.00021814503410725269,0.0004900754544452831,True,True,True,False,True,True
206,109,mlp_down_all_blocks,15,16,actual_local,0.015625,0.0,1.0,0.007017468897907699,0.0,0.0004900754544452831,True,True,True,False,True,True
206,109,mlp_down_all_blocks,15,16,actual_local,0.03125,0.00038101567782516927,0.9999999308462788,0.014037020630919233,0.00017116825696039382,0.0004900754544452831,True,True,True,False,True,True
206,109,mlp_down_all_blocks,15,16,accumulated,0.0078125,0.004773090498655249,0.9999909247730376,0.02589251872808103,0.0011150851806322082,0.0008814239918878837,True,True,True,False,True,True
206,109,mlp_down_all_blocks,15,16,accumulated,0.015625,0.0,1.0,0.05185237253974359,0.0,0.0008814239918878837,True,True,True,False,True,True
206,109,mlp_down_all_blocks,15,16,accumulated,0.03125,0.01948633549119183,0.9998473725622992,0.10490993755981197,0.004356564546959047,0.0008814239918878837,True,True,True,False,True,True
206,109,mlp_down_all_blocks,15,16,donor,0.0078125,0.00030401664929141675,0.9999999538045582,0.0007166542491243281,0.00018851951207383521,0.0004280342324478413,True,True,True,False,True,True
206,109,mlp_down_all_blocks,15,16,donor,0.015625,0.0,1.0,0.0011354183231473526,0.0,0.0004280342324478413,True,True,True,False,True,True
206,109,mlp_down_all_blocks,15,16,donor,0.03125,0.00015900611453989843,0.9999999873585287,0.0022008316422798178,9.835800629939228e-05,0.0004280342324478413,True,True,True,False,True,True
206,109,mlp_down_all_blocks,15,16,isotropic,0.0078125,0.00030675871030862005,0.9999999529508782,0.0007597558659903352,0.0001984434286913981,0.000429478612625645,True,True,True,False,True,True
206,109,mlp_down_all_blocks,15,16,isotropic,0.015625,0.0,1.0,0.0011756495510572991,0.0,0.000429478612625645,True,True,True,False,True,True
206,109,mlp_down_all_blocks,15,16,isotropic,0.03125,0.00015944609728292056,0.9999999872957689,0.0023172588817442614,9.922171434569905e-05,0.000429478612625645,True,True,True,False,True,True
206,110,qkv_all_blocks,4,5,actual_local,0.0078125,0.0011447660427371048,0.9999993449448222,0.0016863608421720756,0.0006450314136132785,0.0016050840835775523,True,True,True,False,True,True
206,110,qkv_all_blocks,4,5,actual_local,0.015625,0.0,1.0,0.0009056586781794105,0.0,0.0016050840835775523,True,True,True,False,True,True
206,110,qkv_all_blocks,4,5,actual_local,0.03125,0.0006056377286199455,0.9999998166115945,0.0004869077431350751,0.0003762683246077458,0.0016050840835775523,True,True,True,False,True,True
206,110,qkv_all_blocks,4,5,accumulated,0.0078125,0.0011447660427371048,0.9999993449448222,0.0016863608421720756,0.0006450314136132785,0.0016050840835775523,True,True,True,False,True,True
206,110,qkv_all_blocks,4,5,accumulated,0.015625,0.0,1.0,0.0009056586781794105,0.0,0.0016050840835775523,True,True,True,False,True,True
206,110,qkv_all_blocks,4,5,accumulated,0.03125,0.0006056377286199455,0.9999998166115945,0.0004869077431350751,0.0003762683246077458,0.0016050840835775523,True,True,True,False,True,True
206,110,qkv_all_blocks,4,5,donor,0.0078125,0.001127836253515735,0.9999993641927203,0.001680384451170204,0.0006447809487462173,0.0015842115501985287,True,True,True,False,True,True
206,110,qkv_all_blocks,4,5,donor,0.015625,0.0,0.9999999999999998,0.0009073540233282535,0.0,0.0015842115501985287,True,True,True,False,True,True
206,110,qkv_all_blocks,4,5,donor,0.03125,0.0006008528764896248,0.9999998194929175,0.0004834092314078333,0.0003761222201019601,0.0015842115501985287,True,True,True,False,True,True
206,110,qkv_all_blocks,4,5,isotropic,0.0078125,0.0011195440513094576,0.9999993735123845,0.0017381750699427554,0.0006454554857558446,0.0015634382539963943,True,True,True,False,True,True
206,110,qkv_all_blocks,4,5,isotropic,0.015625,0.0,1.0,0.0009097817572157686,0.0,0.0015634382539963943,True,True,True,False,True,True
206,110,qkv_all_blocks,4,5,isotropic,0.03125,0.0006041888316322812,0.9999998175562141,0.0004885585880783041,0.0003765157000242427,0.0015634382539963943,True,True,True,False,True,True
206,110,qkv_all_blocks,10,11,actual_local,0.0078125,0.0020915445987723597,0.9999978127201262,0.0030924433239808216,0.0013161563369698812,0.002932794272402106,True,True,True,False,True,True
206,110,qkv_all_blocks,10,11,actual_local,0.015625,0.0,1.0,0.0024418167011710542,0.0,0.002932794272402106,True,True,True,False,True,True
206,110,qkv_all_blocks,10,11,actual_local,0.03125,0.001076787740182933,0.9999994220929505,0.0035394484285776167,0.0006580781684849406,0.002932794272402106,True,True,True,False,True,True
206,110,qkv_all_blocks,10,11,accumulated,0.0078125,0.001351909432489447,0.9999990862332726,0.0019639971452522996,0.0008772217977597001,0.0019170732036168311,True,True,True,False,True,True
206,110,qkv_all_blocks,10,11,accumulated,0.015625,0.0,0.9999999999999998,0.0011526579615188468,0.0,0.0019170732036168311,True,True,True,False,True,True
206,110,qkv_all_blocks,10,11,accumulated,0.03125,0.0008037133212799998,0.9999996796086437,0.0011458104807513243,0.0004934372612398313,0.0019170732036168311,True,True,True,False,True,True
206,110,qkv_all_blocks,10,11,donor,0.0078125,0.0022099047190662527,0.9999975605239089,0.003159897763758282,0.0014135549975394564,0.0031098471450498022,True,True,True,False,True,True
206,110,qkv_all_blocks,10,11,donor,0.015625,0.0,1.0,0.0017580791171897198,0.0,0.0031098471450498022,True,True,True,False,True,True
206,110,qkv_all_blocks,10,11,donor,0.03125,0.0010863789245059634,0.999999410111232,0.0009457247688868626,0.0007067774987697282,0.0031098471450498022,True,True,True,False,True,True
206,110,qkv_all_blocks,10,11,isotropic,0.0078125,0.0021187563137689183,0.9999977560012151,0.0030228134091679518,0.0013543162348803944,0.0029551528608714483,True,True,True,False,True,True
206,110,qkv_all_blocks,10,11,isotropic,0.015625,0.0,1.0,0.0016123308841896387,0.0,0.0029551528608714483,True,True,True,False,True,True
206,110,qkv_all_blocks,10,11,isotropic,0.03125,0.00112937758398371,0.9999993623144467,0.0008961042526574932,0.0007223019919362103,0.0029551528608714483,True,True,True,False,True,True
206,110,qkv_all_blocks,15,16,actual_local,0.0078125,0.001967912146288916,0.9999980641154471,0.0036259492756303266,0.0011674176158873422,0.0027652128912015743,True,True,True,False,True,True
206,110,qkv_all_blocks,15,16,actual_local,0.015625,0.0,0.9999999999999999,0.00487800641707171,0.0,0.0027652128912015743,True,True,True,False,True,True
206,110,qkv_all_blocks,15,16,actual_local,0.03125,0.000948426157800053,0.9999995507016018,0.009219357476972717,0.0005918158747206665,0.0027652128912015743,True,True,True,False,True,True
206,110,qkv_all_blocks,15,16,accumulated,0.0078125,0.0009435149159026883,0.9999995619247243,0.006948372852235298,0.0005729745202595188,0.0012977268600258825,True,True,True,False,True,True
206,110,qkv_all_blocks,15,16,accumulated,0.015625,0.0,1.0,0.013822262306145878,0.0,0.0012977268600258825,True,True,True,False,True,True
206,110,qkv_all_blocks,15,16,accumulated,0.03125,0.0011234227362224964,0.9999993806385092,0.027597192105517386,0.000324685561480394,0.0012977268600258825,True,True,True,False,True,True
206,110,qkv_all_blocks,15,16,donor,0.0078125,0.0028415195468611625,0.9999959634843485,0.004208392489679498,0.0017864180441375613,0.003975807256485808,True,True,True,False,True,True
206,110,qkv_all_blocks,15,16,donor,0.015625,0.0,1.0,0.0022298283396065383,0.0,0.003975807256485808,True,True,True,False,True,True
206,110,qkv_all_blocks,15,16,donor,0.03125,0.0013842643366283164,0.9999990425122953,0.0012688426176248747,0.0008932090220687807,0.003975807256485808,True,True,True,False,True,True
206,110,qkv_all_blocks,15,16,isotropic,0.0078125,0.0028667443458766256,0.999995894652703,0.004185099776896637,0.0017340403590249257,0.004020389212455231,True,True,True,False,True,True
206,110,qkv_all_blocks,15,16,isotropic,0.015625,0.0,1.0,0.0021344386333343587,0.0,0.004020389212455231,True,True,True,False,True,True
206,110,qkv_all_blocks,15,16,isotropic,0.03125,0.0013917163929668842,0.9999990315652737,0.0013821539960892206,0.0008670201795124629,0.004020389212455231,True,True,True,False,True,True
206,110,attention_output_all_blocks,4,5,actual_local,0.0078125,0.009040064468798995,0.999959144828478,0.01334782598061641,0.005965762570743028,0.01266371562446539,True,True,True,False,True,True
206,110,attention_output_all_blocks,4,5,actual_local,0.015625,0.0,1.0,0.007209095426148159,0.0,0.01266371562446539,True,True,True,False,True,True
206,110,attention_output_all_blocks,4,5,actual_local,0.03125,0.004886814117042538,0.9999880694383663,0.003930714622127621,0.002982881285371514,0.01266371562446539,True,True,True,False,True,True
206,110,attention_output_all_blocks,4,5,accumulated,0.0078125,0.009040064468798995,0.999959144828478,0.01334782598061641,0.005965762570743028,0.01266371562446539,True,True,True,False,True,True
206,110,attention_output_all_blocks,4,5,accumulated,0.015625,0.0,1.0,0.007209095426148159,0.0,0.01266371562446539,True,True,True,False,True,True
206,110,attention_output_all_blocks,4,5,accumulated,0.03125,0.004886814117042538,0.9999880694383663,0.003930714622127621,0.002982881285371514,0.01266371562446539,True,True,True,False,True,True
206,110,attention_output_all_blocks,4,5,donor,0.0078125,0.009643897823445822,0.9999535008009391,0.01376539970454452,0.006034131302652758,0.0134116335006692,True,True,True,False,True,True
206,110,attention_output_all_blocks,4,5,donor,0.015625,0.0,1.0,0.007591678955170093,0.0,0.0134116335006692,True,True,True,False,True,True
206,110,attention_output_all_blocks,4,5,donor,0.03125,0.004914910768001307,0.9999879281098647,0.004054224923759643,0.003017065651326379,0.0134116335006692,True,True,True,False,True,True
206,110,attention_output_all_blocks,4,5,isotropic,0.0078125,0.007912504494480813,0.9999687048478331,0.011943102509633378,0.004902728087330851,0.011040034134503074,True,True,True,False,True,True
206,110,attention_output_all_blocks,4,5,isotropic,0.015625,0.0,1.0,0.006521687813079183,0.0,0.011040034134503074,True,True,True,False,True,True
206,110,attention_output_all_blocks,4,5,isotropic,0.03125,0.004273618203259579,0.9999908685252628,0.003632121761989923,0.0024513640436654256,0.011040034134503074,True,True,True,False,True,True
206,110,attention_output_all_blocks,10,11,actual_local,0.0078125,0.005508298653495897,0.9999850147605693,0.008076119096966483,0.0034746105950027475,0.007713303627878292,True,True,True,False,True,True
206,110,attention_output_all_blocks,10,11,actual_local,0.015625,0.0,0.9999999999999998,0.004973430160728756,0.0,0.007713303627878292,True,True,True,False,True,True
206,110,attention_output_all_blocks,10,11,actual_local,0.03125,0.0030117561639222594,0.9999957193587973,0.0037883903555139308,0.001853125650668132,0.007713303627878292,True,True,True,False,True,True
206,110,attention_output_all_blocks,10,11,accumulated,0.0078125,0.01196772244711725,0.9999283862762639,0.015768976726005697,0.007084205306624552,0.016462002402792848,True,True,True,False,True,True
206,110,attention_output_all_blocks,10,11,accumulated,0.015625,0.0,1.0,0.008263904969802296,0.0,0.016462002402792848,True,True,True,False,True,True
206,110,attention_output_all_blocks,10,11,accumulated,0.03125,0.005722831801995463,0.9999836773674882,0.004524841639599243,0.003778242830199761,0.016462002402792848,True,True,True,False,True,True
206,110,attention_output_all_blocks,10,11,donor,0.0078125,0.010564199344397465,0.9999442287726432,0.014165815168084475,0.00634868323730425,0.014775597662264663,True,True,True,False,True,True
206,110,attention_output_all_blocks,10,11,donor,0.015625,0.0,1.0,0.0076031251983802745,0.0,0.014775597662264663,True,True,True,False,True,True
206,110,attention_output_all_blocks,10,11,donor,0.03125,0.005329279482527989,0.9999857998569305,0.004147166102356065,0.003174341618652125,0.014775597662264663,True,True,True,False,True,True
206,110,attention_output_all_blocks,10,11,isotropic,0.0078125,0.008219477985176792,0.9999662253421191,0.012079171526274468,0.004950179538426914,0.011583502982327005,True,True,True,False,True,True
206,110,attention_output_all_blocks,10,11,isotropic,0.015625,0.0,1.0,0.006397195811547369,0.0,0.011583502982327005,True,True,True,False,True,True
206,110,attention_output_all_blocks,10,11,isotropic,0.03125,0.004562336982892547,0.9999895975860824,0.003571956950047392,0.0028876047307490335,0.011583502982327005,True,True,True,False,True,True
206,110,attention_output_all_blocks,15,16,actual_local,0.0078125,0.0038336150897037807,0.9999927913569163,0.006153422386208948,0.002490648195193295,0.005365201241671786,True,True,True,False,True,True
206,110,attention_output_all_blocks,15,16,actual_local,0.015625,0.0,1.0,0.003965721721545385,0.0,0.005365201241671786,True,True,True,False,True,True
206,110,attention_output_all_blocks,15,16,actual_local,0.03125,0.001977327755528644,0.9999980592454888,0.005355006126408428,0.0012453240975966475,0.005365201241671786,True,True,True,False,True,True
206,110,attention_output_all_blocks,15,16,accumulated,0.0078125,0.002499145773857498,0.9999968835883098,0.004743058010803884,0.0014803753643280997,0.0035129470213099865,True,True,True,False,True,True
206,110,attention_output_all_blocks,15,16,accumulated,0.015625,0.0,1.0,0.006252787905119659,0.0,0.0035129470213099865,True,True,True,False,True,True
206,110,attention_output_all_blocks,15,16,accumulated,0.03125,0.001241843645542914,0.9999992292193668,0.011952504891260391,0.0007649786571647597,0.0035129470213099865,True,True,True,False,True,True
206,110,attention_output_all_blocks,15,16,donor,0.0078125,0.004741193856660499,0.9999887689654736,0.0075843527841039735,0.0029366316077869643,0.00657082173792403,True,True,True,False,True,True
206,110,attention_output_all_blocks,15,16,donor,0.015625,0.0,1.0,0.0036641260538054186,0.0,0.00657082173792403,True,True,True,False,True,True
206,110,attention_output_all_blocks,15,16,donor,0.03125,0.0024661218052423398,0.9999969595932635,0.0019371615418426963,0.0015812631734237498,0.00657082173792403,True,True,True,False,True,True
206,110,attention_output_all_blocks,15,16,isotropic,0.0078125,0.004838864205607503,0.9999882943936174,0.00713732058626477,0.0028494288539403466,0.006767935220016743,True,True,True,False,True,True
206,110,attention_output_all_blocks,15,16,isotropic,0.015625,0.0,1.0,0.0037736053201200266,0.0,0.006767935220016743,True,True,True,False,True,True
206,110,attention_output_all_blocks,15,16,isotropic,0.03125,0.0023585218644537184,0.9999972290125286,0.001958224445275856,0.0014247144269701733,0.006767935220016743,True,True,True,False,True,True
206,110,mlp_down_all_blocks,4,5,actual_local,0.0078125,0.00010608067266287278,0.9999999943742983,0.00017964302726404635,6.122337921460498e-05,0.00014866485289387677,True,True,True,False,True,True
206,110,mlp_down_all_blocks,4,5,actual_local,0.015625,0.0,0.9999999999999999,0.00017834423698344623,0.0,0.00014866485289387677,True,True,True,False,True,True
206,110,mlp_down_all_blocks,4,5,actual_local,0.03125,5.640237375654499e-05,0.9999999984094344,0.00032065545109899294,3.4438150808215306e-05,0.00014866485289387677,True,True,True,False,True,True
206,110,mlp_down_all_blocks,4,5,accumulated,0.0078125,0.00010608067266287278,0.9999999943742983,0.00017964302726404635,6.122337921460498e-05,0.00014866485289387677,True,True,True,False,True,True
206,110,mlp_down_all_blocks,4,5,accumulated,0.015625,0.0,0.9999999999999999,0.00017834423698344623,0.0,0.00014866485289387677,True,True,True,False,True,True
206,110,mlp_down_all_blocks,4,5,accumulated,0.03125,5.640237375654499e-05,0.9999999984094344,0.00032065545109899294,3.4438150808215306e-05,0.00014866485289387677,True,True,True,False,True,True
206,110,mlp_down_all_blocks,4,5,donor,0.0078125,9.829088227979623e-05,0.9999999951709891,0.00015486503882978448,6.093698505538256e-05,0.00013728393647925732,True,True,True,False,True,True
206,110,mlp_down_all_blocks,4,5,donor,0.015625,0.0,1.0,8.50167773574948e-05,0.0,0.00013728393647925732,True,True,True,False,True,True
206,110,mlp_down_all_blocks,4,5,donor,0.03125,5.342075845806975e-05,0.9999999985748325,7.495818781606912e-05,3.082554517450016e-05,0.00013728393647925732,True,True,True,False,True,True
206,110,mlp_down_all_blocks,4,5,isotropic,0.0078125,0.00010097286894346945,0.9999999949033708,0.00015433170530064459,6.0959513332105634e-05,0.0001414613876408565,True,True,True,False,True,True
206,110,mlp_down_all_blocks,4,5,isotropic,0.015625,0.0,0.9999999999999998,9.58321036054699e-05,0.0,0.0001414613876408565,True,True,True,False,True,True
206,110,mlp_down_all_blocks,4,5,isotropic,0.03125,5.372337103178979e-05,0.9999999985572717,0.00011103947857176865,3.2384741457681115e-05,0.0001414613876408565,True,True,True,False,True,True
206,110,mlp_down_all_blocks,10,11,actual_local,0.0078125,0.001030949000201235,0.9999995002030281,0.008867179015922898,0.0003470815810935689,0.00030137496410348875,True,True,True,False,True,True
206,110,mlp_down_all_blocks,10,11,actual_local,0.015625,0.0,1.0,0.01767042834958956,0.0,0.00030137496410348875,True,True,True,False,True,True
206,110,mlp_down_all_blocks,10,11,actual_local,0.03125,0.003987934192503534,0.9999925579026109,0.03528284251478811,0.001149926854532228,0.00030137496410348875,True,True,True,False,True,True
206,110,mlp_down_all_blocks,10,11,accumulated,0.0078125,0.006894465305027183,0.999976395335801,0.033234670490107164,0.002087110868666013,0.0009264823949989431,True,True,True,False,True,True
206,110,mlp_down_all_blocks,10,11,accumulated,0.015625,0.0,1.0,0.06623097703019612,0.0,0.0009264823949989431,True,True,True,False,True,True
206,110,mlp_down_all_blocks,10,11,accumulated,0.03125,0.027855504480100074,0.9996138090080012,0.1310949828436586,0.00837546410644589,0.0009264823949989431,True,True,True,False,True,True
206,110,mlp_down_all_blocks,10,11,donor,0.0078125,0.00019830355867379157,0.9999999803411641,0.0005969504428037643,0.00012574113561782688,0.00027698402183819274,True,True,True,False,True,True
206,110,mlp_down_all_blocks,10,11,donor,0.015625,0.0,1.0,0.0010479580216108005,0.0,0.00027698402183819274,True,True,True,False,True,True
206,110,mlp_down_all_blocks,10,11,donor,0.03125,0.00010517837843573976,0.9999999944690989,0.0020856767526227366,6.287056780891344e-05,0.00027698402183819274,True,True,True,False,True,True
206,110,mlp_down_all_blocks,10,11,isotropic,0.0078125,0.00020329936507331968,0.9999999793399316,0.0006174093601764048,0.00012242036065240788,0.00028408266491006316,True,True,True,False,True,True
206,110,mlp_down_all_blocks,10,11,isotropic,0.015625,0.0,0.9999999999999998,0.001117882147564504,0.0,0.00028408266491006316,True,True,True,False,True,True
206,110,mlp_down_all_blocks,10,11,isotropic,0.03125,0.00011109898236695651,0.9999999938319787,0.002181480800905722,6.995449180137592e-05,0.00028408266491006316,True,True,True,False,True,True
206,110,mlp_down_all_blocks,15,16,actual_local,0.0078125,0.00042376758043633704,0.9999999104368209,0.005423536051457431,0.0002648943892622593,0.0005832522001234744,True,True,True,False,True,True
206,110,mlp_down_all_blocks,15,16,actual_local,0.015625,0.0,1.0,0.010784731513359418,0.0,0.0005832522001234744,True,True,True,False,True,True
206,110,mlp_down_all_blocks,15,16,actual_local,0.03125,0.0005006205871106401,0.999999876469002,0.021593935747769095,0.0001963056634711386,0.0005832522001234744,True,True,True,False,True,True
206,110,mlp_down_all_blocks,15,16,accumulated,0.0078125,0.0034624417697347396,0.9999940132387419,0.030181021844895205,0.0010164018017003137,0.00035461572963483553,True,True,True,False,True,True
206,110,mlp_down_all_blocks,15,16,accumulated,0.015625,0.0,1.0,0.06032384439659082,0.0,0.00035461572963483553,True,True,True,False,True,True
206,110,mlp_down_all_blocks,15,16,accumulated,0.03125,0.013454580430406532,0.9999095813227951,0.12015305413237266,0.004047467581756575,0.00035461572963483553,True,True,True,False,True,True
206,110,mlp_down_all_blocks,15,16,donor,0.0078125,0.00043213587012868926,0.9999999066738523,0.0011316036862447855,0.00025778279888783356,0.0006083251073525075,True,True,True,False,True,True
206,110,mlp_down_all_blocks,15,16,donor,0.015625,0.0,1.0,0.001972411066438974,0.0,0.0006083251073525075,True,True,True,False,True,True
206,110,mlp_down_all_blocks,15,16,donor,0.03125,0.00022105962310620407,0.9999999755775538,0.003918120254023043,0.00012889139944391678,0.0006083251073525075,True,True,True,False,True,True
206,110,mlp_down_all_blocks,15,16,isotropic,0.0078125,0.00042127291558686613,0.9999999112782009,0.0013075734207679223,0.00025951628212677794,0.0005934445805734884,True,True,True,False,True,True
206,110,mlp_down_all_blocks,15,16,isotropic,0.015625,0.0,1.0,0.002313880754414602,0.0,0.0005934445805734884,True,True,True,False,True,True
206,110,mlp_down_all_blocks,15,16,isotropic,0.03125,0.00022088328605199224,0.9999999757188113,0.0046285309752625145,0.0001430815216190048,0.0005934445805734884,True,True,True,False,True,True
325,107,qkv_all_blocks,4,5,actual_local,0.0078125,0.0010945157108360687,0.9999994011655813,0.0016240927526448754,0.0006297668023822853,0.001537853609152368,True,True,True,False,True,True
325,107,qkv_all_blocks,4,5,actual_local,0.015625,0.0,0.9999999999999999,0.0009001318224199243,0.0,0.001537853609152368,True,True,True,False,True,True
325,107,qkv_all_blocks,4,5,actual_local,0.03125,0.0005943405572790867,0.9999998233820405,0.00047930000952512954,0.0003673639680563331,0.001537853609152368,True,True,True,False,True,True
325,107,qkv_all_blocks,4,5,accumulated,0.0078125,0.0010945157108360687,0.9999994011655813,0.0016240927526448754,0.0006297668023822853,0.001537853609152368,True,True,True,False,True,True
325,107,qkv_all_blocks,4,5,accumulated,0.015625,0.0,0.9999999999999999,0.0009001318224199243,0.0,0.001537853609152368,True,True,True,False,True,True
325,107,qkv_all_blocks,4,5,accumulated,0.03125,0.0005943405572790867,0.9999998233820405,0.00047930000952512954,0.0003673639680563331,0.001537853609152368,True,True,True,False,True,True
325,107,qkv_all_blocks,4,5,donor,0.0078125,0.0010797638264105763,0.9999994173336155,0.0016174213403186979,0.0006295734208684788,0.0015061504918546609,True,True,True,False,True,True
325,107,qkv_all_blocks,4,5,donor,0.015625,0.0,0.9999999999999999,0.0008663304240246733,0.0,0.0015061504918546609,True,True,True,False,True,True
325,107,qkv_all_blocks,4,5,donor,0.03125,0.0005759732465043121,0.9999998343510311,0.0004636244425294728,0.00035413504923851935,0.0015061504918546609,True,True,True,False,True,True
325,107,qkv_all_blocks,4,5,isotropic,0.0078125,0.001090886707664722,0.999999404986187,0.001638415880211948,0.0006301232377822696,0.001525868541357006,True,True,True,False,True,True
325,107,qkv_all_blocks,4,5,isotropic,0.015625,0.0,0.9999999999999999,0.0008671754463256004,0.0,0.001525868541357006,True,True,True,False,True,True
325,107,qkv_all_blocks,4,5,isotropic,0.03125,0.0005788162092013023,0.9999998324867867,0.0004680554388782036,0.0003675718887063239,0.001525868541357006,True,True,True,False,True,True
325,107,qkv_all_blocks,10,11,actual_local,0.0078125,0.0019673299451694127,0.9999980702637602,0.0029614658465922363,0.0012880092008421171,0.002757849744006207,True,True,True,False,True,True
325,107,qkv_all_blocks,10,11,actual_local,0.015625,0.0,0.9999999999999998,0.0022993894293395875,0.0,0.002757849744006207,True,True,True,False,True,True
325,107,qkv_all_blocks,10,11,actual_local,0.03125,0.0010358297203193086,0.9999994652799483,0.003617893779823859,0.0006440046004210586,0.002757849744006207,True,True,True,False,True,True
325,107,qkv_all_blocks,10,11,accumulated,0.0078125,0.001295782944229582,0.999999160524175,0.002064678066372493,0.0008423739507272542,0.001808721383639703,True,True,True,False,True,True
325,107,qkv_all_blocks,10,11,accumulated,0.015625,0.0,0.9999999999999999,0.0014469845355921645,0.0,0.001808721383639703,True,True,True,False,True,True
325,107,qkv_all_blocks,10,11,accumulated,0.03125,0.0007073656723127643,0.9999997499436233,0.0022662606028690715,0.0004211869753636271,0.001808721383639703,True,True,True,False,True,True
325,107,qkv_all_blocks,10,11,donor,0.0078125,0.0018869091795055235,0.9999982232754581,0.0027702006162454037,0.0011550666971498072,0.002640607589032478,True,True,True,False,True,True
325,107,qkv_all_blocks,10,11,donor,0.015625,0.0,1.0,0.0014793455999595158,0.0,0.002640607589032478,True,True,True,False,True,True
325,107,qkv_all_blocks,10,11,donor,0.03125,0.001019645330279164,0.9999994803517651,0.0007693401281544896,0.0006600381126570327,0.002640607589032478,True,True,True,False,True,True
325,107,qkv_all_blocks,10,11,isotropic,0.0078125,0.0018857369896564872,0.999998224733292,0.002803890156382394,0.0011604899543379817,0.0026521449244164097,True,True,True,False,True,True
325,107,qkv_all_blocks,10,11,isotropic,0.015625,0.0,1.0,0.0014929164716857666,0.0,0.0026521449244164097,True,True,True,False,True,True
325,107,qkv_all_blocks,10,11,isotropic,0.03125,0.0010550403395480613,0.9999994434683078,0.0007881114610278494,0.000663137116764561,0.0026521449244164097,True,True,True,False,True,True
325,107,qkv_all_blocks,15,16,actual_local,0.0078125,0.0022129787295557223,0.999997561518352,0.0033579666744807477,0.0012459119438686975,0.0030823484844767434,True,True,True,False,True,True
325,107,qkv_all_blocks,15,16,actual_local,0.015625,0.0,1.0,0.0022482821200041033,0.0,0.0030823484844767434,True,True,True,False,True,True
325,107,qkv_all_blocks,15,16,actual_local,0.03125,0.0010760379803319625,0.9999994211656245,0.003073016122876759,0.0006748689695955445,0.0030823484844767434,True,True,True,False,True,True
325,107,qkv_all_blocks,15,16,accumulated,0.0078125,0.0014142768252639257,0.999999000448358,0.0025024667809520032,0.000911610385052456,0.001994687032805388,True,True,True,False,True,True
325,107,qkv_all_blocks,15,16,accumulated,0.015625,0.0,1.0,0.0027180558283547056,0.0,0.001994687032805388,True,True,True,False,True,True
325,107,qkv_all_blocks,15,16,accumulated,0.03125,0.0007480516851046781,0.9999997222777478,0.0050154039706835785,0.000455805192526228,0.001994687032805388,True,True,True,False,True,True
325,107,qkv_all_blocks,15,16,donor,0.0078125,0.002493522234027795,0.9999968913218579,0.003955265722368892,0.0014804297860781467,0.0034983377474987567,True,True,True,False,True,True
325,107,qkv_all_blocks,15,16,donor,0.015625,0.0,1.0,0.001885468604634351,0.0,0.0034983377474987567,True,True,True,False,True,True
325,107,qkv_all_blocks,15,16,donor,0.03125,0.001284740126965871,0.9999991748164868,0.0011000264325613188,0.0008018994674589961,0.0034983377474987567,True,True,True,False,True,True
325,107,qkv_all_blocks,15,16,isotropic,0.0078125,0.002430060782089212,0.9999970475673375,0.0035205021892155013,0.0014319558707315302,0.003402577164855951,True,True,True,False,True,True
325,107,qkv_all_blocks,15,16,isotropic,0.015625,0.0,1.0,0.0018811133372059847,0.0,0.003402577164855951,True,True,True,False,True,True
325,107,qkv_all_blocks,15,16,isotropic,0.03125,0.0012347389759271529,0.9999992377262207,0.001036586669349106,0.0007756427633129122,0.003402577164855951,True,True,True,False,True,True
325,107,attention_output_all_blocks,4,5,actual_local,0.0078125,0.00996459801904295,0.9999503818041489,0.014379467679118763,0.005997837629236604,0.013889322299151666,True,True,True,False,True,True
325,107,attention_output_all_blocks,4,5,actual_local,0.015625,0.0,1.0,0.007900864996644332,0.0,0.013889322299151666,True,True,True,False,True,True
325,107,attention_output_all_blocks,4,5,actual_local,0.03125,0.00526443515844419,0.9999861475473324,0.004276887388706234,0.002998918814618302,0.013889322299151666,True,True,True,False,True,True
325,107,attention_output_all_blocks,4,5,accumulated,0.0078125,0.00996459801904295,0.9999503818041489,0.014379467679118763,0.005997837629236604,0.013889322299151666,True,True,True,False,True,True
325,107,attention_output_all_blocks,4,5,accumulated,0.015625,0.0,1.0,0.007900864996644332,0.0,0.013889322299151666,True,True,True,False,True,True
325,107,attention_output_all_blocks,4,5,accumulated,0.03125,0.00526443515844419,0.9999861475473324,0.004276887388706234,0.002998918814618302,0.013889322299151666,True,True,True,False,True,True
325,107,attention_output_all_blocks,4,5,donor,0.0078125,0.008499182863479225,0.9999638813830287,0.012570557357866594,0.005729007087617287,0.011902307896484329,True,True,True,False,True,True
325,107,attention_output_all_blocks,4,5,donor,0.015625,0.0,1.0,0.0068315410414627195,0.0,0.011902307896484329,True,True,True,False,True,True
325,107,attention_output_all_blocks,4,5,donor,0.03125,0.004666011809166427,0.9999891141927257,0.003682192438287248,0.0028645035438086435,0.011902307896484329,True,True,True,False,True,True
325,107,attention_output_all_blocks,4,5,isotropic,0.0078125,0.007844749318008494,0.9999692300855648,0.011434769372890117,0.00473689794557119,0.010933251950993539,True,True,True,False,True,True
325,107,attention_output_all_blocks,4,5,isotropic,0.015625,0.0,1.0,0.006227216012469363,0.0,0.010933251950993539,True,True,True,False,True,True
325,107,attention_output_all_blocks,4,5,isotropic,0.03125,0.0042646803465407526,0.9999909116841013,0.0033273130405202652,0.0028421387673427142,0.010933251950993539,True,True,True,False,True,True
325,107,attention_output_all_blocks,10,11,actual_local,0.0078125,0.0088156445397821,0.999961144157076,0.013637735280053024,0.005557333567381478,0.012355117787655632,True,True,True,False,True,True
325,107,attention_output_all_blocks,10,11,actual_local,0.015625,0.0,0.9999999999999999,0.007086994519214174,0.0,0.012355117787655632,True,True,True,False,True,True
325,107,attention_output_all_blocks,10,11,actual_local,0.03125,0.004653992628298315,0.9999891706595585,0.004078019131739104,0.0031756191813608445,0.012355117787655632,True,True,True,False,True,True
325,107,attention_output_all_blocks,10,11,accumulated,0.0078125,0.010715611369925802,0.9999425878081555,0.015952160020178217,0.006608917111858966,0.015049523265634347,True,True,True,False,True,True
325,107,attention_output_all_blocks,10,11,accumulated,0.015625,0.0,1.0,0.008363525772660951,0.0,0.015049523265634347,True,True,True,False,True,True
325,107,attention_output_all_blocks,10,11,accumulated,0.03125,0.005647671367644462,0.9999840594646909,0.00449754613298345,0.003540491309924446,0.015049523265634347,True,True,True,False,True,True
325,107,attention_output_all_blocks,10,11,donor,0.0078125,0.008299218398239733,0.9999655628705431,0.012253694264878594,0.005390512501749528,0.011741100544348336,True,True,True,False,True,True
325,107,attention_output_all_blocks,10,11,donor,0.015625,0.0,1.0,0.006527882169684676,0.0,0.011741100544348336,True,True,True,False,True,True
325,107,attention_output_all_blocks,10,11,donor,0.03125,0.0047515717847532255,0.9999887180576796,0.0033254122844114022,0.002887774554508676,0.011741100544348336,True,True,True,False,True,True
325,107,attention_output_all_blocks,10,11,isotropic,0.0078125,0.006981964006326332,0.9999756259856983,0.010460280242581874,0.0041948356490898,0.009757905290442431,True,True,True,False,True,True
325,107,attention_output_all_blocks,10,11,isotropic,0.015625,0.0,1.0,0.005514507256780068,0.0,0.009757905290442431,True,True,True,False,True,True
325,107,attention_output_all_blocks,10,11,isotropic,0.03125,0.00394073119481945,0.9999922352886805,0.002993047189051258,0.00244698746196905,0.009757905290442431,True,True,True,False,True,True
325,107,attention_output_all_blocks,15,16,actual_local,0.0078125,0.0041742739462124505,0.9999913182801765,0.0060930309714400405,0.00245054433018492,0.005859532600434906,True,True,True,False,True,True
325,107,attention_output_all_blocks,15,16,actual_local,0.015625,0.0,0.9999999999999999,0.0034564921935845315,0.0,0.005859532600434906,True,True,True,False,True,True
325,107,attention_output_all_blocks,15,16,actual_local,0.03125,0.0021068131296989897,0.9999977831095915,0.0025352542672824377,0.0012763251719713127,0.005859532600434906,True,True,True,False,True,True
325,107,attention_output_all_blocks,15,16,accumulated,0.0078125,0.006106327505479999,0.9999813572710895,0.009143571130428062,0.003658394839589309,0.008549254634253566,True,True,True,False,True,True
325,107,attention_output_all_blocks,15,16,accumulated,0.015625,0.0,1.0,0.00505381272573793,0.0,0.008549254634253566,True,True,True,False,True,True
325,107,attention_output_all_blocks,15,16,accumulated,0.03125,0.003137232546679981,0.9999950892093461,0.004169180614463575,0.0018887416066369284,0.008549254634253566,True,True,True,False,True,True
325,107,attention_output_all_blocks,15,16,donor,0.0078125,0.0045761064904148874,0.9999895349493839,0.006873367875277037,0.0027652504057944865,0.006431789553389093,True,True,True,False,True,True
325,107,attention_output_all_blocks,15,16,donor,0.015625,0.0,0.9999999999999998,0.003605413302221864,0.0,0.006431789553389093,True,True,True,False,True,True
325,107,attention_output_all_blocks,15,16,donor,0.03125,0.0023039142605247986,0.9999973468376313,0.0018709638714515674,0.0013826252028972432,0.006431789553389093,True,True,True,False,True,True
325,107,attention_output_all_blocks,15,16,isotropic,0.0078125,0.004354265417991339,0.9999905205137638,0.006526090088834169,0.002587708832419383,0.006077899710888982,True,True,True,False,True,True
325,107,attention_output_all_blocks,15,16,isotropic,0.015625,0.0,0.9999999999999998,0.0031481218692093,0.0,0.006077899710888982,True,True,True,False,True,True
325,107,attention_output_all_blocks,15,16,isotropic,0.03125,0.002117139391955254,0.9999977594754644,0.0016964261403110482,0.0012938544162096916,0.006077899710888982,True,True,True,False,True,True
325,107,mlp_down_all_blocks,4,5,actual_local,0.0078125,0.00011191473498050603,0.9999999937381145,0.0001929580293513148,7.041291059444828e-05,0.00015631420996037527,True,True,True,False,True,True
325,107,mlp_down_all_blocks,4,5,actual_local,0.015625,0.0,1.0,0.00022180229866790017,0.0,0.00015631420996037527,True,True,True,False,True,True
325,107,mlp_down_all_blocks,4,5,actual_local,0.03125,5.8678136403099505e-05,0.9999999982803512,0.00040469659556861267,3.557704956351071e-05,0.00015631420996037527,True,True,True,False,True,True
325,107,mlp_down_all_blocks,4,5,accumulated,0.0078125,0.00011191473498050603,0.9999999937381145,0.0001929580293513148,7.041291059444828e-05,0.00015631420996037527,True,True,True,False,True,True
325,107,mlp_down_all_blocks,4,5,accumulated,0.015625,0.0,1.0,0.00022180229866790017,0.0,0.00015631420996037527,True,True,True,False,True,True
325,107,mlp_down_all_blocks,4,5,accumulated,0.03125,5.8678136403099505e-05,0.9999999982803512,0.00040469659556861267,3.557704956351071e-05,0.00015631420996037527,True,True,True,False,True,True
325,107,mlp_down_all_blocks,4,5,donor,0.0078125,0.00010343365816022044,0.9999999946508425,0.00016203789849959842,6.295517038548308e-05,0.0001449060655707082,True,True,True,False,True,True
325,107,mlp_down_all_blocks,4,5,donor,0.015625,0.0,1.0,0.00011254330514035054,0.0,0.0001449060655707082,True,True,True,False,True,True
325,107,mlp_down_all_blocks,4,5,donor,0.03125,5.4886350960364993e-05,0.9999999984951357,0.0001585058607064699,3.344493426728789e-05,0.0001449060655707082,True,True,True,False,True,True
325,107,mlp_down_all_blocks,4,5,isotropic,0.0078125,0.00010156629912584342,0.9999999948451205,0.00017324715848524748,6.302986741577457e-05,0.00014267541903000371,True,True,True,False,True,True
325,107,mlp_down_all_blocks,4,5,isotropic,0.015625,0.0,0.9999999999999999,0.00016657295582670286,0.0,0.00014267541903000371,True,True,True,False,True,True
325,107,mlp_down_all_blocks,4,5,isotropic,0.03125,5.6484782988429135e-05,0.9999999984049694,0.00029015348507016543,3.348461706463024e-05,0.00014267541903000371,True,True,True,False,True,True
325,107,mlp_down_all_blocks,10,11,actual_local,0.0078125,0.0002404780681187434,0.9999999713976765,0.002544270533017486,0.00014904591248392075,0.0003196620759109133,True,True,True,False,True,True
325,107,mlp_down_all_blocks,10,11,actual_local,0.015625,0.0,1.0,0.005027417287933856,0.0,0.0003196620759109133,True,True,True,False,True,True
325,107,mlp_down_all_blocks,10,11,actual_local,0.03125,0.00029581563662418994,0.9999999598038173,0.01002899200103224,0.00017140279935650885,0.0003196620759109133,True,True,True,False,True,True
325,107,mlp_down_all_blocks,10,11,accumulated,0.0078125,0.00038355281704753505,0.9999999305343067,0.005829454021601245,0.00018112549555769647,0.00019584107695429093,True,True,True,False,True,True
325,107,mlp_down_all_blocks,10,11,accumulated,0.015625,0.0,1.0,0.011659811411639982,0.0,0.00019584107695429093,True,True,True,False,True,True
325,107,mlp_down_all_blocks,10,11,accumulated,0.03125,0.0014238884028125827,0.9999990517635642,0.023235759680461186,0.0006005172680097436,0.00019584107695429093,True,True,True,False,True,True
325,107,mlp_down_all_blocks,10,11,donor,0.0078125,0.00018345509986592552,0.9999999831774485,0.00040303315826539375,0.00010726100080995872,0.00025631917068770293,True,True,True,False,True,True
325,107,mlp_down_all_blocks,10,11,donor,0.015625,0.0,1.0,0.0005880337241255891,0.0,0.00025631917068770293,True,True,True,False,True,True
325,107,mlp_down_all_blocks,10,11,donor,0.03125,9.710114590554557e-05,0.999999995285828,0.0011379133402421842,6.0334312955601784e-05,0.00025631917068770293,True,True,True,False,True,True
325,107,mlp_down_all_blocks,10,11,isotropic,0.0078125,0.0001880388910428656,0.9999999823422636,0.0005770638211801622,0.00010777735507288617,0.0002625317809019408,True,True,True,False,True,True
325,107,mlp_down_all_blocks,10,11,isotropic,0.015625,0.0,0.9999999999999998,0.0010051901297372487,0.0,0.0002625317809019408,True,True,True,False,True,True
325,107,mlp_down_all_blocks,10,11,isotropic,0.03125,9.877596267337612e-05,0.9999999951226477,0.001991014595414497,6.399280457452616e-05,0.0002625317809019408,True,True,True,False,True,True
325,107,mlp_down_all_blocks,15,16,actual_local,0.0078125,0.000361352297119386,0.9999999356109788,0.004490228747131681,0.00023103843203078298,0.000492650470060587,True,True,True,False,True,True
325,107,mlp_down_all_blocks,15,16,actual_local,0.015625,0.0,1.0,0.008954047933516845,0.0,0.000492650470060587,True,True,True,False,True,True
325,107,mlp_down_all_blocks,15,16,actual_local,0.03125,0.0003693254098906167,0.9999999435067277,0.01792116601108394,0.0001856558828818792,0.000492650470060587,True,True,True,False,True,True
325,107,mlp_down_all_blocks,15,16,accumulated,0.0078125,0.00142569814423721,0.9999991930236334,0.02032718111147801,0.0003639133315519502,0.00016996886522875236,True,True,True,False,True,True
325,107,mlp_down_all_blocks,15,16,accumulated,0.015625,0.0,0.9999999999999999,0.04052262534623711,0.0,0.00016996886522875236,True,True,True,False,True,True
325,107,mlp_down_all_blocks,15,16,accumulated,0.03125,0.005563985014831338,0.9999878189211815,0.08030265190799854,0.001394270354620725,0.00016996886522875236,True,True,True,False,True,True
325,107,mlp_down_all_blocks,15,16,donor,0.0078125,0.00033151367102300335,0.999999945050149,0.0008565770890028748,0.00020846673877069128,0.0004660485852140376,True,True,True,False,True,True
325,107,mlp_down_all_blocks,15,16,donor,0.015625,0.0,1.0,0.0014555867272867786,0.0,0.0004660485852140376,True,True,True,False,True,True
325,107,mlp_down_all_blocks,15,16,donor,0.03125,0.00016880204375184835,0.9999999857646186,0.002873290076621279,0.00010809386454776585,0.0004660485852140376,True,True,True,False,True,True
325,107,mlp_down_all_blocks,15,16,isotropic,0.0078125,0.0003367715405011928,0.9999999433351512,0.0009898969103916014,0.00021972745327574397,0.0004752312388179838,True,True,True,False,True,True
325,107,mlp_down_all_blocks,15,16,isotropic,0.015625,0.0,0.9999999999999999,0.0017311572896046702,0.0,0.0004752312388179838,True,True,True,False,True,True
325,107,mlp_down_all_blocks,15,16,isotropic,0.03125,0.00017655809351754326,0.9999999844284017,0.0034351917668681013,0.00010986372663787199,0.0004752312388179838,True,True,True,False,True,True
325,108,qkv_all_blocks,4,5,actual_local,0.0078125,0.0010870005606617623,0.9999994095054774,0.0015685063124476132,0.0006730162740825578,0.0015180994506581791,True,True,True,False,True,True
325,108,qkv_all_blocks,4,5,actual_local,0.015625,0.0,0.9999999999999999,0.0008751844323917116,0.0,0.0015180994506581791,True,True,True,False,True,True
325,108,qkv_all_blocks,4,5,actual_local,0.03125,0.0005734520088622048,0.9999998355908541,0.00046121366469432424,0.0003623933783521465,0.0015180994506581791,True,True,True,False,True,True
325,108,qkv_all_blocks,4,5,accumulated,0.0078125,0.0010870005606617623,0.9999994095054774,0.0015685063124476132,0.0006730162740825578,0.0015180994506581791,True,True,True,False,True,True
325,108,qkv_all_blocks,4,5,accumulated,0.015625,0.0,0.9999999999999999,0.0008751844323917116,0.0,0.0015180994506581791,True,True,True,False,True,True
325,108,qkv_all_blocks,4,5,accumulated,0.03125,0.0005734520088622048,0.9999998355908541,0.00046121366469432424,0.0003623933783521465,0.0015180994506581791,True,True,True,False,True,True
325,108,qkv_all_blocks,4,5,donor,0.0078125,0.001060550049793186,0.9999994378211824,0.0016459688430192914,0.0006603203594845188,0.001496505319322642,True,True,True,False,True,True
325,108,qkv_all_blocks,4,5,donor,0.015625,0.0,0.9999999999999999,0.0008779477719285691,0.0,0.001496505319322642,True,True,True,False,True,True
325,108,qkv_all_blocks,4,5,donor,0.03125,0.0006056923847001494,0.99999981657591,0.0004672511721744147,0.00036252882481502995,0.001496505319322642,True,True,True,False,True,True
325,108,qkv_all_blocks,4,5,isotropic,0.0078125,0.0010864211958573748,0.9999994099864454,0.001602678750737468,0.0006219099450366486,0.0015217608846484908,True,True,True,False,True,True
325,108,qkv_all_blocks,4,5,isotropic,0.015625,0.0,0.9999999999999999,0.0008708522509539532,0.0,0.0015217608846484908,True,True,True,False,True,True
325,108,qkv_all_blocks,4,5,isotropic,0.03125,0.0005830142928036121,0.9999998302364477,0.000464056530543321,0.0003627808012713783,0.0015217608846484908,True,True,True,False,True,True
325,108,qkv_all_blocks,10,11,actual_local,0.0078125,0.0019710325150970195,0.9999980575137687,0.003023688542491016,0.001219373414781761,0.002766878520471348,True,True,True,False,True,True
325,108,qkv_all_blocks,10,11,actual_local,0.015625,0.0,1.0,0.0016260469251167602,0.0,0.002766878520471348,True,True,True,False,True,True
325,108,qkv_all_blocks,10,11,actual_local,0.03125,0.001042357732082257,0.9999994567536047,0.0008642006893029493,0.000669678763266871,0.002766878520471348,True,True,True,False,True,True
325,108,qkv_all_blocks,10,11,accumulated,0.0078125,0.0012407671862484117,0.9999992302906068,0.0018248692187960971,0.0007594894973662409,0.001747658128700876,True,True,True,False,True,True
325,108,qkv_all_blocks,10,11,accumulated,0.015625,0.0,1.0,0.0009712205967187137,0.0,0.001747658128700876,True,True,True,False,True,True
325,108,qkv_all_blocks,10,11,accumulated,0.03125,0.0006503170745875549,0.9999997886638706,0.000557864273482408,0.000393307061136089,0.001747658128700876,True,True,True,False,True,True
325,108,qkv_all_blocks,10,11,donor,0.0078125,0.0019298920599495827,0.9999981377796036,0.00289814538987611,0.0011594986383489548,0.0027019808758225773,True,True,True,False,True,True
325,108,qkv_all_blocks,10,11,donor,0.015625,0.0,1.0,0.0014899825448090804,0.0,0.0027019808758225773,True,True,True,False,True,True
325,108,qkv_all_blocks,10,11,donor,0.03125,0.0010261324367707204,0.9999994735401538,0.0008103969018554845,0.000668941522124397,0.0027019808758225773,True,True,True,False,True,True
325,108,qkv_all_blocks,10,11,isotropic,0.0078125,0.001885672000466922,0.9999982242813854,0.002865422808276541,0.0010647254470152775,0.002657375392138985,True,True,True,False,True,True
325,108,qkv_all_blocks,10,11,isotropic,0.015625,0.0,1.0,0.001505998471869253,0.0,0.002657375392138985,True,True,True,False,True,True
325,108,qkv_all_blocks,10,11,isotropic,0.03125,0.0010478099512940934,0.9999994510980293,0.000814007729072177,0.0006654534043845484,0.002657375392138985,True,True,True,False,True,True
325,108,qkv_all_blocks,15,16,actual_local,0.0078125,0.003069692402879931,0.9999953052764449,0.004372002289239339,0.0016736537997999342,0.004346240808492937,True,True,True,False,True,True
325,108,qkv_all_blocks,15,16,actual_local,0.015625,0.0,0.9999999999999998,0.0024632621947963357,0.0,0.004346240808492937,True,True,True,False,True,True
325,108,qkv_all_blocks,15,16,actual_local,0.03125,0.001535105799310202,0.9999988217884009,0.0022402892257827162,0.0007969779999047306,0.004346240808492937,True,True,True,False,True,True
325,108,qkv_all_blocks,15,16,accumulated,0.0078125,0.0020268118594541917,0.9999979466075875,0.003342886702032007,0.0011094839241408939,0.002847321412746372,True,True,True,False,True,True
325,108,qkv_all_blocks,15,16,accumulated,0.015625,0.0,1.0,0.0018205341754017833,0.0,0.002847321412746372,True,True,True,False,True,True
325,108,qkv_all_blocks,15,16,accumulated,0.03125,0.0009850487592571136,0.9999995153654047,0.0020868788067353304,0.0005824790601739693,0.002847321412746372,True,True,True,False,True,True
325,108,qkv_all_blocks,15,16,donor,0.0078125,0.0029119930637677882,0.9999957617978512,0.004352238380955287,0.0016217559879358001,0.004061111647954615,True,True,True,False,True,True
325,108,qkv_all_blocks,15,16,donor,0.015625,0.0,0.9999999999999998,0.002222619916902669,0.0,0.004061111647954615,True,True,True,False,True,True
325,108,qkv_all_blocks,15,16,donor,0.03125,0.001449903583994,0.9999989490560369,0.0012188757078424484,0.0008514218936662951,0.004061111647954615,True,True,True,False,True,True
325,108,qkv_all_blocks,15,16,isotropic,0.0078125,0.002659916565285103,0.999996462417265,0.00418107325717699,0.0015785340052400683,0.0037345773728289307,True,True,True,False,True,True
325,108,qkv_all_blocks,15,16,isotropic,0.015625,0.0,1.0,0.0022455687800847918,0.0,0.0037345773728289307,True,True,True,False,True,True
325,108,qkv_all_blocks,15,16,isotropic,0.03125,0.0014205614276475607,0.9999989920938988,0.0012252037577263934,0.0007892670026200341,0.0037345773728289307,True,True,True,False,True,True
325,108,attention_output_all_blocks,4,5,actual_local,0.0078125,0.008595085513634634,0.9999630662796046,0.012705807352882834,0.005449131709735043,0.01201721779879296,True,True,True,False,True,True
325,108,attention_output_all_blocks,4,5,actual_local,0.015625,0.0,1.0,0.007055273923906894,0.0,0.01201721779879296,True,True,True,False,True,True
325,108,attention_output_all_blocks,4,5,actual_local,0.03125,0.004727649828097243,0.9999888301947228,0.0038492295581513077,0.002906203578525356,0.01201721779879296,True,True,True,False,True,True
325,108,attention_output_all_blocks,4,5,accumulated,0.0078125,0.008595085513634634,0.9999630662796046,0.012705807352882834,0.005449131709735043,0.01201721779879296,True,True,True,False,True,True
325,108,attention_output_all_blocks,4,5,accumulated,0.015625,0.0,1.0,0.007055273923906894,0.0,0.01201721779879296,True,True,True,False,True,True
325,108,attention_output_all_blocks,4,5,accumulated,0.03125,0.004727649828097243,0.9999888301947228,0.0038492295581513077,0.002906203578525356,0.01201721779879296,True,True,True,False,True,True
325,108,attention_output_all_blocks,4,5,donor,0.0078125,0.008833642195078893,0.9999609835344971,0.012696960290648684,0.005849730727874822,0.01231672572531644,True,True,True,False,True,True
325,108,attention_output_all_blocks,4,5,donor,0.015625,0.0,1.0,0.007068254788569058,0.0,0.01231672572531644,True,True,True,False,True,True
325,108,attention_output_all_blocks,4,5,donor,0.03125,0.004794583166728945,0.9999885064909537,0.003908918841195307,0.002924865363937411,0.01231672572531644,True,True,True,False,True,True
325,108,attention_output_all_blocks,4,5,isotropic,0.0078125,0.007667937938022324,0.9999706115189095,0.011453202765531556,0.004314386920625263,0.010795653837065527,True,True,True,False,True,True
325,108,attention_output_all_blocks,4,5,isotropic,0.015625,0.0,0.9999999999999998,0.006302284030056597,0.0,0.010795653837065527,True,True,True,False,True,True
325,108,attention_output_all_blocks,4,5,isotropic,0.03125,0.004354565845082774,0.9999905200879033,0.003443149148186911,0.0026365697848265497,0.010795653837065527,True,True,True,False,True,True
325,108,attention_output_all_blocks,10,11,actual_local,0.0078125,0.011471006164716538,0.9999343291397287,0.017392364035921287,0.006437303084373772,0.016104998654178613,True,True,True,False,True,True
325,108,attention_output_all_blocks,10,11,actual_local,0.015625,0.0,1.0,0.009253722272479682,0.0,0.016104998654178613,True,True,True,False,True,True
325,108,attention_output_all_blocks,10,11,actual_local,0.03125,0.0059574962658951285,0.9999822609619712,0.004696394741017871,0.0037550934658847003,0.016104998654178613,True,True,True,False,True,True
325,108,attention_output_all_blocks,10,11,accumulated,0.0078125,0.010319398700564418,0.9999467578496821,0.015410243697422627,0.005852638792895003,0.014452620570451626,True,True,True,False,True,True
325,108,attention_output_all_blocks,10,11,accumulated,0.015625,0.0,0.9999999999999998,0.00821737781254115,0.0,0.014452620570451626,True,True,True,False,True,True
325,108,attention_output_all_blocks,10,11,accumulated,0.03125,0.0054804824134230936,0.9999849883287713,0.004309542251371566,0.0029263193964475017,0.014452620570451626,True,True,True,False,True,True
325,108,attention_output_all_blocks,10,11,donor,0.0078125,0.010196723109702101,0.9999480224354598,0.014963882195196577,0.0059978939088758225,0.014273874068942692,True,True,True,False,True,True
325,108,attention_output_all_blocks,10,11,donor,0.015625,0.0,1.0,0.008132191798219595,0.0,0.014273874068942692,True,True,True,False,True,True
325,108,attention_output_all_blocks,10,11,donor,0.03125,0.005299641730373117,0.9999859581653305,0.0043153786422790354,0.0033425762929672554,0.014273874068942692,True,True,True,False,True,True
325,108,attention_output_all_blocks,10,11,isotropic,0.0078125,0.008876297735367194,0.9999606068223855,0.012634721131600544,0.00549110180487824,0.012472869363277022,True,True,True,False,True,True
325,108,attention_output_all_blocks,10,11,isotropic,0.015625,0.0,0.9999999999999998,0.00685406022842366,0.0,0.012472869363277022,True,True,True,False,True,True
325,108,attention_output_all_blocks,10,11,isotropic,0.03125,0.004669623692256706,0.9999890973136581,0.0036605395693892636,0.00274555090243912,0.012472869363277022,True,True,True,False,True,True
325,108,attention_output_all_blocks,15,16,actual_local,0.0078125,0.004632103852584028,0.9999893037092731,0.007264937985975741,0.0026098517971638235,0.0064556401077990894,True,True,True,False,True,True
325,108,attention_output_all_blocks,15,16,actual_local,0.015625,0.0,1.0,0.0037937719357053865,0.0,0.0064556401077990894,True,True,True,False,True,True
325,108,attention_output_all_blocks,15,16,actual_local,0.03125,0.0024547679789037654,0.9999970192797228,0.0029110072040970454,0.0013620164066448705,0.0064556401077990894,True,True,True,False,True,True
325,108,attention_output_all_blocks,15,16,accumulated,0.0078125,0.009673487979367974,0.9999533060086088,0.016602660167505844,0.0059254050098165745,0.013508088357441906,True,True,True,False,True,True
325,108,attention_output_all_blocks,15,16,accumulated,0.015625,0.0,1.0,0.007873829046187542,0.0,0.013508088357441906,True,True,True,False,True,True
325,108,attention_output_all_blocks,15,16,accumulated,0.03125,0.005422747108281352,0.9999854184329118,0.004188460476089893,0.0029627025049082873,0.013508088357441906,True,True,True,False,True,True
325,108,attention_output_all_blocks,15,16,donor,0.0078125,0.005490110762465314,0.9999849409148602,0.008504454420704268,0.0031000544978130543,0.007664706302584971,True,True,True,False,True,True
325,108,attention_output_all_blocks,15,16,donor,0.015625,0.0,1.0,0.004254829513098217,0.0,0.007664706302584971,True,True,True,False,True,True
325,108,attention_output_all_blocks,15,16,donor,0.03125,0.002697377177190065,0.9999963644781316,0.0021812390039707614,0.0015500272489065272,0.007664706302584971,True,True,True,False,True,True
325,108,attention_output_all_blocks,15,16,isotropic,0.0078125,0.0045291236234687605,0.9999897437576549,0.007769018283588221,0.0025228298951904195,0.0063736316561303,True,True,True,False,True,True
325,108,attention_output_all_blocks,15,16,isotropic,0.015625,0.0,1.0,0.0037633397639423158,0.0,0.0063736316561303,True,True,True,False,True,True
325,108,attention_output_all_blocks,15,16,isotropic,0.03125,0.0025003286764760267,0.9999968745508401,0.001963323772828563,0.0014015721639946774,0.0063736316561303,True,True,True,False,True,True
325,108,mlp_down_all_blocks,4,5,actual_local,0.0078125,0.00010665397383080205,0.9999999943168901,0.00018408520550365975,6.24182435510218e-05,0.00014969894513262267,True,True,True,False,True,True
325,108,mlp_down_all_blocks,4,5,actual_local,0.015625,0.0,1.0,0.00018598539131693882,0.0,0.00014969894513262267,True,True,True,False,True,True
325,108,mlp_down_all_blocks,4,5,actual_local,0.03125,5.84007411523601e-05,0.9999999982967268,0.000333292789240342,3.511026199744976e-05,0.00014969894513262267,True,True,True,False,True,True
325,108,mlp_down_all_blocks,4,5,accumulated,0.0078125,0.00010665397383080205,0.9999999943168901,0.00018408520550365975,6.24182435510218e-05,0.00014969894513262267,True,True,True,False,True,True
325,108,mlp_down_all_blocks,4,5,accumulated,0.015625,0.0,1.0,0.00018598539131693882,0.0,0.00014969894513262267,True,True,True,False,True,True
325,108,mlp_down_all_blocks,4,5,accumulated,0.03125,5.84007411523601e-05,0.9999999982967268,0.000333292789240342,3.511026199744976e-05,0.00014969894513262267,True,True,True,False,True,True
325,108,mlp_down_all_blocks,4,5,donor,0.0078125,0.00010202930256685679,0.9999999947950152,0.00015341001517722066,6.20350886660381e-05,0.00014314328078684067,True,True,True,False,True,True
325,108,mlp_down_all_blocks,4,5,donor,0.015625,0.0,1.0,8.959782188052759e-05,0.0,0.00014314328078684067,True,True,True,False,True,True
325,108,mlp_down_all_blocks,4,5,donor,0.03125,5.4563868799430645e-05,0.9999999985114648,9.029063967992436e-05,3.295614085383274e-05,0.00014314328078684067,True,True,True,False,True,True
325,108,mlp_down_all_blocks,4,5,isotropic,0.0078125,0.00010145914073769069,0.9999999948534645,0.00015698874615222925,6.20912071626301e-05,0.00014185672889729676,True,True,True,False,True,True
325,108,mlp_down_all_blocks,4,5,isotropic,0.015625,0.0,0.9999999999999999,0.00010399005459679619,0.0,0.00014185672889729676,True,True,True,False,True,True
325,108,mlp_down_all_blocks,4,5,isotropic,0.03125,5.518195683987829e-05,0.9999999984791288,0.0001352894853081989,3.104560358131505e-05,0.00014185672889729676,True,True,True,False,True,True
325,108,mlp_down_all_blocks,10,11,actual_local,0.0078125,0.00023431579755751054,0.9999999726268844,0.002875887605468211,0.00013884209970059405,0.0003196447673494594,True,True,True,False,True,True
325,108,mlp_down_all_blocks,10,11,actual_local,0.015625,0.0,1.0,0.005699679176032547,0.0,0.0003196447673494594,True,True,True,False,True,True
325,108,mlp_down_all_blocks,10,11,actual_local,0.03125,0.00032875449682250426,0.9999999512295734,0.01138920131458256,0.00017740934961742573,0.0003196447673494594,True,True,True,False,True,True
325,108,mlp_down_all_blocks,10,11,accumulated,0.0078125,0.00039304987236854835,0.9999999297884656,0.006755153807846522,0.00020537048279842902,0.00019093349885269647,True,True,True,False,True,True
325,108,mlp_down_all_blocks,10,11,accumulated,0.015625,0.0,1.0,0.013528232037831982,0.0,0.00019093349885269647,True,True,True,False,True,True
325,108,mlp_down_all_blocks,10,11,accumulated,0.03125,0.0014709581459552302,0.9999990284903347,0.027065169378311087,0.0007163387983780311,0.00019093349885269647,True,True,True,False,True,True
325,108,mlp_down_all_blocks,10,11,donor,0.0078125,0.00017895658369246917,0.9999999839874113,0.00042440249862344385,0.00011005471169952916,0.0002493727016316722,True,True,True,False,True,True
325,108,mlp_down_all_blocks,10,11,donor,0.015625,0.0,1.0,0.0006269016228965297,0.0,0.0002493727016316722,True,True,True,False,True,True
325,108,mlp_down_all_blocks,10,11,donor,0.03125,9.41821256152451e-05,0.999999995565407,0.0012210280214610138,5.502735584976458e-05,0.0002493727016316722,True,True,True,False,True,True
325,108,mlp_down_all_blocks,10,11,isotropic,0.0078125,0.0001776865007715125,0.9999999842146492,0.0004032580860417554,0.00011024305172224625,0.00024843230050658504,True,True,True,False,True,True
325,108,mlp_down_all_blocks,10,11,isotropic,0.015625,0.0,0.9999999999999998,0.0006049341707587546,0.0,0.00024843230050658504,True,True,True,False,True,True
325,108,mlp_down_all_blocks,10,11,isotropic,0.03125,9.6398612060302e-05,0.9999999953551684,0.0011903218059039601,5.813598430665329e-05,0.00024843230050658504,True,True,True,False,True,True
325,108,mlp_down_all_blocks,15,16,actual_local,0.0078125,0.0004029655001629948,0.9999999188703903,0.0033564638288230944,0.00025266793481628697,0.0005676310893078094,True,True,True,False,True,True
325,108,mlp_down_all_blocks,15,16,actual_local,0.015625,0.0,1.0,0.006692481074640947,0.0,0.0005676310893078094,True,True,True,False,True,True
325,108,mlp_down_all_blocks,15,16,actual_local,0.03125,0.0002846018535582016,0.9999999626974598,0.013389680479780114,0.00015791745926017935,0.0005676310893078094,True,True,True,False,True,True
325,108,mlp_down_all_blocks,15,16,accumulated,0.0078125,0.0032297784314100192,0.9999948527243311,0.022018464302593688,0.0005867137335128816,0.0001693370377251228,True,True,True,False,True,True
325,108,mlp_down_all_blocks,15,16,accumulated,0.015625,0.0,1.0,0.04417472367666181,0.0,0.0001693370377251228,True,True,True,False,True,True
325,108,mlp_down_all_blocks,15,16,accumulated,0.03125,0.012785946051138856,0.9999195929723221,0.0891702185485804,0.002336028668730753,0.0001693370377251228,True,True,True,False,True,True
325,108,mlp_down_all_blocks,15,16,donor,0.0078125,0.0004215225250738352,0.9999999111689842,0.0010957668699292532,0.00021550965012737943,0.0005942228967738039,True,True,True,False,True,True
325,108,mlp_down_all_blocks,15,16,donor,0.015625,0.0,1.0,0.00187879401230428,0.0,0.0005942228967738039,True,True,True,False,True,True
325,108,mlp_down_all_blocks,15,16,donor,0.03125,0.0001973350942874266,0.9999999805982707,0.0037179118395960125,0.00011020379836059175,0.0005942228967738039,True,True,True,False,True,True
325,108,mlp_down_all_blocks,15,16,isotropic,0.0078125,0.0003849413655465431,0.9999999259183449,0.001058463231373863,0.00022255215595505618,0.0005413236072665922,True,True,True,False,True,True
325,108,mlp_down_all_blocks,15,16,isotropic,0.015625,0.0,0.9999999999999998,0.0017342231203673656,0.0,0.0005413236072665922,True,True,True,False,True,True
325,108,mlp_down_all_blocks,15,16,isotropic,0.03125,0.00019655765764671563,0.9999999806828633,0.0034428137972001625,0.00011633408152196118,0.0005413236072665922,True,True,True,False,True,True
325,109,qkv_all_blocks,4,5,actual_local,0.0078125,0.0011466999420278162,0.9999993425401666,0.0016993258236499833,0.0006869095467931101,0.001608302780207854,True,True,True,False,True,True
325,109,qkv_all_blocks,4,5,actual_local,0.015625,0.0,0.9999999999999999,0.0009292060511412538,0.0,0.001608302780207854,True,True,True,False,True,True
325,109,qkv_all_blocks,4,5,actual_local,0.03125,0.0005932336831620931,0.9999998240745421,0.00047832022943576863,0.0003698743713501362,0.001608302780207854,True,True,True,False,True,True
325,109,qkv_all_blocks,4,5,accumulated,0.0078125,0.0011466999420278162,0.9999993425401666,0.0016993258236499833,0.0006869095467931101,0.001608302780207854,True,True,True,False,True,True
325,109,qkv_all_blocks,4,5,accumulated,0.015625,0.0,0.9999999999999999,0.0009292060511412538,0.0,0.001608302780207854,True,True,True,False,True,True
325,109,qkv_all_blocks,4,5,accumulated,0.03125,0.0005932336831620931,0.9999998240745421,0.00047832022943576863,0.0003698743713501362,0.001608302780207854,True,True,True,False,True,True
325,109,qkv_all_blocks,4,5,donor,0.0078125,0.0010889236893777995,0.9999994073246203,0.0016296814818325279,0.0006339739140036405,0.0015238858595935615,True,True,True,False,True,True
325,109,qkv_all_blocks,4,5,donor,0.015625,0.0,1.0,0.0008877486186071136,0.0,0.0015238858595935615,True,True,True,False,True,True
325,109,qkv_all_blocks,4,5,donor,0.03125,0.0005922528263874278,0.9999998246186899,0.00048287757962148107,0.00036981811650212365,0.0015238858595935615,True,True,True,False,True,True
325,109,qkv_all_blocks,4,5,isotropic,0.0078125,0.0011438570394338942,0.9999993458728739,0.0016758736740560868,0.0006344123642296304,0.0015997853170908016,True,True,True,False,True,True
325,109,qkv_all_blocks,4,5,isotropic,0.015625,0.0,1.0,0.00091129481595056,0.0,0.0015997853170908016,True,True,True,False,True,True
325,109,qkv_all_blocks,4,5,isotropic,0.03125,0.0005944904611148071,0.9999998233080709,0.00046626456874524446,0.0003700738791339511,0.0015997853170908016,True,True,True,False,True,True
325,109,qkv_all_blocks,10,11,actual_local,0.0078125,0.0019902591726214526,0.9999980271368546,0.0029811223285293367,0.0012597783856676925,0.0027850841309045296,True,True,True,False,True,True
325,109,qkv_all_blocks,10,11,actual_local,0.015625,0.0,1.0,0.001778167373050879,0.0,0.0027850841309045296,True,True,True,False,True,True
325,109,qkv_all_blocks,10,11,actual_local,0.03125,0.0010529561604563232,0.9999994497545045,0.0022708780146497966,0.000671881805689436,0.0027850841309045296,True,True,True,False,True,True
325,109,qkv_all_blocks,10,11,accumulated,0.0078125,0.0012920900071429803,0.9999991652537855,0.0019822515432394074,0.0008667969614795973,0.001812358677106189,True,True,True,False,True,True
325,109,qkv_all_blocks,10,11,accumulated,0.015625,0.0,0.9999999999999998,0.0010482898416936915,0.0,0.001812358677106189,True,True,True,False,True,True
325,109,qkv_all_blocks,10,11,accumulated,0.03125,0.0007028969273938929,0.9999997529697857,0.0006401185978221085,0.00043339848073979865,0.001812358677106189,True,True,True,False,True,True
325,109,qkv_all_blocks,10,11,donor,0.0078125,0.0020136722808712744,0.9999979726961574,0.002943868603540669,0.0011863883330900146,0.0028328014147810873,True,True,True,False,True,True
325,109,qkv_all_blocks,10,11,donor,0.015625,0.0,1.0,0.0015566630400447672,0.0,0.0028328014147810873,True,True,True,False,True,True
325,109,qkv_all_blocks,10,11,donor,0.03125,0.0010407806891514285,0.9999994583907197,0.0008313320513959663,0.0006779361903371512,0.0028328014147810873,True,True,True,False,True,True
325,109,qkv_all_blocks,10,11,isotropic,0.0078125,0.0019516441085822183,0.9999980958814495,0.0030045555642685875,0.0012709288906547099,0.002739177701230628,True,True,True,False,True,True
325,109,qkv_all_blocks,10,11,isotropic,0.015625,0.0,0.9999999999999998,0.001563382445669959,0.0,0.002739177701230628,True,True,True,False,True,True
325,109,qkv_all_blocks,10,11,isotropic,0.03125,0.0010338716120485442,0.9999994657686428,0.0008064953484979081,0.000677828741682512,0.002739177701230628,True,True,True,False,True,True
325,109,qkv_all_blocks,15,16,actual_local,0.0078125,0.0020218717425510646,0.9999979744126665,0.0033110991135294966,0.0012454564767919675,0.002835841692424295,True,True,True,False,True,True
325,109,qkv_all_blocks,15,16,actual_local,0.015625,0.0,0.9999999999999999,0.0026179239498546857,0.0,0.002835841692424295,True,True,True,False,True,True
325,109,qkv_all_blocks,15,16,actual_local,0.03125,0.0010231062441447476,0.999999480171564,0.00429242758379591,0.0006227282383959837,0.002835841692424295,True,True,True,False,True,True
325,109,qkv_all_blocks,15,16,accumulated,0.0078125,0.001579364803659697,0.9999987562612056,0.0028145532453203986,0.0009853521052972933,0.002222406056132164,True,True,True,False,True,True
325,109,qkv_all_blocks,15,16,accumulated,0.015625,0.0,0.9999999999999998,0.003402683794902331,0.0,0.002222406056132164,True,True,True,False,True,True
325,109,qkv_all_blocks,15,16,accumulated,0.03125,0.0008162249409963538,0.9999996683441811,0.006420677755001715,0.0004926760526486467,0.002222406056132164,True,True,True,False,True,True
325,109,qkv_all_blocks,15,16,donor,0.0078125,0.002320871095255178,0.9999973102607638,0.003460018304735426,0.0013611951819481134,0.0032847432170976065,True,True,True,False,True,True
325,109,qkv_all_blocks,15,16,donor,0.015625,0.0,1.0,0.0018082882747365962,0.0,0.0032847432170976065,True,True,True,False,True,True
325,109,qkv_all_blocks,15,16,donor,0.03125,0.001239879019994564,0.9999992313546041,0.0010514814739822267,0.0007424700992444256,0.0032847432170976065,True,True,True,False,True,True
325,109,qkv_all_blocks,15,16,isotropic,0.0078125,0.0022507182113083264,0.999997467264814,0.0034240150316187244,0.0013469875903744123,0.003160197645415648,True,True,True,False,True,True
325,109,qkv_all_blocks,15,16,isotropic,0.015625,0.0,1.0,0.0017465121724820959,0.0,0.003160197645415648,True,True,True,False,True,True
325,109,qkv_all_blocks,15,16,isotropic,0.03125,0.0011383070622148154,0.9999993521950927,0.0009734173972198971,0.0007041071495138974,0.003160197645415648,True,True,True,False,True,True
325,109,attention_output_all_blocks,4,5,actual_local,0.0078125,0.009085877129383642,0.9999587264726971,0.013600901297378612,0.0056394356187165285,0.012670778963160259,True,True,True,False,True,True
325,109,attention_output_all_blocks,4,5,actual_local,0.015625,0.0,0.9999999999999998,0.00727477165208679,0.0,0.012670778963160259,True,True,True,False,True,True
325,109,attention_output_all_blocks,4,5,actual_local,0.03125,0.004790976518323263,0.9999885260382603,0.003976794761302986,0.0028197178093582642,0.012670778963160259,True,True,True,False,True,True
325,109,attention_output_all_blocks,4,5,accumulated,0.0078125,0.009085877129383642,0.9999587264726971,0.013600901297378612,0.0056394356187165285,0.012670778963160259,True,True,True,False,True,True
325,109,attention_output_all_blocks,4,5,accumulated,0.015625,0.0,0.9999999999999998,0.00727477165208679,0.0,0.012670778963160259,True,True,True,False,True,True
325,109,attention_output_all_blocks,4,5,accumulated,0.03125,0.004790976518323263,0.9999885260382603,0.003976794761302986,0.0028197178093582642,0.012670778963160259,True,True,True,False,True,True
325,109,attention_output_all_blocks,4,5,donor,0.0078125,0.008762858546026781,0.9999616124341547,0.012637794958097883,0.0055651952556888505,0.01224157796894231,True,True,True,False,True,True
325,109,attention_output_all_blocks,4,5,donor,0.015625,0.0,1.0,0.00696144754856344,0.0,0.01224157796894231,True,True,True,False,True,True
325,109,attention_output_all_blocks,4,5,donor,0.03125,0.004682050363443508,0.9999890399499499,0.003735967653506217,0.0027825976278444253,0.01224157796894231,True,True,True,False,True,True
325,109,attention_output_all_blocks,4,5,isotropic,0.0078125,0.00782169512007144,0.9999694204596915,0.010905755298639283,0.004533597370675418,0.010925336111087805,True,True,True,False,True,True
325,109,attention_output_all_blocks,4,5,isotropic,0.015625,0.0,1.0,0.005989421568848788,0.0,0.010925336111087805,True,True,True,False,True,True
325,109,attention_output_all_blocks,4,5,isotropic,0.03125,0.0040778295577417745,0.9999916858209873,0.0033465779510986234,0.0023801386196045946,0.010925336111087805,True,True,True,False,True,True
325,109,attention_output_all_blocks,10,11,actual_local,0.0078125,0.009718917518539923,0.9999529339988842,0.01392337814002531,0.005886717726413576,0.013589738496709393,True,True,True,False,True,True
325,109,attention_output_all_blocks,10,11,actual_local,0.015625,0.0,1.0,0.007586452634697993,0.0,0.013589738496709393,True,True,True,False,True,True
325,109,attention_output_all_blocks,10,11,actual_local,0.03125,0.004954327697543393,0.999987774432906,0.0040935258501123015,0.0031535987820072724,0.013589738496709393,True,True,True,False,True,True
325,109,attention_output_all_blocks,10,11,accumulated,0.0078125,0.007674837137722693,0.9999705534166667,0.011511532478201835,0.004807457450740459,0.01076773526259784,True,True,True,False,True,True
325,109,attention_output_all_blocks,10,11,accumulated,0.015625,0.0,0.9999999999999998,0.006012544444359631,0.0,0.01076773526259784,True,True,True,False,True,True
325,109,attention_output_all_blocks,10,11,accumulated,0.03125,0.00404504636510907,0.9999918504947458,0.0034531806283323225,0.0025639773070615783,0.01076773526259784,True,True,True,False,True,True
325,109,attention_output_all_blocks,10,11,donor,0.0078125,0.008826137309753979,0.9999610502510321,0.01327564648701731,0.0053245919132540445,0.0123933141254259,True,True,True,False,True,True
325,109,attention_output_all_blocks,10,11,donor,0.015625,0.0,1.0,0.006891780790427217,0.0,0.0123933141254259,True,True,True,False,True,True
325,109,attention_output_all_blocks,10,11,donor,0.03125,0.004667271666164762,0.9999891366516681,0.003686285851358532,0.002812991954171948,0.0123933141254259,True,True,True,False,True,True
325,109,attention_output_all_blocks,10,11,isotropic,0.0078125,0.008384013253489019,0.9999648731975481,0.011447707369745468,0.004552588761540384,0.011742863473300318,True,True,True,False,True,True
325,109,attention_output_all_blocks,10,11,isotropic,0.015625,0.0,1.0,0.006334277849254451,0.0,0.011742863473300318,True,True,True,False,True,True
325,109,attention_output_all_blocks,10,11,isotropic,0.03125,0.004146449668489471,0.9999914041343326,0.0032725159085782276,0.002655676777565224,0.011742863473300318,True,True,True,False,True,True
325,109,attention_output_all_blocks,15,16,actual_local,0.0078125,0.004924884520924729,0.9999878966721242,0.007161993015065638,0.003039544301402616,0.006910072978205487,True,True,True,False,True,True
325,109,attention_output_all_blocks,15,16,actual_local,0.015625,0.0,1.0,0.0036895883460806036,0.0,0.006910072978205487,True,True,True,False,True,True
325,109,attention_output_all_blocks,15,16,actual_local,0.03125,0.0023787845622198485,0.99999717463218,0.002492835732408943,0.0015039411907981693,0.006910072978205487,True,True,True,False,True,True
325,109,attention_output_all_blocks,15,16,accumulated,0.0078125,0.0026498270416533912,0.9999967736346358,0.02872511467590895,0.0005819128551562777,0.001021808975025074,True,True,True,False,True,True
325,109,attention_output_all_blocks,15,16,accumulated,0.015625,0.0,1.0,0.057389725225446345,0.0,0.001021808975025074,True,True,True,False,True,True
325,109,attention_output_all_blocks,15,16,accumulated,0.03125,0.010441673374639839,0.9999504129254365,0.11536846437000199,0.0009761118860685948,0.001021808975025074,True,True,True,False,True,True
325,109,attention_output_all_blocks,15,16,donor,0.0078125,0.004957563916523229,0.9999877145910469,0.007138157931388601,0.002956343687103313,0.006946645255552081,True,True,True,False,True,True
325,109,attention_output_all_blocks,15,16,donor,0.015625,0.0,0.9999999999999999,0.0037048768937171534,0.0,0.006946645255552081,True,True,True,False,True,True
325,109,attention_output_all_blocks,15,16,donor,0.03125,0.0024388726347204324,0.9999970261253296,0.0018795340914065366,0.0014781718435516566,0.006946645255552081,True,True,True,False,True,True
325,109,attention_output_all_blocks,15,16,isotropic,0.0078125,0.004348472089609847,0.9999905463539206,0.006482008239088807,0.0026575402794335448,0.006067537006013671,True,True,True,False,True,True
325,109,attention_output_all_blocks,15,16,isotropic,0.015625,0.0,1.0,0.0033311811157996874,0.0,0.006067537006013671,True,True,True,False,True,True
325,109,attention_output_all_blocks,15,16,isotropic,0.03125,0.0022525906862721624,0.9999974638426816,0.0017218823796361275,0.0014193681037883705,0.006067537006013671,True,True,True,False,True,True
325,109,mlp_down_all_blocks,4,5,actual_local,0.0078125,0.00011146449140919848,0.9999999937933212,0.00020764516032456928,6.336290664598097e-05,0.0001561306773789749,True,True,True,False,True,True
325,109,mlp_down_all_blocks,4,5,actual_local,0.015625,0.0,0.9999999999999999,0.00025515330591890516,0.0,0.0001561306773789749,True,True,True,False,True,True
325,109,mlp_down_all_blocks,4,5,actual_local,0.03125,5.8778046953807784e-05,0.9999999982743998,0.00048323315753854516,3.76217258210512e-05,0.0001561306773789749,True,True,True,False,True,True
325,109,mlp_down_all_blocks,4,5,accumulated,0.0078125,0.00011146449140919848,0.9999999937933212,0.00020764516032456928,6.336290664598097e-05,0.0001561306773789749,True,True,True,False,True,True
325,109,mlp_down_all_blocks,4,5,accumulated,0.015625,0.0,0.9999999999999999,0.00025515330591890516,0.0,0.0001561306773789749,True,True,True,False,True,True
325,109,mlp_down_all_blocks,4,5,accumulated,0.03125,5.8778046953807784e-05,0.9999999982743998,0.00048323315753854516,3.76217258210512e-05,0.0001561306773789749,True,True,True,False,True,True
325,109,mlp_down_all_blocks,4,5,donor,0.0078125,9.968249244350187e-05,0.9999999950326734,0.0001561213344079341,6.295761909253779e-05,0.00013964093859005763,True,True,True,False,True,True
325,109,mlp_down_all_blocks,4,5,donor,0.015625,0.0,1.0,0.00011471748005853242,0.0,0.00013964093859005763,True,True,True,False,True,True
325,109,mlp_down_all_blocks,4,5,donor,0.03125,5.3004873975476e-05,0.999999998595318,0.00016622444076292407,3.1478809546268894e-05,0.00013964093859005763,True,True,True,False,True,True
325,109,mlp_down_all_blocks,4,5,isotropic,0.0078125,0.00010328740301140581,0.9999999946693507,0.00017827579394154246,6.301481846062457e-05,0.00014433094594231766,True,True,True,False,True,True
325,109,mlp_down_all_blocks,4,5,isotropic,0.015625,0.0,0.9999999999999999,0.00017333236680529325,0.0,0.00014433094594231766,True,True,True,False,True,True
325,109,mlp_down_all_blocks,4,5,isotropic,0.03125,5.4376287239928636e-05,0.9999999985217204,0.00030898899730625695,3.1507409230312284e-05,0.00014433094594231766,True,True,True,False,True,True
325,109,mlp_down_all_blocks,10,11,actual_local,0.0078125,0.00027767949458572467,0.9999999619805974,0.004953744837135314,0.00016909581809799353,0.0003075985199520678,True,True,True,False,True,True
325,109,mlp_down_all_blocks,10,11,actual_local,0.015625,0.0,0.9999999999999998,0.009846246051046358,0.0,0.0003075985199520678,True,True,True,False,True,True
325,109,mlp_down_all_blocks,10,11,actual_local,0.03125,0.0007030463451625756,0.9999997671618046,0.0196538782877649,0.00031705465893373786,0.0003075985199520678,True,True,True,False,True,True
325,109,mlp_down_all_blocks,10,11,accumulated,0.0078125,0.00065785173514254,0.999999795098526,0.009584992157199995,0.00027287908057298374,0.00017648214478768856,True,True,True,False,True,True
325,109,mlp_down_all_blocks,10,11,accumulated,0.015625,0.0,1.0,0.019136840212867417,0.0,0.00017648214478768856,True,True,True,False,True,True
325,109,mlp_down_all_blocks,10,11,accumulated,0.03125,0.0025698296195817505,0.9999968898354995,0.03811425661767331,0.001023296552148689,0.00017648214478768856,True,True,True,False,True,True
325,109,mlp_down_all_blocks,10,11,donor,0.0078125,0.0001779492261102994,0.9999999841703544,0.00043898067378977327,0.00010558482740143393,0.00024911625135596704,True,True,True,False,True,True
325,109,mlp_down_all_blocks,10,11,donor,0.015625,0.0,1.0,0.0007311671955131836,0.0,0.00024911625135596704,True,True,True,False,True,True
325,109,mlp_down_all_blocks,10,11,donor,0.03125,9.732097624869869e-05,0.9999999952646186,0.0014206594658701932,6.26909912696014e-05,0.00024911625135596704,True,True,True,False,True,True
325,109,mlp_down_all_blocks,10,11,isotropic,0.0078125,0.00018555695702847011,0.9999999827845585,0.0005015826799835201,0.00011781958498895722,0.000260391217990678,True,True,True,False,True,True
325,109,mlp_down_all_blocks,10,11,isotropic,0.015625,0.0,0.9999999999999999,0.0008376311973170639,0.0,0.000260391217990678,True,True,True,False,True,True
325,109,mlp_down_all_blocks,10,11,isotropic,0.03125,9.652441102258532e-05,0.9999999953451724,0.0016343722571048544,5.767392272186718e-05,0.000260391217990678,True,True,True,False,True,True
325,109,mlp_down_all_blocks,15,16,actual_local,0.0078125,0.0003818370384311785,0.9999999273166408,0.004421075466300732,0.000229197423559365,0.0005265476922883601,True,True,True,False,True,True
325,109,mlp_down_all_blocks,15,16,actual_local,0.015625,0.0,0.9999999999999999,0.008768154123127701,0.0,0.0005265476922883601,True,True,True,False,True,True
325,109,mlp_down_all_blocks,15,16,actual_local,0.03125,0.00032312916088976035,0.9999999540691689,0.017536630855355062,0.00018512099595179482,0.0005265476922883601,True,True,True,False,True,True
325,109,mlp_down_all_blocks,15,16,accumulated,0.0078125,0.001432911711871406,0.9999991954404003,0.015525646752549449,0.0005719425536833177,0.0001322750390021989,True,True,True,False,True,True
325,109,mlp_down_all_blocks,15,16,accumulated,0.015625,0.0,1.0,0.03100427949135206,0.0,0.0001322750390021989,True,True,True,False,True,True
325,109,mlp_down_all_blocks,15,16,accumulated,0.03125,0.005663777685432061,0.9999874407992695,0.06176558617073531,0.002230265121020546,0.0001322750390021989,True,True,True,False,True,True
325,109,mlp_down_all_blocks,15,16,donor,0.0078125,0.00033333444220044956,0.9999999444443195,0.0008853061888093035,0.00019763693633046531,0.000468694699400169,True,True,True,False,True,True
325,109,mlp_down_all_blocks,15,16,donor,0.015625,0.0,1.0,0.0015406466363011328,0.0,0.000468694699400169,True,True,True,False,True,True
325,109,mlp_down_all_blocks,15,16,donor,0.03125,0.00016564771414663408,0.9999999863044504,0.003039414190535426,9.881846816523266e-05,0.000468694699400169,True,True,True,False,True,True
325,109,mlp_down_all_blocks,15,16,isotropic,0.0078125,0.0003437339270216358,0.9999999409509466,0.0008348226325745673,0.00020241635075336824,0.00048179695346541593,True,True,True,False,True,True
325,109,mlp_down_all_blocks,15,16,isotropic,0.015625,0.0,1.0,0.0014454859594132806,0.0,0.00048179695346541593,True,True,True,False,True,True
325,109,mlp_down_all_blocks,15,16,isotropic,0.03125,0.00017062158175463194,0.9999999854452587,0.0028813032737367923,0.00010433832513060219,0.00048179695346541593,True,True,True,False,True,True
325,110,qkv_all_blocks,4,5,actual_local,0.0078125,0.0011144426650064087,0.9999993791263742,0.0016798096538290252,0.0006402505223289463,0.0015610658474303515,True,True,True,False,True,True
325,110,qkv_all_blocks,4,5,actual_local,0.015625,0.0,1.0,0.0009086724575323339,0.0,0.0015610658474303515,True,True,True,False,True,True
325,110,qkv_all_blocks,4,5,actual_local,0.03125,0.0006048242746568151,0.9999998175447334,0.0004881829163686603,0.00037347947135855204,0.0015610658474303515,True,True,True,False,True,True
325,110,qkv_all_blocks,4,5,accumulated,0.0078125,0.0011144426650064087,0.9999993791263742,0.0016798096538290252,0.0006402505223289463,0.0015610658474303515,True,True,True,False,True,True
325,110,qkv_all_blocks,4,5,accumulated,0.015625,0.0,1.0,0.0009086724575323339,0.0,0.0015610658474303515,True,True,True,False,True,True
325,110,qkv_all_blocks,4,5,accumulated,0.03125,0.0006048242746568151,0.9999998175447334,0.0004881829163686603,0.00037347947135855204,0.0015610658474303515,True,True,True,False,True,True
325,110,qkv_all_blocks,4,5,donor,0.0078125,0.0010960803086666002,0.9999993994140621,0.0016938748111861132,0.0006400458103763112,0.001531190386544808,True,True,True,False,True,True
325,110,qkv_all_blocks,4,5,donor,0.015625,0.0,1.0,0.0008992942268387333,0.0,0.001531190386544808,True,True,True,False,True,True
325,110,qkv_all_blocks,4,5,donor,0.03125,0.0005773274966056272,0.9999998333603763,0.00047847685629438396,0.0003466914806205019,0.001531190386544808,True,True,True,False,True,True
325,110,qkv_all_blocks,4,5,isotropic,0.0078125,0.001126516314928074,0.9999993656634341,0.001749405998057155,0.000641168754749744,0.0015748565640684806,True,True,True,False,True,True
325,110,qkv_all_blocks,4,5,isotropic,0.015625,0.0,1.0,0.0009042196329004151,0.0,0.0015748565640684806,True,True,True,False,True,True
325,110,qkv_all_blocks,4,5,isotropic,0.03125,0.0005938834688947441,0.9999998237755384,0.000477420318758453,0.0003740151069373507,0.0015748565640684806,True,True,True,False,True,True
325,110,qkv_all_blocks,10,11,actual_local,0.0078125,0.0020052753753294923,0.9999979899784087,0.003001196587749765,0.0011040681373773761,0.002814507090502422,True,True,True,False,True,True
325,110,qkv_all_blocks,10,11,actual_local,0.015625,0.0,0.9999999999999999,0.0015534153129425237,0.0,0.002814507090502422,True,True,True,False,True,True
325,110,qkv_all_blocks,10,11,actual_local,0.03125,0.0010452425961043899,0.9999994544529668,0.0008300071602435535,0.0006440397468034694,0.002814507090502422,True,True,True,False,True,True
325,110,qkv_all_blocks,10,11,accumulated,0.0078125,0.0013037327764712104,0.9999991510157754,0.0019280973206688412,0.000771635543414549,0.0018272643735871216,True,True,True,False,True,True
325,110,qkv_all_blocks,10,11,accumulated,0.015625,0.0,1.0,0.0010481054805597811,0.0,0.0018272643735871216,True,True,True,False,True,True
325,110,qkv_all_blocks,10,11,accumulated,0.03125,0.0006767746478268412,0.999999771342026,0.000917797664047079,0.0004409345962368852,0.0018272643735871216,True,True,True,False,True,True
325,110,qkv_all_blocks,10,11,donor,0.0078125,0.0019849346965100448,0.9999980302257903,0.003048379710354902,0.0012153590606262,0.002775874208337553,True,True,True,False,True,True
325,110,qkv_all_blocks,10,11,donor,0.015625,0.0,1.0,0.0016365322221464059,0.0,0.002775874208337553,True,True,True,False,True,True
325,110,qkv_all_blocks,10,11,donor,0.03125,0.0010393500059550614,0.9999994599223596,0.0008646651655231471,0.0006544241095679539,0.002775874208337553,True,True,True,False,True,True
325,110,qkv_all_blocks,10,11,isotropic,0.0078125,0.0019613143468958007,0.9999980777492157,0.0029421786299747774,0.0011063031194063992,0.002750254741321245,True,True,True,False,True,True
325,110,qkv_all_blocks,10,11,isotropic,0.015625,0.0,1.0,0.0015239981813132974,0.0,0.002750254741321245,True,True,True,False,True,True
325,110,qkv_all_blocks,10,11,isotropic,0.03125,0.001040966435124579,0.9999994582655257,0.0008071303079848987,0.0006453434863203996,0.002750254741321245,True,True,True,False,True,True
325,110,qkv_all_blocks,15,16,actual_local,0.0078125,0.002607901695613034,0.9999966027271839,0.004160053632624561,0.001647310094778563,0.0036441514858013154,True,True,True,False,True,True
325,110,qkv_all_blocks,15,16,actual_local,0.015625,0.0,1.0,0.0022171284263327058,0.0,0.0036441514858013154,True,True,True,False,True,True
325,110,qkv_all_blocks,15,16,actual_local,0.03125,0.001324250104684423,0.9999991300869946,0.0017488904251817283,0.0008236550473892815,0.0036441514858013154,True,True,True,False,True,True
325,110,qkv_all_blocks,15,16,accumulated,0.0078125,0.0011972950994997681,0.9999992865852657,0.002255833314620158,0.0007313917203620252,0.0016834901224971536,True,True,True,False,True,True
325,110,qkv_all_blocks,15,16,accumulated,0.015625,0.0,1.0,0.0031773903204349,0.0,0.0016834901224971536,True,True,True,False,True,True
325,110,qkv_all_blocks,15,16,accumulated,0.03125,0.0005879944345610229,0.9999998274832427,0.006114213583162169,0.00034907332108187564,0.0016834901224971536,True,True,True,False,True,True
325,110,qkv_all_blocks,15,16,donor,0.0078125,0.0030707585727795654,0.9999952853028383,0.004306332450452008,0.0018381216823620602,0.004253710275744607,True,True,True,False,True,True
325,110,qkv_all_blocks,15,16,donor,0.015625,0.0,1.0,0.002303507155144803,0.0,0.004253710275744607,True,True,True,False,True,True
325,110,qkv_all_blocks,15,16,donor,0.03125,0.0014895101933421531,0.9999988915416101,0.0012662695092303892,0.0009190608411810301,0.004253710275744607,True,True,True,False,True,True
325,110,qkv_all_blocks,15,16,isotropic,0.0078125,0.002854367863994095,0.9999959270963645,0.004447020517698026,0.001830630835870051,0.004024963787755018,True,True,True,False,True,True
325,110,qkv_all_blocks,15,16,isotropic,0.015625,0.0,1.0,0.0023686486177092987,0.0,0.004024963787755018,True,True,True,False,True,True
325,110,qkv_all_blocks,15,16,isotropic,0.03125,0.0015705630782935557,0.9999987668209471,0.0012244736120691755,0.0009153154179350256,0.004024963787755018,True,True,True,False,True,True
325,110,attention_output_all_blocks,4,5,actual_local,0.0078125,0.009163178263758974,0.9999580379689494,0.013697929492574947,0.005786478527377826,0.012766145247931215,True,True,True,False,True,True
325,110,attention_output_all_blocks,4,5,actual_local,0.015625,0.0,1.0,0.007367847401512225,0.0,0.012766145247931215,True,True,True,False,True,True
325,110,attention_output_all_blocks,4,5,actual_local,0.03125,0.004940462546752262,0.9999878042655669,0.0040285619087085415,0.003019032275153648,0.012766145247931215,True,True,True,False,True,True
325,110,attention_output_all_blocks,4,5,accumulated,0.0078125,0.009163178263758974,0.9999580379689494,0.013697929492574947,0.005786478527377826,0.012766145247931215,True,True,True,False,True,True
325,110,attention_output_all_blocks,4,5,accumulated,0.015625,0.0,1.0,0.007367847401512225,0.0,0.012766145247931215,True,True,True,False,True,True
325,110,attention_output_all_blocks,4,5,accumulated,0.03125,0.004940462546752262,0.9999878042655669,0.0040285619087085415,0.003019032275153648,0.012766145247931215,True,True,True,False,True,True
325,110,attention_output_all_blocks,4,5,donor,0.0078125,0.009216010779051497,0.9999575461104688,0.013894362277280383,0.0055887299155782865,0.012837828615950314,True,True,True,False,True,True
325,110,attention_output_all_blocks,4,5,donor,0.015625,0.0,1.0,0.007664375945519505,0.0,0.012837828615950314,True,True,True,False,True,True
325,110,attention_output_all_blocks,4,5,donor,0.03125,0.00509312362261551,0.9999870307124507,0.004277748657839968,0.003048398135769974,0.012837828615950314,True,True,True,False,True,True
325,110,attention_output_all_blocks,4,5,isotropic,0.0078125,0.008079508012354039,0.9999673622185524,0.011880876268869644,0.00491278326606331,0.011255655994541041,True,True,True,False,True,True
325,110,attention_output_all_blocks,4,5,isotropic,0.015625,0.0,1.0,0.006488488907293609,0.0,0.011255655994541041,True,True,True,False,True,True
325,110,attention_output_all_blocks,4,5,isotropic,0.03125,0.004315778719161068,0.9999906879949158,0.003502132827268232,0.0027020307963348204,0.011255655994541041,True,True,True,False,True,True
325,110,attention_output_all_blocks,10,11,actual_local,0.0078125,0.01523558081372735,0.9998839388807029,0.023336343438593372,0.009038087688215849,0.021443883979889604,True,True,True,False,True,True
325,110,attention_output_all_blocks,10,11,actual_local,0.015625,0.0,0.9999999999999999,0.012188540746234367,0.0,0.021443883979889604,True,True,True,False,True,True
325,110,attention_output_all_blocks,10,11,actual_local,0.03125,0.00813741640893035,0.9999668974101905,0.006299389007414819,0.005178071071373663,0.021443883979889604,True,True,True,False,True,True
325,110,attention_output_all_blocks,10,11,accumulated,0.0078125,0.010405277956445913,0.9999461377434866,0.015420009616455385,0.006364893291334594,0.014607804523568895,True,True,True,False,True,True
325,110,attention_output_all_blocks,10,11,accumulated,0.015625,0.0,1.0,0.008235279638673139,0.0,0.014607804523568895,True,True,True,False,True,True
325,110,attention_output_all_blocks,10,11,accumulated,0.03125,0.0052391019427340075,0.9999862898122139,0.004358850874817872,0.003427250233795551,0.014607804523568895,True,True,True,False,True,True
325,110,attention_output_all_blocks,10,11,donor,0.0078125,0.013586163402577128,0.999908065046425,0.01905273312368987,0.008250178058921245,0.018790316422605056,True,True,True,False,True,True
325,110,attention_output_all_blocks,10,11,donor,0.015625,0.0,1.0,0.01063637781583597,0.0,0.018790316422605056,True,True,True,False,True,True
325,110,attention_output_all_blocks,10,11,donor,0.03125,0.007354257505298785,0.999972959824886,0.005490309369759751,0.0041250890294606225,0.018790316422605056,True,True,True,False,True,True
325,110,attention_output_all_blocks,10,11,isotropic,0.0078125,0.011167916730229118,0.9999376369894242,0.01629962138808798,0.007617773864785475,0.01567641236336707,True,True,True,False,True,True
325,110,attention_output_all_blocks,10,11,isotropic,0.015625,0.0,0.9999999999999998,0.00914719959564732,0.0,0.01567641236336707,True,True,True,False,True,True
325,110,attention_output_all_blocks,10,11,isotropic,0.03125,0.006028155131824128,0.999981834756679,0.004880068519903266,0.0038088869323927377,0.01567641236336707,True,True,True,False,True,True
325,110,attention_output_all_blocks,15,16,actual_local,0.0078125,0.0037183731413312493,0.9999931603293376,0.005838251256957087,0.002373572117436073,0.005270296825638818,True,True,True,False,True,True
325,110,attention_output_all_blocks,15,16,actual_local,0.015625,0.0,0.9999999999999998,0.0030523799832300235,0.0,0.005270296825638818,True,True,True,False,True,True
325,110,attention_output_all_blocks,15,16,actual_local,0.03125,0.0020719274732225435,0.9999979021026166,0.0024830235464216232,0.0012461253616539384,0.005270296825638818,True,True,True,False,True,True
325,110,attention_output_all_blocks,15,16,accumulated,0.0078125,0.00367803884418569,0.9999932361794059,0.006102272466995946,0.002302348176339365,0.005170196853226032,True,True,True,False,True,True
325,110,attention_output_all_blocks,15,16,accumulated,0.015625,0.0,1.0,0.003163750831712406,0.0,0.005170196853226032,True,True,True,False,True,True
325,110,attention_output_all_blocks,15,16,accumulated,0.03125,0.0019250698986432986,0.9999981613840198,0.0024772592363455893,0.0011511740881696825,0.005170196853226032,True,True,True,False,True,True
325,110,attention_output_all_blocks,15,16,donor,0.0078125,0.005144333671629396,0.9999867750684425,0.008499807651196794,0.0031701923325617508,0.007236688363286143,True,True,True,False,True,True
325,110,attention_output_all_blocks,15,16,donor,0.015625,0.0,0.9999999999999999,0.004326226290669828,0.0,0.007236688363286143,True,True,True,False,True,True
325,110,attention_output_all_blocks,15,16,donor,0.03125,0.002823359687079426,0.9999960166416403,0.002323496357879829,0.001761217962534306,0.007236688363286143,True,True,True,False,True,True
325,110,attention_output_all_blocks,15,16,isotropic,0.0078125,0.005582953388224668,0.99998441592844,0.007803116038757448,0.003193302388225893,0.00782067256616711,True,True,True,False,True,True
325,110,attention_output_all_blocks,15,16,isotropic,0.015625,0.0,1.0,0.0040053296635863935,0.0,0.00782067256616711,True,True,True,False,True,True
325,110,attention_output_all_blocks,15,16,isotropic,0.03125,0.0026680309749946814,0.9999964411566103,0.002116796602782773,0.0016386683308001293,0.00782067256616711,True,True,True,False,True,True
325,110,mlp_down_all_blocks,4,5,actual_local,0.0078125,0.00010749326711220098,0.9999999942229312,0.00018632135210475262,6.239098425007718e-05,0.00015048827436204206,True,True,True,False,True,True
325,110,mlp_down_all_blocks,4,5,actual_local,0.015625,0.0,0.9999999999999999,0.00017773572671659575,0.0,0.00015048827436204206,True,True,True,False,True,True
325,110,mlp_down_all_blocks,4,5,actual_local,0.03125,5.739682661303181e-05,0.999999998357161,0.0003140224263364498,3.509492864066841e-05,0.00015048827436204206,True,True,True,False,True,True
325,110,mlp_down_all_blocks,4,5,accumulated,0.0078125,0.00010749326711220098,0.9999999942229312,0.00018632135210475262,6.239098425007718e-05,0.00015048827436204206,True,True,True,False,True,True
325,110,mlp_down_all_blocks,4,5,accumulated,0.015625,0.0,0.9999999999999999,0.00017773572671659575,0.0,0.00015048827436204206,True,True,True,False,True,True
325,110,mlp_down_all_blocks,4,5,accumulated,0.03125,5.739682661303181e-05,0.999999998357161,0.0003140224263364498,3.509492864066841e-05,0.00015048827436204206,True,True,True,False,True,True
325,110,mlp_down_all_blocks,4,5,donor,0.0078125,0.00010255098739303548,0.9999999947418552,0.00015588607235813556,6.20730692957051e-05,0.00014387802434504126,True,True,True,False,True,True
325,110,mlp_down_all_blocks,4,5,donor,0.015625,0.0,1.0,9.337300834865654e-05,0.0,0.00014387802434504126,True,True,True,False,True,True
325,110,mlp_down_all_blocks,4,5,donor,0.03125,5.379589053047928e-05,0.9999999985530572,0.00010104340836847311,3.103653464785255e-05,0.00014387802434504126,True,True,True,False,True,True
325,110,mlp_down_all_blocks,4,5,isotropic,0.0078125,0.00010071388594415901,0.9999999949312729,0.0001591895921679938,6.209062110096795e-05,0.00014097943366741302,True,True,True,False,True,True
325,110,mlp_down_all_blocks,4,5,isotropic,0.015625,0.0,0.9999999999999999,0.00010494515197832422,0.0,0.00014097943366741302,True,True,True,False,True,True
325,110,mlp_down_all_blocks,4,5,isotropic,0.03125,5.251087223681428e-05,0.9999999986220414,0.00013567256344013687,3.1045310550483975e-05,0.00014097943366741302,True,True,True,False,True,True
325,110,mlp_down_all_blocks,10,11,actual_local,0.0078125,0.00029243151333840955,0.9999999576787741,0.004178866107840765,0.00017701765703840867,0.0003472112889504845,True,True,True,False,True,True
325,110,mlp_down_all_blocks,10,11,actual_local,0.015625,0.0,1.0,0.00825570379794651,0.0,0.0003472112889504845,True,True,True,False,True,True
325,110,mlp_down_all_blocks,10,11,actual_local,0.03125,0.0006776249917606994,0.9999997750832096,0.016475289301887776,0.0003701278283530363,0.0003472112889504845,True,True,True,False,True,True
325,110,mlp_down_all_blocks,10,11,accumulated,0.0078125,0.0016434668089205923,0.9999989666473595,0.015653163387866556,0.0006184452813966844,0.00020095036280287862,True,True,True,False,True,True
325,110,mlp_down_all_blocks,10,11,accumulated,0.015625,0.0,0.9999999999999999,0.031249049248791873,0.0,0.00020095036280287862,True,True,True,False,True,True
325,110,mlp_down_all_blocks,10,11,accumulated,0.03125,0.0063835150970409146,0.9999844344492903,0.06194673120511168,0.0024487090195841692,0.00020095036280287862,True,True,True,False,True,True
325,110,mlp_down_all_blocks,10,11,donor,0.0078125,0.00017524931516222782,0.9999999846446158,0.0004667710033506176,0.00010874069478769989,0.00024534324643231035,True,True,True,False,True,True
325,110,mlp_down_all_blocks,10,11,donor,0.015625,0.0,1.0,0.0007966576143014281,0.0,0.00024534324643231035,True,True,True,False,True,True
325,110,mlp_down_all_blocks,10,11,donor,0.03125,9.494046135982652e-05,0.9999999954981419,0.001579948602982624,5.437034739384994e-05,0.00024534324643231035,True,True,True,False,True,True
325,110,mlp_down_all_blocks,10,11,isotropic,0.0078125,0.00017894764367934427,0.9999999839914647,0.0004914851362139426,0.000109236951427527,0.00025008563765327105,True,True,True,False,True,True
325,110,mlp_down_all_blocks,10,11,isotropic,0.015625,0.0,1.0,0.0008546113618721215,0.0,0.00025008563765327105,True,True,True,False,True,True
325,110,mlp_down_all_blocks,10,11,isotropic,0.03125,9.549585003779312e-05,0.9999999954404141,0.0016855478932881606,5.46184757137635e-05,0.00025008563765327105,True,True,True,False,True,True
325,110,mlp_down_all_blocks,15,16,actual_local,0.0078125,0.000389773836549562,0.9999999245845017,0.0034118768607249357,0.00023173096360003094,0.0005396138888484657,True,True,True,False,True,True
325,110,mlp_down_all_blocks,15,16,actual_local,0.015625,0.0,1.0,0.006653139328556935,0.0,0.0005396138888484657,True,True,True,False,True,True
325,110,mlp_down_all_blocks,15,16,actual_local,0.03125,0.0002742500162068491,0.9999999659558786,0.013284999289290741,0.00015799838427274835,0.0005396138888484657,True,True,True,False,True,True
325,110,mlp_down_all_blocks,15,16,accumulated,0.0078125,0.002644978440518179,0.9999965223933308,0.024211274696188712,0.0010845292612719224,0.00037409811570625475,True,True,True,False,True,True
325,110,mlp_down_all_blocks,15,16,accumulated,0.015625,0.0,1.0,0.04835264006855049,0.0,0.00037409811570625475,True,True,True,False,True,True
325,110,mlp_down_all_blocks,15,16,accumulated,0.03125,0.009742908404465319,0.9999528876148364,0.09621145761170698,0.004004415733927098,0.00037409811570625475,True,True,True,False,True,True
325,110,mlp_down_all_blocks,15,16,donor,0.0078125,0.00037483996081092124,0.9999999297541187,0.0010569693793666035,0.0002163468131627961,0.0005232995142682149,True,True,True,False,True,True
325,110,mlp_down_all_blocks,15,16,donor,0.015625,0.0,1.0,0.0018661445366822875,0.0,0.0005232995142682149,True,True,True,False,True,True
325,110,mlp_down_all_blocks,15,16,donor,0.03125,0.00018607682002339917,0.999999982747721,0.0036927945432994225,0.00011332452118051223,0.0005232995142682149,True,True,True,False,True,True
325,110,mlp_down_all_blocks,15,16,isotropic,0.0078125,0.00034477234899329414,0.999999940567207,0.0010814853489826924,0.00020829818117818567,0.0004832599104098584,True,True,True,False,True,True
325,110,mlp_down_all_blocks,15,16,isotropic,0.015625,0.0,1.0,0.001776273734540068,0.0,0.0004832599104098584,True,True,True,False,True,True
325,110,mlp_down_all_blocks,15,16,isotropic,0.03125,0.00018389466102188207,0.9999999831260196,0.0035152906589988233,0.00011456399964800212,0.0004832599104098584,True,True,True,False,True,True
408,107,qkv_all_blocks,4,5,actual_local,0.0078125,0.0011192424695750422,0.9999993736879588,0.001626087591299791,0.0006285071610408894,0.0015578758834929203,True,True,True,False,True,True
408,107,qkv_all_blocks,4,5,actual_local,0.015625,0.0,1.0,0.000884517594799411,0.0,0.0015578758834929203,True,True,True,False,True,True
408,107,qkv_all_blocks,4,5,actual_local,0.03125,0.0005716622846976857,0.9999998366181704,0.0004779768323369851,0.00036662917727385216,0.0015578758834929203,True,True,True,False,True,True
408,107,qkv_all_blocks,4,5,accumulated,0.0078125,0.0011192424695750422,0.9999993736879588,0.001626087591299791,0.0006285071610408894,0.0015578758834929203,True,True,True,False,True,True
408,107,qkv_all_blocks,4,5,accumulated,0.015625,0.0,1.0,0.000884517594799411,0.0,0.0015578758834929203,True,True,True,False,True,True
408,107,qkv_all_blocks,4,5,accumulated,0.03125,0.0005716622846976857,0.9999998366181704,0.0004779768323369851,0.00036662917727385216,0.0015578758834929203,True,True,True,False,True,True
408,107,qkv_all_blocks,4,5,donor,0.0078125,0.001117341047563569,0.999999375775597,0.0016235108613141022,0.000654460836514587,0.001562925355368471,True,True,True,False,True,True
408,107,qkv_all_blocks,4,5,donor,0.015625,0.0,1.0,0.0008839678339954688,0.0,0.001562925355368471,True,True,True,False,True,True
408,107,qkv_all_blocks,4,5,donor,0.03125,0.0005702624753391774,0.9999998375336044,0.000474147223668376,0.0003664980684481688,0.001562925355368471,True,True,True,False,True,True
408,107,qkv_all_blocks,4,5,isotropic,0.0078125,0.0011360479912725502,0.9999993548186957,0.0016759026305921535,0.0006816164881916423,0.001591786023991902,True,True,True,False,True,True
408,107,qkv_all_blocks,4,5,isotropic,0.015625,0.0,1.0,0.0009037947635697533,0.0,0.001591786023991902,True,True,True,False,True,True
408,107,qkv_all_blocks,4,5,isotropic,0.03125,0.0005915654936793861,0.9999998250284193,0.0004857547892518653,0.0003670242628724228,0.001591786023991902,True,True,True,False,True,True
408,107,qkv_all_blocks,10,11,actual_local,0.0078125,0.002039118632300553,0.9999979239898605,0.0031800082298076224,0.0013255354864980253,0.0028663329872003606,True,True,True,False,True,True
408,107,qkv_all_blocks,10,11,actual_local,0.015625,0.0,1.0,0.0018091615397744867,0.0,0.0028663329872003606,True,True,True,False,True,True
408,107,qkv_all_blocks,10,11,actual_local,0.03125,0.001121150206067277,0.9999993717217284,0.0015620039218968002,0.0006841473478699485,0.0028663329872003606,True,True,True,False,True,True
408,107,qkv_all_blocks,10,11,accumulated,0.0078125,0.0013201881635438231,0.9999991288826964,0.002045013222942598,0.0008588693790977034,0.001863873342555954,True,True,True,False,True,True
408,107,qkv_all_blocks,10,11,accumulated,0.015625,0.0,1.0,0.0013132818753294876,0.0,0.001863873342555954,True,True,True,False,True,True
408,107,qkv_all_blocks,10,11,accumulated,0.03125,0.0007086276285370946,0.9999997489361054,0.0016081682040515687,0.0004294346895488517,0.001863873342555954,True,True,True,False,True,True
408,107,qkv_all_blocks,10,11,donor,0.0078125,0.002033177323140625,0.9999979342048727,0.002987158424128791,0.0012815326862267442,0.002846572542544519,True,True,True,False,True,True
408,107,qkv_all_blocks,10,11,donor,0.015625,0.0,1.0,0.0016323282515633584,0.0,0.002846572542544519,True,True,True,False,True,True
408,107,qkv_all_blocks,10,11,donor,0.03125,0.0010406732198878991,0.9999994584994831,0.0008931004963604583,0.0006834840993209302,0.002846572542544519,True,True,True,False,True,True
408,107,qkv_all_blocks,10,11,isotropic,0.0078125,0.002061068615088697,0.9999978764790197,0.002971344886329679,0.0013697645039747284,0.0029085997598923843,True,True,True,False,True,True
408,107,qkv_all_blocks,10,11,isotropic,0.015625,0.0,1.0,0.0016703211718297653,0.0,0.0029085997598923843,True,True,True,False,True,True
408,107,qkv_all_blocks,10,11,isotropic,0.03125,0.0010887585300881678,0.999999407337842,0.000892865487084416,0.0006848822519873642,0.0029085997598923843,True,True,True,False,True,True
408,107,qkv_all_blocks,15,16,actual_local,0.0078125,0.001539700311791462,0.9999988156212504,0.0026406131721762828,0.000940027813122067,0.0021603067885603983,True,True,True,False,True,True
408,107,qkv_all_blocks,15,16,actual_local,0.015625,0.0,1.0,0.0023241348281916752,0.0,0.0021603067885603983,True,True,True,False,True,True
408,107,qkv_all_blocks,15,16,actual_local,0.03125,0.0007927481468523142,0.9999996862671722,0.004111678724067259,0.0004649050597505875,0.0021603067885603983,True,True,True,False,True,True
408,107,qkv_all_blocks,15,16,accumulated,0.0078125,0.0009520193986853707,0.9999995584814755,0.0022126237150889723,0.0005696023563642412,0.0013316835074976118,True,True,True,False,True,True
408,107,qkv_all_blocks,15,16,accumulated,0.015625,0.0,0.9999999999999999,0.00392806670224199,0.0,0.0013316835074976118,True,True,True,False,True,True
408,107,qkv_all_blocks,15,16,accumulated,0.03125,0.0004897666116205369,0.999999880067286,0.007887545686162189,0.0002848011781821206,0.0013316835074976118,True,True,True,False,True,True
408,107,qkv_all_blocks,15,16,donor,0.0078125,0.002573772501506629,0.9999966880162156,0.0041099926564125075,0.0014857114997541684,0.00359173384587508,True,True,True,False,True,True
408,107,qkv_all_blocks,15,16,donor,0.015625,0.0,1.0,0.0021536935216018307,0.0,0.00359173384587508,True,True,True,False,True,True
408,107,qkv_all_blocks,15,16,donor,0.03125,0.0012903638327949245,0.9999991674803663,0.0012557796182087954,0.0007601314649905048,0.00359173384587508,True,True,True,False,True,True
408,107,qkv_all_blocks,15,16,isotropic,0.0078125,0.002883059388975806,0.9999958484307642,0.003921612261219089,0.0015704627418278087,0.004000968825553339,True,True,True,False,True,True
408,107,qkv_all_blocks,15,16,isotropic,0.015625,0.0,1.0,0.0020287939684443253,0.0,0.004000968825553339,True,True,True,False,True,True
408,107,qkv_all_blocks,15,16,isotropic,0.03125,0.0013375465085391596,0.9999991071913711,0.0012006883382900345,0.0008023016181076849,0.004000968825553339,True,True,True,False,True,True
408,107,attention_output_all_blocks,4,5,actual_local,0.0078125,0.008754895770534286,0.9999616790354281,0.012905553446667998,0.0054463994130492495,0.012224218371295417,True,True,True,False,True,True
408,107,attention_output_all_blocks,4,5,actual_local,0.015625,0.0,1.0,0.007108939294158314,0.0,0.012224218371295417,True,True,True,False,True,True
408,107,attention_output_all_blocks,4,5,actual_local,0.03125,0.0047922481256360856,0.9999885234343843,0.003959103842743053,0.0029707633162086816,0.012224218371295417,True,True,True,False,True,True
408,107,attention_output_all_blocks,4,5,accumulated,0.0078125,0.008754895770534286,0.9999616790354281,0.012905553446667998,0.0054463994130492495,0.012224218371295417,True,True,True,False,True,True
408,107,attention_output_all_blocks,4,5,accumulated,0.015625,0.0,1.0,0.007108939294158314,0.0,0.012224218371295417,True,True,True,False,True,True
408,107,attention_output_all_blocks,4,5,accumulated,0.03125,0.0047922481256360856,0.9999885234343843,0.003959103842743053,0.0029707633162086816,0.012224218371295417,True,True,True,False,True,True
408,107,attention_output_all_blocks,4,5,donor,0.0078125,0.008726534875333028,0.9999619232839763,0.01305894306032527,0.00545088602729534,0.012246388589904187,True,True,True,False,True,True
408,107,attention_output_all_blocks,4,5,donor,0.015625,0.0,1.0,0.007235711338228573,0.0,0.012246388589904187,True,True,True,False,True,True
408,107,attention_output_all_blocks,4,5,donor,0.03125,0.004928255171784787,0.9999878590346755,0.0038813807179414747,0.0029732105603429127,0.012246388589904187,True,True,True,False,True,True
408,107,attention_output_all_blocks,4,5,isotropic,0.0078125,0.007795158740029293,0.999969621142003,0.01162303507514583,0.004784886591449495,0.010884229727459753,True,True,True,False,True,True
408,107,attention_output_all_blocks,4,5,isotropic,0.015625,0.0,0.9999999999999999,0.006247667590384343,0.0,0.010884229727459753,True,True,True,False,True,True
408,107,attention_output_all_blocks,4,5,isotropic,0.03125,0.004298849399284522,0.9999907599074694,0.0034000787906478093,0.002699166795176638,0.010884229727459753,True,True,True,False,True,True
408,107,attention_output_all_blocks,10,11,actual_local,0.0078125,0.0081831187588981,0.9999666612693568,0.01241169103444949,0.005005485118472808,0.0114523204215575,True,True,True,False,True,True
408,107,attention_output_all_blocks,10,11,actual_local,0.015625,0.0,1.0,0.006812203302033388,0.0,0.0114523204215575,True,True,True,False,True,True
408,107,attention_output_all_blocks,10,11,actual_local,0.03125,0.004460246762992661,0.9999904088878145,0.004739569625210753,0.00286027721055589,0.0114523204215575,True,True,True,False,True,True
408,107,attention_output_all_blocks,10,11,accumulated,0.0078125,0.009635069340845022,0.9999536014666404,0.014188543384629184,0.005830716879629258,0.013536612855202102,True,True,True,False,True,True
408,107,attention_output_all_blocks,10,11,accumulated,0.015625,0.0,1.0,0.007384462857939649,0.0,0.013536612855202102,True,True,True,False,True,True
408,107,attention_output_all_blocks,10,11,accumulated,0.03125,0.0049441608051318565,0.9999877777042167,0.004133582899870867,0.0029934483980239494,0.013536612855202102,True,True,True,False,True,True
408,107,attention_output_all_blocks,10,11,donor,0.0078125,0.0084393268648041,0.9999644506004952,0.012738138516884458,0.005068946567374218,0.011819554871714856,True,True,True,False,True,True
408,107,attention_output_all_blocks,10,11,donor,0.015625,0.0,0.9999999999999999,0.006878792378240122,0.0,0.011819554871714856,True,True,True,False,True,True
408,107,attention_output_all_blocks,10,11,donor,0.03125,0.004538165521793936,0.9999897053295251,0.003666275765499574,0.002875652379568066,0.011819554871714856,True,True,True,False,True,True
408,107,attention_output_all_blocks,10,11,isotropic,0.0078125,0.006979308715439898,0.9999756449149234,0.010357395101674024,0.004009665122081348,0.009768409113066921,True,True,True,False,True,True
408,107,attention_output_all_blocks,10,11,isotropic,0.015625,0.0,1.0,0.005376864298360316,0.0,0.009768409113066921,True,True,True,False,True,True
408,107,attention_output_all_blocks,10,11,isotropic,0.03125,0.0035610513904460574,0.999993660812707,0.002959032830961459,0.00233897132121412,0.009768409113066921,True,True,True,False,True,True
408,107,attention_output_all_blocks,15,16,actual_local,0.0078125,0.0023375200152761597,0.999997291358645,0.0037524633896154507,0.0013767623863531002,0.003285516802914351,True,True,True,False,True,True
408,107,attention_output_all_blocks,15,16,actual_local,0.015625,0.0,1.0,0.0026826122319850965,0.0,0.003285516802914351,True,True,True,False,True,True
408,107,attention_output_all_blocks,15,16,actual_local,0.03125,0.0012206729383892271,0.9999992552773532,0.0038919391725056873,0.0007509613016471456,0.003285516802914351,True,True,True,False,True,True
408,107,attention_output_all_blocks,15,16,accumulated,0.0078125,0.005881101050632681,0.9999829661807387,0.008938222137831664,0.0034103812076646096,0.008229094708656398,True,True,True,False,True,True
408,107,attention_output_all_blocks,15,16,accumulated,0.015625,0.0,1.0,0.004447909221403748,0.0,0.008229094708656398,True,True,True,False,True,True
408,107,attention_output_all_blocks,15,16,accumulated,0.03125,0.0028544227260760605,0.999995938536232,0.00266135546021807,0.0017793293257380573,0.008229094708656398,True,True,True,False,True,True
408,107,attention_output_all_blocks,15,16,donor,0.0078125,0.004291450108438623,0.9999907932829394,0.006849084458722439,0.002550182049679026,0.006041676781552315,True,True,True,False,True,True
408,107,attention_output_all_blocks,15,16,donor,0.015625,0.0,0.9999999999999998,0.0034297709775231782,0.0,0.006041676781552315,True,True,True,False,True,True
408,107,attention_output_all_blocks,15,16,donor,0.03125,0.0022603985612018773,0.9999974457299705,0.0017828470449073287,0.001304070366313138,0.006041676781552315,True,True,True,False,True,True
408,107,attention_output_all_blocks,15,16,isotropic,0.0078125,0.004388402025473136,0.9999903710874988,0.006455609482722147,0.0024725587586198806,0.006184679433673095,True,True,True,False,True,True
408,107,attention_output_all_blocks,15,16,isotropic,0.015625,0.0,1.0,0.003325637859526081,0.0,0.006184679433673095,True,True,True,False,True,True
408,107,attention_output_all_blocks,15,16,isotropic,0.03125,0.002228005641422974,0.9999975197109814,0.0017526021426288144,0.0013486684137926622,0.006184679433673095,True,True,True,False,True,True
408,107,mlp_down_all_blocks,4,5,actual_local,0.0078125,0.00010967719345346951,0.9999999939863126,0.00018530211289441616,6.30904378763951e-05,0.00015340231897439645,True,True,True,False,True,True
408,107,mlp_down_all_blocks,4,5,actual_local,0.015625,0.0,1.0,0.00018555343627618668,0.0,0.00015340231897439645,True,True,True,False,True,True
408,107,mlp_down_all_blocks,4,5,actual_local,0.03125,5.815261224665244e-05,0.9999999983091733,0.0003279784178339201,3.5488371305472246e-05,0.00015340231897439645,True,True,True,False,True,True
408,107,mlp_down_all_blocks,4,5,accumulated,0.0078125,0.00010967719345346951,0.9999999939863126,0.00018530211289441616,6.30904378763951e-05,0.00015340231897439645,True,True,True,False,True,True
408,107,mlp_down_all_blocks,4,5,accumulated,0.015625,0.0,1.0,0.00018555343627618668,0.0,0.00015340231897439645,True,True,True,False,True,True
408,107,mlp_down_all_blocks,4,5,accumulated,0.03125,5.815261224665244e-05,0.9999999983091733,0.0003279784178339201,3.5488371305472246e-05,0.00015340231897439645,True,True,True,False,True,True
408,107,mlp_down_all_blocks,4,5,donor,0.0078125,9.999622013147697e-05,0.9999999950004997,0.0001611797027439534,6.29542427851572e-05,0.00013974945747472766,True,True,True,False,True,True
408,107,mlp_down_all_blocks,4,5,donor,0.015625,0.0,1.0,9.615134493761326e-05,0.0,0.00013974945747472766,True,True,True,False,True,True
408,107,mlp_down_all_blocks,4,5,donor,0.03125,5.397108624857164e-05,0.9999999985436456,9.946910480036463e-05,3.442810152313285e-05,0.00013974945747472766,True,True,True,False,True,True
408,107,mlp_down_all_blocks,4,5,isotropic,0.0078125,0.00010397223896667185,0.9999999946082092,0.00015323248440547062,6.295480690263047e-05,0.00014541470077589767,True,True,True,False,True,True
408,107,mlp_down_all_blocks,4,5,isotropic,0.015625,0.0,1.0,9.233082976871377e-05,0.0,0.00014541470077589767,True,True,True,False,True,True
408,107,mlp_down_all_blocks,4,5,isotropic,0.03125,5.400176875608182e-05,0.999999998542394,8.818574909782874e-05,3.1477403451315234e-05,0.00014541470077589767,True,True,True,False,True,True
408,107,mlp_down_all_blocks,10,11,actual_local,0.0078125,0.0002822252204871437,0.9999999606158488,0.005406439215307818,0.0001731451977790886,0.0003109333737744914,True,True,True,False,True,True
408,107,mlp_down_all_blocks,10,11,actual_local,0.015625,0.0,0.9999999999999998,0.010726270814803767,0.0,0.0003109333737744914,True,True,True,False,True,True
408,107,mlp_down_all_blocks,10,11,actual_local,0.03125,0.0007646897469545578,0.9999997246768167,0.021394887871205248,0.0002912807233471126,0.0003109333737744914,True,True,True,False,True,True
408,107,mlp_down_all_blocks,10,11,accumulated,0.0078125,0.0009164270404731365,0.9999995950991724,0.011119440827521537,0.0003336629687281688,0.00018061225129070054,True,True,True,False,True,True
408,107,mlp_down_all_blocks,10,11,accumulated,0.015625,0.0,0.9999999999999999,0.0221931686115535,0.0,0.00018061225129070054,True,True,True,False,True,True
408,107,mlp_down_all_blocks,10,11,accumulated,0.03125,0.0035824491061272716,0.9999938065636005,0.0442003028009961,0.0012419677169326281,0.00018061225129070054,True,True,True,False,True,True
408,107,mlp_down_all_blocks,10,11,donor,0.0078125,0.0001895305321069419,0.9999999820394883,0.0004727133454656304,0.00011346877942922839,0.0002658445971342469,True,True,True,False,True,True
408,107,mlp_down_all_blocks,10,11,donor,0.015625,0.0,1.0,0.0006942217584853931,0.0,0.0002658445971342469,True,True,True,False,True,True
408,107,mlp_down_all_blocks,10,11,donor,0.03125,0.00010185833121894561,0.9999999948124506,0.0013449207261021416,6.189206150685185e-05,0.0002658445971342469,True,True,True,False,True,True
408,107,mlp_down_all_blocks,10,11,isotropic,0.0078125,0.00018464355768589295,0.9999999829569945,0.0005584664596246696,0.00011003106580220353,0.0002596119209563186,True,True,True,False,True,True
408,107,mlp_down_all_blocks,10,11,isotropic,0.015625,0.0,0.9999999999999998,0.0009264683327102977,0.0,0.0002596119209563186,True,True,True,False,True,True
408,107,mlp_down_all_blocks,10,11,isotropic,0.03125,0.00010427403842143891,0.9999999945639716,0.0018152328987614227,6.447132761847862e-05,0.0002596119209563186,True,True,True,False,True,True
408,107,mlp_down_all_blocks,15,16,actual_local,0.0078125,0.0003472492609141886,0.9999999397338631,0.005227287622221583,0.00019612784121596688,0.0004952340405785584,True,True,True,False,True,True
408,107,mlp_down_all_blocks,15,16,actual_local,0.015625,0.0,1.0,0.010444915288540656,0.0,0.0004952340405785584,True,True,True,False,True,True
408,107,mlp_down_all_blocks,15,16,actual_local,0.03125,0.00047956344806652146,0.9999999094233418,0.020892715062557344,0.00015526787429597378,0.0004952340405785584,True,True,True,False,True,True
408,107,mlp_down_all_blocks,15,16,accumulated,0.0078125,0.002871814752783546,0.9999965519399668,0.02381264193402487,0.0004623395701383018,0.000299259083243064,True,True,True,False,True,True
408,107,mlp_down_all_blocks,15,16,accumulated,0.015625,0.0,1.0,0.04745855760136785,0.0,0.000299259083243064,True,True,True,False,True,True
408,107,mlp_down_all_blocks,15,16,accumulated,0.03125,0.011039203308286637,0.9999495425445836,0.09367190228603965,0.0018039499299146238,0.000299259083243064,True,True,True,False,True,True
408,107,mlp_down_all_blocks,15,16,donor,0.0078125,0.00035865579845769464,0.9999999356894479,0.0009214764138646366,0.0002039045059508491,0.0004969108297259507,True,True,True,False,True,True
408,107,mlp_down_all_blocks,15,16,donor,0.015625,0.0,1.0,0.0015116853264660853,0.0,0.0004969108297259507,True,True,True,False,True,True
408,107,mlp_down_all_blocks,15,16,donor,0.03125,0.00017208378481817853,0.999999985243657,0.0029842235491754853,0.00010195225297542455,0.0004969108297259507,True,True,True,False,True,True
408,107,mlp_down_all_blocks,15,16,isotropic,0.0078125,0.00036902543067314183,0.9999999319179028,0.001031835778745065,0.00021605087813551606,0.000517654285334975,True,True,True,False,True,True
408,107,mlp_down_all_blocks,15,16,isotropic,0.015625,0.0,1.0,0.001771727760676809,0.0,0.000517654285334975,True,True,True,False,True,True
408,107,mlp_down_all_blocks,15,16,isotropic,0.03125,0.0001804006726927754,0.9999999837751725,0.0034993952929513756,0.00010802543906775803,0.000517654285334975,True,True,True,False,True,True
408,108,qkv_all_blocks,4,5,actual_local,0.0078125,0.0010962828863455482,0.9999993991101108,0.0015726779784462001,0.000630434344535266,0.0015376237259543887,True,True,True,False,True,True
408,108,qkv_all_blocks,4,5,actual_local,0.015625,0.0,0.9999999999999999,0.0008682782850196351,0.0,0.0015376237259543887,True,True,True,False,True,True
408,108,qkv_all_blocks,4,5,actual_local,0.03125,0.0005789752734608236,0.9999998324254281,0.00046080812353917054,0.0003602481968772949,0.0015376237259543887,True,True,True,False,True,True
408,108,qkv_all_blocks,4,5,accumulated,0.0078125,0.0010962828863455482,0.9999993991101108,0.0015726779784462001,0.000630434344535266,0.0015376237259543887,True,True,True,False,True,True
408,108,qkv_all_blocks,4,5,accumulated,0.015625,0.0,0.9999999999999999,0.0008682782850196351,0.0,0.0015376237259543887,True,True,True,False,True,True
408,108,qkv_all_blocks,4,5,accumulated,0.03125,0.0005789752734608236,0.9999998324254281,0.00046080812353917054,0.0003602481968772949,0.0015376237259543887,True,True,True,False,True,True
408,108,qkv_all_blocks,4,5,donor,0.0078125,0.0010776958293721667,0.99999941949797,0.001572950439263226,0.0006173603444887395,0.0015083647424818983,True,True,True,False,True,True
408,108,qkv_all_blocks,4,5,donor,0.015625,0.0,0.9999999999999999,0.0008464767592077063,0.0,0.0015083647424818983,True,True,True,False,True,True
408,108,qkv_all_blocks,4,5,donor,0.03125,0.0005721097739421786,0.9999998363700684,0.00045663569848574444,0.0003601268676184313,0.0015083647424818983,True,True,True,False,True,True
408,108,qkv_all_blocks,4,5,isotropic,0.0078125,0.0011384638066240817,0.9999993519690001,0.0016189996350932897,0.0007221945498235648,0.0015930578694778434,True,True,True,False,True,True
408,108,qkv_all_blocks,4,5,isotropic,0.015625,0.0,1.0,0.0008732348004920182,0.0,0.0015930578694778434,True,True,True,False,True,True
408,108,qkv_all_blocks,4,5,isotropic,0.03125,0.0005963104313008146,0.9999998223327558,0.0004688786259867278,0.0003610972749117824,0.0015930578694778434,True,True,True,False,True,True
408,108,qkv_all_blocks,10,11,actual_local,0.0078125,0.002323208672275208,0.999997317002613,0.0033856318827281324,0.0013414426731795444,0.0032474800823728512,True,True,True,False,True,True
408,108,qkv_all_blocks,10,11,actual_local,0.015625,0.0,1.0,0.001732629354936142,0.0,0.0032474800823728512,True,True,True,False,True,True
408,108,qkv_all_blocks,10,11,actual_local,0.03125,0.0011118388409404457,0.999999381922715,0.0011103157206185622,0.0006707213365897722,0.0032474800823728512,True,True,True,False,True,True
408,108,qkv_all_blocks,10,11,accumulated,0.0078125,0.001199414558379225,0.999999290008756,0.0024044450159075733,0.0007304164432461732,0.0016922676337519417,True,True,True,False,True,True
408,108,qkv_all_blocks,10,11,accumulated,0.015625,0.0,0.9999999999999999,0.0027388145293456186,0.0,0.0016922676337519417,True,True,True,False,True,True
408,108,qkv_all_blocks,10,11,accumulated,0.03125,0.0006664858034009362,0.9999997856599969,0.005137611285179468,0.0004108592493259724,0.0016922676337519417,True,True,True,False,True,True
408,108,qkv_all_blocks,10,11,donor,0.0078125,0.0019659319881206575,0.9999980675712203,0.003073970795175357,0.0012610919762775625,0.002762827274208325,True,True,True,False,True,True
408,108,qkv_all_blocks,10,11,donor,0.015625,0.0,1.0,0.0016158882224259615,0.0,0.002762827274208325,True,True,True,False,True,True
408,108,qkv_all_blocks,10,11,donor,0.03125,0.0010564297530567856,0.9999994419781336,0.0009105720883718826,0.0006725823873480332,0.002762827274208325,True,True,True,False,True,True
408,108,qkv_all_blocks,10,11,isotropic,0.0078125,0.0020291971329988445,0.9999979418670305,0.0031257716607269084,0.0012214734390965762,0.0028431895598325686,True,True,True,False,True,True
408,108,qkv_all_blocks,10,11,isotropic,0.015625,0.0,0.9999999999999998,0.001580470656311546,0.0,0.0028431895598325686,True,True,True,False,True,True
408,108,qkv_all_blocks,10,11,isotropic,0.03125,0.0010197581476132551,0.9999994804770204,0.0008255404647801131,0.0006739163801912144,0.0028431895598325686,True,True,True,False,True,True
408,108,qkv_all_blocks,15,16,actual_local,0.0078125,0.0015065635048470785,0.9999988707684834,0.003411662796215239,0.0009661989542049914,0.002125012948257398,True,True,True,False,True,True
408,108,qkv_all_blocks,15,16,actual_local,0.015625,0.0,0.9999999999999998,0.005055863726106325,0.0,0.002125012948257398,True,True,True,False,True,True
408,108,qkv_all_blocks,15,16,actual_local,0.03125,0.0007833848032714152,0.9999997025810564,0.009811889676222398,0.0004830994771024957,0.002125012948257398,True,True,True,False,True,True
408,108,qkv_all_blocks,15,16,accumulated,0.0078125,0.0014679189318221634,0.9999989466186561,0.01794529907529212,0.00028119746556182505,0.0004151856475798071,True,True,True,False,True,True
408,108,qkv_all_blocks,15,16,accumulated,0.015625,0.0,1.0,0.03579350921608994,0.0,0.0004151856475798071,True,True,True,False,True,True
408,108,qkv_all_blocks,15,16,accumulated,0.03125,0.0057020404754354465,0.9999843108512856,0.07112316560254824,0.0006231943831370176,0.0004151856475798071,True,True,True,False,True,True
408,108,qkv_all_blocks,15,16,donor,0.0078125,0.0023735247330244546,0.9999971837068568,0.00373316057534769,0.001442919194006914,0.0033288649416092038,True,True,True,False,True,True
408,108,qkv_all_blocks,15,16,donor,0.015625,0.0,1.0,0.0018892684709401406,0.0,0.0033288649416092038,True,True,True,False,True,True
408,108,qkv_all_blocks,15,16,donor,0.03125,0.0012166447047382554,0.9999992604274351,0.001044687194456555,0.0007870468330946804,0.0033288649416092038,True,True,True,False,True,True
408,108,qkv_all_blocks,15,16,isotropic,0.0078125,0.0024191742780381043,0.9999970761788147,0.003619063378235525,0.0015490741722598413,0.0033979924017213236,True,True,True,False,True,True
408,108,qkv_all_blocks,15,16,isotropic,0.015625,0.0,0.9999999999999999,0.0018578373586159251,0.0,0.0033979924017213236,True,True,True,False,True,True
408,108,qkv_all_blocks,15,16,isotropic,0.03125,0.0011759767162655963,0.9999993086152291,0.0010803694689621537,0.0007745370861299206,0.0033979924017213236,True,True,True,False,True,True
408,108,attention_output_all_blocks,4,5,actual_local,0.0078125,0.00869419525856194,0.999962230703427,0.012407032423737255,0.0056106120667652045,0.012149093492528046,True,True,True,False,True,True
408,108,attention_output_all_blocks,4,5,actual_local,0.015625,0.0,0.9999999999999998,0.006665289147040256,0.0,0.012149093492528046,True,True,True,False,True,True
408,108,attention_output_all_blocks,4,5,actual_local,0.03125,0.004844948428001411,0.9999882822021093,0.0037600466604183805,0.002927275860920976,0.012149093492528046,True,True,True,False,True,True
408,108,attention_output_all_blocks,4,5,accumulated,0.0078125,0.00869419525856194,0.999962230703427,0.012407032423737255,0.0056106120667652045,0.012149093492528046,True,True,True,False,True,True
408,108,attention_output_all_blocks,4,5,accumulated,0.015625,0.0,0.9999999999999998,0.006665289147040256,0.0,0.012149093492528046,True,True,True,False,True,True
408,108,attention_output_all_blocks,4,5,accumulated,0.03125,0.004844948428001411,0.9999882822021093,0.0037600466604183805,0.002927275860920976,0.012149093492528046,True,True,True,False,True,True
408,108,attention_output_all_blocks,4,5,donor,0.0078125,0.00854851744397761,0.99996347029222,0.012543691991241439,0.004877077441851779,0.01192000856833757,True,True,True,False,True,True
408,108,attention_output_all_blocks,4,5,donor,0.015625,0.0,1.0,0.006769748393422867,0.0,0.01192000856833757,True,True,True,False,True,True
408,108,attention_output_all_blocks,4,5,donor,0.03125,0.0046223154714348695,0.999989317059221,0.003724952014743578,0.0029262464651110673,0.01192000856833757,True,True,True,False,True,True
408,108,attention_output_all_blocks,4,5,isotropic,0.0078125,0.007703206342804758,0.9999703352524107,0.011291980804763643,0.004595145072246275,0.010809315167582564,True,True,True,False,True,True
408,108,attention_output_all_blocks,4,5,isotropic,0.015625,0.0,1.0,0.006193108983986192,0.0,0.010809315167582564,True,True,True,False,True,True
408,108,attention_output_all_blocks,4,5,isotropic,0.03125,0.004275199212525333,0.9999908619434271,0.0034545842017890305,0.0026603471470899487,0.010809315167582564,True,True,True,False,True,True
408,108,attention_output_all_blocks,10,11,actual_local,0.0078125,0.008563077891767952,0.9999635596317625,0.013576847605613734,0.0050565309539699,0.012026678896848516,True,True,True,False,True,True
408,108,attention_output_all_blocks,10,11,actual_local,0.015625,0.0,1.0,0.007215390651947172,0.0,0.012026678896848516,True,True,True,False,True,True
408,108,attention_output_all_blocks,10,11,actual_local,0.03125,0.004712182159337368,0.999988974997797,0.004109995967012007,0.0028894462594113712,0.012026678896848516,True,True,True,False,True,True
408,108,attention_output_all_blocks,10,11,accumulated,0.0078125,0.0059110693780866,0.999982939087788,0.009261891156200764,0.0038920525494778122,0.008253705896708671,True,True,True,False,True,True
408,108,attention_output_all_blocks,10,11,accumulated,0.015625,0.0,1.0,0.005443542580160372,0.0,0.008253705896708671,True,True,True,False,True,True
408,108,attention_output_all_blocks,10,11,accumulated,0.03125,0.0029632752449691045,0.9999956644497225,0.003918549869498321,0.0019460262747389061,0.008253705896708671,True,True,True,False,True,True
408,108,attention_output_all_blocks,10,11,donor,0.0078125,0.008992809804611713,0.9999596269398409,0.012480828890381067,0.005496844253550593,0.012554777715754722,True,True,True,False,True,True
408,108,attention_output_all_blocks,10,11,donor,0.015625,0.0,0.9999999999999999,0.007157209871740417,0.0,0.012554777715754722,True,True,True,False,True,True
408,108,attention_output_all_blocks,10,11,donor,0.03125,0.004453672581305073,0.999990089815123,0.003522447537372118,0.0028068991933024303,0.012554777715754722,True,True,True,False,True,True
408,108,attention_output_all_blocks,10,11,isotropic,0.0078125,0.007394870027133701,0.9999726639633214,0.011379912994501536,0.004570859356272719,0.01037064258347923,True,True,True,False,True,True
408,108,attention_output_all_blocks,10,11,isotropic,0.015625,0.0,1.0,0.005990145457664684,0.0,0.01037064258347923,True,True,True,False,True,True
408,108,attention_output_all_blocks,10,11,isotropic,0.03125,0.003965085619519757,0.9999921401820124,0.0032308585445570714,0.0024612319610699254,0.01037064258347923,True,True,True,False,True,True
408,108,attention_output_all_blocks,15,16,actual_local,0.0078125,0.002580775574046448,0.9999966899254629,0.004239511126741696,0.0015972165861422648,0.0036303621764596657,True,True,True,False,True,True
408,108,attention_output_all_blocks,15,16,actual_local,0.015625,0.0,1.0,0.003927472635969896,0.0,0.0036303621764596657,True,True,True,False,True,True
408,108,attention_output_all_blocks,15,16,actual_local,0.03125,0.0013440561791889574,0.9999991010759678,0.00639161865288683,0.0008349086700289111,0.0036303621764596657,True,True,True,False,True,True
408,108,attention_output_all_blocks,15,16,accumulated,0.0078125,0.0012888420777851842,0.9999992138089968,0.015254237155410582,0.0002851858556962986,0.0004714294933296055,True,True,True,False,True,True
408,108,attention_output_all_blocks,15,16,accumulated,0.015625,0.0,0.9999999999999999,0.030434917003827885,0.0,0.0004714294933296055,True,True,True,False,True,True
408,108,attention_output_all_blocks,15,16,accumulated,0.03125,0.00506750900065815,0.9999882746715663,0.06046203515434435,0.000535803728883955,0.0004714294933296055,True,True,True,False,True,True
408,108,attention_output_all_blocks,15,16,donor,0.0078125,0.004410110053528152,0.9999902755259041,0.006863959195223254,0.002838959462826737,0.00618221163443558,True,True,True,False,True,True
408,108,attention_output_all_blocks,15,16,donor,0.015625,0.0,1.0,0.0035982949330770325,0.0,0.00618221163443558,True,True,True,False,True,True
408,108,attention_output_all_blocks,15,16,donor,0.03125,0.0022944472041135323,0.9999973686805909,0.0018614832747417623,0.0014840015373867033,0.00618221163443558,True,True,True,False,True,True
408,108,attention_output_all_blocks,15,16,isotropic,0.0078125,0.004201961608196791,0.9999911738741617,0.006226401582993692,0.002608107545982613,0.005904726076393502,True,True,True,False,True,True
408,108,attention_output_all_blocks,15,16,isotropic,0.015625,0.0,1.0,0.0033153240435114207,0.0,0.005904726076393502,True,True,True,False,True,True
408,108,attention_output_all_blocks,15,16,isotropic,0.03125,0.002151158542714695,0.9999976865283849,0.0016762580677218905,0.0014226041159905163,0.005904726076393502,True,True,True,False,True,True
408,108,mlp_down_all_blocks,4,5,actual_local,0.0078125,0.00010696552646642577,0.9999999942892708,0.0001788732577585557,6.540578344876452e-05,0.0001499761105612388,True,True,True,False,True,True
408,108,mlp_down_all_blocks,4,5,actual_local,0.015625,0.0,1.0,0.00017327051356347308,0.0,0.0001499761105612388,True,True,True,False,True,True
408,108,mlp_down_all_blocks,4,5,actual_local,0.03125,5.7324517497199724e-05,0.9999999983669453,0.00030346164036837604,3.462659123758122e-05,0.0001499761105612388,True,True,True,False,True,True
408,108,mlp_down_all_blocks,4,5,accumulated,0.0078125,0.00010696552646642577,0.9999999942892708,0.0001788732577585557,6.540578344876452e-05,0.0001499761105612388,True,True,True,False,True,True
408,108,mlp_down_all_blocks,4,5,accumulated,0.015625,0.0,1.0,0.00017327051356347308,0.0,0.0001499761105612388,True,True,True,False,True,True
408,108,mlp_down_all_blocks,4,5,accumulated,0.03125,5.7324517497199724e-05,0.9999999983669453,0.00030346164036837604,3.462659123758122e-05,0.0001499761105612388,True,True,True,False,True,True
408,108,mlp_down_all_blocks,4,5,donor,0.0078125,0.00010133507839595396,0.9999999948656763,0.0001531853837685007,6.14512050482228e-05,0.00014185738725108705,True,True,True,False,True,True
408,108,mlp_down_all_blocks,4,5,donor,0.015625,0.0,1.0,9.075095267680592e-05,0.0,0.00014185738725108705,True,True,True,False,True,True
408,108,mlp_down_all_blocks,4,5,donor,0.03125,5.3487180910606175e-05,0.9999999985701402,9.408752330368296e-05,3.07256025241114e-05,0.00014185738725108705,True,True,True,False,True,True
408,108,mlp_down_all_blocks,4,5,isotropic,0.0078125,0.00010405513075074457,0.9999999945862649,0.0001523241787056645,6.143120151024446e-05,0.00014588078793673935,True,True,True,False,True,True
408,108,mlp_down_all_blocks,4,5,isotropic,0.015625,0.0,1.0,8.615388406164105e-05,0.0,0.00014588078793673935,True,True,True,False,True,True
408,108,mlp_down_all_blocks,4,5,isotropic,0.03125,5.4613035924720894e-05,0.9999999985087135,8.080019614215535e-05,3.071560075512223e-05,0.00014588078793673935,True,True,True,False,True,True
408,108,mlp_down_all_blocks,10,11,actual_local,0.0078125,0.00028266355187033383,0.9999999609679157,0.005142017268554481,0.00017402848512249795,0.0003151495435518308,True,True,True,False,True,True
408,108,mlp_down_all_blocks,10,11,actual_local,0.015625,0.0,1.0,0.010312159077919717,0.0,0.0003151495435518308,True,True,True,False,True,True
408,108,mlp_down_all_blocks,10,11,actual_local,0.03125,0.0007751394253216147,0.9999997245733887,0.02060862569493482,0.0004087856603658676,0.0003151495435518308,True,True,True,False,True,True
408,108,mlp_down_all_blocks,10,11,accumulated,0.0078125,0.0009336576118468056,0.9999995946998885,0.011258986624639498,0.0004917631137367538,0.00018719105092338873,True,True,True,False,True,True
408,108,mlp_down_all_blocks,10,11,accumulated,0.015625,0.0,1.0,0.022528263122479224,0.0,0.00018719105092338873,True,True,True,False,True,True
408,108,mlp_down_all_blocks,10,11,accumulated,0.03125,0.0036243562009842622,0.9999939208708195,0.04493089744532326,0.0019467316651231826,0.00018719105092338873,True,True,True,False,True,True
408,108,mlp_down_all_blocks,10,11,donor,0.0078125,0.00019382092836121517,0.9999999812188312,0.0006038574648018681,0.00011953796321750774,0.0002739290409714109,True,True,True,False,True,True
408,108,mlp_down_all_blocks,10,11,donor,0.015625,0.0,0.9999999999999998,0.0011180216077293975,0.0,0.0002739290409714109,True,True,True,False,True,True
408,108,mlp_down_all_blocks,10,11,donor,0.03125,0.00013872864392431967,0.9999999904269046,0.0022396501281855153,7.305097752181028e-05,0.0002739290409714109,True,True,True,False,True,True
408,108,mlp_down_all_blocks,10,11,isotropic,0.0078125,0.00018936718877072517,0.9999999820852165,0.00046007764850962684,0.00011388970349124591,0.0002656588048943726,True,True,True,False,True,True
408,108,mlp_down_all_blocks,10,11,isotropic,0.015625,0.0,1.0,0.0007406522799408013,0.0,0.0002656588048943726,True,True,True,False,True,True
408,108,mlp_down_all_blocks,10,11,isotropic,0.03125,0.00010280903391439824,0.9999999947159345,0.0014675644157379952,6.364424606863742e-05,0.0002656588048943726,True,True,True,False,True,True
408,108,mlp_down_all_blocks,15,16,actual_local,0.0078125,0.0003773422602560372,0.9999999292032956,0.003220341359950655,0.00024393541301862944,0.0005298503977890766,True,True,True,False,True,True
408,108,mlp_down_all_blocks,15,16,actual_local,0.015625,0.0,0.9999999999999998,0.006360067396405399,0.0,0.0005298503977890766,True,True,True,False,True,True
408,108,mlp_down_all_blocks,15,16,actual_local,0.03125,0.0002483021341361511,0.9999999704396895,0.012731415264467581,0.0001501141003191566,0.0005298503977890766,True,True,True,False,True,True
408,108,mlp_down_all_blocks,15,16,accumulated,0.0078125,0.0016760048140005215,0.9999987660983425,0.02001296970885079,0.0008292910901575446,0.00015610240162556617,True,True,True,False,True,True
408,108,mlp_down_all_blocks,15,16,accumulated,0.015625,0.0,1.0,0.039994036474620416,0.0,0.00015610240162556617,True,True,True,False,True,True
408,108,mlp_down_all_blocks,15,16,accumulated,0.03125,0.006643423367691882,0.9999806285250952,0.07976493909915948,0.003296751041487839,0.00015610240162556617,True,True,True,False,True,True
408,108,mlp_down_all_blocks,15,16,donor,0.0078125,0.00033537547100969105,0.9999999437703957,0.0008906618964643197,0.00020863100220802914,0.00047061806667315524,True,True,True,False,True,True
408,108,mlp_down_all_blocks,15,16,donor,0.015625,0.0,1.0,0.0015165195805989116,0.0,0.00047061806667315524,True,True,True,False,True,True
408,108,mlp_down_all_blocks,15,16,donor,0.03125,0.00017123980340397576,0.9999999853609862,0.0029944675831205174,0.00010866198031668184,0.00047061806667315524,True,True,True,False,True,True
408,108,mlp_down_all_blocks,15,16,isotropic,0.0078125,0.00035102724667965767,0.9999999384067728,0.00090911114859747,0.0002160359234005907,0.0004957269667400967,True,True,True,False,True,True
408,108,mlp_down_all_blocks,15,16,isotropic,0.015625,0.0,1.0,0.0014874175693474047,0.0,0.0004957269667400967,True,True,True,False,True,True
408,108,mlp_down_all_blocks,15,16,isotropic,0.03125,0.0001808013667336207,0.9999999836585359,0.0029501978773890146,0.00010801796170029535,0.0004957269667400967,True,True,True,False,True,True
408,109,qkv_all_blocks,4,5,actual_local,0.0078125,0.0010906037445882297,0.9999994053906144,0.0016424049271139601,0.0006302821602914597,0.001531593579506985,True,True,True,False,True,True
408,109,qkv_all_blocks,4,5,actual_local,0.015625,0.0,1.0,0.0008906813451042383,0.0,0.001531593579506985,True,True,True,False,True,True
408,109,qkv_all_blocks,4,5,actual_local,0.03125,0.0005847163282950866,0.9999998290915822,0.0004678590093550608,0.00036766459350335147,0.001531593579506985,True,True,True,False,True,True
408,109,qkv_all_blocks,4,5,accumulated,0.0078125,0.0010906037445882297,0.9999994053906144,0.0016424049271139601,0.0006302821602914597,0.001531593579506985,True,True,True,False,True,True
408,109,qkv_all_blocks,4,5,accumulated,0.015625,0.0,1.0,0.0008906813451042383,0.0,0.001531593579506985,True,True,True,False,True,True
408,109,qkv_all_blocks,4,5,accumulated,0.03125,0.0005847163282950866,0.9999998290915822,0.0004678590093550608,0.00036766459350335147,0.001531593579506985,True,True,True,False,True,True
408,109,qkv_all_blocks,4,5,donor,0.0078125,0.001102106457313775,0.9999993927525983,0.001606154530426538,0.000630445150855075,0.0015494454259801194,True,True,True,False,True,True
408,109,qkv_all_blocks,4,5,donor,0.015625,0.0,1.0,0.0008680609703256228,0.0,0.0015494454259801194,True,True,True,False,True,True
408,109,qkv_all_blocks,4,5,donor,0.03125,0.0005889439987245181,0.9999998265774239,0.0004623509879109129,0.0003677596713321271,0.0015494454259801194,True,True,True,False,True,True
408,109,qkv_all_blocks,4,5,isotropic,0.0078125,0.0010899440246732357,0.9999994060532763,0.0016264940135186819,0.000630675544447337,0.001528138726951029,True,True,True,False,True,True
408,109,qkv_all_blocks,4,5,isotropic,0.015625,0.0,1.0,0.0008759618734853776,0.0,0.001528138726951029,True,True,True,False,True,True
408,109,qkv_all_blocks,4,5,isotropic,0.03125,0.0006124210333656867,0.9999998124708709,0.0004795706873812777,0.0003678940675942799,0.001528138726951029,True,True,True,False,True,True
408,109,qkv_all_blocks,10,11,actual_local,0.0078125,0.0019844869777770977,0.9999980310609645,0.0030321279180635383,0.0012121876310966593,0.0027792293687966567,True,True,True,False,True,True
408,109,qkv_all_blocks,10,11,actual_local,0.015625,0.0,1.0,0.0015563841201534224,0.0,0.0027792293687966567,True,True,True,False,True,True
408,109,qkv_all_blocks,10,11,actual_local,0.03125,0.0010383019728656866,0.9999994614499653,0.0009426037757497521,0.0006926786463409482,0.0027792293687966567,True,True,True,False,True,True
408,109,qkv_all_blocks,10,11,accumulated,0.0078125,0.0012653630526827423,0.9999991995276798,0.0018662080077517286,0.000753424526404993,0.0017779081321812901,True,True,True,False,True,True
408,109,qkv_all_blocks,10,11,accumulated,0.015625,0.0,1.0,0.0010023566222474947,0.0,0.0017779081321812901,True,True,True,False,True,True
408,109,qkv_all_blocks,10,11,accumulated,0.03125,0.0006501553626058119,0.9999997887247208,0.0006161414304330567,0.0004305283008028532,0.0017779081321812901,True,True,True,False,True,True
408,109,qkv_all_blocks,10,11,donor,0.0078125,0.0020927525481549396,0.9999978102151873,0.003075393842932078,0.001418584318512158,0.0029509638723712837,True,True,True,False,True,True
408,109,qkv_all_blocks,10,11,donor,0.015625,0.0,1.0,0.0016206916200608888,0.0,0.0029509638723712837,True,True,True,False,True,True
408,109,qkv_all_blocks,10,11,donor,0.03125,0.0010926283071003757,0.9999994031041379,0.0008819255422725799,0.000709292159256079,0.0029509638723712837,True,True,True,False,True,True
408,109,qkv_all_blocks,10,11,isotropic,0.0078125,0.0019215916966520434,0.9999981553156188,0.0029487604486082637,0.0012203066538326085,0.0026908036084002875,True,True,True,False,True,True
408,109,qkv_all_blocks,10,11,isotropic,0.015625,0.0,1.0,0.001524815311250373,0.0,0.0026908036084002875,True,True,True,False,True,True
408,109,qkv_all_blocks,10,11,isotropic,0.03125,0.00102439079506493,0.9999994753485695,0.0008246068657659395,0.0006319445171633152,0.0026908036084002875,True,True,True,False,True,True
408,109,qkv_all_blocks,15,16,actual_local,0.0078125,0.0026801664417056693,0.9999964138541597,0.00402275428289525,0.001566647328066261,0.0037470580649868494,True,True,True,False,True,True
408,109,qkv_all_blocks,15,16,actual_local,0.015625,0.0,1.0,0.002330520625808971,0.0,0.0037470580649868494,True,True,True,False,True,True
408,109,qkv_all_blocks,15,16,actual_local,0.03125,0.0012969020994344556,0.999999159134045,0.0014527396489538852,0.0007833236640331305,0.0037470580649868494,True,True,True,False,True,True
408,109,qkv_all_blocks,15,16,accumulated,0.0078125,0.0015924121131312902,0.9999987321559174,0.0031527791041381036,0.0010008622360946037,0.0022361363881527848,True,True,True,False,True,True
408,109,qkv_all_blocks,15,16,accumulated,0.015625,0.0,0.9999999999999999,0.0038758110254303252,0.0,0.0022361363881527848,True,True,True,False,True,True
408,109,qkv_all_blocks,15,16,accumulated,0.03125,0.000816660648666121,0.9999996672200114,0.006993060483423269,0.0005324354337363735,0.0022361363881527848,True,True,True,False,True,True
408,109,qkv_all_blocks,15,16,donor,0.0078125,0.0025660174706322305,0.9999967083085948,0.003940166310201578,0.0016179133627551062,0.0036034088247965377,True,True,True,False,True,True
408,109,qkv_all_blocks,15,16,donor,0.015625,0.0,0.9999999999999998,0.002067167060027863,0.0,0.0036034088247965377,True,True,True,False,True,True
408,109,qkv_all_blocks,15,16,donor,0.03125,0.0013658734497793113,0.9999990672084326,0.001140277626846548,0.0008494045154464308,0.0036034088247965377,True,True,True,False,True,True
408,109,qkv_all_blocks,15,16,isotropic,0.0078125,0.002508623916923555,0.9999968534843936,0.004001764867265706,0.0015842694596351278,0.0034967498491045063,True,True,True,False,True,True
408,109,qkv_all_blocks,15,16,isotropic,0.015625,0.0,1.0,0.0020549119626319186,0.0,0.0034967498491045063,True,True,True,False,True,True
408,109,qkv_all_blocks,15,16,isotropic,0.03125,0.001302912361229469,0.999999151216621,0.0011261502296364687,0.0007921347298175639,0.0034967498491045063,True,True,True,False,True,True
408,109,attention_output_all_blocks,4,5,actual_local,0.0078125,0.008302474245319486,0.9999655747061308,0.01211893282367921,0.004612618815889955,0.011587450020808443,True,True,True,False,True,True
408,109,attention_output_all_blocks,4,5,actual_local,0.015625,0.0,1.0,0.006607793442270383,0.0,0.011587450020808443,True,True,True,False,True,True
408,109,attention_output_all_blocks,4,5,actual_local,0.03125,0.004442978244580124,0.9999901303297658,0.0036542045543954773,0.0027675712895339727,0.011587450020808443,True,True,True,False,True,True
408,109,attention_output_all_blocks,4,5,accumulated,0.0078125,0.008302474245319486,0.9999655747061308,0.01211893282367921,0.004612618815889955,0.011587450020808443,True,True,True,False,True,True
408,109,attention_output_all_blocks,4,5,accumulated,0.015625,0.0,1.0,0.006607793442270383,0.0,0.011587450020808443,True,True,True,False,True,True
408,109,attention_output_all_blocks,4,5,accumulated,0.03125,0.004442978244580124,0.9999901303297658,0.0036542045543954773,0.0027675712895339727,0.011587450020808443,True,True,True,False,True,True
408,109,attention_output_all_blocks,4,5,donor,0.0078125,0.007836897183944433,0.99996929304155,0.011630941469995423,0.0045888699859577935,0.010955810054729051,True,True,True,False,True,True
408,109,attention_output_all_blocks,4,5,donor,0.015625,0.0,0.9999999999999998,0.006426585314965343,0.0,0.010955810054729051,True,True,True,False,True,True
408,109,attention_output_all_blocks,4,5,donor,0.03125,0.004288048792966419,0.9999908066422675,0.003485595713013798,0.002753321991574676,0.010955810054729051,True,True,True,False,True,True
408,109,attention_output_all_blocks,4,5,isotropic,0.0078125,0.007480174202998964,0.9999720297926233,0.01090067315915586,0.004571010161265123,0.010489115779864121,True,True,True,False,True,True
408,109,attention_output_all_blocks,4,5,isotropic,0.015625,0.0,1.0,0.005959238542948009,0.0,0.010489115779864121,True,True,True,False,True,True
408,109,attention_output_all_blocks,4,5,isotropic,0.03125,0.0039907680452381435,0.9999920378484292,0.0032739191955383174,0.0022855050806325616,0.010489115779864121,True,True,True,False,True,True
408,109,attention_output_all_blocks,10,11,actual_local,0.0078125,0.010375084575155714,0.9999464438421114,0.016206667334571906,0.006250039801357459,0.01467189314214961,True,True,True,False,True,True
408,109,attention_output_all_blocks,10,11,actual_local,0.015625,0.0,1.0,0.00826583790126646,0.0,0.01467189314214961,True,True,True,False,True,True
408,109,attention_output_all_blocks,10,11,actual_local,0.03125,0.005507575812404212,0.9999848705413106,0.0043425147467272135,0.003365406046884786,0.01467189314214961,True,True,True,False,True,True
408,109,attention_output_all_blocks,10,11,accumulated,0.0078125,0.009519694835718467,0.9999547009327124,0.013943798333283729,0.005839663022294378,0.013376142443189711,True,True,True,False,True,True
408,109,attention_output_all_blocks,10,11,accumulated,0.015625,0.0,0.9999999999999999,0.0075093130817881736,0.0,0.013376142443189711,True,True,True,False,True,True
408,109,attention_output_all_blocks,10,11,accumulated,0.03125,0.004905087652901037,0.9999880251525823,0.003961429328594442,0.002919831511147189,0.013376142443189711,True,True,True,False,True,True
408,109,attention_output_all_blocks,10,11,donor,0.0078125,0.010042820631261705,0.9999495698988244,0.015216677934447505,0.00596482484335005,0.013989174526095764,True,True,True,False,True,True
408,109,attention_output_all_blocks,10,11,donor,0.015625,0.0,1.0,0.008256402941090087,0.0,0.013989174526095764,True,True,True,False,True,True
408,109,attention_output_all_blocks,10,11,donor,0.03125,0.005443945464840076,0.9999851819865793,0.004189121835405064,0.0034794811586208625,0.013989174526095764,True,True,True,False,True,True
408,109,attention_output_all_blocks,10,11,isotropic,0.0078125,0.008784260928594327,0.9999614370844687,0.013080298539230687,0.005499755414221842,0.01227362611240588,True,True,True,False,True,True
408,109,attention_output_all_blocks,10,11,isotropic,0.015625,0.0,1.0,0.007083232396688423,0.0,0.01227362611240588,True,True,True,False,True,True
408,109,attention_output_all_blocks,10,11,isotropic,0.03125,0.004688469048638655,0.9999890112899675,0.0036675199675352383,0.002749877707110921,0.01227362611240588,True,True,True,False,True,True
408,109,attention_output_all_blocks,15,16,actual_local,0.0078125,0.004349565919709879,0.999990560884031,0.006507902348275077,0.0025676497581181438,0.006096435233168755,True,True,True,False,True,True
408,109,attention_output_all_blocks,15,16,actual_local,0.015625,0.0,1.0,0.0035957933523878384,0.0,0.006096435233168755,True,True,True,False,True,True
408,109,attention_output_all_blocks,15,16,actual_local,0.03125,0.002177205697116627,0.9999976312523041,0.0029377234528054773,0.0014122073669649792,0.006096435233168755,True,True,True,False,True,True
408,109,attention_output_all_blocks,15,16,accumulated,0.0078125,0.0023970844604754974,0.9999972253383538,0.0037736638070777033,0.0014524751442899042,0.0033831787332954935,True,True,True,False,True,True
408,109,attention_output_all_blocks,15,16,accumulated,0.015625,0.0,1.0,0.003238154698451956,0.0,0.0033831787332954935,True,True,True,False,True,True
408,109,attention_output_all_blocks,15,16,accumulated,0.03125,0.0012343951457109812,0.9999992416977647,0.005116087711656051,0.0007988613293594474,0.0033831787332954935,True,True,True,False,True,True
408,109,attention_output_all_blocks,15,16,donor,0.0078125,0.004595413204415891,0.999989442625599,0.007130121026405571,0.0028504943002515782,0.006469305304632152,True,True,True,False,True,True
408,109,attention_output_all_blocks,15,16,donor,0.015625,0.0,1.0,0.003681084447854697,0.0,0.006469305304632152,True,True,True,False,True,True
408,109,attention_output_all_blocks,15,16,donor,0.03125,0.0023563306116066054,0.9999972250887433,0.0019677767110623363,0.0014617919488469633,0.006469305304632152,True,True,True,False,True,True
408,109,attention_output_all_blocks,15,16,isotropic,0.0078125,0.004235165906884746,0.999991033696431,0.006686228203299308,0.0027568238523425115,0.005971918521800785,True,True,True,False,True,True
408,109,attention_output_all_blocks,15,16,isotropic,0.015625,0.0,1.0,0.003367468913890914,0.0,0.005971918521800785,True,True,True,False,True,True
408,109,attention_output_all_blocks,15,16,isotropic,0.03125,0.0023037621795231385,0.9999973468891646,0.0018522219945158274,0.0013784119261712558,0.005971918521800785,True,True,True,False,True,True
408,109,mlp_down_all_blocks,4,5,actual_local,0.0078125,0.00011070389859152497,0.9999999938751508,0.00019124841596892685,6.361959453185718e-05,0.0001551624711459847,True,True,True,False,True,True
408,109,mlp_down_all_blocks,4,5,actual_local,0.015625,0.0,1.0,0.00018503693781966665,0.0,0.0001551624711459847,True,True,True,False,True,True
408,109,mlp_down_all_blocks,4,5,actual_local,0.03125,5.972168882112792e-05,0.9999999982208615,0.0003288696357495991,3.550861090150168e-05,0.0001551624711459847,True,True,True,False,True,True
408,109,mlp_down_all_blocks,4,5,accumulated,0.0078125,0.00011070389859152497,0.9999999938751508,0.00019124841596892685,6.361959453185718e-05,0.0001551624711459847,True,True,True,False,True,True
408,109,mlp_down_all_blocks,4,5,accumulated,0.015625,0.0,1.0,0.00018503693781966665,0.0,0.0001551624711459847,True,True,True,False,True,True
408,109,mlp_down_all_blocks,4,5,accumulated,0.03125,5.972168882112792e-05,0.9999999982208615,0.0003288696357495991,3.550861090150168e-05,0.0001551624711459847,True,True,True,False,True,True
408,109,mlp_down_all_blocks,4,5,donor,0.0078125,0.00010295292644421365,0.9999999947003504,0.0001562941636841095,6.294815354659081e-05,0.00014370749002986765,True,True,True,False,True,True
408,109,mlp_down_all_blocks,4,5,donor,0.015625,0.0,0.9999999999999999,9.224790367233585e-05,0.0,0.00014370749002986765,True,True,True,False,True,True
408,109,mlp_down_all_blocks,4,5,donor,0.03125,5.5224109870621355e-05,0.9999999984752439,9.029871763575897e-05,3.147407677329541e-05,0.00014370749002986765,True,True,True,False,True,True
408,109,mlp_down_all_blocks,4,5,isotropic,0.0078125,0.00010718179299421344,0.9999999942575417,0.00015966176344033709,6.29593303831028e-05,0.00015054395168975958,True,True,True,False,True,True
408,109,mlp_down_all_blocks,4,5,isotropic,0.015625,0.0,1.0,9.701336826267327e-05,0.0,0.00015054395168975958,True,True,True,False,True,True
408,109,mlp_down_all_blocks,4,5,isotropic,0.03125,5.707946552499005e-05,0.9999999983715073,0.00010125521504145362,3.5414623340495326e-05,0.00015054395168975958,True,True,True,False,True,True
408,109,mlp_down_all_blocks,10,11,actual_local,0.0078125,0.00034803829186872624,0.9999999399881725,0.008022368405295719,0.00020425838404065404,0.00031293566006028087,True,True,True,False,True,True
408,109,mlp_down_all_blocks,10,11,actual_local,0.015625,0.0,1.0,0.01601947875951966,0.0,0.00031293566006028087,True,True,True,False,True,True
408,109,mlp_down_all_blocks,10,11,actual_local,0.03125,0.0011194073436741232,0.9999993804207945,0.03195121399922845,0.0005462088037515704,0.00031293566006028087,True,True,True,False,True,True
408,109,mlp_down_all_blocks,10,11,accumulated,0.0078125,0.001312259100204501,0.9999991418005268,0.021355386989409156,0.0006178700831175919,0.00019399926796292378,True,True,True,False,True,True
408,109,mlp_down_all_blocks,10,11,accumulated,0.015625,0.0,1.0,0.04264419649647565,0.0,0.00019399926796292378,True,True,True,False,True,True
408,109,mlp_down_all_blocks,10,11,accumulated,0.03125,0.0051398615266954484,0.9999868309583054,0.08475699638684787,0.002378376621315662,0.00019399926796292378,True,True,True,False,True,True
408,109,mlp_down_all_blocks,10,11,donor,0.0078125,0.00017671540945813095,0.9999999843866783,0.00046832666290682663,0.00010690566735658604,0.00024765457922447983,True,True,True,False,True,True
408,109,mlp_down_all_blocks,10,11,donor,0.015625,0.0,0.9999999999999998,0.0007939255248192784,0.0,0.00024765457922447983,True,True,True,False,True,True
408,109,mlp_down_all_blocks,10,11,donor,0.03125,9.755313254405254e-05,0.9999999952430247,0.0015834879003116776,6.0134437888079655e-05,0.00024765457922447983,True,True,True,False,True,True
408,109,mlp_down_all_blocks,10,11,isotropic,0.0078125,0.00017837463633300568,0.9999999840916692,0.0007318479058161148,0.00010736740836735435,0.00024965965172328065,True,True,True,False,True,True
408,109,mlp_down_all_blocks,10,11,isotropic,0.015625,0.0,1.0,0.0013736586982853502,0.0,0.00024965965172328065,True,True,True,False,True,True
408,109,mlp_down_all_blocks,10,11,isotropic,0.03125,9.905092413950159e-05,0.9999999950989497,0.0027597411466761227,6.0394167206636827e-05,0.00024965965172328065,True,True,True,False,True,True
408,109,mlp_down_all_blocks,15,16,actual_local,0.0078125,0.000337237410110271,0.9999999437044166,0.004943538726387779,0.00021053811803434214,0.00045226390545214734,True,True,True,False,True,True
408,109,mlp_down_all_blocks,15,16,actual_local,0.015625,0.0,0.9999999999999999,0.009813246303392264,0.0,0.00045226390545214734,True,True,True,False,True,True
408,109,mlp_down_all_blocks,15,16,actual_local,0.03125,0.00043029795646722926,0.9999999199821958,0.019609478908440635,0.0002193105396191064,0.00045226390545214734,True,True,True,False,True,True
408,109,mlp_down_all_blocks,15,16,accumulated,0.0078125,0.0021765105216815656,0.9999983971570916,0.023127550088400988,0.0009895978220027498,0.00017628057758669927,True,True,True,False,True,True
408,109,mlp_down_all_blocks,15,16,accumulated,0.015625,0.0,1.0,0.04629205183384701,0.0,0.00017628057758669927,True,True,True,False,True,True
408,109,mlp_down_all_blocks,15,16,accumulated,0.03125,0.008544408662152114,0.9999751514841939,0.0928375065078771,0.003916971469669256,0.00017628057758669927,True,True,True,False,True,True
408,109,mlp_down_all_blocks,15,16,donor,0.0078125,0.0002941595223557387,0.9999999567473238,0.0010323585512135836,0.0001934990449660856,0.0004122653988321872,True,True,True,False,True,True
408,109,mlp_down_all_blocks,15,16,donor,0.015625,0.0,1.0,0.0018395715557818055,0.0,0.0004122653988321872,True,True,True,False,True,True
408,109,mlp_down_all_blocks,15,16,donor,0.03125,0.00014978173550849402,0.9999999888015251,0.003654769213711484,9.67495224830428e-05,0.0004122653988321872,True,True,True,False,True,True
408,109,mlp_down_all_blocks,15,16,isotropic,0.0078125,0.0003109051922245635,0.9999999516866188,0.0008693175894393707,0.00019406626776113928,0.0004371060618284091,True,True,True,False,True,True
408,109,mlp_down_all_blocks,15,16,isotropic,0.015625,0.0,1.0,0.0014350100782294325,0.0,0.0004371060618284091,True,True,True,False,True,True
408,109,mlp_down_all_blocks,15,16,isotropic,0.03125,0.0001610086963636522,0.9999999870514503,0.002824940032369755,0.00010585432786971233,0.0004371060618284091,True,True,True,False,True,True
408,110,qkv_all_blocks,4,5,actual_local,0.0078125,0.0011307028856030919,0.9999993608766522,0.001657198912586828,0.0006914118901690339,0.0015806604277155939,True,True,True,False,True,True
408,110,qkv_all_blocks,4,5,actual_local,0.015625,0.0,1.0,0.0008907492479285069,0.0,0.0015806604277155939,True,True,True,False,True,True
408,110,qkv_all_blocks,4,5,actual_local,0.03125,0.0005950870149023292,0.9999998230782008,0.00047814877729285206,0.0003722987100910183,0.0015806604277155939,True,True,True,False,True,True
408,110,qkv_all_blocks,4,5,accumulated,0.0078125,0.0011307028856030919,0.9999993608766522,0.001657198912586828,0.0006914118901690339,0.0015806604277155939,True,True,True,False,True,True
408,110,qkv_all_blocks,4,5,accumulated,0.015625,0.0,1.0,0.0008907492479285069,0.0,0.0015806604277155939,True,True,True,False,True,True
408,110,qkv_all_blocks,4,5,accumulated,0.03125,0.0005950870149023292,0.9999998230782008,0.00047814877729285206,0.0003722987100910183,0.0015806604277155939,True,True,True,False,True,True
408,110,qkv_all_blocks,4,5,donor,0.0078125,0.0011003565862103117,0.9999993946099798,0.0016370786534816836,0.0006383876655728578,0.0015476760820279263,True,True,True,False,True,True
408,110,qkv_all_blocks,4,5,donor,0.015625,0.0,1.0,0.0008870423658916377,0.0,0.0015476760820279263,True,True,True,False,True,True
408,110,qkv_all_blocks,4,5,donor,0.03125,0.0005938689290633046,0.9999998236789602,0.00047414191773482897,0.0003723928049175004,0.0015476760820279263,True,True,True,False,True,True
408,110,qkv_all_blocks,4,5,isotropic,0.0078125,0.0010777401834787214,0.9999994197307209,0.0016614740932167041,0.0006381789286903106,0.0015004917964789287,True,True,True,False,True,True
408,110,qkv_all_blocks,4,5,isotropic,0.015625,0.0,1.0,0.0008769002451104673,0.0,0.0015004917964789287,True,True,True,False,True,True
408,110,qkv_all_blocks,4,5,isotropic,0.03125,0.0005823736318692601,0.9999998304975004,0.0004639075454215773,0.0003722710417360145,0.0015004917964789287,True,True,True,False,True,True
408,110,qkv_all_blocks,10,11,actual_local,0.0078125,0.0016356028905201811,0.9999986636765631,0.0026162147320936886,0.0009940313847842997,0.002287767799876358,True,True,True,False,True,True
408,110,qkv_all_blocks,10,11,actual_local,0.015625,0.0,1.0,0.002782789147537269,0.0,0.002287767799876358,True,True,True,False,True,True
408,110,qkv_all_blocks,10,11,actual_local,0.03125,0.0008466767064593388,0.9999996415917236,0.004776849329977072,0.0004970156923921499,0.002287767799876358,True,True,True,False,True,True
408,110,qkv_all_blocks,10,11,accumulated,0.0078125,0.0012282320090287067,0.9999992512774685,0.002135197788727939,0.0007829135461539016,0.001718792288247579,True,True,True,False,True,True
408,110,qkv_all_blocks,10,11,accumulated,0.015625,0.0,0.9999999999999999,0.0021329617101589968,0.0,0.001718792288247579,True,True,True,False,True,True
408,110,qkv_all_blocks,10,11,accumulated,0.03125,0.0006594928884589909,0.999999782553115,0.0036364734906555386,0.0003914567730769508,0.001718792288247579,True,True,True,False,True,True
408,110,qkv_all_blocks,10,11,donor,0.0078125,0.001951718874508793,0.9999980981425992,0.0028560585900342136,0.0012962243641557402,0.0027064431434399737,True,True,True,False,True,True
408,110,qkv_all_blocks,10,11,donor,0.015625,0.0,1.0,0.0015851913765680225,0.0,0.0027064431434399737,True,True,True,False,True,True
408,110,qkv_all_blocks,10,11,donor,0.03125,0.0010069315613691267,0.9999994930788446,0.0009189676216234366,0.0006481121820778701,0.0027064431434399737,True,True,True,False,True,True
408,110,qkv_all_blocks,10,11,isotropic,0.0078125,0.002006228116919344,0.9999979901225095,0.0028540289064002845,0.0013192359400952894,0.002802113346120974,True,True,True,False,True,True
408,110,qkv_all_blocks,10,11,isotropic,0.015625,0.0,1.0,0.0015365254048804054,0.0,0.002802113346120974,True,True,True,False,True,True
408,110,qkv_all_blocks,10,11,isotropic,0.03125,0.0010388278266397239,0.9999994604741448,0.0008488579822954124,0.0006596179700476447,0.002802113346120974,True,True,True,False,True,True
408,110,qkv_all_blocks,15,16,actual_local,0.0078125,0.0019172744376654736,0.9999981669449569,0.003341522746077812,0.0011746949823398295,0.002690884029527504,True,True,True,False,True,True
408,110,qkv_all_blocks,15,16,actual_local,0.015625,0.0,0.9999999999999998,0.002873400943583379,0.0,0.002690884029527504,True,True,True,False,True,True
408,110,qkv_all_blocks,15,16,actual_local,0.03125,0.0010195533809433345,0.9999994804417466,0.004949871233221677,0.0006407427176399069,0.002690884029527504,True,True,True,False,True,True
408,110,qkv_all_blocks,15,16,accumulated,0.0078125,0.0010133311354835115,0.9999995409110543,0.013754296998100905,0.000307425482875815,0.0005089395144104845,True,True,True,False,True,True
408,110,qkv_all_blocks,15,16,accumulated,0.015625,0.0,1.0,0.027502241707594886,0.0,0.0005089395144104845,True,True,True,False,True,True
408,110,qkv_all_blocks,15,16,accumulated,0.03125,0.0036022868324480503,0.9999939944460663,0.05500035569623622,0.00035866306335511754,0.0005089395144104845,True,True,True,False,True,True
408,110,qkv_all_blocks,15,16,donor,0.0078125,0.002537574587991791,0.9999967804685503,0.003727668543411389,0.0016032895751516307,0.0035894235941515713,True,True,True,False,True,True
408,110,qkv_all_blocks,15,16,donor,0.015625,0.0,1.0,0.0019082486408769543,0.0,0.0035894235941515713,True,True,True,False,True,True
408,110,qkv_all_blocks,15,16,donor,0.03125,0.001291596771408536,0.9999991660189124,0.001096204048988622,0.0007734462272088268,0.0035894235941515713,True,True,True,False,True,True
408,110,qkv_all_blocks,15,16,isotropic,0.0078125,0.0024619556254751726,0.9999969697845993,0.003587751702410495,0.0015416821038216886,0.003461834770185427,True,True,True,False,True,True
408,110,qkv_all_blocks,15,16,isotropic,0.015625,0.0,1.0,0.0019307333702459095,0.0,0.003461834770185427,True,True,True,False,True,True
408,110,qkv_all_blocks,15,16,isotropic,0.03125,0.0012543988196725864,0.9999992132823087,0.0010650692700003733,0.0007708410519108443,0.003461834770185427,True,True,True,False,True,True
408,110,attention_output_all_blocks,4,5,actual_local,0.0078125,0.008550910312827158,0.9999635051378787,0.012690016551910875,0.005005838605164553,0.012007439233488765,True,True,True,False,True,True
408,110,attention_output_all_blocks,4,5,actual_local,0.015625,0.0,0.9999999999999999,0.0070872077459643475,0.0,0.012007439233488765,True,True,True,False,True,True
408,110,attention_output_all_blocks,4,5,actual_local,0.03125,0.0048292931601296935,0.9999883466965495,0.0038846532617551246,0.0030035031630987323,0.012007439233488765,True,True,True,False,True,True
408,110,attention_output_all_blocks,4,5,accumulated,0.0078125,0.008550910312827158,0.9999635051378787,0.012690016551910875,0.005005838605164553,0.012007439233488765,True,True,True,False,True,True
408,110,attention_output_all_blocks,4,5,accumulated,0.015625,0.0,0.9999999999999999,0.0070872077459643475,0.0,0.012007439233488765,True,True,True,False,True,True
408,110,attention_output_all_blocks,4,5,accumulated,0.03125,0.0048292931601296935,0.9999883466965495,0.0038846532617551246,0.0030035031630987323,0.012007439233488765,True,True,True,False,True,True
408,110,attention_output_all_blocks,4,5,donor,0.0078125,0.008754413237503145,0.9999616802648738,0.01284305238864936,0.0055140326270775985,0.012182099580557285,True,True,True,False,True,True
408,110,attention_output_all_blocks,4,5,donor,0.015625,0.0,1.0,0.006944565122736501,0.0,0.012182099580557285,True,True,True,False,True,True
408,110,attention_output_all_blocks,4,5,donor,0.03125,0.004746840224453667,0.9999887338793391,0.003896285901852869,0.003007654160224145,0.012182099580557285,True,True,True,False,True,True
408,110,attention_output_all_blocks,4,5,isotropic,0.0078125,0.007920212477579819,0.9999686489204376,0.011772953833859637,0.004477569005675883,0.011070521115601351,True,True,True,False,True,True
408,110,attention_output_all_blocks,4,5,isotropic,0.015625,0.0,1.0,0.006393365953273522,0.0,0.011070521115601351,True,True,True,False,True,True
408,110,attention_output_all_blocks,4,5,isotropic,0.03125,0.00438225319990452,0.9999903980978614,0.0035507889462076045,0.002611915253310932,0.011070521115601351,True,True,True,False,True,True
408,110,attention_output_all_blocks,10,11,actual_local,0.0078125,0.00797363013795552,0.999968270817782,0.011696314506350317,0.005048133325824706,0.011184428518750733,True,True,True,False,True,True
408,110,attention_output_all_blocks,10,11,actual_local,0.015625,0.0,1.0,0.006366825785553198,0.0,0.011184428518750733,True,True,True,False,True,True
408,110,attention_output_all_blocks,10,11,actual_local,0.03125,0.0041690529117747715,0.99999132101267,0.0037345757338718096,0.0026923377737731766,0.011184428518750733,True,True,True,False,True,True
408,110,attention_output_all_blocks,10,11,accumulated,0.0078125,0.010648841729895503,0.9999433395720295,0.016750880644399144,0.006583651809196083,0.014929152139858765,True,True,True,False,True,True
408,110,attention_output_all_blocks,10,11,accumulated,0.015625,0.0,1.0,0.008698781428975745,0.0,0.014929152139858765,True,True,True,False,True,True
408,110,attention_output_all_blocks,10,11,accumulated,0.03125,0.005746616942101045,0.9999836675978528,0.004560683759347025,0.0039014232943384193,0.014929152139858765,True,True,True,False,True,True
408,110,attention_output_all_blocks,10,11,donor,0.0078125,0.009145955585191864,0.9999588123998359,0.014109506417189048,0.005743183292496097,0.012770370688160596,True,True,True,False,True,True
408,110,attention_output_all_blocks,10,11,donor,0.015625,0.0,1.0,0.007537675118662454,0.0,0.012770370688160596,True,True,True,False,True,True
408,110,attention_output_all_blocks,10,11,donor,0.03125,0.004796196031733062,0.9999885066391448,0.004015668785320676,0.0031023445463929807,0.012770370688160596,True,True,True,False,True,True
408,110,attention_output_all_blocks,10,11,isotropic,0.0078125,0.008589006814524631,0.9999631583485317,0.013987757312273233,0.004973235721584158,0.01202266096839505,True,True,True,False,True,True
408,110,attention_output_all_blocks,10,11,isotropic,0.015625,0.0,0.9999999999999999,0.006722433500404119,0.0,0.01202266096839505,True,True,True,False,True,True
408,110,attention_output_all_blocks,10,11,isotropic,0.03125,0.0045317028501548956,0.9999897327802256,0.0038451690121216148,0.002797445093391089,0.01202266096839505,True,True,True,False,True,True
408,110,attention_output_all_blocks,15,16,actual_local,0.0078125,0.003875867353400963,0.9999924979923623,0.006047250420209348,0.00251985356575544,0.005467519208939646,True,True,True,False,True,True
408,110,attention_output_all_blocks,15,16,actual_local,0.015625,0.0,1.0,0.003303999475652283,0.0,0.005467519208939646,True,True,True,False,True,True
408,110,attention_output_all_blocks,15,16,actual_local,0.03125,0.0020193623897487942,0.9999979974024579,0.003185034783242944,0.00125992678287772,0.005467519208939646,True,True,True,False,True,True
408,110,attention_output_all_blocks,15,16,accumulated,0.0078125,0.0051443669818806706,0.9999869711383862,0.00815124155803372,0.0033420663838182553,0.007296673480878615,True,True,True,False,True,True
408,110,attention_output_all_blocks,15,16,accumulated,0.015625,0.0,1.0,0.004278620645964021,0.0,0.007296673480878615,True,True,True,False,True,True
408,110,attention_output_all_blocks,15,16,accumulated,0.03125,0.0028195802931725534,0.9999965237822296,0.0027571976513845126,0.0017406595749053413,0.007296673480878615,True,True,True,False,True,True
408,110,attention_output_all_blocks,15,16,donor,0.0078125,0.0042501940039367326,0.9999909679993637,0.0065785521576504314,0.0025619398470886506,0.0059781768084263675,True,True,True,False,True,True
408,110,attention_output_all_blocks,15,16,donor,0.015625,0.0,0.9999999999999998,0.0033474611432373824,0.0,0.0059781768084263675,True,True,True,False,True,True
408,110,attention_output_all_blocks,15,16,donor,0.03125,0.002137350349718969,0.9999977161275911,0.0018277954945407884,0.0013391958291599764,0.0059781768084263675,True,True,True,False,True,True
408,110,attention_output_all_blocks,15,16,isotropic,0.0078125,0.004356037171821358,0.9999905124852886,0.006483311708262173,0.002744267570195081,0.0061430970728644126,True,True,True,False,True,True
408,110,attention_output_all_blocks,15,16,isotropic,0.015625,0.0,1.0,0.0033562133397444112,0.0,0.0061430970728644126,True,True,True,False,True,True
408,110,attention_output_all_blocks,15,16,isotropic,0.03125,0.002128651799597433,0.9999977353693078,0.0016840818377522827,0.0013721337850975406,0.0061430970728644126,True,True,True,False,True,True
408,110,mlp_down_all_blocks,4,5,actual_local,0.0078125,0.00010772680333426062,0.99999999419751,0.00017692339877111533,6.193035179355141e-05,0.000150812440224037,True,True,True,False,True,True
408,110,mlp_down_all_blocks,4,5,actual_local,0.015625,0.0,1.0,0.0001663835864025861,0.0,0.000150812440224037,True,True,True,False,True,True
408,110,mlp_down_all_blocks,4,5,actual_local,0.03125,5.698027138929251e-05,0.9999999983785303,0.00028709670553055626,3.483582288387267e-05,0.000150812440224037,True,True,True,False,True,True
408,110,mlp_down_all_blocks,4,5,accumulated,0.0078125,0.00010772680333426062,0.99999999419751,0.00017692339877111533,6.193035179355141e-05,0.000150812440224037,True,True,True,False,True,True
408,110,mlp_down_all_blocks,4,5,accumulated,0.015625,0.0,1.0,0.0001663835864025861,0.0,0.000150812440224037,True,True,True,False,True,True
408,110,mlp_down_all_blocks,4,5,accumulated,0.03125,5.698027138929251e-05,0.9999999983785303,0.00028709670553055626,3.483582288387267e-05,0.000150812440224037,True,True,True,False,True,True
408,110,mlp_down_all_blocks,4,5,donor,0.0078125,0.00010018029651780114,0.9999999949843261,0.0001523512243395023,6.183556364687621e-05,0.00014026967133962928,True,True,True,False,True,True
408,110,mlp_down_all_blocks,4,5,donor,0.015625,0.0,1.0,8.491154725943594e-05,0.0,0.00014026967133962928,True,True,True,False,True,True
408,110,mlp_down_all_blocks,4,5,donor,0.03125,5.418193014326511e-05,0.9999999985326551,6.507401463110955e-05,3.260859801690738e-05,0.00014026967133962928,True,True,True,False,True,True
408,110,mlp_down_all_blocks,4,5,isotropic,0.0078125,0.00010104856634830343,0.9999999948945943,0.00015063694941143898,6.184334015036643e-05,0.000142068827245122,True,True,True,False,True,True
408,110,mlp_down_all_blocks,4,5,isotropic,0.015625,0.0,1.0,8.741985276494156e-05,0.0,0.000142068827245122,True,True,True,False,True,True
408,110,mlp_down_all_blocks,4,5,isotropic,0.03125,5.612640627373335e-05,0.9999999984251043,7.477565245961344e-05,3.285427445488217e-05,0.000142068827245122,True,True,True,False,True,True
408,110,mlp_down_all_blocks,10,11,actual_local,0.0078125,0.00027215929431412175,0.9999999643035372,0.0027194639933564423,0.00015884424885474752,0.0003229596019902945,True,True,True,False,True,True
408,110,mlp_down_all_blocks,10,11,actual_local,0.015625,0.0,1.0,0.005394428161739834,0.0,0.0003229596019902945,True,True,True,False,True,True
408,110,mlp_down_all_blocks,10,11,actual_local,0.03125,0.0004902377976382759,0.9999998891517876,0.010783863553619051,0.00027707491135458797,0.0003229596019902945,True,True,True,False,True,True
408,110,mlp_down_all_blocks,10,11,accumulated,0.0078125,0.0007565791848522367,0.9999997551844357,0.0065457465499032565,0.00033593096321087593,0.00019034650830563474,True,True,True,False,True,True
408,110,mlp_down_all_blocks,10,11,accumulated,0.015625,0.0,1.0,0.013081474438124595,0.0,0.00019034650830563474,True,True,True,False,True,True
408,110,mlp_down_all_blocks,10,11,accumulated,0.03125,0.002991414703747026,0.9999961742024737,0.026162281926464845,0.0012817365917748302,0.00019034650830563474,True,True,True,False,True,True
408,110,mlp_down_all_blocks,10,11,donor,0.0078125,0.00018315956824723332,0.9999999832294835,0.00045573324036596096,0.00011149803304308318,0.00025444047506317194,True,True,True,False,True,True
408,110,mlp_down_all_blocks,10,11,donor,0.015625,0.0,1.0,0.0007232446878932798,0.0,0.00025444047506317194,True,True,True,False,True,True
408,110,mlp_down_all_blocks,10,11,donor,0.03125,9.456214868321284e-05,0.999999995534203,0.0014078002139017807,5.7388693478057524e-05,0.00025444047506317194,True,True,True,False,True,True
408,110,mlp_down_all_blocks,10,11,isotropic,0.0078125,0.00018958458547099665,0.9999999820294077,0.0005191533308321775,0.00011845635120172727,0.00026660861109499545,True,True,True,False,True,True
408,110,mlp_down_all_blocks,10,11,isotropic,0.015625,0.0,1.0,0.000884481277672431,0.0,0.00026660861109499545,True,True,True,False,True,True
408,110,mlp_down_all_blocks,10,11,isotropic,0.03125,0.00010104161133843464,0.9999999948956062,0.0017296094588833233,6.344407004467511e-05,0.00026660861109499545,True,True,True,False,True,True
408,110,mlp_down_all_blocks,15,16,actual_local,0.0078125,0.0003664978617287301,0.9999999330034264,0.003764545945211919,0.0002256526257778649,0.0005135017788063891,True,True,True,False,True,True
408,110,mlp_down_all_blocks,15,16,actual_local,0.015625,0.0,1.0,0.007484120287095389,0.0,0.0005135017788063891,True,True,True,False,True,True
408,110,mlp_down_all_blocks,15,16,actual_local,0.03125,0.0002852836249934222,0.9999999608336543,0.014966125586729969,0.00016056052218809617,0.0005135017788063891,True,True,True,False,True,True
408,110,mlp_down_all_blocks,15,16,accumulated,0.0078125,0.01880059584493072,0.9998428952486627,0.14275596942687183,0.003538368893391866,0.014001564366234764,True,True,True,False,True,True
408,110,mlp_down_all_blocks,15,16,accumulated,0.015625,0.0,1.0,0.2659781457425219,0.0,0.014001564366234764,False,True,False,False,True,True
408,110,mlp_down_all_blocks,15,16,accumulated,0.03125,0.07000796960990668,0.9984905001333231,0.41006136293001494,0.011639561214277191,0.014001564366234764,False,True,False,False,True,True
408,110,mlp_down_all_blocks,15,16,donor,0.0078125,0.00032619496422372997,0.999999946819687,0.0008842805944923351,0.00020371721910921936,0.00045891472702511713,True,True,True,False,True,True
408,110,mlp_down_all_blocks,15,16,donor,0.015625,0.0,1.0,0.001523183237076101,0.0,0.00045891472702511713,True,True,True,False,True,True
408,110,mlp_down_all_blocks,15,16,donor,0.03125,0.00016349839365207346,0.9999999866721222,0.0030337081484631432,0.00010185860955460968,0.00045891472702511713,True,True,True,False,True,True
408,110,mlp_down_all_blocks,15,16,isotropic,0.0078125,0.00032037476046599677,0.9999999486804876,0.0010074314376599337,0.00019273563752843518,0.00045079185737484064,True,True,True,False,True,True
408,110,mlp_down_all_blocks,15,16,isotropic,0.015625,0.0,0.9999999999999999,0.001797684411071064,0.0,0.00045079185737484064,True,True,True,False,True,True
408,110,mlp_down_all_blocks,15,16,isotropic,0.03125,0.00016541752034769842,0.9999999863914353,0.003578278759798471,0.00010439847032790238,0.00045079185737484064,True,True,True,False,True,True
569,107,qkv_all_blocks,4,5,actual_local,0.0078125,0.0011035435033051849,0.9999993911621756,0.0017019932844230994,0.0006352431756748343,0.0015467228314589786,True,True,True,False,True,True
569,107,qkv_all_blocks,4,5,actual_local,0.015625,0.0,1.0,0.0008910436867606142,0.0,0.0015467228314589786,True,True,True,False,True,True
569,107,qkv_all_blocks,4,5,actual_local,0.03125,0.0006053805774192211,0.9999998167585272,0.0004731490590495126,0.00037055851914365336,0.0015467228314589786,True,True,True,False,True,True
569,107,qkv_all_blocks,4,5,accumulated,0.0078125,0.0011035435033051849,0.9999993911621756,0.0017019932844230994,0.0006352431756748343,0.0015467228314589786,True,True,True,False,True,True
569,107,qkv_all_blocks,4,5,accumulated,0.015625,0.0,1.0,0.0008910436867606142,0.0,0.0015467228314589786,True,True,True,False,True,True
569,107,qkv_all_blocks,4,5,accumulated,0.03125,0.0006053805774192211,0.9999998167585272,0.0004731490590495126,0.00037055851914365336,0.0015467228314589786,True,True,True,False,True,True
569,107,qkv_all_blocks,4,5,donor,0.0078125,0.0011049500305861074,0.9999993898478271,0.001625570424194425,0.0006351382515183498,0.0015415578942251985,True,True,True,False,True,True
569,107,qkv_all_blocks,4,5,donor,0.015625,0.0,1.0,0.0008808504351817394,0.0,0.0015415578942251985,True,True,True,False,True,True
569,107,qkv_all_blocks,4,5,donor,0.03125,0.000580405244300485,0.9999998316597982,0.00046272365423771696,0.0003605732782057299,0.0015415578942251985,True,True,True,False,True,True
569,107,qkv_all_blocks,4,5,isotropic,0.0078125,0.0011384629981384343,0.9999993519700154,0.0016832627801630904,0.0006359290712238292,0.0016001793008524534,True,True,True,False,True,True
569,107,qkv_all_blocks,4,5,isotropic,0.015625,0.0,1.0,0.0009248581280236664,0.0,0.0016001793008524534,True,True,True,False,True,True
569,107,qkv_all_blocks,4,5,isotropic,0.03125,0.0006169442209054968,0.9999998097625398,0.0004937248947892833,0.00037095862488056706,0.0016001793008524534,True,True,True,False,True,True
569,107,qkv_all_blocks,10,11,actual_local,0.0078125,0.001952887682801477,0.9999980931186391,0.0030389844788406718,0.0012614992520971848,0.002742877101451913,True,True,True,False,True,True
569,107,qkv_all_blocks,10,11,actual_local,0.015625,0.0,0.9999999999999999,0.0016147706015360531,0.0,0.002742877101451913,True,True,True,False,True,True
569,107,qkv_all_blocks,10,11,actual_local,0.03125,0.0010289653466727313,0.9999994707181669,0.0008644638889922606,0.0006307496260485924,0.002742877101451913,True,True,True,False,True,True
569,107,qkv_all_blocks,10,11,accumulated,0.0078125,0.001256191175822742,0.9999992114265919,0.0019329560991163534,0.0008279958042634539,0.001759293950098626,True,True,True,False,True,True
569,107,qkv_all_blocks,10,11,accumulated,0.015625,0.0,1.0,0.0010104740645226515,0.0,0.001759293950098626,True,True,True,False,True,True
569,107,qkv_all_blocks,10,11,accumulated,0.03125,0.0006876469812539442,0.999999763779718,0.0005748050456854982,0.0004415977622738421,0.001759293950098626,True,True,True,False,True,True
569,107,qkv_all_blocks,10,11,donor,0.0078125,0.0020049731979286164,0.9999979907905381,0.0030515701280007094,0.0012427599462175526,0.0028056309617306833,True,True,True,False,True,True
569,107,qkv_all_blocks,10,11,donor,0.015625,0.0,0.9999999999999999,0.0015678647196338432,0.0,0.0028056309617306833,True,True,True,False,True,True
569,107,qkv_all_blocks,10,11,donor,0.03125,0.0010450704237177256,0.9999994539359974,0.0009183623079629089,0.0006657642569022603,0.0028056309617306833,True,True,True,False,True,True
569,107,qkv_all_blocks,10,11,isotropic,0.0078125,0.0020542428182007493,0.9999978912441189,0.0029809865597142326,0.0012569399423424906,0.002879308221416974,True,True,True,False,True,True
569,107,qkv_all_blocks,10,11,isotropic,0.015625,0.0,1.0,0.0016115099834106564,0.0,0.002879308221416974,True,True,True,False,True,True
569,107,qkv_all_blocks,10,11,isotropic,0.03125,0.0010390322816802467,0.999999460411549,0.0008594861761034838,0.0006284699711712453,0.002879308221416974,True,True,True,False,True,True
569,107,qkv_all_blocks,15,16,actual_local,0.0078125,0.0022306783834918106,0.9999975231805865,0.0035275526532295783,0.001305491899672839,0.003144587320686142,True,True,True,False,True,True
569,107,qkv_all_blocks,15,16,actual_local,0.015625,0.0,1.0,0.0023138749838714917,0.0,0.003144587320686142,True,True,True,False,True,True
569,107,qkv_all_blocks,15,16,actual_local,0.03125,0.0011649733587967886,0.9999993227530802,0.003061700415201428,0.0006962623464921809,0.003144587320686142,True,True,True,False,True,True
569,107,qkv_all_blocks,15,16,accumulated,0.0078125,0.0015088859746993089,0.9999988657570321,0.006394821105154217,0.0008617037971659629,0.002146825637759842,True,True,True,False,True,True
569,107,qkv_all_blocks,15,16,accumulated,0.015625,0.0,1.0,0.011840789086464902,0.0,0.002146825637759842,True,True,True,False,True,True
569,107,qkv_all_blocks,15,16,accumulated,0.03125,0.0008921536874226285,0.9999996165463173,0.02350685434396351,0.00047002025299961613,0.002146825637759842,True,True,True,False,True,True
569,107,qkv_all_blocks,15,16,donor,0.0078125,0.002613703220434757,0.9999965844316803,0.003785979835845641,0.0014957211690051276,0.003680189731627515,True,True,True,False,True,True
569,107,qkv_all_blocks,15,16,donor,0.015625,0.0,0.9999999999999999,0.0021042083895310803,0.0,0.003680189731627515,True,True,True,False,True,True
569,107,qkv_all_blocks,15,16,donor,0.03125,0.0013977611389279995,0.99999902314301,0.0011590075442754757,0.0008158479103664332,0.003680189731627515,True,True,True,False,True,True
569,107,qkv_all_blocks,15,16,isotropic,0.0078125,0.002519228023160353,0.999996826741606,0.003968370552404763,0.0014876197318992033,0.0035135490381898982,True,True,True,False,True,True
569,107,qkv_all_blocks,15,16,isotropic,0.015625,0.0,0.9999999999999999,0.002042509164684741,0.0,0.0035135490381898982,True,True,True,False,True,True
569,107,qkv_all_blocks,15,16,isotropic,0.03125,0.001248116922871689,0.9999992218369866,0.0011041646842255223,0.0007438098659496016,0.0035135490381898982,True,True,True,False,True,True
569,107,attention_output_all_blocks,4,5,actual_local,0.0078125,0.009105830656200272,0.9999585582711079,0.01362227360239902,0.005349645028110477,0.0127173994095881,True,True,True,False,True,True
569,107,attention_output_all_blocks,4,5,actual_local,0.015625,0.0,1.0,0.007263249068462963,0.0,0.0127173994095881,True,True,True,False,True,True
569,107,attention_output_all_blocks,4,5,actual_local,0.03125,0.004887428016171101,0.9999880565209087,0.0040690074676996615,0.0030569400160631297,0.0127173994095881,True,True,True,False,True,True
569,107,attention_output_all_blocks,4,5,accumulated,0.0078125,0.009105830656200272,0.9999585582711079,0.01362227360239902,0.005349645028110477,0.0127173994095881,True,True,True,False,True,True
569,107,attention_output_all_blocks,4,5,accumulated,0.015625,0.0,1.0,0.007263249068462963,0.0,0.0127173994095881,True,True,True,False,True,True
569,107,attention_output_all_blocks,4,5,accumulated,0.03125,0.004887428016171101,0.9999880565209087,0.0040690074676996615,0.0030569400160631297,0.0127173994095881,True,True,True,False,True,True
569,107,attention_output_all_blocks,4,5,donor,0.0078125,0.009023926508485778,0.9999592840707436,0.013351042203020575,0.006104637663424937,0.0125743706888449,True,True,True,False,True,True
569,107,attention_output_all_blocks,4,5,donor,0.015625,0.0,1.0,0.007305777073996634,0.0,0.0125743706888449,True,True,True,False,True,True
569,107,attention_output_all_blocks,4,5,donor,0.03125,0.004902862806031791,0.99998799481114,0.003925163011970623,0.0030523188317124685,0.0125743706888449,True,True,True,False,True,True
569,107,attention_output_all_blocks,4,5,isotropic,0.0078125,0.00803110425068855,0.9999677516995198,0.011990353608061503,0.005042039907267632,0.01117723417702032,True,True,True,False,True,True
569,107,attention_output_all_blocks,4,5,isotropic,0.015625,0.0,1.0,0.006374650117622811,0.0,0.01117723417702032,True,True,True,False,True,True
569,107,attention_output_all_blocks,4,5,isotropic,0.03125,0.004322698294047835,0.9999906612109815,0.003539031715133672,0.002521019953633816,0.01117723417702032,True,True,True,False,True,True
569,107,attention_output_all_blocks,10,11,actual_local,0.0078125,0.014887430719750837,0.9998907558281129,0.02021332246065602,0.009219964941845184,0.021030501088038032,True,True,True,False,True,True
569,107,attention_output_all_blocks,10,11,actual_local,0.015625,0.0,1.0,0.010712349155388224,0.0,0.021030501088038032,True,True,True,False,True,True
569,107,attention_output_all_blocks,10,11,actual_local,0.03125,0.007816987395564919,0.9999699282603984,0.005802240911585889,0.004609982470922592,0.021030501088038032,True,True,True,False,True,True
569,107,attention_output_all_blocks,10,11,accumulated,0.0078125,0.01068617814025949,0.9999430484282855,0.016491980317873665,0.006582503494307379,0.015062328369057819,True,True,True,False,True,True
569,107,attention_output_all_blocks,10,11,accumulated,0.015625,0.0,1.0,0.008369294717213795,0.0,0.015062328369057819,True,True,True,False,True,True
569,107,attention_output_all_blocks,10,11,accumulated,0.03125,0.005902271919964529,0.9999827136957006,0.004456791737274206,0.003544424958473204,0.015062328369057819,True,True,True,False,True,True
569,107,attention_output_all_blocks,10,11,donor,0.0078125,0.013482028336157678,0.9999091133330952,0.019748330770831057,0.007795242376005269,0.01880860672561961,True,True,True,False,True,True
569,107,attention_output_all_blocks,10,11,donor,0.015625,0.0,1.0,0.010357376305079028,0.0,0.01880860672561961,True,True,True,False,True,True
569,107,attention_output_all_blocks,10,11,donor,0.03125,0.0068977941891537045,0.9999762100610813,0.005464792214594467,0.004060022070836077,0.01880860672561961,True,True,True,False,True,True
569,107,attention_output_all_blocks,10,11,isotropic,0.0078125,0.010471071825502075,0.9999451988315177,0.015744945224843203,0.006749018781412367,0.014615619817154802,True,True,True,False,True,True
569,107,attention_output_all_blocks,10,11,isotropic,0.015625,0.0,1.0,0.008313529262258016,0.0,0.014615619817154802,True,True,True,False,True,True
569,107,attention_output_all_blocks,10,11,isotropic,0.03125,0.005563817994247196,0.9999845223478857,0.004561197621732189,0.0033745093907061835,0.014615619817154802,True,True,True,False,True,True
569,107,attention_output_all_blocks,15,16,actual_local,0.0078125,0.004720324654982868,0.9999889528764665,0.007209361146504678,0.002755223572847088,0.006597029086370885,True,True,True,False,True,True
569,107,attention_output_all_blocks,15,16,actual_local,0.015625,0.0,1.0,0.004025229244880401,0.0,0.006597029086370885,True,True,True,False,True,True
569,107,attention_output_all_blocks,15,16,actual_local,0.03125,0.002365834630097536,0.9999972060780036,0.0032866479299108087,0.0013932664658147208,0.006597029086370885,True,True,True,False,True,True
569,107,attention_output_all_blocks,15,16,accumulated,0.0078125,0.006911587511247472,0.9999761538408523,0.010768050601811402,0.004127339453478801,0.009696531984473794,True,True,True,False,True,True
569,107,attention_output_all_blocks,15,16,accumulated,0.015625,0.0,1.0,0.006000730665984254,0.0,0.009696531984473794,True,True,True,False,True,True
569,107,attention_output_all_blocks,15,16,accumulated,0.03125,0.0035115404794236155,0.9999938381365613,0.004304476960565987,0.002204374480835269,0.009696531984473794,True,True,True,False,True,True
569,107,attention_output_all_blocks,15,16,donor,0.0078125,0.004658491568088494,0.9999891495125592,0.006961076753203737,0.002691307854789948,0.006546450241996103,True,True,True,False,True,True
569,107,attention_output_all_blocks,15,16,donor,0.015625,0.0,0.9999999999999999,0.0037557862684619745,0.0,0.006546450241996103,True,True,True,False,True,True
569,107,attention_output_all_blocks,15,16,donor,0.03125,0.002457755633344614,0.9999969830298191,0.0019361722285135663,0.0014097326858423537,0.006546450241996103,True,True,True,False,True,True
569,107,attention_output_all_blocks,15,16,isotropic,0.0078125,0.004249762042286617,0.9999909731419673,0.0066740920747655145,0.0026143253726504433,0.005974495120741701,True,True,True,False,True,True
569,107,attention_output_all_blocks,15,16,isotropic,0.015625,0.0,1.0,0.003461811258239237,0.0,0.005974495120741701,True,True,True,False,True,True
569,107,attention_output_all_blocks,15,16,isotropic,0.03125,0.0022344442269633543,0.9999975036969588,0.0017866163811151162,0.0013071626863252216,0.005974495120741701,True,True,True,False,True,True
569,107,mlp_down_all_blocks,4,5,actual_local,0.0078125,0.00010481231450997514,0.9999999945094215,0.00017554443610980536,6.245892633904162e-05,0.0001472339321468571,True,True,True,False,True,True
569,107,mlp_down_all_blocks,4,5,actual_local,0.015625,0.0,0.9999999999999998,0.00017370557676070443,0.0,0.0001472339321468571,True,True,True,False,True,True
569,107,mlp_down_all_blocks,4,5,actual_local,0.03125,5.688772795156716e-05,0.9999999983837083,0.00030897113074882215,3.406850527584089e-05,0.0001472339321468571,True,True,True,False,True,True
569,107,mlp_down_all_blocks,4,5,accumulated,0.0078125,0.00010481231450997514,0.9999999945094215,0.00017554443610980536,6.245892633904162e-05,0.0001472339321468571,True,True,True,False,True,True
569,107,mlp_down_all_blocks,4,5,accumulated,0.015625,0.0,0.9999999999999998,0.00017370557676070443,0.0,0.0001472339321468571,True,True,True,False,True,True
569,107,mlp_down_all_blocks,4,5,accumulated,0.03125,5.688772795156716e-05,0.9999999983837083,0.00030897113074882215,3.406850527584089e-05,0.0001472339321468571,True,True,True,False,True,True
569,107,mlp_down_all_blocks,4,5,donor,0.0078125,9.945071619227831e-05,0.9999999950576801,0.00015194296369246997,6.056931232287439e-05,0.00013860923169895005,True,True,True,False,True,True
569,107,mlp_down_all_blocks,4,5,donor,0.015625,0.0,1.0,9.257694390758532e-05,0.0,0.00013860923169895005,True,True,True,False,True,True
569,107,mlp_down_all_blocks,4,5,donor,0.03125,5.260226029054889e-05,0.9999999986168748,9.84896478779728e-05,3.407023818161685e-05,0.00013860923169895005,True,True,True,False,True,True
569,107,mlp_down_all_blocks,4,5,isotropic,0.0078125,0.00010103510684344492,0.9999999948981116,0.00015622277398396266,6.060735409224369e-05,0.00014155792578102758,True,True,True,False,True,True
569,107,mlp_down_all_blocks,4,5,isotropic,0.015625,0.0,1.0,9.976033423958938e-05,0.0,0.00014155792578102758,True,True,True,False,True,True
569,107,mlp_down_all_blocks,4,5,isotropic,0.03125,5.479037181092669e-05,0.9999999984998312,0.0001241640900272906,3.409163667688708e-05,0.00014155792578102758,True,True,True,False,True,True
569,107,mlp_down_all_blocks,10,11,actual_local,0.0078125,0.00024066683082431405,0.9999999713930366,0.002251324812238374,0.00014622968654860264,0.0002982772618910892,True,True,True,False,True,True
569,107,mlp_down_all_blocks,10,11,actual_local,0.015625,0.0,0.9999999999999998,0.004539582176170568,0.0,0.0002982772618910892,True,True,True,False,True,True
569,107,mlp_down_all_blocks,10,11,actual_local,0.03125,0.00041501111796127856,0.9999999171264933,0.009129427279336539,0.00014622968654860264,0.0002982772618910892,True,True,True,False,True,True
569,107,mlp_down_all_blocks,10,11,accumulated,0.0078125,0.00023985454054417123,0.999999972836028,0.003329267951241371,0.00012254954000312347,0.0001708957426570661,True,True,True,False,True,True
569,107,mlp_down_all_blocks,10,11,accumulated,0.015625,0.0,1.0,0.006674617296671796,0.0,0.0001708957426570661,True,True,True,False,True,True
569,107,mlp_down_all_blocks,10,11,accumulated,0.03125,0.0008387174466592059,0.9999996730172326,0.013336701882618717,0.00035130868134228727,0.0001708957426570661,True,True,True,False,True,True
569,107,mlp_down_all_blocks,10,11,donor,0.0078125,0.00018364319222753415,0.9999999831413852,0.0005713307890676165,0.00010973367494261,0.0002576038968394722,True,True,True,False,True,True
569,107,mlp_down_all_blocks,10,11,donor,0.015625,0.0,0.9999999999999998,0.0010887933447772961,0.0,0.0002576038968394722,True,True,True,False,True,True
569,107,mlp_down_all_blocks,10,11,donor,0.03125,0.00010875107507066545,0.999999994092829,0.002179901054562378,6.515436949717469e-05,0.0002576038968394722,True,True,True,False,True,True
569,107,mlp_down_all_blocks,10,11,isotropic,0.0078125,0.00018215402585431347,0.9999999834119683,0.0004746295037933211,0.0001102471373712679,0.0002548050311533922,True,True,True,False,True,True
569,107,mlp_down_all_blocks,10,11,isotropic,0.015625,0.0,1.0,0.0008310210871427017,0.0,0.0002548050311533922,True,True,True,False,True,True
569,107,mlp_down_all_blocks,10,11,isotropic,0.03125,0.00010564971952075755,0.999999994422124,0.001667208249331638,6.890446085704245e-05,0.0002548050311533922,True,True,True,False,True,True
569,107,mlp_down_all_blocks,15,16,actual_local,0.0078125,0.0003963901562260699,0.9999999214481105,0.0035688365547466338,0.00022885621267687724,0.0005528080817106173,True,True,True,False,True,True
569,107,mlp_down_all_blocks,15,16,actual_local,0.015625,0.0,1.0,0.007019601572757594,0.0,0.0005528080817106173,True,True,True,False,True,True
569,107,mlp_down_all_blocks,15,16,actual_local,0.03125,0.0003072807086417403,0.9999999567333783,0.013999758280785852,0.0001647764731273516,0.0005528080817106173,True,True,True,False,True,True
569,107,mlp_down_all_blocks,15,16,accumulated,0.0078125,0.0009768429897414489,0.9999995487943513,0.013836584050123422,0.0004602441014291866,0.00016019605303627755,True,True,True,False,True,True
569,107,mlp_down_all_blocks,15,16,accumulated,0.015625,0.0,1.0,0.027657007159452653,0.0,0.00016019605303627755,True,True,True,False,True,True
569,107,mlp_down_all_blocks,15,16,accumulated,0.03125,0.0038367126123402782,0.9999930434653567,0.055301675391121366,0.0018089423702479536,0.00016019605303627755,True,True,True,False,True,True
569,107,mlp_down_all_blocks,15,16,donor,0.0078125,0.000348002241478035,0.9999999394867563,0.0009328580553096263,0.00019586483474998113,0.0004897356602056902,True,True,True,False,True,True
569,107,mlp_down_all_blocks,15,16,donor,0.015625,0.0,0.9999999999999999,0.0015360437406323282,0.0,0.0004897356602056902,True,True,True,False,True,True
569,107,mlp_down_all_blocks,15,16,donor,0.03125,0.00016764313378467933,0.9999999859488488,0.003031049544634331,9.793241737499056e-05,0.0004897356602056902,True,True,True,False,True,True
569,107,mlp_down_all_blocks,15,16,isotropic,0.0078125,0.00034313874525010516,0.9999999411327268,0.0009261010577186608,0.00020497136583210595,0.00048391589911085415,True,True,True,False,True,True
569,107,mlp_down_all_blocks,15,16,isotropic,0.015625,0.0,1.0,0.0015751492218387074,0.0,0.00048391589911085415,True,True,True,False,True,True
569,107,mlp_down_all_blocks,15,16,isotropic,0.03125,0.0001832918969301502,0.9999999832583706,0.003086447572563057,0.00011102615649239072,0.00048391589911085415,True,True,True,False,True,True
569,108,qkv_all_blocks,4,5,actual_local,0.0078125,0.0010908549744123902,0.9999994050685387,0.001602020256094567,0.0006242839277863363,0.0015217184641489008,True,True,True,False,True,True
569,108,qkv_all_blocks,4,5,actual_local,0.015625,0.0,1.0,0.0008787017573606534,0.0,0.0015217184641489008,True,True,True,False,True,True
569,108,qkv_all_blocks,4,5,actual_local,0.03125,0.0005740229111696487,0.9999998353192819,0.00046813400784652995,0.0003641656245420295,0.0015217184641489008,True,True,True,False,True,True
569,108,qkv_all_blocks,4,5,accumulated,0.0078125,0.0010908549744123902,0.9999994050685387,0.001602020256094567,0.0006242839277863363,0.0015217184641489008,True,True,True,False,True,True
569,108,qkv_all_blocks,4,5,accumulated,0.015625,0.0,1.0,0.0008787017573606534,0.0,0.0015217184641489008,True,True,True,False,True,True
569,108,qkv_all_blocks,4,5,accumulated,0.03125,0.0005740229111696487,0.9999998353192819,0.00046813400784652995,0.0003641656245420295,0.0015217184641489008,True,True,True,False,True,True
569,108,qkv_all_blocks,4,5,donor,0.0078125,0.0010727490859035941,0.9999994246264919,0.0016293628438804912,0.0006241662836433017,0.001503723516044858,True,True,True,False,True,True
569,108,qkv_all_blocks,4,5,donor,0.015625,0.0,1.0,0.0008721303815018256,0.0,0.001503723516044858,True,True,True,False,True,True
569,108,qkv_all_blocks,4,5,donor,0.03125,0.0005873918773698079,0.9999998275370117,0.00047171704306086946,0.00036409699879192596,0.001503723516044858,True,True,True,False,True,True
569,108,qkv_all_blocks,4,5,isotropic,0.0078125,0.001071568510472185,0.9999994260000971,0.0016466915116963665,0.0006247117330345955,0.0014975084182630612,True,True,True,False,True,True
569,108,qkv_all_blocks,4,5,isotropic,0.015625,0.0,1.0,0.000879674828461077,0.0,0.0014975084182630612,True,True,True,False,True,True
569,108,qkv_all_blocks,4,5,isotropic,0.03125,0.0005882857775896792,0.9999998269882749,0.00047587842314475735,0.000364415177603514,0.0014975084182630612,True,True,True,False,True,True
569,108,qkv_all_blocks,10,11,actual_local,0.0078125,0.0019983304505609947,0.9999980229683025,0.0028990801588434957,0.0012150639131772983,0.002823777541956677,True,True,True,False,True,True
569,108,qkv_all_blocks,10,11,actual_local,0.015625,0.0,0.9999999999999998,0.0020305653589554958,0.0,0.002823777541956677,True,True,True,False,True,True
569,108,qkv_all_blocks,10,11,actual_local,0.03125,0.00108279612922258,0.9999994333447124,0.0029887980315704415,0.0006265173302320444,0.002823777541956677,True,True,True,False,True,True
569,108,qkv_all_blocks,10,11,accumulated,0.0078125,0.0013253118315797701,0.9999991332435763,0.002010212890880652,0.0008084967843822351,0.0018532058808582686,True,True,True,False,True,True
569,108,qkv_all_blocks,10,11,accumulated,0.015625,0.0,1.0,0.0015511699243265483,0.0,0.0018532058808582686,True,True,True,False,True,True
569,108,qkv_all_blocks,10,11,accumulated,0.03125,0.0006782706021685773,0.999999770797556,0.0024385783189489417,0.00040424839219111754,0.0018532058808582686,True,True,True,False,True,True
569,108,qkv_all_blocks,10,11,donor,0.0078125,0.0019372341753759296,0.9999981238039511,0.002949010669273358,0.0012048505193389667,0.0027168341319487714,True,True,True,False,True,True
569,108,qkv_all_blocks,10,11,donor,0.015625,0.0,1.0,0.0015566196925305398,0.0,0.0027168341319487714,True,True,True,False,True,True
569,108,qkv_all_blocks,10,11,donor,0.03125,0.0010774945633187935,0.9999994198128017,0.0008514034626654169,0.0006884860110508382,0.0027168341319487714,True,True,True,False,True,True
569,108,qkv_all_blocks,10,11,isotropic,0.0078125,0.0023440308217204052,0.9999972549375795,0.002922933755712652,0.001358999053801988,0.003235998848447101,True,True,True,False,True,True
569,108,qkv_all_blocks,10,11,isotropic,0.015625,0.0,0.9999999999999998,0.0015055083621066847,0.0,0.003235998848447101,True,True,True,False,True,True
569,108,qkv_all_blocks,10,11,isotropic,0.03125,0.0010137546570784964,0.9999994861511468,0.0008019736962360253,0.000679499526900994,0.003235998848447101,True,True,True,False,True,True
569,108,qkv_all_blocks,15,16,actual_local,0.0078125,0.0022935626348891416,0.9999974282073986,0.0035770567653211037,0.001404597944380586,0.0032098487341948607,True,True,True,False,True,True
569,108,qkv_all_blocks,15,16,actual_local,0.015625,0.0,1.0,0.002834852607818866,0.0,0.0032098487341948607,True,True,True,False,True,True
569,108,qkv_all_blocks,15,16,actual_local,0.03125,0.001152777112092429,0.999999335570607,0.004296712509500526,0.000702298972190293,0.0032098487341948607,True,True,True,False,True,True
569,108,qkv_all_blocks,15,16,accumulated,0.0078125,0.0006432347733878131,0.9999997931261221,0.011027402786697567,0.00032247296439725023,0.0005970541030354299,True,True,True,False,True,True
569,108,qkv_all_blocks,15,16,accumulated,0.015625,0.0,1.0,0.022062101308937824,0.0,0.0005970541030354299,True,True,True,False,True,True
569,108,qkv_all_blocks,15,16,accumulated,0.03125,0.0019265635167738742,0.9999981457136311,0.044163170509859725,0.00036546935965021694,0.0005970541030354299,True,True,True,False,True,True
569,108,qkv_all_blocks,15,16,donor,0.0078125,0.002634223772187187,0.9999965437281838,0.004031485772222239,0.0016041655656856438,0.003691381852580345,True,True,True,False,True,True
569,108,qkv_all_blocks,15,16,donor,0.015625,0.0,1.0,0.0019936927407936747,0.0,0.003691381852580345,True,True,True,False,True,True
569,108,qkv_all_blocks,15,16,donor,0.03125,0.0013099066502561929,0.9999991421334654,0.0011391902360865895,0.0008020827828428219,0.003691381852580345,True,True,True,False,True,True
569,108,qkv_all_blocks,15,16,isotropic,0.0078125,0.0025499630748568977,0.9999967523645684,0.0037388182263718645,0.0015982038029696737,0.003606912023038586,True,True,True,False,True,True
569,108,qkv_all_blocks,15,16,isotropic,0.015625,0.0,1.0,0.001994421165237718,0.0,0.003606912023038586,True,True,True,False,True,True
569,108,qkv_all_blocks,15,16,isotropic,0.03125,0.0014055590979679545,0.9999990125652382,0.0011161988354866838,0.0008656937266085733,0.003606912023038586,True,True,True,False,True,True
569,108,attention_output_all_blocks,4,5,actual_local,0.0078125,0.008930258779328671,0.9999601325615627,0.013221513746605403,0.005474357469399904,0.01244765608644098,True,True,True,False,True,True
569,108,attention_output_all_blocks,4,5,actual_local,0.015625,0.0,1.0,0.007169852711963027,0.0,0.01244765608644098,True,True,True,False,True,True
569,108,attention_output_all_blocks,4,5,actual_local,0.03125,0.004724522247217061,0.9999888406291676,0.00394650903326551,0.0029860131651272205,0.01244765608644098,True,True,True,False,True,True
569,108,attention_output_all_blocks,4,5,accumulated,0.0078125,0.008930258779328671,0.9999601325615627,0.013221513746605403,0.005474357469399904,0.01244765608644098,True,True,True,False,True,True
569,108,attention_output_all_blocks,4,5,accumulated,0.015625,0.0,1.0,0.007169852711963027,0.0,0.01244765608644098,True,True,True,False,True,True
569,108,attention_output_all_blocks,4,5,accumulated,0.03125,0.004724522247217061,0.9999888406291676,0.00394650903326551,0.0029860131651272205,0.01244765608644098,True,True,True,False,True,True
569,108,attention_output_all_blocks,4,5,donor,0.0078125,0.008595453279722685,0.9999630737030577,0.01276897734364382,0.0049685171174288145,0.01202716305161861,True,True,True,False,True,True
569,108,attention_output_all_blocks,4,5,donor,0.015625,0.0,1.0,0.007123236345621006,0.0,0.01202716305161861,True,True,True,False,True,True
569,108,attention_output_all_blocks,4,5,donor,0.03125,0.004700167269899827,0.9999889602403956,0.0038509702124046785,0.0029811102704572884,0.01202716305161861,True,True,True,False,True,True
569,108,attention_output_all_blocks,4,5,isotropic,0.0078125,0.007593128395869654,0.9999711847396832,0.011516421788086078,0.00444180124699629,0.01065376110801981,True,True,True,False,True,True
569,108,attention_output_all_blocks,4,5,isotropic,0.015625,0.0,0.9999999999999999,0.006333833155526327,0.0,0.01065376110801981,True,True,True,False,True,True
569,108,attention_output_all_blocks,4,5,isotropic,0.03125,0.0042515526247280345,0.9999909622964364,0.0035071530169893846,0.002467667359442383,0.01065376110801981,True,True,True,False,True,True
569,108,attention_output_all_blocks,10,11,actual_local,0.0078125,0.006909633149060327,0.999977496891947,0.009826482434170525,0.004531140823626539,0.009741895798101136,True,True,True,False,True,True
569,108,attention_output_all_blocks,10,11,actual_local,0.015625,0.0,1.0,0.005323655112782009,0.0,0.009741895798101136,True,True,True,False,True,True
569,108,attention_output_all_blocks,10,11,actual_local,0.03125,0.0036146373965340894,0.9999935636617617,0.0035281601258725223,0.0022655704118132694,0.009741895798101136,True,True,True,False,True,True
569,108,attention_output_all_blocks,10,11,accumulated,0.0078125,0.010760539704657021,0.9999422058360559,0.01609124610580015,0.006653779370560379,0.015085412837152217,True,True,True,False,True,True
569,108,attention_output_all_blocks,10,11,accumulated,0.015625,0.0,1.0,0.008196033560123394,0.0,0.015085412837152217,True,True,True,False,True,True
569,108,attention_output_all_blocks,10,11,accumulated,0.03125,0.005957196776761019,0.9999827161280829,0.004367024927728019,0.0038021596403202164,0.015085412837152217,True,True,True,False,True,True
569,108,attention_output_all_blocks,10,11,donor,0.0078125,0.008859026579138734,0.9999608383282583,0.01264590902430968,0.0056266754950402885,0.012461819307482722,True,True,True,False,True,True
569,108,attention_output_all_blocks,10,11,donor,0.015625,0.0,0.9999999999999999,0.007050017191288993,0.0,0.012461819307482722,True,True,True,False,True,True
569,108,attention_output_all_blocks,10,11,donor,0.03125,0.0048363729579876695,0.9999884134701561,0.003685990319499531,0.0030278074412772855,0.012461819307482722,True,True,True,False,True,True
569,108,attention_output_all_blocks,10,11,isotropic,0.0078125,0.00804712197542634,0.9999676229176764,0.011668553427248844,0.004816475593221416,0.01130129822454099,True,True,True,False,True,True
569,108,attention_output_all_blocks,10,11,isotropic,0.015625,0.0,0.9999999999999999,0.005943838022015934,0.0,0.01130129822454099,True,True,True,False,True,True
569,108,attention_output_all_blocks,10,11,isotropic,0.03125,0.004194940713519341,0.9999912011980115,0.0032347299741994086,0.002697226332203993,0.01130129822454099,True,True,True,False,True,True
569,108,attention_output_all_blocks,15,16,actual_local,0.0078125,0.0037631741359561506,0.9999930520699298,0.0060158029001813225,0.0023445488550605377,0.005292636831776672,True,True,True,False,True,True
569,108,attention_output_all_blocks,15,16,actual_local,0.015625,0.0,0.9999999999999999,0.003571917949223332,0.0,0.005292636831776672,True,True,True,False,True,True
569,108,attention_output_all_blocks,15,16,actual_local,0.03125,0.001983357916008953,0.9999980388338083,0.003728223821264416,0.00122324288090115,0.005292636831776672,True,True,True,False,True,True
569,108,attention_output_all_blocks,15,16,accumulated,0.0078125,0.004003766530717042,0.9999921046489972,0.006105936359621339,0.0024822894843454673,0.005633187006980704,True,True,True,False,True,True
569,108,attention_output_all_blocks,15,16,accumulated,0.015625,0.0,0.9999999999999999,0.003714629658664602,0.0,0.005633187006980704,True,True,True,False,True,True
569,108,attention_output_all_blocks,15,16,accumulated,0.03125,0.002067357782437697,0.9999978760681404,0.0038209468086197107,0.001292859106429931,0.005633187006980704,True,True,True,False,True,True
569,108,attention_output_all_blocks,15,16,donor,0.0078125,0.0052243254514566986,0.9999863606446239,0.00736774999143615,0.0031720621207880664,0.007372790516522019,True,True,True,False,True,True
569,108,attention_output_all_blocks,15,16,donor,0.015625,0.0,1.0,0.0037639827212861887,0.0,0.007372790516522019,True,True,True,False,True,True
569,108,attention_output_all_blocks,15,16,donor,0.03125,0.002602443475647141,0.999996615868164,0.0021030019832549867,0.0015860310603940332,0.007372790516522019,True,True,True,False,True,True
569,108,attention_output_all_blocks,15,16,isotropic,0.0078125,0.00463546566993704,0.9999892736528565,0.00661347345002869,0.0028312513509322914,0.006505922043341689,True,True,True,False,True,True
569,108,attention_output_all_blocks,15,16,isotropic,0.015625,0.0,1.0,0.0034176890181600124,0.0,0.006505922043341689,True,True,True,False,True,True
569,108,attention_output_all_blocks,15,16,isotropic,0.03125,0.0024141896147281067,0.9999970859075834,0.0017705446162872074,0.0014691898902135135,0.006505922043341689,True,True,True,False,True,True
569,108,mlp_down_all_blocks,4,5,actual_local,0.0078125,0.00010515590456856142,0.9999999944763703,0.00017793984645191765,5.958654751715903e-05,0.00014751994829412387,True,True,True,False,True,True
569,108,mlp_down_all_blocks,4,5,actual_local,0.015625,0.0,1.0,0.00018698019363529514,0.0,0.00014751994829412387,True,True,True,False,True,True
569,108,mlp_down_all_blocks,4,5,actual_local,0.03125,5.6925516215202564e-05,0.9999999983803792,0.0003375182720895906,3.351743297840195e-05,0.00014751994829412387,True,True,True,False,True,True
569,108,mlp_down_all_blocks,4,5,accumulated,0.0078125,0.00010515590456856142,0.9999999944763703,0.00017793984645191765,5.958654751715903e-05,0.00014751994829412387,True,True,True,False,True,True
569,108,mlp_down_all_blocks,4,5,accumulated,0.015625,0.0,1.0,0.00018698019363529514,0.0,0.00014751994829412387,True,True,True,False,True,True
569,108,mlp_down_all_blocks,4,5,accumulated,0.03125,5.6925516215202564e-05,0.9999999983803792,0.0003375182720895906,3.351743297840195e-05,0.00014751994829412387,True,True,True,False,True,True
569,108,mlp_down_all_blocks,4,5,donor,0.0078125,9.902194529061297e-05,0.9999999950973864,0.00015571028851141066,5.959286138412853e-05,0.00013906989425223288,True,True,True,False,True,True
569,108,mlp_down_all_blocks,4,5,donor,0.015625,0.0,1.0,0.00010456986303757694,0.0,0.00013906989425223288,True,True,True,False,True,True
569,108,mlp_down_all_blocks,4,5,donor,0.03125,5.3260012178865936e-05,0.9999999985821386,0.00013903073034510246,3.2589846069445294e-05,0.00013906989425223288,True,True,True,False,True,True
569,108,mlp_down_all_blocks,4,5,isotropic,0.0078125,9.818431314538436e-05,0.9999999951842286,0.00014801140438252893,5.957773235844576e-05,0.0001373649081096808,True,True,True,False,True,True
569,108,mlp_down_all_blocks,4,5,isotropic,0.015625,0.0,1.0,8.729866899074118e-05,0.0,0.0001373649081096808,True,True,True,False,True,True
569,108,mlp_down_all_blocks,4,5,isotropic,0.03125,5.27882917841406e-05,0.999999998607028,7.681638709606614e-05,3.165067031542431e-05,0.0001373649081096808,True,True,True,False,True,True
569,108,mlp_down_all_blocks,10,11,actual_local,0.0078125,0.000238683077199493,0.9999999719986827,0.0027478089715250275,0.0001463026140935108,0.0003205985804511226,True,True,True,False,True,True
569,108,mlp_down_all_blocks,10,11,actual_local,0.015625,0.0,1.0,0.005461783783881577,0.0,0.0003205985804511226,True,True,True,False,True,True
569,108,mlp_down_all_blocks,10,11,actual_local,0.03125,0.0003056019832108211,0.99999996105634,0.01093075679698397,0.00017556313691221298,0.0003205985804511226,True,True,True,False,True,True
569,108,mlp_down_all_blocks,10,11,accumulated,0.0078125,0.00043224839730312436,0.9999999155154283,0.007028683224088048,0.0002300934864599833,0.00019346352219699165,True,True,True,False,True,True
569,108,mlp_down_all_blocks,10,11,accumulated,0.015625,0.0,1.0,0.014082527874185716,0.0,0.00019346352219699165,True,True,True,False,True,True
569,108,mlp_down_all_blocks,10,11,accumulated,0.03125,0.0015824357169893916,0.9999988907922992,0.02821261991197226,0.0007847831413188716,0.00019346352219699165,True,True,True,False,True,True
569,108,mlp_down_all_blocks,10,11,donor,0.0078125,0.00019457639495018133,0.9999999810700253,0.0006080532284980498,0.0001208068328032602,0.00027135763954888505,True,True,True,False,True,True
569,108,mlp_down_all_blocks,10,11,donor,0.015625,0.0,1.0,0.0010611599362732838,0.0,0.00027135763954888505,True,True,True,False,True,True
569,108,mlp_down_all_blocks,10,11,donor,0.03125,0.00010771744500140832,0.9999999942006977,0.002099251339320253,6.711490711292234e-05,0.00027135763954888505,True,True,True,False,True,True
569,108,mlp_down_all_blocks,10,11,isotropic,0.0078125,0.00019466055904282327,0.9999999810679691,0.0005614835209583549,0.00011727352191620626,0.000270915857682761,True,True,True,False,True,True
569,108,mlp_down_all_blocks,10,11,isotropic,0.015625,0.0,1.0,0.0010251085312033852,0.0,0.000270915857682761,True,True,True,False,True,True
569,108,mlp_down_all_blocks,10,11,isotropic,0.03125,0.00011269473382968445,0.999999993653957,0.002026808113113312,6.7013441094975e-05,0.000270915857682761,True,True,True,False,True,True
569,108,mlp_down_all_blocks,15,16,actual_local,0.0078125,0.00039177986883108166,0.9999999240350247,0.003621034818487345,0.00024722749508474835,0.0005437764393075343,True,True,True,False,True,True
569,108,mlp_down_all_blocks,15,16,actual_local,0.015625,0.0,1.0,0.0071643508817363566,0.0,0.0005437764393075343,True,True,True,False,True,True
569,108,mlp_down_all_blocks,15,16,actual_local,0.03125,0.0002838586297373511,0.9999999629490982,0.014431772503447885,0.0001648183300564989,0.0005437764393075343,True,True,True,False,True,True
569,108,mlp_down_all_blocks,15,16,accumulated,0.0078125,0.009442792467068844,0.9999664217782485,0.03874310350143998,0.0015054647549098518,0.0011249437081935188,True,True,True,False,True,True
569,108,mlp_down_all_blocks,15,16,accumulated,0.015625,0.0,0.9999999999999999,0.07719047065826017,0.0,0.0011249437081935188,True,True,True,False,True,True
569,108,mlp_down_all_blocks,15,16,accumulated,0.03125,0.035056930657645514,0.9995254091187455,0.1517218576140937,0.005726738160247161,0.0011249437081935188,False,True,False,False,True,True
569,108,mlp_down_all_blocks,15,16,donor,0.0078125,0.00036918497558008356,0.9999999318567676,0.0010064802807538866,0.0002294408771887194,0.0005225805610486124,True,True,True,False,True,True
569,108,mlp_down_all_blocks,15,16,donor,0.015625,0.0,0.9999999999999999,0.0017179560594241278,0.0,0.0005225805610486124,True,True,True,False,True,True
569,108,mlp_down_all_blocks,15,16,donor,0.03125,0.00018977339654959596,0.9999999820194938,0.003409641164484503,0.0001147204385943597,0.0005225805610486124,True,True,True,False,True,True
569,108,mlp_down_all_blocks,15,16,isotropic,0.0078125,0.00037619412081109333,0.9999999293818157,0.0020101590322136134,0.00023888555307150321,0.0005215810448917862,True,True,True,False,True,True
569,108,mlp_down_all_blocks,15,16,isotropic,0.015625,0.0,1.0,0.003924913846227345,0.0,0.0005215810448917862,True,True,True,False,True,True
569,108,mlp_down_all_blocks,15,16,isotropic,0.03125,0.0002490862833389893,0.9999999692167871,0.007857012867660423,0.00012386658307411276,0.0005215810448917862,True,True,True,False,True,True
569,109,qkv_all_blocks,4,5,actual_local,0.0078125,0.0010738712358028847,0.9999994236475689,0.0016714840234973677,0.0006380347207846965,0.001497924506789021,True,True,True,False,True,True
569,109,qkv_all_blocks,4,5,actual_local,0.015625,0.0,0.9999999999999998,0.0008905274330193395,0.0,0.001497924506789021,True,True,True,False,True,True
569,109,qkv_all_blocks,4,5,actual_local,0.03125,0.0005889410227573145,0.9999998265994964,0.0004702250922508231,0.00037218692045773964,0.001497924506789021,True,True,True,False,True,True
569,109,qkv_all_blocks,4,5,accumulated,0.0078125,0.0010738712358028847,0.9999994236475689,0.0016714840234973677,0.0006380347207846965,0.001497924506789021,True,True,True,False,True,True
569,109,qkv_all_blocks,4,5,accumulated,0.015625,0.0,0.9999999999999998,0.0008905274330193395,0.0,0.001497924506789021,True,True,True,False,True,True
569,109,qkv_all_blocks,4,5,accumulated,0.03125,0.0005889410227573145,0.9999998265994964,0.0004702250922508231,0.00037218692045773964,0.001497924506789021,True,True,True,False,True,True
569,109,qkv_all_blocks,4,5,donor,0.0078125,0.0011140959196531933,0.9999993794412307,0.0016332775288870186,0.0006381384363285625,0.0015630734943002035,True,True,True,False,True,True
569,109,qkv_all_blocks,4,5,donor,0.015625,0.0,0.9999999999999998,0.0008795133336622425,0.0,0.0015630734943002035,True,True,True,False,True,True
569,109,qkv_all_blocks,4,5,donor,0.03125,0.0005930279958607603,0.9999998241612826,0.00046405597680623036,0.00037224742119166144,0.0015630734943002035,True,True,True,False,True,True
569,109,qkv_all_blocks,4,5,isotropic,0.0078125,0.0011026444795343444,0.9999993921135519,0.001652847620267029,0.0006387302194450376,0.0015487686577169706,True,True,True,False,True,True
569,109,qkv_all_blocks,4,5,isotropic,0.015625,0.0,1.0,0.0008788282897507345,0.0,0.0015487686577169706,True,True,True,False,True,True
569,109,qkv_all_blocks,4,5,isotropic,0.03125,0.0005945254750336426,0.9999998234347343,0.0004692180697366782,0.0003725926280096053,0.0015487686577169706,True,True,True,False,True,True
569,109,qkv_all_blocks,10,11,actual_local,0.0078125,0.0015037084646598391,0.9999988719928457,0.003075188553766699,0.0009032849874572376,0.002104459168139678,True,True,True,False,True,True
569,109,qkv_all_blocks,10,11,actual_local,0.015625,0.0,0.9999999999999998,0.004594840911151157,0.0,0.002104459168139678,True,True,True,False,True,True
569,109,qkv_all_blocks,10,11,actual_local,0.03125,0.0007867403127535032,0.9999996928568586,0.008675983959459585,0.00045869940769312846,0.002104459168139678,True,True,True,False,True,True
569,109,qkv_all_blocks,10,11,accumulated,0.0078125,0.0012948629745390694,0.9999991618324109,0.0019266829795355912,0.0007674463908911942,0.001806147175065294,True,True,True,False,True,True
569,109,qkv_all_blocks,10,11,accumulated,0.015625,0.0,1.0,0.0010712974692730496,0.0,0.001806147175065294,True,True,True,False,True,True
569,109,qkv_all_blocks,10,11,accumulated,0.03125,0.0006688817170068205,0.9999997764017063,0.0007586488961004189,0.00043465990280563206,0.001806147175065294,True,True,True,False,True,True
569,109,qkv_all_blocks,10,11,donor,0.0078125,0.002074693430812614,0.9999978504901901,0.002826482717902036,0.0013464208148361988,0.0028537482293870325,True,True,True,False,True,True
569,109,qkv_all_blocks,10,11,donor,0.015625,0.0,1.0,0.0015163198785185165,0.0,0.0028537482293870325,True,True,True,False,True,True
569,109,qkv_all_blocks,10,11,donor,0.03125,0.0010123390888263646,0.9999994883712132,0.0008320461713053386,0.0006311347569544682,0.0028537482293870325,True,True,True,False,True,True
569,109,qkv_all_blocks,10,11,isotropic,0.0078125,0.0018662995533591331,0.9999982584908816,0.003071853578138623,0.0011699887101480578,0.002618360899319977,True,True,True,False,True,True
569,109,qkv_all_blocks,10,11,isotropic,0.015625,0.0,1.0,0.0014617220325248942,0.0,0.002618360899319977,True,True,True,False,True,True
569,109,qkv_all_blocks,10,11,isotropic,0.03125,0.0009693861636046968,0.999999530151743,0.0007868178525168207,0.0006267796661507453,0.002618360899319977,True,True,True,False,True,True
569,109,qkv_all_blocks,15,16,actual_local,0.0078125,0.002313613389900768,0.9999973251443887,0.003500647924770108,0.0014494896489392023,0.0032454196641052164,True,True,True,False,True,True
569,109,qkv_all_blocks,15,16,actual_local,0.015625,0.0,0.9999999999999999,0.002002050438559026,0.0,0.0032454196641052164,True,True,True,False,True,True
569,109,qkv_all_blocks,15,16,actual_local,0.03125,0.0011969393770829995,0.9999992850752465,0.001956803668612737,0.0007247448244696011,0.0032454196641052164,True,True,True,False,True,True
569,109,qkv_all_blocks,15,16,accumulated,0.0078125,0.0007959632576518658,0.9999996832243955,0.003801697917092212,0.0005175288033313159,0.0011229759944338825,True,True,True,False,True,True
569,109,qkv_all_blocks,15,16,accumulated,0.015625,0.0,1.0,0.0071901352460808044,0.0,0.0011229759944338825,True,True,True,False,True,True
569,109,qkv_all_blocks,15,16,accumulated,0.03125,0.0005212687265294476,0.9999998652490698,0.01439380996129857,0.00028228843818071774,0.0011229759944338825,True,True,True,False,True,True
569,109,qkv_all_blocks,15,16,donor,0.0078125,0.0026774071278292564,0.9999964163009616,0.0040852527901603635,0.0017040249137082763,0.003770865854683261,True,True,True,False,True,True
569,109,qkv_all_blocks,15,16,donor,0.015625,0.0,1.0,0.0021051405619747178,0.0,0.003770865854683261,True,True,True,False,True,True
569,109,qkv_all_blocks,15,16,donor,0.03125,0.0013689115650782195,0.9999990631069461,0.0012111766690913372,0.0008990560894411764,0.003770865854683261,True,True,True,False,True,True
569,109,qkv_all_blocks,15,16,isotropic,0.0078125,0.0026995111252845322,0.9999963565078565,0.003890161462990007,0.0016358338899538044,0.003790725568729919,True,True,True,False,True,True
569,109,qkv_all_blocks,15,16,isotropic,0.015625,0.0,1.0,0.0020465055382427044,0.0,0.003790725568729919,True,True,True,False,True,True
569,109,qkv_all_blocks,15,16,isotropic,0.03125,0.0013668719710620042,0.9999990667352736,0.0010904749576052314,0.0008588127922257473,0.003790725568729919,True,True,True,False,True,True
569,109,attention_output_all_blocks,4,5,actual_local,0.0078125,0.008215679004473434,0.9999662845172471,0.012395164687440117,0.004699159791892515,0.011466221817072247,True,True,True,False,True,True
569,109,attention_output_all_blocks,4,5,actual_local,0.015625,0.0,1.0,0.006777127853743476,0.0,0.011466221817072247,True,True,True,False,True,True
569,109,attention_output_all_blocks,4,5,actual_local,0.03125,0.004578386210455067,0.9999895252310798,0.00356781150329248,0.0028194958751355088,0.011466221817072247,True,True,True,False,True,True
569,109,attention_output_all_blocks,4,5,accumulated,0.0078125,0.008215679004473434,0.9999662845172471,0.012395164687440117,0.004699159791892515,0.011466221817072247,True,True,True,False,True,True
569,109,attention_output_all_blocks,4,5,accumulated,0.015625,0.0,1.0,0.006777127853743476,0.0,0.011466221817072247,True,True,True,False,True,True
569,109,attention_output_all_blocks,4,5,accumulated,0.03125,0.004578386210455067,0.9999895252310798,0.00356781150329248,0.0028194958751355088,0.011466221817072247,True,True,True,False,True,True
569,109,attention_output_all_blocks,4,5,donor,0.0078125,0.00822480150406614,0.9999661757827695,0.011819977698817815,0.005040691929724065,0.011477850641991895,True,True,True,False,True,True
569,109,attention_output_all_blocks,4,5,donor,0.015625,0.0,1.0,0.006569641745751999,0.0,0.011477850641991895,True,True,True,False,True,True
569,109,attention_output_all_blocks,4,5,donor,0.03125,0.004426054378336621,0.9999902072914174,0.0035416136054273314,0.0028134094491483156,0.011477850641991895,True,True,True,False,True,True
569,109,attention_output_all_blocks,4,5,isotropic,0.0078125,0.007718063413055378,0.9999702199455668,0.011384893298202458,0.004665465493579876,0.01080443672887425,True,True,True,False,True,True
569,109,attention_output_all_blocks,4,5,isotropic,0.015625,0.0,0.9999999999999998,0.0062429528918102346,0.0,0.01080443672887425,True,True,True,False,True,True
569,109,attention_output_all_blocks,4,5,isotropic,0.03125,0.0041894077984146755,0.999991227098252,0.0033547623989803412,0.002566006021468932,0.01080443672887425,True,True,True,False,True,True
569,109,attention_output_all_blocks,10,11,actual_local,0.0078125,0.007355476393601756,0.9999730061187067,0.011214928480850463,0.004497158900213771,0.010345215134032365,True,True,True,False,True,True
569,109,attention_output_all_blocks,10,11,actual_local,0.015625,0.0,1.0,0.005820565717959194,0.0,0.010345215134032365,True,True,True,False,True,True
569,109,attention_output_all_blocks,10,11,actual_local,0.03125,0.004039729610942624,0.99999191828395,0.0035244448482507013,0.0025698050858364405,0.010345215134032365,True,True,True,False,True,True
569,109,attention_output_all_blocks,10,11,accumulated,0.0078125,0.008084912449224296,0.9999673883240151,0.012121530188122395,0.004805161763198851,0.011333592744341208,True,True,True,False,True,True
569,109,attention_output_all_blocks,10,11,accumulated,0.015625,0.0,1.0,0.0064825271986925425,0.0,0.011333592744341208,True,True,True,False,True,True
569,109,attention_output_all_blocks,10,11,accumulated,0.03125,0.004415122336760758,0.9999902842934276,0.0035468139804083676,0.0029570226235069853,0.011333592744341208,True,True,True,False,True,True
569,109,attention_output_all_blocks,10,11,donor,0.0078125,0.010244969421927501,0.9999475837853049,0.015314055961289402,0.0064061746401278775,0.014260610779445742,True,True,True,False,True,True
569,109,attention_output_all_blocks,10,11,donor,0.015625,0.0,1.0,0.008290097272784422,0.0,0.014260610779445742,True,True,True,False,True,True
569,109,attention_output_all_blocks,10,11,donor,0.03125,0.00533027800377901,0.999985802402138,0.004221856707412063,0.0033217201837700107,0.014260610779445742,True,True,True,False,True,True
569,109,attention_output_all_blocks,10,11,isotropic,0.0078125,0.009126224525729455,0.9999583606595761,0.012930312484635336,0.005362402539033383,0.012729570981384613,True,True,True,False,True,True
569,109,attention_output_all_blocks,10,11,isotropic,0.015625,0.0,1.0,0.007190923344682358,0.0,0.012729570981384613,True,True,True,False,True,True
569,109,attention_output_all_blocks,10,11,isotropic,0.03125,0.004515256436304204,0.9999898062390709,0.003745064846641548,0.0026812012695166913,0.012729570981384613,True,True,True,False,True,True
569,109,attention_output_all_blocks,15,16,actual_local,0.0078125,0.00244336847886129,0.9999970465543758,0.003814022082371905,0.0015277798954478525,0.0034274641988522956,True,True,True,False,True,True
569,109,attention_output_all_blocks,15,16,actual_local,0.015625,0.0,1.0,0.0031672457553139706,0.0,0.0034274641988522956,True,True,True,False,True,True
569,109,attention_output_all_blocks,15,16,actual_local,0.03125,0.0012337130570161444,0.9999992438827698,0.005157380582469506,0.0008002656595203037,0.0034274641988522956,True,True,True,False,True,True
569,109,attention_output_all_blocks,15,16,accumulated,0.0078125,0.0018166884801033112,0.9999983621361365,0.0034841455171133423,0.0011506493079274538,0.0025514941913869047,True,True,True,False,True,True
569,109,attention_output_all_blocks,15,16,accumulated,0.015625,0.0,1.0,0.004386235988005401,0.0,0.0025514941913869047,True,True,True,False,True,True
569,109,attention_output_all_blocks,15,16,accumulated,0.03125,0.0009431900639073344,0.999999558063732,0.008155329788965864,0.0006027210660572378,0.0025514941913869047,True,True,True,False,True,True
569,109,attention_output_all_blocks,15,16,donor,0.0078125,0.0044651265830722205,0.9999900340906773,0.006734489015738014,0.002782006018764323,0.006286772528128095,True,True,True,False,True,True
569,109,attention_output_all_blocks,15,16,donor,0.015625,0.0,1.0,0.0036091902481310625,0.0,0.006286772528128095,True,True,True,False,True,True
569,109,attention_output_all_blocks,15,16,donor,0.03125,0.00237340012899162,0.9999971834948042,0.001782154275749445,0.0015273758534392363,0.006286772528128095,True,True,True,False,True,True
569,109,attention_output_all_blocks,15,16,isotropic,0.0078125,0.00448521933441934,0.9999899456841911,0.006599549685899367,0.002793106874140135,0.00630175698268599,True,True,True,False,True,True
569,109,attention_output_all_blocks,15,16,isotropic,0.015625,0.0,1.0,0.0034779799195379033,0.0,0.00630175698268599,True,True,True,False,True,True
569,109,attention_output_all_blocks,15,16,isotropic,0.03125,0.002226350557913533,0.9999975230660569,0.0017948158299057116,0.0013965534370700675,0.00630175698268599,True,True,True,False,True,True
569,109,mlp_down_all_blocks,4,5,actual_local,0.0078125,0.0001052389988793214,0.9999999944623957,0.00018140775510950424,6.323466780618069e-05,0.00014718225542309255,True,True,True,False,True,True
569,109,mlp_down_all_blocks,4,5,actual_local,0.015625,0.0,1.0,0.00019779415671937397,0.0,0.00014718225542309255,True,True,True,False,True,True
569,109,mlp_down_all_blocks,4,5,actual_local,0.03125,5.705684422297222e-05,0.9999999983722657,0.0003655486743371283,3.372515616329637e-05,0.00014718225542309255,True,True,True,False,True,True
569,109,mlp_down_all_blocks,4,5,accumulated,0.0078125,0.0001052389988793214,0.9999999944623957,0.00018140775510950424,6.323466780618069e-05,0.00014718225542309255,True,True,True,False,True,True
569,109,mlp_down_all_blocks,4,5,accumulated,0.015625,0.0,1.0,0.00019779415671937397,0.0,0.00014718225542309255,True,True,True,False,True,True
569,109,mlp_down_all_blocks,4,5,accumulated,0.03125,5.705684422297222e-05,0.9999999983722657,0.0003655486743371283,3.372515616329637e-05,0.00014718225542309255,True,True,True,False,True,True
569,109,mlp_down_all_blocks,4,5,donor,0.0078125,9.735662312611223e-05,0.9999999952609965,0.00015176279734914765,5.985658434342428e-05,0.00013641271911870906,True,True,True,False,True,True
569,109,mlp_down_all_blocks,4,5,donor,0.015625,0.0,1.0,9.06955971549046e-05,0.0,0.00013641271911870906,True,True,True,False,True,True
569,109,mlp_down_all_blocks,4,5,donor,0.03125,5.250850059748268e-05,0.9999999986217243,9.722110217598776e-05,3.086355130207814e-05,0.00013641271911870906,True,True,True,False,True,True
569,109,mlp_down_all_blocks,4,5,isotropic,0.0078125,9.993057854344151e-05,0.9999999950076756,0.0001506111276993884,5.986707613501095e-05,0.00013957537268058698,True,True,True,False,True,True
569,109,mlp_down_all_blocks,4,5,isotropic,0.015625,0.0,1.0,9.161782487003373e-05,0.0,0.00013957537268058698,True,True,True,False,True,True
569,109,mlp_down_all_blocks,4,5,isotropic,0.03125,5.280197109478996e-05,0.9999999986059915,0.00010113296750862884,3.367523032594366e-05,0.00013957537268058698,True,True,True,False,True,True
569,109,mlp_down_all_blocks,10,11,actual_local,0.0078125,0.0006687559974213223,0.9999997801475277,0.010975838328006833,0.0003869825854635342,0.00029169791250088274,True,True,True,False,True,True
569,109,mlp_down_all_blocks,10,11,actual_local,0.015625,0.0,1.0,0.02187438546200228,0.0,0.00029169791250088274,True,True,True,False,True,True
569,109,mlp_down_all_blocks,10,11,actual_local,0.03125,0.0025915191846585636,0.999996754550555,0.0435468213669317,0.001449572268048822,0.00029169791250088274,True,True,True,False,True,True
569,109,mlp_down_all_blocks,10,11,accumulated,0.0078125,0.004960755476218911,0.9999895748355944,0.027088612363465814,0.002671652852696362,0.0005444164415472112,True,True,True,False,True,True
569,109,mlp_down_all_blocks,10,11,accumulated,0.015625,0.0,0.9999999999999999,0.05382890797681184,0.0,0.0005444164415472112,True,True,True,False,True,True
569,109,mlp_down_all_blocks,10,11,accumulated,0.03125,0.018863423766144017,0.9998485273288388,0.10508471054999372,0.010159107363214737,0.0005444164415472112,True,True,True,False,True,True
569,109,mlp_down_all_blocks,10,11,donor,0.0078125,0.00018702307718877135,0.9999999825135547,0.0006659071804305015,0.00010568480342863537,0.0002603611047347762,True,True,True,False,True,True
569,109,mlp_down_all_blocks,10,11,donor,0.015625,0.0,1.0,0.001214624328859089,0.0,0.0002603611047347762,True,True,True,False,True,True
569,109,mlp_down_all_blocks,10,11,donor,0.03125,0.0001032353753894589,0.9999999946719839,0.0023952274517546526,6.440167708932468e-05,0.0002603611047347762,True,True,True,False,True,True
569,109,mlp_down_all_blocks,10,11,isotropic,0.0078125,0.0001804016415148957,0.9999999837380461,0.0006603962386240737,0.00010640472620937247,0.00025329745907532575,True,True,True,False,True,True
569,109,mlp_down_all_blocks,10,11,isotropic,0.015625,0.0,0.9999999999999998,0.0012679902264390135,0.0,0.00025329745907532575,True,True,True,False,True,True
569,109,mlp_down_all_blocks,10,11,isotropic,0.03125,0.00010235527458375767,0.9999999947659011,0.0025569516598990165,5.985265849277201e-05,0.00025329745907532575,True,True,True,False,True,True
569,109,mlp_down_all_blocks,15,16,actual_local,0.0078125,0.00034705196652858516,0.9999999404209025,0.004885610004401361,0.0002207985964432191,0.00047280787972897993,True,True,True,False,True,True
569,109,mlp_down_all_blocks,15,16,actual_local,0.015625,0.0,1.0,0.009687586485386385,0.0,0.00047280787972897993,True,True,True,False,True,True
569,109,mlp_down_all_blocks,15,16,actual_local,0.03125,0.00044655320374804185,0.9999999141043339,0.019366841532041833,0.0002023987134062842,0.00047280787972897993,True,True,True,False,True,True
569,109,mlp_down_all_blocks,15,16,accumulated,0.0078125,0.0058687944468003884,0.9999861132589877,0.04896904392072774,0.0015051904863462625,0.0008554522452760783,True,True,True,False,True,True
569,109,mlp_down_all_blocks,15,16,accumulated,0.015625,0.0,1.0,0.0973984678604282,0.0,0.0008554522452760783,True,True,True,False,True,True
569,109,mlp_down_all_blocks,15,16,accumulated,0.03125,0.021608340219303097,0.9998119965965444,0.19037901759683862,0.005702692468315252,0.0008554522452760783,False,True,False,False,True,True
569,109,mlp_down_all_blocks,15,16,donor,0.0078125,0.00031293208920941343,0.9999999510954577,0.0011320963151347102,0.0001965903112052489,0.00043739947204015007,True,True,True,False,True,True
569,109,mlp_down_all_blocks,15,16,donor,0.015625,0.0,0.9999999999999999,0.0020484505749763667,0.0,0.00043739947204015007,True,True,True,False,True,True
569,109,mlp_down_all_blocks,15,16,donor,0.03125,0.0001682875707950756,0.9999999858662658,0.004083046253899557,0.00010723107883922667,0.00043739947204015007,True,True,True,False,True,True
569,109,mlp_down_all_blocks,15,16,isotropic,0.0078125,0.0003179755352690526,0.99999994945081,0.0011552595749139553,0.00020045749526167897,0.00044800705725420544,True,True,True,False,True,True
569,109,mlp_down_all_blocks,15,16,isotropic,0.015625,0.0,1.0,0.002086384210821608,0.0,0.00044800705725420544,True,True,True,False,True,True
569,109,mlp_down_all_blocks,15,16,isotropic,0.03125,0.00017677543051475487,0.9999999844277179,0.00419023099853899,0.0001093404519609158,0.00044800705725420544,True,True,True,False,True,True
569,110,qkv_all_blocks,4,5,actual_local,0.0078125,0.0011384091861060387,0.9999993520656624,0.0016871209613272013,0.0006453270835837651,0.001598979093596733,True,True,True,False,True,True
569,110,qkv_all_blocks,4,5,actual_local,0.015625,0.0,0.9999999999999998,0.0008954444154475528,0.0,0.001598979093596733,True,True,True,False,True,True
569,110,qkv_all_blocks,4,5,actual_local,0.03125,0.0006051340922917756,0.9999998169460045,0.00047642681009977113,0.0003629964845158679,0.001598979093596733,True,True,True,False,True,True
569,110,qkv_all_blocks,4,5,accumulated,0.0078125,0.0011384091861060387,0.9999993520656624,0.0016871209613272013,0.0006453270835837651,0.001598979093596733,True,True,True,False,True,True
569,110,qkv_all_blocks,4,5,accumulated,0.015625,0.0,0.9999999999999998,0.0008954444154475528,0.0,0.001598979093596733,True,True,True,False,True,True
569,110,qkv_all_blocks,4,5,accumulated,0.03125,0.0006051340922917756,0.9999998169460045,0.00047642681009977113,0.0003629964845158679,0.001598979093596733,True,True,True,False,True,True
569,110,qkv_all_blocks,4,5,donor,0.0078125,0.0011177427603202435,0.9999993757158094,0.001649079428131587,0.0006451993916361191,0.0015679241288835545,True,True,True,False,True,True
569,110,qkv_all_blocks,4,5,donor,0.015625,0.0,0.9999999999999998,0.0008891962613725322,0.0,0.0015679241288835545,True,True,True,False,True,True
569,110,qkv_all_blocks,4,5,donor,0.03125,0.0006068135984091287,0.9999998159227927,0.0004755766417707072,0.0003494830038028978,0.0015679241288835545,True,True,True,False,True,True
569,110,qkv_all_blocks,4,5,isotropic,0.0078125,0.0011322957406336089,0.9999993590550167,0.0016701252569885233,0.0006458200667546839,0.0015857784297187841,True,True,True,False,True,True
569,110,qkv_all_blocks,4,5,isotropic,0.015625,0.0,1.0,0.0009189124810662549,0.0,0.0015857784297187841,True,True,True,False,True,True
569,110,qkv_all_blocks,4,5,isotropic,0.03125,0.0006045452665175438,0.9999998172640627,0.000484853105032775,0.00037672837227356565,0.0015857784297187841,True,True,True,False,True,True
569,110,qkv_all_blocks,10,11,actual_local,0.0078125,0.0018903911575377833,0.9999982138396234,0.0030555508817720818,0.0011152910063064465,0.002657966117922172,True,True,True,False,True,True
569,110,qkv_all_blocks,10,11,actual_local,0.015625,0.0,1.0,0.0034022399583424653,0.0,0.002657966117922172,True,True,True,False,True,True
569,110,qkv_all_blocks,10,11,actual_local,0.03125,0.0009788913917187024,0.9999995212142097,0.006427662151318748,0.0005587346545265694,0.002657966117922172,True,True,True,False,True,True
569,110,qkv_all_blocks,10,11,accumulated,0.0078125,0.001336865575827168,0.9999991069028232,0.002032949448801575,0.0008342626226842811,0.0018706264886018211,True,True,True,False,True,True
569,110,qkv_all_blocks,10,11,accumulated,0.015625,0.0,0.9999999999999999,0.0015035651924975443,0.0,0.0018706264886018211,True,True,True,False,True,True
569,110,qkv_all_blocks,10,11,accumulated,0.03125,0.0006824548109358608,0.9999997672524676,0.0024840382994719447,0.00041713131134214055,0.0018706264886018211,True,True,True,False,True,True
569,110,qkv_all_blocks,10,11,donor,0.0078125,0.002045239679066824,0.9999979085574172,0.002997401930403653,0.0013074050298243194,0.0028831253345157977,True,True,True,False,True,True
569,110,qkv_all_blocks,10,11,donor,0.015625,0.0,1.0,0.0016136043317073229,0.0,0.0028831253345157977,True,True,True,False,True,True
569,110,qkv_all_blocks,10,11,donor,0.03125,0.0010829048996320726,0.9999994143823532,0.0008467899533476837,0.0006972826825729703,0.0028831253345157977,True,True,True,False,True,True
569,110,qkv_all_blocks,10,11,isotropic,0.0078125,0.002013871646631206,0.9999979735653247,0.0029539712079660278,0.001217864684191214,0.00281828193265932,True,True,True,False,True,True
569,110,qkv_all_blocks,10,11,isotropic,0.015625,0.0,1.0,0.0015808516464812141,0.0,0.00281828193265932,True,True,True,False,True,True
569,110,qkv_all_blocks,10,11,isotropic,0.03125,0.001060326032975992,0.9999994379755075,0.0008618986584278052,0.0006959226766806938,0.00281828193265932,True,True,True,False,True,True
569,110,qkv_all_blocks,15,16,actual_local,0.0078125,0.0016223407218153563,0.9999986913934412,0.0028877342389944972,0.0010046128402387137,0.00228001586011548,True,True,True,False,True,True
569,110,qkv_all_blocks,15,16,actual_local,0.015625,0.0,1.0,0.0033112564070278162,0.0,0.00228001586011548,True,True,True,False,True,True
569,110,qkv_all_blocks,15,16,actual_local,0.03125,0.0007980875274306897,0.9999996819679597,0.0061092894725709775,0.0005023064201193568,0.00228001586011548,True,True,True,False,True,True
569,110,qkv_all_blocks,15,16,accumulated,0.0078125,0.0005493283705508172,0.999999849247319,0.007469757211512417,0.00033550392976964925,0.00071638745347537,True,True,True,False,True,True
569,110,qkv_all_blocks,15,16,accumulated,0.015625,0.0,0.9999999999999999,0.014765710735296747,0.0,0.00071638745347537,True,True,True,False,True,True
569,110,qkv_all_blocks,15,16,accumulated,0.03125,0.0009532069664501584,0.9999995599872123,0.029491339380032053,0.000251627947327237,0.00071638745347537,True,True,True,False,True,True
569,110,qkv_all_blocks,15,16,donor,0.0078125,0.002365460070914033,0.9999972033384211,0.003410377658062012,0.001419455724581237,0.0033355071365437396,True,True,True,False,True,True
569,110,qkv_all_blocks,15,16,donor,0.015625,0.0,1.0,0.0019965746014305287,0.0,0.0033355071365437396,True,True,True,False,True,True
569,110,qkv_all_blocks,15,16,donor,0.03125,0.0011928617903330645,0.9999992892370014,0.0013694064339855095,0.0007392998565527276,0.0033355071365437396,True,True,True,False,True,True
569,110,qkv_all_blocks,15,16,isotropic,0.0078125,0.0021668534875674177,0.9999976532494073,0.0034347811176332205,0.0013761262242587321,0.003044505748384964,True,True,True,False,True,True
569,110,qkv_all_blocks,15,16,isotropic,0.015625,0.0,1.0,0.001824454974091462,0.0,0.003044505748384964,True,True,True,False,True,True
569,110,qkv_all_blocks,15,16,isotropic,0.03125,0.0011855483512492502,0.9999992974472375,0.0011412107026098014,0.000759736352976175,0.003044505748384964,True,True,True,False,True,True
569,110,attention_output_all_blocks,4,5,actual_local,0.0078125,0.009036120263055192,0.9999592100563016,0.012766131871702724,0.0050333004288937895,0.01260153535140949,True,True,True,False,True,True
569,110,attention_output_all_blocks,4,5,actual_local,0.015625,0.0,1.0,0.007059604102341869,0.0,0.01260153535140949,True,True,True,False,True,True
569,110,attention_output_all_blocks,4,5,actual_local,0.03125,0.0047424271220884535,0.9999887565433767,0.00394600281584143,0.0030199802573362736,0.01260153535140949,True,True,True,False,True,True
569,110,attention_output_all_blocks,4,5,accumulated,0.0078125,0.009036120263055192,0.9999592100563016,0.012766131871702724,0.0050333004288937895,0.01260153535140949,True,True,True,False,True,True
569,110,attention_output_all_blocks,4,5,accumulated,0.015625,0.0,1.0,0.007059604102341869,0.0,0.01260153535140949,True,True,True,False,True,True
569,110,attention_output_all_blocks,4,5,accumulated,0.03125,0.0047424271220884535,0.9999887565433767,0.00394600281584143,0.0030199802573362736,0.01260153535140949,True,True,True,False,True,True
569,110,attention_output_all_blocks,4,5,donor,0.0078125,0.008858768687054753,0.9999607752549214,0.012868794556667366,0.005551115908108351,0.012354326079488071,True,True,True,False,True,True
569,110,attention_output_all_blocks,4,5,donor,0.015625,0.0,1.0,0.007212086853247148,0.0,0.012354326079488071,True,True,True,False,True,True
569,110,attention_output_all_blocks,4,5,donor,0.03125,0.004790465910836231,0.9999885289199765,0.003936780425591008,0.003027881404422737,0.012354326079488071,True,True,True,False,True,True
569,110,attention_output_all_blocks,4,5,isotropic,0.0078125,0.007872136409877547,0.9999690163326744,0.011610536039539576,0.004506574945772216,0.01101649058596629,True,True,True,False,True,True
569,110,attention_output_all_blocks,4,5,isotropic,0.015625,0.0,1.0,0.006226439408169231,0.0,0.01101649058596629,True,True,True,False,True,True
569,110,attention_output_all_blocks,4,5,isotropic,0.03125,0.004354644998038788,0.9999905187656559,0.0034827557278353798,0.002503652747651231,0.01101649058596629,True,True,True,False,True,True
569,110,attention_output_all_blocks,10,11,actual_local,0.0078125,0.0058352135045496665,0.9999829798165717,0.00880340272469579,0.003779094225969689,0.008159945088450719,True,True,True,False,True,True
569,110,attention_output_all_blocks,10,11,actual_local,0.015625,0.0,0.9999999999999998,0.0049125675521883684,0.0,0.008159945088450719,True,True,True,False,True,True
569,110,attention_output_all_blocks,10,11,actual_local,0.03125,0.0030532605230686885,0.9999953570390248,0.0041324437038421395,0.0018895471129848445,0.008159945088450719,True,True,True,False,True,True
569,110,attention_output_all_blocks,10,11,accumulated,0.0078125,0.008004553043858833,0.999968169978866,0.011581010285341722,0.004846248992422238,0.011320991300888155,True,True,True,False,True,True
569,110,attention_output_all_blocks,10,11,accumulated,0.015625,0.0,0.9999999999999999,0.006460591129930069,0.0,0.011320991300888155,True,True,True,False,True,True
569,110,attention_output_all_blocks,10,11,accumulated,0.03125,0.004746617414582575,0.9999898483469772,0.003791041183137397,0.002769285138526993,0.011320991300888155,True,True,True,False,True,True
569,110,attention_output_all_blocks,10,11,donor,0.0078125,0.008137303073996403,0.9999669501619458,0.011901678290573758,0.005224171694308751,0.011513798632869748,True,True,True,False,True,True
569,110,attention_output_all_blocks,10,11,donor,0.015625,0.0,1.0,0.00623779036653289,0.0,0.011513798632869748,True,True,True,False,True,True
569,110,attention_output_all_blocks,10,11,donor,0.03125,0.004491554571379055,0.9999899502480363,0.003316744108464517,0.0029852409681764293,0.011513798632869748,True,True,True,False,True,True
569,110,attention_output_all_blocks,10,11,isotropic,0.0078125,0.007280842134257758,0.9999734968111837,0.01041722800200802,0.00416998825597603,0.010168535524704071,True,True,True,False,True,True
569,110,attention_output_all_blocks,10,11,isotropic,0.015625,0.0,0.9999999999999999,0.005733559221750389,0.0,0.010168535524704071,True,True,True,False,True,True
569,110,attention_output_all_blocks,10,11,isotropic,0.03125,0.0039001390966711125,0.9999923955357077,0.002954051660421991,0.0024324931493193507,0.010168535524704071,True,True,True,False,True,True
569,110,attention_output_all_blocks,15,16,actual_local,0.0078125,0.00171038195441783,0.9999985419515345,0.0031427154312976963,0.0010623072049631519,0.002405138640696368,True,True,True,False,True,True
569,110,attention_output_all_blocks,15,16,actual_local,0.015625,0.0,1.0,0.0033904900769550017,0.0,0.002405138640696368,True,True,True,False,True,True
569,110,attention_output_all_blocks,15,16,actual_local,0.03125,0.0009239718002176613,0.9999995748135075,0.0063584972026655,0.000573645890680102,0.002405138640696368,True,True,True,False,True,True
569,110,attention_output_all_blocks,15,16,accumulated,0.0078125,0.0015161655423461436,0.9999988938653278,0.004252572642163017,0.000928577781371623,0.0021461262989747837,True,True,True,False,True,True
569,110,attention_output_all_blocks,15,16,accumulated,0.015625,0.0,1.0,0.007365722299694711,0.0,0.0021461262989747837,True,True,True,False,True,True
569,110,attention_output_all_blocks,15,16,accumulated,0.03125,0.000824734797683145,0.9999996615604693,0.014374927805718517,0.0005014320019406764,0.0021461262989747837,True,True,True,False,True,True
569,110,attention_output_all_blocks,15,16,donor,0.0078125,0.003587695007751985,0.9999935949886279,0.005441103172175212,0.0022416369551768907,0.005028083229247528,True,True,True,False,True,True
569,110,attention_output_all_blocks,15,16,donor,0.015625,0.0,1.0,0.0028736517432245497,0.0,0.005028083229247528,True,True,True,False,True,True
569,110,attention_output_all_blocks,15,16,donor,0.03125,0.0018944945115609057,0.9999982055931477,0.0017163571534347787,0.001167519247487964,0.005028083229247528,True,True,True,False,True,True
569,110,attention_output_all_blocks,15,16,isotropic,0.0078125,0.0036821418789066444,0.9999932273287089,0.0056195517660865635,0.0022519803852770488,0.005158663607266647,True,True,True,False,True,True
569,110,attention_output_all_blocks,15,16,isotropic,0.015625,0.0,1.0,0.0028649832130773537,0.0,0.005158663607266647,True,True,True,False,True,True
569,110,attention_output_all_blocks,15,16,isotropic,0.03125,0.0018496646196533516,0.9999982919713866,0.001470237689634905,0.0011259901926385244,0.005158663607266647,True,True,True,False,True,True
569,110,mlp_down_all_blocks,4,5,actual_local,0.0078125,0.00010280283181785778,0.9999999947159638,0.00018203726951515582,5.947882510535926e-05,0.0001449994644109434,True,True,True,False,True,True
569,110,mlp_down_all_blocks,4,5,actual_local,0.015625,0.0,1.0,0.00019396030915651586,0.0,0.0001449994644109434,True,True,True,False,True,True
569,110,mlp_down_all_blocks,4,5,actual_local,0.03125,5.737433514533138e-05,0.9999999983551219,0.00034870487830302636,3.531555240630706e-05,0.0001449994644109434,True,True,True,False,True,True
569,110,mlp_down_all_blocks,4,5,accumulated,0.0078125,0.00010280283181785778,0.9999999947159638,0.00018203726951515582,5.947882510535926e-05,0.0001449994644109434,True,True,True,False,True,True
569,110,mlp_down_all_blocks,4,5,accumulated,0.015625,0.0,1.0,0.00019396030915651586,0.0,0.0001449994644109434,True,True,True,False,True,True
569,110,mlp_down_all_blocks,4,5,accumulated,0.03125,5.737433514533138e-05,0.9999999983551219,0.00034870487830302636,3.531555240630706e-05,0.0001449994644109434,True,True,True,False,True,True
569,110,mlp_down_all_blocks,4,5,donor,0.0078125,9.93848755277182e-05,0.9999999950613242,0.000146127944219024,5.9497228472555765e-05,0.00013848544813276575,True,True,True,False,True,True
569,110,mlp_down_all_blocks,4,5,donor,0.015625,0.0,1.0,8.116906228069968e-05,0.0,0.00013848544813276575,True,True,True,False,True,True
569,110,mlp_down_all_blocks,4,5,donor,0.03125,5.164753795646626e-05,0.9999999986664473,6.82598803329092e-05,2.9748614236277882e-05,0.00013848544813276575,True,True,True,False,True,True
569,110,mlp_down_all_blocks,4,5,isotropic,0.0078125,9.858452932722409e-05,0.9999999951409494,0.00015217949579438881,5.949255853004925e-05,0.00013806883784918384,True,True,True,False,True,True
569,110,mlp_down_all_blocks,4,5,isotropic,0.015625,0.0,0.9999999999999998,9.135962247975117e-05,0.0,0.00013806883784918384,True,True,True,False,True,True
569,110,mlp_down_all_blocks,4,5,isotropic,0.03125,5.235744847350638e-05,0.9999999986299212,9.819319232673673e-05,3.1605421719088666e-05,0.00013806883784918384,True,True,True,False,True,True
569,110,mlp_down_all_blocks,10,11,actual_local,0.0078125,0.0003196228208612304,0.9999999511004753,0.004976016243944393,0.00018758488499419655,0.00029148049166509746,True,True,True,False,True,True
569,110,mlp_down_all_blocks,10,11,actual_local,0.015625,0.0,1.0,0.009929689419433847,0.0,0.00029148049166509746,True,True,True,False,True,True
569,110,mlp_down_all_blocks,10,11,actual_local,0.03125,0.0010141906887110393,0.9999995171488248,0.0198323557778794,0.0004689622124854914,0.00029148049166509746,True,True,True,False,True,True
569,110,mlp_down_all_blocks,10,11,accumulated,0.0078125,0.0010952803247052244,0.9999994378438792,0.011270210727518578,0.0004593101778459691,0.0001906369045164984,True,True,True,False,True,True
569,110,mlp_down_all_blocks,10,11,accumulated,0.015625,0.0,1.0,0.022487532948773366,0.0,0.0001906369045164984,True,True,True,False,True,True
569,110,mlp_down_all_blocks,10,11,accumulated,0.03125,0.0043319541017614975,0.9999911965145254,0.04444925412897979,0.0018063627162345677,0.0001906369045164984,True,True,True,False,True,True
569,110,mlp_down_all_blocks,10,11,donor,0.0078125,0.00018665386727483341,0.9999999825830178,0.0006291738917957399,0.00011566125311252049,0.00026292757377355383,True,True,True,False,True,True
569,110,mlp_down_all_blocks,10,11,donor,0.015625,0.0,1.0,0.0011439915780228204,0.0,0.00026292757377355383,True,True,True,False,True,True
569,110,mlp_down_all_blocks,10,11,donor,0.03125,0.00010843371028891153,0.9999999941222295,0.002252746293650492,6.425625172917805e-05,0.00026292757377355383,True,True,True,False,True,True
569,110,mlp_down_all_blocks,10,11,isotropic,0.0078125,0.00018148304594370858,0.9999999835319962,0.0005779079631636944,0.00011437069907737603,0.0002533796082007548,True,True,True,False,True,True
569,110,mlp_down_all_blocks,10,11,isotropic,0.015625,0.0,1.0,0.0010068133045625493,0.0,0.0002533796082007548,True,True,True,False,True,True
569,110,mlp_down_all_blocks,10,11,isotropic,0.03125,9.881628763898588e-05,0.9999999951177698,0.002003428432977431,6.121248683014492e-05,0.0002533796082007548,True,True,True,False,True,True
569,110,mlp_down_all_blocks,15,16,actual_local,0.0078125,0.0005390357067538669,0.9999998548712007,0.00616998585985665,0.0002540821702809715,0.0005049022649854502,True,True,True,False,True,True
569,110,mlp_down_all_blocks,15,16,actual_local,0.015625,0.0,1.0,0.01227312203691598,0.0,0.0005049022649854502,True,True,True,False,True,True
569,110,mlp_down_all_blocks,15,16,actual_local,0.03125,0.0016308081623428563,0.9999986705290966,0.02448510810308229,0.0002617816299864555,0.0005049022649854502,True,True,True,False,True,True
569,110,mlp_down_all_blocks,15,16,accumulated,0.0078125,0.002684297151515462,0.9999967033008331,0.018858822089765186,0.0011955470305718156,0.0003050033497855404,True,True,True,False,True,True
569,110,mlp_down_all_blocks,15,16,accumulated,0.015625,0.0,1.0,0.037862124779596475,0.0,0.0003050033497855404,True,True,True,False,True,True
569,110,mlp_down_all_blocks,15,16,accumulated,0.03125,0.011264039628720888,0.9999411185872098,0.07705783015482373,0.004888933392874032,0.0003050033497855404,True,True,True,False,True,True
569,110,mlp_down_all_blocks,15,16,donor,0.0078125,0.0003173142978576028,0.9999999496617162,0.0012774914572613032,0.0002009794093280783,0.0004470145203277216,True,True,True,False,True,True
569,110,mlp_down_all_blocks,15,16,donor,0.015625,0.0,1.0,0.0022603833766271413,0.0,0.0004470145203277216,True,True,True,False,True,True
569,110,mlp_down_all_blocks,15,16,donor,0.03125,0.00018055232540803833,0.9999999838045074,0.004489760807793696,0.00010821968194588831,0.0004470145203277216,True,True,True,False,True,True
569,110,mlp_down_all_blocks,15,16,isotropic,0.0078125,0.00033024819796290464,0.9999999454889289,0.0013204438325690353,0.00021230508001663414,0.00046026555530101964,True,True,True,False,True,True
569,110,mlp_down_all_blocks,15,16,isotropic,0.015625,0.0,1.0,0.002403729374769267,0.0,0.00046026555530101964,True,True,True,False,True,True
569,110,mlp_down_all_blocks,15,16,isotropic,0.03125,0.00017651254270433872,0.9999999846325128,0.004742489609834983,0.00010808258619028647,0.00046026555530101964,True,True,True,False,True,True
701,107,qkv_all_blocks,4,5,actual_local,0.0078125,0.0011284965832315747,0.9999993632508587,0.0016511321377526516,0.0006285814743030874,0.0015829272670961271,True,True,True,False,True,True
701,107,qkv_all_blocks,4,5,actual_local,0.015625,0.0,1.0,0.0009064741626572969,0.0,0.0015829272670961271,True,True,True,False,True,True
701,107,qkv_all_blocks,4,5,actual_local,0.03125,0.0005992053916551242,0.9999998204768873,0.0004778349343891297,0.000366672526676801,0.0015829272670961271,True,True,True,False,True,True
701,107,qkv_all_blocks,4,5,accumulated,0.0078125,0.0011284965832315747,0.9999993632508587,0.0016511321377526516,0.0006285814743030874,0.0015829272670961271,True,True,True,False,True,True
701,107,qkv_all_blocks,4,5,accumulated,0.015625,0.0,1.0,0.0009064741626572969,0.0,0.0015829272670961271,True,True,True,False,True,True
701,107,qkv_all_blocks,4,5,accumulated,0.03125,0.0005992053916551242,0.9999998204768873,0.0004778349343891297,0.000366672526676801,0.0015829272670961271,True,True,True,False,True,True
701,107,qkv_all_blocks,4,5,donor,0.0078125,0.00111016656857562,0.999999384159307,0.0016843993300432495,0.0006809309429529118,0.0015520209729343742,True,True,True,False,True,True
701,107,qkv_all_blocks,4,5,donor,0.015625,0.0,0.9999999999999999,0.0008995347827964075,0.0,0.0015520209729343742,True,True,True,False,True,True
701,107,qkv_all_blocks,4,5,donor,0.03125,0.0005884563134651722,0.9999998270451215,0.0004821607994053378,0.00036665512312849093,0.0015520209729343742,True,True,True,False,True,True
701,107,qkv_all_blocks,4,5,isotropic,0.0078125,0.0011101371960086604,0.999999384025441,0.0016102541731902109,0.0006291387597876527,0.001550601440898567,True,True,True,False,True,True
701,107,qkv_all_blocks,4,5,isotropic,0.015625,0.0,1.0,0.0009083724583555558,0.0,0.001550601440898567,True,True,True,False,True,True
701,107,qkv_all_blocks,4,5,isotropic,0.03125,0.000598224565305979,0.9999998211558442,0.0004709859929278229,0.0003669976098761308,0.001550601440898567,True,True,True,False,True,True
701,107,qkv_all_blocks,10,11,actual_local,0.0078125,0.0020196400956782124,0.9999979618448699,0.002956078052277049,0.00133727460752741,0.0028433413967047638,True,True,True,False,True,True
701,107,qkv_all_blocks,10,11,actual_local,0.015625,0.0,1.0,0.0016073624694978674,0.0,0.0028433413967047638,True,True,True,False,True,True
701,107,qkv_all_blocks,10,11,actual_local,0.03125,0.0011100566831185555,0.9999993845548169,0.0009371218494149006,0.000668637303763705,0.0028433413967047638,True,True,True,False,True,True
701,107,qkv_all_blocks,10,11,accumulated,0.0078125,0.0013002236511883668,0.9999991547130742,0.0019709223086640235,0.0008332292160408359,0.0018296103095422935,True,True,True,False,True,True
701,107,qkv_all_blocks,10,11,accumulated,0.015625,0.0,1.0,0.0011362264854591732,0.0,0.0018296103095422935,True,True,True,False,True,True
701,107,qkv_all_blocks,10,11,accumulated,0.03125,0.0006763251728608948,0.9999997712955858,0.0010822667538009003,0.00041661460802041797,0.0018296103095422935,True,True,True,False,True,True
701,107,qkv_all_blocks,10,11,donor,0.0078125,0.0019448409350608501,0.9999981091407534,0.0030115857664589694,0.0012186450505568456,0.002726545086933591,True,True,True,False,True,True
701,107,qkv_all_blocks,10,11,donor,0.015625,0.0,0.9999999999999998,0.00152696383330756,0.0,0.002726545086933591,True,True,True,False,True,True
701,107,qkv_all_blocks,10,11,donor,0.03125,0.00105378693126972,0.999999444898676,0.000811071813934108,0.0006723558899623976,0.002726545086933591,True,True,True,False,True,True
701,107,qkv_all_blocks,10,11,isotropic,0.0078125,0.0020246714761770817,0.9999979503510563,0.0030703675547445984,0.0012704892418260842,0.002843345537219971,True,True,True,False,True,True
701,107,qkv_all_blocks,10,11,isotropic,0.015625,0.0,0.9999999999999998,0.001540065933778646,0.0,0.002843345537219971,True,True,True,False,True,True
701,107,qkv_all_blocks,10,11,isotropic,0.03125,0.0010171933239024864,0.9999994831510248,0.0008439030239981069,0.0006719943097261932,0.002843345537219971,True,True,True,False,True,True
701,107,qkv_all_blocks,15,16,actual_local,0.0078125,0.0017719468120331672,0.9999984594027753,0.003046369852566288,0.0010541844080210602,0.002508693719479085,True,True,True,False,True,True
701,107,qkv_all_blocks,15,16,actual_local,0.015625,0.0,0.9999999999999999,0.0030411270760482925,0.0,0.002508693719479085,True,True,True,False,True,True
701,107,qkv_all_blocks,15,16,actual_local,0.03125,0.000917084687883225,0.9999995877343243,0.005399717510691916,0.0005750096771023965,0.002508693719479085,True,True,True,False,True,True
701,107,qkv_all_blocks,15,16,accumulated,0.0078125,0.0007187592192531442,0.9999997429304031,0.0054925223546837066,0.00043048329408194955,0.00099336132863672,True,True,True,False,True,True
701,107,qkv_all_blocks,15,16,accumulated,0.015625,0.0,1.0,0.010729882644078263,0.0,0.00099336132863672,True,True,True,False,True,True
701,107,qkv_all_blocks,15,16,accumulated,0.03125,0.0006667901900511868,0.999999838476898,0.02145471219201749,0.00024214685292109662,0.00099336132863672,True,True,True,False,True,True
701,107,qkv_all_blocks,15,16,donor,0.0078125,0.0020884652251725267,0.9999978192700308,0.003095875368634621,0.0012564649162231814,0.0029320344486864726,True,True,True,False,True,True
701,107,qkv_all_blocks,15,16,donor,0.015625,0.0,1.0,0.001653388555260454,0.0,0.0029320344486864726,True,True,True,False,True,True
701,107,qkv_all_blocks,15,16,donor,0.03125,0.0011057748824937893,0.9999993886664378,0.001067768450015281,0.000685344499758099,0.0029320344486864726,True,True,True,False,True,True
701,107,qkv_all_blocks,15,16,isotropic,0.0078125,0.0020518664343623263,0.9999978955352637,0.003121888552040251,0.001229303677392102,0.0028845150986694643,True,True,True,False,True,True
701,107,qkv_all_blocks,15,16,isotropic,0.015625,0.0,1.0,0.0016968945628787983,0.0,0.0028845150986694643,True,True,True,False,True,True
701,107,qkv_all_blocks,15,16,isotropic,0.03125,0.0010912345761028878,0.9999994047438608,0.0010273176014854127,0.0006705292785775101,0.0028845150986694643,True,True,True,False,True,True
701,107,attention_output_all_blocks,4,5,actual_local,0.0078125,0.0093155539834937,0.9999566478107172,0.01364862057615297,0.006082362386965727,0.013054295038655659,True,True,True,False,True,True
701,107,attention_output_all_blocks,4,5,actual_local,0.015625,0.0,1.0,0.007367752537284081,0.0,0.013054295038655659,True,True,True,False,True,True
701,107,attention_output_all_blocks,4,5,actual_local,0.03125,0.0050775370289514385,0.9999871255682389,0.004017461240850859,0.0030411811934828634,0.013054295038655659,True,True,True,False,True,True
701,107,attention_output_all_blocks,4,5,accumulated,0.0078125,0.0093155539834937,0.9999566478107172,0.01364862057615297,0.006082362386965727,0.013054295038655659,True,True,True,False,True,True
701,107,attention_output_all_blocks,4,5,accumulated,0.015625,0.0,1.0,0.007367752537284081,0.0,0.013054295038655659,True,True,True,False,True,True
701,107,attention_output_all_blocks,4,5,accumulated,0.03125,0.0050775370289514385,0.9999871255682389,0.004017461240850859,0.0030411811934828634,0.013054295038655659,True,True,True,False,True,True
701,107,attention_output_all_blocks,4,5,donor,0.0078125,0.009032772195291775,0.9999592152879938,0.013112609073530469,0.006010311267862507,0.012623796478137075,True,True,True,False,True,True
701,107,attention_output_all_blocks,4,5,donor,0.015625,0.0,1.0,0.00733360251970629,0.0,0.012623796478137075,True,True,True,False,True,True
701,107,attention_output_all_blocks,4,5,donor,0.03125,0.004951078809998688,0.9999877452464199,0.003981064760810294,0.0030051556339312537,0.012623796478137075,True,True,True,False,True,True
701,107,attention_output_all_blocks,4,5,isotropic,0.0078125,0.007822017639521601,0.9999694322584681,0.011690498304966506,0.004958826429170272,0.010954042567172913,True,True,True,False,True,True
701,107,attention_output_all_blocks,4,5,isotropic,0.015625,0.0,1.0,0.006390279074109098,0.0,0.010954042567172913,True,True,True,False,True,True
701,107,attention_output_all_blocks,4,5,isotropic,0.03125,0.004350051007823818,0.9999905423354316,0.0034487073848020406,0.002479413214585136,0.010954042567172913,True,True,True,False,True,True
701,107,attention_output_all_blocks,10,11,actual_local,0.0078125,0.008894435802120938,0.9999604493070058,0.013340492007534364,0.005568850265212198,0.012463879797949225,True,True,True,False,True,True
701,107,attention_output_all_blocks,10,11,actual_local,0.015625,0.0,1.0,0.007106187801932402,0.0,0.012463879797949225,True,True,True,False,True,True
701,107,attention_output_all_blocks,10,11,actual_local,0.03125,0.004629154565451082,0.9999893240798661,0.0039961205887679855,0.0029700534747798386,0.012463879797949225,True,True,True,False,True,True
701,107,attention_output_all_blocks,10,11,accumulated,0.0078125,0.010980480579184316,0.9999397132214155,0.01752119899164527,0.006801891247561929,0.015351749458314383,True,True,True,False,True,True
701,107,attention_output_all_blocks,10,11,accumulated,0.015625,0.0,1.0,0.008925285889518715,0.0,0.015351749458314383,True,True,True,False,True,True
701,107,attention_output_all_blocks,10,11,accumulated,0.03125,0.005822543939113991,0.9999830589458655,0.004698056466870827,0.003886794998606817,0.015351749458314383,True,True,True,False,True,True
701,107,attention_output_all_blocks,10,11,donor,0.0078125,0.008282801354741789,0.999965788940197,0.011866300520142523,0.005064592703637615,0.01140447762538166,True,True,True,False,True,True
701,107,attention_output_all_blocks,10,11,donor,0.015625,0.0,1.0,0.006296450668680338,0.0,0.01140447762538166,True,True,True,False,True,True
701,107,attention_output_all_blocks,10,11,donor,0.03125,0.004026564922081519,0.9999918950767606,0.003257678032380624,0.0025322963518188074,0.01140447762538166,True,True,True,False,True,True
701,107,attention_output_all_blocks,10,11,isotropic,0.0078125,0.007249614527901705,0.9999737223362573,0.010962473383401497,0.00424694115745088,0.010211593517656775,True,True,True,False,True,True
701,107,attention_output_all_blocks,10,11,isotropic,0.015625,0.0,1.0,0.006015983768968916,0.0,0.010211593517656775,True,True,True,False,True,True
701,107,attention_output_all_blocks,10,11,isotropic,0.03125,0.003906767480107878,0.999992368678179,0.0030036721356015874,0.002300426460285893,0.010211593517656775,True,True,True,False,True,True
701,107,attention_output_all_blocks,15,16,actual_local,0.0078125,0.003813783215159314,0.9999928278533036,0.005886612927047582,0.0022214417401701034,0.005343757329522746,True,True,True,False,True,True
701,107,attention_output_all_blocks,15,16,actual_local,0.015625,0.0,0.9999999999999998,0.003619481394598394,0.0,0.005343757329522746,True,True,True,False,True,True
701,107,attention_output_all_blocks,15,16,actual_local,0.03125,0.0020024056622381446,0.9999980101510068,0.003677309222446655,0.001269395280097202,0.005343757329522746,True,True,True,False,True,True
701,107,attention_output_all_blocks,15,16,accumulated,0.0078125,0.0030139712588480756,0.9999954762970463,0.005082324047183241,0.0018126666505754276,0.004210568577105006,True,True,True,False,True,True
701,107,attention_output_all_blocks,15,16,accumulated,0.015625,0.0,1.0,0.0039638057318154675,0.0,0.004210568577105006,True,True,True,False,True,True
701,107,attention_output_all_blocks,15,16,accumulated,0.03125,0.001488706149908345,0.9999989009811852,0.006355922821427181,0.0009063333252877138,0.004210568577105006,True,True,True,False,True,True
701,107,attention_output_all_blocks,15,16,donor,0.0078125,0.003740221318788208,0.9999930093619971,0.00559375696012574,0.002124021086420765,0.005286237421816885,True,True,True,False,True,True
701,107,attention_output_all_blocks,15,16,donor,0.015625,0.0,1.0,0.0029379878651718165,0.0,0.005286237421816885,True,True,True,False,True,True
701,107,attention_output_all_blocks,15,16,donor,0.03125,0.0020007288118213695,0.9999979987360684,0.0016052156281477774,0.0012213121246919397,0.005286237421816885,True,True,True,False,True,True
701,107,attention_output_all_blocks,15,16,isotropic,0.0078125,0.003566363804476633,0.9999936413770284,0.0056202509442086455,0.002077838580462728,0.004993858306519718,True,True,True,False,True,True
701,107,attention_output_all_blocks,15,16,isotropic,0.015625,0.0,1.0,0.0029359504378455763,0.0,0.004993858306519718,True,True,True,False,True,True
701,107,attention_output_all_blocks,15,16,isotropic,0.03125,0.0018398121921855111,0.9999983077214945,0.0015230908040263873,0.001038919290231364,0.004993858306519718,True,True,True,False,True,True
701,107,mlp_down_all_blocks,4,5,actual_local,0.0078125,0.00011119561273485882,0.9999999938220882,0.00020581497733373994,6.918825933440486e-05,0.0001560051992049946,True,True,True,False,True,True
701,107,mlp_down_all_blocks,4,5,actual_local,0.015625,0.0,1.0,0.00024463072417006427,0.0,0.0001560051992049946,True,True,True,False,True,True
701,107,mlp_down_all_blocks,4,5,actual_local,0.03125,5.9982516248577e-05,0.9999999982010976,0.00045357973048521297,3.651602575982479e-05,0.0001560051992049946,True,True,True,False,True,True
701,107,mlp_down_all_blocks,4,5,accumulated,0.0078125,0.00011119561273485882,0.9999999938220882,0.00020581497733373994,6.918825933440486e-05,0.0001560051992049946,True,True,True,False,True,True
701,107,mlp_down_all_blocks,4,5,accumulated,0.015625,0.0,1.0,0.00024463072417006427,0.0,0.0001560051992049946,True,True,True,False,True,True
701,107,mlp_down_all_blocks,4,5,accumulated,0.03125,5.9982516248577e-05,0.9999999982010976,0.00045357973048521297,3.651602575982479e-05,0.0001560051992049946,True,True,True,False,True,True
701,107,mlp_down_all_blocks,4,5,donor,0.0078125,0.00010443670097927692,0.9999999945471183,0.00016394727893563293,6.128514166446043e-05,0.0001463884084212809,True,True,True,False,True,True
701,107,mlp_down_all_blocks,4,5,donor,0.015625,0.0,1.0,0.0001023354479435369,0.0,0.0001463884084212809,True,True,True,False,True,True
701,107,mlp_down_all_blocks,4,5,donor,0.03125,5.486464366544689e-05,0.9999999984949594,0.00012226262515844963,3.0642570832230215e-05,0.0001463884084212809,True,True,True,False,True,True
701,107,mlp_down_all_blocks,4,5,isotropic,0.0078125,0.00010617196670103149,0.9999999943658185,0.00016366965662197752,6.131389489968748e-05,0.00014823028454743868,True,True,True,False,True,True
701,107,mlp_down_all_blocks,4,5,isotropic,0.015625,0.0,0.9999999999999999,0.00012358282818582969,0.0,0.00014823028454743868,True,True,True,False,True,True
701,107,mlp_down_all_blocks,4,5,isotropic,0.03125,5.6457511962667916e-05,0.9999999984063052,0.0001844298239378884,3.4489065881074204e-05,0.00014823028454743868,True,True,True,False,True,True
701,107,mlp_down_all_blocks,10,11,actual_local,0.0078125,0.0003912673163045347,0.9999999257254653,0.006896465863492274,0.00020887770657730757,0.000295599347307122,True,True,True,False,True,True
701,107,mlp_down_all_blocks,10,11,actual_local,0.015625,0.0,0.9999999999999999,0.013767358148002241,0.0,0.000295599347307122,True,True,True,False,True,True
701,107,mlp_down_all_blocks,10,11,actual_local,0.03125,0.0012682540031491816,0.9999992226168095,0.027493332407879212,0.0006005234064097592,0.000295599347307122,True,True,True,False,True,True
701,107,mlp_down_all_blocks,10,11,accumulated,0.0078125,0.0026503569751303406,0.9999964887628888,0.022044223036727466,0.00047025684332524796,0.00020119103222086636,True,True,True,False,True,True
701,107,mlp_down_all_blocks,10,11,accumulated,0.015625,0.0,0.9999999999999998,0.04418724177407229,0.0,0.00020119103222086636,True,True,True,False,True,True
701,107,mlp_down_all_blocks,10,11,accumulated,0.03125,0.01070001666739568,0.99994280078834,0.08921012752693737,0.00179145464123904,0.00020119103222086636,True,True,True,False,True,True
701,107,mlp_down_all_blocks,10,11,donor,0.0078125,0.0001761497071756474,0.9999999844892713,0.0005889557212475914,9.974523199556103e-05,0.00024731070579714413,True,True,True,False,True,True
701,107,mlp_down_all_blocks,10,11,donor,0.015625,0.0,0.9999999999999999,0.0011164454638177565,0.0,0.00024731070579714413,True,True,True,False,True,True
701,107,mlp_down_all_blocks,10,11,donor,0.03125,9.880014773812183e-05,0.9999999951196724,0.00221843181030025,5.9223731497364355e-05,0.00024731070579714413,True,True,True,False,True,True
701,107,mlp_down_all_blocks,10,11,isotropic,0.0078125,0.00018068991241990774,0.999999983676611,0.0006333309624407934,0.00011257688709267798,0.0002516849891917403,True,True,True,False,True,True
701,107,mlp_down_all_blocks,10,11,isotropic,0.015625,0.0,1.0,0.00114433498880899,0.0,0.0002516849891917403,True,True,True,False,True,True
701,107,mlp_down_all_blocks,10,11,isotropic,0.03125,9.304457031602168e-05,0.9999999956761123,0.0022695494520281606,5.628844354633899e-05,0.0002516849891917403,True,True,True,False,True,True
701,107,mlp_down_all_blocks,15,16,actual_local,0.0078125,0.001787585463151197,0.9999984073425675,0.0313738486152584,0.0005354362241676341,0.0003162483766577643,True,True,True,False,True,True
701,107,mlp_down_all_blocks,15,16,actual_local,0.015625,0.0,1.0,0.06252606905286645,0.0,0.0003162483766577643,True,True,True,False,True,True
701,107,mlp_down_all_blocks,15,16,actual_local,0.03125,0.006884106371757808,0.9999764088712916,0.12344716222950144,0.0018294070992394165,0.0003162483766577643,True,True,True,False,True,True
701,107,mlp_down_all_blocks,15,16,accumulated,0.0078125,0.004180005223720794,0.9999917691661263,0.049348028965509314,0.0015994063931551881,0.0007968169359610365,True,True,True,False,True,True
701,107,mlp_down_all_blocks,15,16,accumulated,0.015625,0.0,1.0,0.09755304918465817,0.0,0.0007968169359610365,True,True,True,False,True,True
701,107,mlp_down_all_blocks,15,16,accumulated,0.03125,0.0157354980026237,0.9998869844216433,0.18684611362789363,0.005957019321049491,0.0007968169359610365,False,True,False,False,True,True
701,107,mlp_down_all_blocks,15,16,donor,0.0078125,0.00027761595058465243,0.9999999614648857,0.001115218360509847,0.00016267481746803884,0.00038849598065887186,True,True,True,False,True,True
701,107,mlp_down_all_blocks,15,16,donor,0.015625,0.0,1.0,0.0020965510533030025,0.0,0.00038849598065887186,True,True,True,False,True,True
701,107,mlp_down_all_blocks,15,16,donor,0.03125,0.00013280661930694737,0.9999999912162351,0.004134743830937252,8.459090508338019e-05,0.00038849598065887186,True,True,True,False,True,True
701,107,mlp_down_all_blocks,15,16,isotropic,0.0078125,0.00026445679092698644,0.999999965031521,0.0012150186454028447,0.00015834098578335114,0.0003714345367229888,True,True,True,False,True,True
701,107,mlp_down_all_blocks,15,16,isotropic,0.015625,0.0,1.0,0.0022827800020477607,0.0,0.0003714345367229888,True,True,True,False,True,True
701,107,mlp_down_all_blocks,15,16,isotropic,0.03125,0.00013492941100921394,0.9999999909170068,0.004535734158591198,7.917049289167557e-05,0.0003714345367229888,True,True,True,False,True,True
701,108,qkv_all_blocks,4,5,actual_local,0.0078125,0.001094240370670461,0.9999994015913379,0.0016655762017176686,0.0006178578440941557,0.0015305001553396536,True,True,True,False,True,True
701,108,qkv_all_blocks,4,5,actual_local,0.015625,0.0,0.9999999999999999,0.000869090356624078,0.0,0.0015305001553396536,True,True,True,False,True,True
701,108,qkv_all_blocks,4,5,actual_local,0.03125,0.0005819478634344209,0.9999998306896665,0.0004692716219263286,0.0003604170757215908,0.0015305001553396536,True,True,True,False,True,True
701,108,qkv_all_blocks,4,5,accumulated,0.0078125,0.001094240370670461,0.9999994015913379,0.0016655762017176686,0.0006178578440941557,0.0015305001553396536,True,True,True,False,True,True
701,108,qkv_all_blocks,4,5,accumulated,0.015625,0.0,0.9999999999999999,0.000869090356624078,0.0,0.0015305001553396536,True,True,True,False,True,True
701,108,qkv_all_blocks,4,5,accumulated,0.03125,0.0005819478634344209,0.9999998306896665,0.0004692716219263286,0.0003604170757215908,0.0015305001553396536,True,True,True,False,True,True
701,108,qkv_all_blocks,4,5,donor,0.0078125,0.0010956236392241818,0.9999993999248608,0.0016482289748371317,0.0006700669849584555,0.0015356641415175472,True,True,True,False,True,True
701,108,qkv_all_blocks,4,5,donor,0.015625,0.0,1.0,0.0008693928887625045,0.0,0.0015356641415175472,True,True,True,False,True,True
701,108,qkv_all_blocks,4,5,donor,0.03125,0.0006111522491242837,0.9999998132485279,0.00045819340521859357,0.00036080529959301447,0.0015356641415175472,True,True,True,False,True,True
701,108,qkv_all_blocks,4,5,isotropic,0.0078125,0.0010981299163966823,0.9999993975537592,0.0016455947848992875,0.0006438030268043309,0.0015373238372589242,True,True,True,False,True,True
701,108,qkv_all_blocks,4,5,isotropic,0.015625,0.0,1.0,0.0008647770300441916,0.0,0.0015373238372589242,True,True,True,False,True,True
701,108,qkv_all_blocks,4,5,isotropic,0.03125,0.0005994474951573224,0.9999998204670663,0.00047237610787627626,0.0003605296950104253,0.0015373238372589242,True,True,True,False,True,True
701,108,qkv_all_blocks,10,11,actual_local,0.0078125,0.002129068759158799,0.999997733894965,0.0032571083851763013,0.0013929779079460691,0.0029787519940259136,True,True,True,False,True,True
701,108,qkv_all_blocks,10,11,actual_local,0.015625,0.0,1.0,0.0016639969287900625,0.0,0.0029787519940259136,True,True,True,False,True,True
701,108,qkv_all_blocks,10,11,actual_local,0.03125,0.0010983534989085415,0.9999993968293988,0.0010033589979184757,0.0006964889539730346,0.0029787519940259136,True,True,True,False,True,True
701,108,qkv_all_blocks,10,11,accumulated,0.0078125,0.0013101962893122031,0.9999991417090313,0.002023398877738317,0.0008336471452687643,0.001824595110953411,True,True,True,False,True,True
701,108,qkv_all_blocks,10,11,accumulated,0.015625,0.0,1.0,0.0012394825783081924,0.0,0.001824595110953411,True,True,True,False,True,True
701,108,qkv_all_blocks,10,11,accumulated,0.03125,0.0006627409017322053,0.9999997804414988,0.0014028857572086408,0.00041682357263438216,0.001824595110953411,True,True,True,False,True,True
701,108,qkv_all_blocks,10,11,donor,0.0078125,0.0020314731931262756,0.999997936775762,0.0029569788941806014,0.0013865914853224918,0.0028287579845565963,True,True,True,False,True,True
701,108,qkv_all_blocks,10,11,donor,0.015625,0.0,1.0,0.0015951259385252586,0.0,0.0028287579845565963,True,True,True,False,True,True
701,108,qkv_all_blocks,10,11,donor,0.03125,0.0010688170524246795,0.9999994288722905,0.0008665960496480834,0.0006932957426612459,0.0028287579845565963,True,True,True,False,True,True
701,108,qkv_all_blocks,10,11,isotropic,0.0078125,0.0019999082459127844,0.999998000478432,0.003019891718662597,0.0012981658591182698,0.00281515927245616,True,True,True,False,True,True
701,108,qkv_all_blocks,10,11,isotropic,0.015625,0.0,1.0,0.00161423335432273,0.0,0.00281515927245616,True,True,True,False,True,True
701,108,qkv_all_blocks,10,11,isotropic,0.03125,0.0010423202705845524,0.9999994577627164,0.0008925920352574453,0.0006923551248630772,0.00281515927245616,True,True,True,False,True,True
701,108,qkv_all_blocks,15,16,actual_local,0.0078125,0.002498155132544396,0.9999968848254948,0.003934826309889911,0.0015097886750677853,0.0035190888422735045,True,True,True,False,True,True
701,108,qkv_all_blocks,15,16,actual_local,0.015625,0.0,1.0,0.002311613772207243,0.0,0.0035190888422735045,True,True,True,False,True,True
701,108,qkv_all_blocks,15,16,actual_local,0.03125,0.0012489881058514478,0.9999992215195879,0.00250877734129549,0.0007863482682644716,0.0035190888422735045,True,True,True,False,True,True
701,108,qkv_all_blocks,15,16,accumulated,0.0078125,0.0012299132160305114,0.9999992441894353,0.002424274257971906,0.0007612032408802799,0.0017263308382496415,True,True,True,False,True,True
701,108,qkv_all_blocks,15,16,accumulated,0.015625,0.0,0.9999999999999999,0.0029740026853166345,0.0,0.0017263308382496415,True,True,True,False,True,True
701,108,qkv_all_blocks,15,16,accumulated,0.03125,0.0006355355735222352,0.9999997981998283,0.00565649087077646,0.00039646002129181245,0.0017263308382496415,True,True,True,False,True,True
701,108,qkv_all_blocks,15,16,donor,0.0078125,0.0025058915311973453,0.9999968621194584,0.00391328444080707,0.001557856483592465,0.0035176256954791286,True,True,True,False,True,True
701,108,qkv_all_blocks,15,16,donor,0.015625,0.0,1.0,0.0019615963844768153,0.0,0.0035176256954791286,True,True,True,False,True,True
701,108,qkv_all_blocks,15,16,donor,0.03125,0.0012598486626317082,0.9999992077461405,0.00123050652323799,0.0007789282417962325,0.0035176256954791286,True,True,True,False,True,True
701,108,qkv_all_blocks,15,16,isotropic,0.0078125,0.002412472583936594,0.9999970901797248,0.003714824366383074,0.0015601643947020952,0.0033986420973067945,True,True,True,False,True,True
701,108,qkv_all_blocks,15,16,isotropic,0.015625,0.0,1.0,0.0019718911268555624,0.0,0.0033986420973067945,True,True,True,False,True,True
701,108,qkv_all_blocks,15,16,isotropic,0.03125,0.0012393328001323366,0.9999992322008744,0.0011071820351204454,0.0007800821973510476,0.0033986420973067945,True,True,True,False,True,True
701,108,attention_output_all_blocks,4,5,actual_local,0.0078125,0.008696607222569973,0.9999622182314428,0.013017126917502644,0.005332026228638181,0.01217917308669182,True,True,True,False,True,True
701,108,attention_output_all_blocks,4,5,actual_local,0.015625,0.0,0.9999999999999998,0.007116425531889811,0.0,0.01217917308669182,True,True,True,False,True,True
701,108,attention_output_all_blocks,4,5,actual_local,0.03125,0.004763833169553963,0.9999886561859691,0.0038770677860109465,0.0029083779428935534,0.01217917308669182,True,True,True,False,True,True
701,108,attention_output_all_blocks,4,5,accumulated,0.0078125,0.008696607222569973,0.9999622182314428,0.013017126917502644,0.005332026228638181,0.01217917308669182,True,True,True,False,True,True
701,108,attention_output_all_blocks,4,5,accumulated,0.015625,0.0,0.9999999999999998,0.007116425531889811,0.0,0.01217917308669182,True,True,True,False,True,True
701,108,attention_output_all_blocks,4,5,accumulated,0.03125,0.004763833169553963,0.9999886561859691,0.0038770677860109465,0.0029083779428935534,0.01217917308669182,True,True,True,False,True,True
701,108,attention_output_all_blocks,4,5,donor,0.0078125,0.008953930069178145,0.9999599132796637,0.013635395835779026,0.005644248645821054,0.012543288779177403,True,True,True,False,True,True
701,108,attention_output_all_blocks,4,5,donor,0.015625,0.0,1.0,0.007344767973153782,0.0,0.012543288779177403,True,True,True,False,True,True
701,108,attention_output_all_blocks,4,5,donor,0.03125,0.004934113706652325,0.9999878282948103,0.003923414528749015,0.002944825380428376,0.012543288779177403,True,True,True,False,True,True
701,108,attention_output_all_blocks,4,5,isotropic,0.0078125,0.007862343378856721,0.9999691143181675,0.011437444678256576,0.0047922803788447085,0.01092741514955731,True,True,True,False,True,True
701,108,attention_output_all_blocks,4,5,isotropic,0.015625,0.0,1.0,0.006356280700411447,0.0,0.01092741514955731,True,True,True,False,True,True
701,108,attention_output_all_blocks,4,5,isotropic,0.03125,0.004257504825970591,0.999990937301456,0.003447325631368478,0.0023961401894223543,0.01092741514955731,True,True,True,False,True,True
701,108,attention_output_all_blocks,10,11,actual_local,0.0078125,0.012813892071611054,0.9999179771869939,0.01898555812148652,0.008059489278392793,0.018005790101033637,True,True,True,False,True,True
701,108,attention_output_all_blocks,10,11,actual_local,0.015625,0.0,1.0,0.009906611183457944,0.0,0.018005790101033637,True,True,True,False,True,True
701,108,attention_output_all_blocks,10,11,actual_local,0.03125,0.006866360496324592,0.9999764712652139,0.0053344773969616925,0.004605422444795881,0.018005790101033637,True,True,True,False,True,True
701,108,attention_output_all_blocks,10,11,accumulated,0.0078125,0.007501512982644933,0.9999719744996006,0.011194904452329419,0.004455193977518071,0.010531651557312317,True,True,True,False,True,True
701,108,attention_output_all_blocks,10,11,accumulated,0.015625,0.0,0.9999999999999998,0.0061306446043170775,0.0,0.010531651557312317,True,True,True,False,True,True
701,108,attention_output_all_blocks,10,11,accumulated,0.03125,0.004100490570313318,0.9999915932915637,0.003886088972002975,0.0025458251300103265,0.010531651557312317,True,True,True,False,True,True
701,108,attention_output_all_blocks,10,11,donor,0.0078125,0.010113162406297931,0.9999489016957426,0.01497012296290701,0.006110537186788265,0.014136253563719942,True,True,True,False,True,True
701,108,attention_output_all_blocks,10,11,donor,0.015625,0.0,1.0,0.008049147354730399,0.0,0.014136253563719942,True,True,True,False,True,True
701,108,attention_output_all_blocks,10,11,donor,0.03125,0.005267178446739508,0.9999861285094074,0.0042710947944297195,0.003306184371595583,0.014136253563719942,True,True,True,False,True,True
701,108,attention_output_all_blocks,10,11,isotropic,0.0078125,0.00912117963387473,0.9999584118216507,0.013094500649791207,0.0052042090724363005,0.012781069193615009,True,True,True,False,True,True
701,108,attention_output_all_blocks,10,11,isotropic,0.015625,0.0,1.0,0.007019090176431268,0.0,0.012781069193615009,True,True,True,False,True,True
701,108,attention_output_all_blocks,10,11,isotropic,0.03125,0.004690402018517759,0.999989002904682,0.0037250856806157473,0.003035788625587842,0.012781069193615009,True,True,True,False,True,True
701,108,attention_output_all_blocks,15,16,actual_local,0.0078125,0.0046881480852979975,0.9999890162877032,0.007424489786454733,0.0030520089527448116,0.006573421210436574,True,True,True,False,True,True
701,108,attention_output_all_blocks,15,16,actual_local,0.015625,0.0,1.0,0.0038704230254138416,0.0,0.006573421210436574,True,True,True,False,True,True
701,108,attention_output_all_blocks,15,16,actual_local,0.03125,0.002392998914898836,0.9999971386300311,0.0024580826742128833,0.0015260044763724058,0.006573421210436574,True,True,True,False,True,True
701,108,attention_output_all_blocks,15,16,accumulated,0.0078125,0.004058370362480121,0.9999917688811659,0.006606619754658177,0.0025251394615099245,0.005733674871428066,True,True,True,False,True,True
701,108,attention_output_all_blocks,15,16,accumulated,0.015625,0.0,0.9999999999999999,0.003637741362178128,0.0,0.005733674871428066,True,True,True,False,True,True
701,108,attention_output_all_blocks,15,16,accumulated,0.03125,0.0021150822884263925,0.9999977672886957,0.003441851115368969,0.0013151768028697524,0.005733674871428066,True,True,True,False,True,True
701,108,attention_output_all_blocks,15,16,donor,0.0078125,0.0046618975579366005,0.9999891333506794,0.007243636619614077,0.003049382757838459,0.00657175490940064,True,True,True,False,True,True
701,108,attention_output_all_blocks,15,16,donor,0.015625,0.0,1.0,0.0038262174332175047,0.0,0.00657175490940064,True,True,True,False,True,True
701,108,attention_output_all_blocks,15,16,donor,0.03125,0.00239819123256958,0.99999712526823,0.0019138240881798885,0.0015246913789192294,0.00657175490940064,True,True,True,False,True,True
701,108,attention_output_all_blocks,15,16,isotropic,0.0078125,0.004575847253678284,0.9999895307801491,0.0069863685350274405,0.002912855441604059,0.006456045218181689,True,True,True,False,True,True
701,108,attention_output_all_blocks,15,16,isotropic,0.015625,0.0,0.9999999999999998,0.0035442923429624064,0.0,0.006456045218181689,True,True,True,False,True,True
701,108,attention_output_all_blocks,15,16,isotropic,0.03125,0.0023734379873037695,0.9999971844799447,0.0018744960064255077,0.0014564277208020295,0.006456045218181689,True,True,True,False,True,True
701,108,mlp_down_all_blocks,4,5,actual_local,0.0078125,0.00010969580343643919,0.9999999939961149,0.00019242449638526388,6.283242818382821e-05,0.000153883754786459,True,True,True,False,True,True
701,108,mlp_down_all_blocks,4,5,actual_local,0.015625,0.0,1.0,0.0002140112558053168,0.0,0.000153883754786459,True,True,True,False,True,True
701,108,mlp_down_all_blocks,4,5,actual_local,0.03125,5.901954201104003e-05,0.9999999982595684,0.0003959664011216956,3.534324085340337e-05,0.000153883754786459,True,True,True,False,True,True
701,108,mlp_down_all_blocks,4,5,accumulated,0.0078125,0.00010969580343643919,0.9999999939961149,0.00019242449638526388,6.283242818382821e-05,0.000153883754786459,True,True,True,False,True,True
701,108,mlp_down_all_blocks,4,5,accumulated,0.015625,0.0,1.0,0.0002140112558053168,0.0,0.000153883754786459,True,True,True,False,True,True
701,108,mlp_down_all_blocks,4,5,accumulated,0.03125,5.901954201104003e-05,0.9999999982595684,0.0003959664011216956,3.534324085340337e-05,0.000153883754786459,True,True,True,False,True,True
701,108,mlp_down_all_blocks,4,5,donor,0.0078125,0.00010573480998707797,0.9999999944100756,0.00016404835736500803,6.256707534355789e-05,0.00014764731181122174,True,True,True,False,True,True
701,108,mlp_down_all_blocks,4,5,donor,0.015625,0.0,1.0,0.00011191204820385281,0.0,0.00014764731181122174,True,True,True,False,True,True
701,108,mlp_down_all_blocks,4,5,donor,0.03125,5.630563370634084e-05,0.9999999984149908,0.00015567485813738717,3.323875877626513e-05,0.00014764731181122174,True,True,True,False,True,True
701,108,mlp_down_all_blocks,4,5,isotropic,0.0078125,0.00010536396461323537,0.9999999944502069,0.00015865510756818158,6.255853286473768e-05,0.00014748697341674592,True,True,True,False,True,True
701,108,mlp_down_all_blocks,4,5,isotropic,0.015625,0.0,0.9999999999999999,0.00010737483986384745,0.0,0.00014748697341674592,True,True,True,False,True,True
701,108,mlp_down_all_blocks,4,5,isotropic,0.03125,5.6506988348112727e-05,0.9999999984036249,0.00014469099448977452,3.127926643236884e-05,0.00014748697341674592,True,True,True,False,True,True
701,108,mlp_down_all_blocks,10,11,actual_local,0.0078125,0.0005352917628119087,0.9999998698591738,0.008579629989030575,0.00024865285740979093,0.0002969422465129235,True,True,True,False,True,True
701,108,mlp_down_all_blocks,10,11,actual_local,0.015625,0.0,1.0,0.017094695884916758,0.0,0.0002969422465129235,True,True,True,False,True,True
701,108,mlp_down_all_blocks,10,11,actual_local,0.03125,0.0019473037271281663,0.9999983034004702,0.034096649358163755,0.0007114234531446796,0.0002969422465129235,True,True,True,False,True,True
701,108,mlp_down_all_blocks,10,11,accumulated,0.0078125,0.002135876385925834,0.9999978433205351,0.0243345460203335,0.0009541436816712452,0.00024086336899050887,True,True,True,False,True,True
701,108,mlp_down_all_blocks,10,11,accumulated,0.015625,0.0,0.9999999999999998,0.04850714079567026,0.0,0.00024086336899050887,True,True,True,False,True,True
701,108,mlp_down_all_blocks,10,11,accumulated,0.03125,0.008335614499571046,0.9999672695696115,0.09575678846859703,0.0037257260851196036,0.00024086336899050887,True,True,True,False,True,True
701,108,mlp_down_all_blocks,10,11,donor,0.0078125,0.00019169307084925964,0.9999999816299455,0.000615869525984364,0.0001182176261045897,0.00026909501243137777,True,True,True,False,True,True
701,108,mlp_down_all_blocks,10,11,donor,0.015625,0.0,0.9999999999999998,0.0010715679628847713,0.0,0.00026909501243137777,True,True,True,False,True,True
701,108,mlp_down_all_blocks,10,11,donor,0.03125,0.00010252144705709434,0.9999999947520749,0.0021052301622877397,6.372013889325403e-05,0.00026909501243137777,True,True,True,False,True,True
701,108,mlp_down_all_blocks,10,11,isotropic,0.0078125,0.00019182827293614768,0.9999999816041563,0.0005638933061091232,0.00011393961192253121,0.00026940826338468554,True,True,True,False,True,True
701,108,mlp_down_all_blocks,10,11,isotropic,0.015625,0.0,1.0,0.0009603507417702523,0.0,0.00026940826338468554,True,True,True,False,True,True
701,108,mlp_down_all_blocks,10,11,isotropic,0.03125,0.00010298974026162642,0.9999999946969685,0.001884599341577114,6.367213607435568e-05,0.00026940826338468554,True,True,True,False,True,True
701,108,mlp_down_all_blocks,15,16,actual_local,0.0078125,0.00039448818127419717,0.9999999223188847,0.004044082594973268,0.0002535001467712243,0.0005486771757427327,True,True,True,False,True,True
701,108,mlp_down_all_blocks,15,16,actual_local,0.015625,0.0,1.0,0.008037866538174286,0.0,0.0005486771757427327,True,True,True,False,True,True
701,108,mlp_down_all_blocks,15,16,actual_local,0.03125,0.0003191920059635932,0.9999999503601309,0.016051800951770518,0.00018107153340801734,0.0005486771757427327,True,True,True,False,True,True
701,108,mlp_down_all_blocks,15,16,accumulated,0.0078125,0.008112999507234249,0.9999721821977935,0.07485066934717537,0.0012255945615264623,0.0034051734925185776,True,True,True,False,True,True
701,108,mlp_down_all_blocks,15,16,accumulated,0.015625,0.0,1.0,0.1426744171227792,0.0,0.0034051734925185776,True,True,True,False,True,True
701,108,mlp_down_all_blocks,15,16,accumulated,0.03125,0.0349397588605598,0.9994781095182604,0.24225514618875882,0.004523465260833918,0.0034051734925185776,False,True,False,False,True,True
701,108,mlp_down_all_blocks,15,16,donor,0.0078125,0.00033280642327406787,0.9999999446389751,0.0009873488878099843,0.0002135579836358509,0.0004694183453493183,True,True,True,False,True,True
701,108,mlp_down_all_blocks,15,16,donor,0.015625,0.0,0.9999999999999999,0.0017044318743221932,0.0,0.0004694183453493183,True,True,True,False,True,True
701,108,mlp_down_all_blocks,15,16,donor,0.03125,0.00017203420700035696,0.9999999852021713,0.0033742177001249204,0.00010677899181792545,0.0004694183453493183,True,True,True,False,True,True
701,108,mlp_down_all_blocks,15,16,isotropic,0.0078125,0.0003343638755142646,0.9999999441483306,0.0012284746258651225,0.00020856298623844838,0.00047252708599602734,True,True,True,False,True,True
701,108,mlp_down_all_blocks,15,16,isotropic,0.015625,0.0,1.0,0.0022801761784563735,0.0,0.00047252708599602734,True,True,True,False,True,True
701,108,mlp_down_all_blocks,15,16,isotropic,0.03125,0.00018770058979154265,0.9999999824246731,0.004504072990164177,0.0001167952722935311,0.00047252708599602734,True,True,True,False,True,True
701,109,qkv_all_blocks,4,5,actual_local,0.0078125,0.0011925687033478084,0.9999992894191883,0.0017490937768163835,0.0007377571579621489,0.001666601295012346,True,True,True,False,True,True
701,109,qkv_all_blocks,4,5,actual_local,0.015625,0.0,0.9999999999999999,0.0009508207312383443,0.0,0.001666601295012346,True,True,True,False,True,True
701,109,qkv_all_blocks,4,5,actual_local,0.03125,0.000636509513971856,0.999999797496756,0.0004999562913789237,0.0003985206076491965,0.001666601295012346,True,True,True,False,True,True
701,109,qkv_all_blocks,4,5,accumulated,0.0078125,0.0011925687033478084,0.9999992894191883,0.0017490937768163835,0.0007377571579621489,0.001666601295012346,True,True,True,False,True,True
701,109,qkv_all_blocks,4,5,accumulated,0.015625,0.0,0.9999999999999999,0.0009508207312383443,0.0,0.001666601295012346,True,True,True,False,True,True
701,109,qkv_all_blocks,4,5,accumulated,0.03125,0.000636509513971856,0.999999797496756,0.0004999562913789237,0.0003985206076491965,0.001666601295012346,True,True,True,False,True,True
701,109,qkv_all_blocks,4,5,donor,0.0078125,0.001135491470988224,0.9999993553402027,0.0017334508068177332,0.0007037784989901935,0.001589495172484284,True,True,True,False,True,True
701,109,qkv_all_blocks,4,5,donor,0.015625,0.0,0.9999999999999999,0.0008972580033219973,0.0,0.001589495172484284,True,True,True,False,True,True
701,109,qkv_all_blocks,4,5,donor,0.03125,0.0006125451535610104,0.9999998125362857,0.0004932207423352536,0.0003683326723686994,0.001589495172484284,True,True,True,False,True,True
701,109,qkv_all_blocks,4,5,isotropic,0.0078125,0.0011646775234245164,0.9999993217637823,0.0016934978552181493,0.0007369595334872536,0.001629467849108917,True,True,True,False,True,True
701,109,qkv_all_blocks,4,5,isotropic,0.015625,0.0,1.0,0.0009358747705952201,0.0,0.001629467849108917,True,True,True,False,True,True
701,109,qkv_all_blocks,4,5,isotropic,0.03125,0.0006195983366728119,0.999999808206769,0.0004828713380798468,0.00037999475945436515,0.001629467849108917,True,True,True,False,True,True
701,109,qkv_all_blocks,10,11,actual_local,0.0078125,0.00206946425028886,0.9999978655914115,0.0034472576722057832,0.0013019386975418946,0.0029161404679122977,True,True,True,False,True,True
701,109,qkv_all_blocks,10,11,actual_local,0.015625,0.0,1.0,0.0018990773061288886,0.0,0.0029161404679122977,True,True,True,False,True,True
701,109,qkv_all_blocks,10,11,actual_local,0.03125,0.0011117827382663935,0.9999993838583162,0.0016918873140987925,0.0006509693487709473,0.0029161404679122977,True,True,True,False,True,True
701,109,qkv_all_blocks,10,11,accumulated,0.0078125,0.001396055018826503,0.999999026380408,0.0021030327268059252,0.0008168872447119053,0.0019655899079483504,True,True,True,False,True,True
701,109,qkv_all_blocks,10,11,accumulated,0.015625,0.0,1.0,0.0013286985431902852,0.0,0.0019655899079483504,True,True,True,False,True,True
701,109,qkv_all_blocks,10,11,accumulated,0.03125,0.0007907574964813223,0.9999996890933944,0.0014884000672851872,0.0004594990751504468,0.0019655899079483504,True,True,True,False,True,True
701,109,qkv_all_blocks,10,11,donor,0.0078125,0.0022695116736965297,0.9999974378358861,0.003264907471649043,0.001289598743896317,0.003166199716989759,True,True,True,False,True,True
701,109,qkv_all_blocks,10,11,donor,0.015625,0.0,0.9999999999999998,0.0016834148952591529,0.0,0.003166199716989759,True,True,True,False,True,True
701,109,qkv_all_blocks,10,11,donor,0.03125,0.0010466053321199948,0.9999994536722882,0.0010020094053280549,0.0006447993719481585,0.003166199716989759,True,True,True,False,True,True
701,109,qkv_all_blocks,10,11,isotropic,0.0078125,0.002122170478685733,0.9999977497552569,0.002942384776779318,0.001301733337995811,0.0029861606710022055,True,True,True,False,True,True
701,109,qkv_all_blocks,10,11,isotropic,0.015625,0.0,1.0,0.00163954427178877,0.0,0.0029861606710022055,True,True,True,False,True,True
701,109,qkv_all_blocks,10,11,isotropic,0.03125,0.0010564131195573215,0.999999442228186,0.0008299766329984117,0.0006508666689979055,0.0029861606710022055,True,True,True,False,True,True
701,109,qkv_all_blocks,15,16,actual_local,0.0078125,0.0019869232144629255,0.9999980261759949,0.0035537523526713265,0.0012785414393296339,0.0027909554453214957,True,True,True,False,True,True
701,109,qkv_all_blocks,15,16,actual_local,0.015625,0.0,1.0,0.004385813021522587,0.0,0.0027909554453214957,True,True,True,False,True,True
701,109,qkv_all_blocks,15,16,actual_local,0.03125,0.0010276964641220705,0.9999994724682699,0.008512326211811657,0.0006392707196648169,0.0027909554453214957,True,True,True,False,True,True
701,109,qkv_all_blocks,15,16,accumulated,0.0078125,0.0008145106021637023,0.9999996682897229,0.004847503974877716,0.0004949905178010656,0.0011296233581581776,True,True,True,False,True,True
701,109,qkv_all_blocks,15,16,accumulated,0.015625,0.0,0.9999999999999998,0.00948427057331661,0.0,0.0011296233581581776,True,True,True,False,True,True
701,109,qkv_all_blocks,15,16,accumulated,0.03125,0.0006181162958654469,0.9999998150606773,0.019000891801372807,0.0003299936785340438,0.0011296233581581776,True,True,True,False,True,True
701,109,qkv_all_blocks,15,16,donor,0.0078125,0.0021285780589096184,0.9999977364563248,0.0031285824688495473,0.0013594817598655009,0.002986263179798768,True,True,True,False,True,True
701,109,qkv_all_blocks,15,16,donor,0.015625,0.0,1.0,0.0016019151039391266,0.0,0.002986263179798768,True,True,True,False,True,True
701,109,qkv_all_blocks,15,16,donor,0.03125,0.001126598531477648,0.9999993660551296,0.0008892588168389032,0.0006797408799327504,0.002986263179798768,True,True,True,False,True,True
701,109,qkv_all_blocks,15,16,isotropic,0.0078125,0.001970722816868709,0.9999980589897253,0.002901299227111119,0.0012636602775232464,0.002777316842751612,True,True,True,False,True,True
701,109,qkv_all_blocks,15,16,isotropic,0.015625,0.0,1.0,0.0015036849995709123,0.0,0.002777316842751612,True,True,True,False,True,True
701,109,qkv_all_blocks,15,16,isotropic,0.03125,0.0010504961573172447,0.9999994486073409,0.0008105748996469983,0.0006452733332033598,0.002777316842751612,True,True,True,False,True,True
701,109,attention_output_all_blocks,4,5,actual_local,0.0078125,0.00876701068881223,0.9999615719858803,0.012779428273494695,0.005593137176480329,0.01222314891144874,True,True,True,False,True,True
701,109,attention_output_all_blocks,4,5,actual_local,0.015625,0.0,1.0,0.007074134871323022,0.0,0.01222314891144874,True,True,True,False,True,True
701,109,attention_output_all_blocks,4,5,actual_local,0.03125,0.0047118869475458215,0.9999889025630547,0.00386589512822444,0.0027965685882401646,0.01222314891144874,True,True,True,False,True,True
701,109,attention_output_all_blocks,4,5,accumulated,0.0078125,0.00876701068881223,0.9999615719858803,0.012779428273494695,0.005593137176480329,0.01222314891144874,True,True,True,False,True,True
701,109,attention_output_all_blocks,4,5,accumulated,0.015625,0.0,1.0,0.007074134871323022,0.0,0.01222314891144874,True,True,True,False,True,True
701,109,attention_output_all_blocks,4,5,accumulated,0.03125,0.0047118869475458215,0.9999889025630547,0.00386589512822444,0.0027965685882401646,0.01222314891144874,True,True,True,False,True,True
701,109,attention_output_all_blocks,4,5,donor,0.0078125,0.008119127682066445,0.9999671363141605,0.012207069558246858,0.004724751651983154,0.011327486943832198,True,True,True,False,True,True
701,109,attention_output_all_blocks,4,5,donor,0.015625,0.0,1.0,0.006549627158904324,0.0,0.011327486943832198,True,True,True,False,True,True
701,109,attention_output_all_blocks,4,5,donor,0.03125,0.004494224229737253,0.9999899016831241,0.0037119967374037075,0.0027657082840877,0.011327486943832198,True,True,True,False,True,True
701,109,attention_output_all_blocks,4,5,isotropic,0.0078125,0.007695498692107927,0.9999703896846482,0.011259107971228996,0.00456952450295869,0.010777150872528177,True,True,True,False,True,True
701,109,attention_output_all_blocks,4,5,isotropic,0.015625,0.0,0.9999999999999998,0.00614805741112386,0.0,0.010777150872528177,True,True,True,False,True,True
701,109,attention_output_all_blocks,4,5,isotropic,0.03125,0.004209778545351291,0.9999911388810693,0.0034302613513732937,0.002741714701775214,0.010777150872528177,True,True,True,False,True,True
701,109,attention_output_all_blocks,10,11,actual_local,0.0078125,0.002632569356419935,0.9999965347866927,0.00534111414617817,0.0016287676033308988,0.003677562790962559,True,True,True,False,True,True
701,109,attention_output_all_blocks,10,11,actual_local,0.015625,0.0,1.0,0.005053074943628212,0.0,0.003677562790962559,True,True,True,False,True,True
701,109,attention_output_all_blocks,10,11,actual_local,0.03125,0.0013874695011983163,0.9999990809715886,0.009187185118322094,0.0008143838016654494,0.003677562790962559,True,True,True,False,True,True
701,109,attention_output_all_blocks,10,11,accumulated,0.0078125,0.010795886619667282,0.9999417360738879,0.015229072864221222,0.006831633381285757,0.015173537277642049,True,True,True,False,True,True
701,109,attention_output_all_blocks,10,11,accumulated,0.015625,0.0,1.0,0.008666188985797347,0.0,0.015173537277642049,True,True,True,False,True,True
701,109,attention_output_all_blocks,10,11,accumulated,0.03125,0.005423132130596602,0.9999852963270974,0.004465668934899865,0.0034158166906428783,0.015173537277642049,True,True,True,False,True,True
701,109,attention_output_all_blocks,10,11,donor,0.0078125,0.005887422765467294,0.9999826795719422,0.00929531755239421,0.003744533586294356,0.008279839998769545,True,True,True,False,True,True
701,109,attention_output_all_blocks,10,11,donor,0.015625,0.0,1.0,0.004774544846348274,0.0,0.008279839998769545,True,True,True,False,True,True
701,109,attention_output_all_blocks,10,11,donor,0.03125,0.0031730014790575436,0.9999949731241234,0.002598012003539651,0.00199708457935699,0.008279839998769545,True,True,True,False,True,True
701,109,attention_output_all_blocks,10,11,isotropic,0.0078125,0.005588218981434192,0.9999843858196266,0.008728132977321182,0.0032208470167814315,0.007842139389842179,True,True,True,False,True,True
701,109,attention_output_all_blocks,10,11,isotropic,0.015625,0.0,1.0,0.004165619314494353,0.0,0.007842139389842179,True,True,True,False,True,True
701,109,attention_output_all_blocks,10,11,isotropic,0.03125,0.0027795954982006805,0.9999961369178284,0.0024293185869838636,0.0016700688235162977,0.007842139389842179,True,True,True,False,True,True
701,109,attention_output_all_blocks,15,16,actual_local,0.0078125,0.00430657234767998,0.9999907497295504,0.006477128853174483,0.002748153531427943,0.00602099788158736,True,True,True,False,True,True
701,109,attention_output_all_blocks,15,16,actual_local,0.015625,0.0,0.9999999999999998,0.0034681422566872682,0.0,0.00602099788158736,True,True,True,False,True,True
701,109,attention_output_all_blocks,15,16,actual_local,0.03125,0.002177369664232661,0.9999976658369196,0.0031151719150304003,0.0013740767657139715,0.00602099788158736,True,True,True,False,True,True
701,109,attention_output_all_blocks,15,16,accumulated,0.0078125,0.007498082061348276,0.9999719345371484,0.010503016313390508,0.004682992208110781,0.010585800815112211,True,True,True,False,True,True
701,109,attention_output_all_blocks,15,16,accumulated,0.015625,0.0,1.0,0.005564612901606173,0.0,0.010585800815112211,True,True,True,False,True,True
701,109,attention_output_all_blocks,15,16,accumulated,0.03125,0.0038098347024607374,0.9999927502401679,0.0031736476676256877,0.0023414961040553904,0.010585800815112211,True,True,True,False,True,True
701,109,attention_output_all_blocks,15,16,donor,0.0078125,0.004051962607478532,0.9999917922006262,0.0058109375899033176,0.0024401112688486265,0.005677241655517166,True,True,True,False,True,True
701,109,attention_output_all_blocks,15,16,donor,0.015625,0.0,1.0,0.0031465920254191513,0.0,0.005677241655517166,True,True,True,False,True,True
701,109,attention_output_all_blocks,15,16,donor,0.03125,0.00204294846401953,0.9999979142788852,0.001616341786276495,0.0012200556344243133,0.005677241655517166,True,True,True,False,True,True
701,109,attention_output_all_blocks,15,16,isotropic,0.0078125,0.003634954604763825,0.9999933949642403,0.005337062603711723,0.0022808455910433927,0.005133341485496136,True,True,True,False,True,True
701,109,attention_output_all_blocks,15,16,isotropic,0.015625,0.0,1.0,0.0028335584923963692,0.0,0.005133341485496136,True,True,True,False,True,True
701,109,attention_output_all_blocks,15,16,isotropic,0.03125,0.0019632459308713984,0.9999980731777675,0.001441012488050996,0.0012440975951145778,0.005133341485496136,True,True,True,False,True,True
701,109,mlp_down_all_blocks,4,5,actual_local,0.0078125,0.00011245533442547118,0.999999993677845,0.00022175908041464467,6.272255689297551e-05,0.00015732739534306085,True,True,True,False,True,True
701,109,mlp_down_all_blocks,4,5,actual_local,0.015625,0.0,1.0,0.00030122239186539053,0.0,0.00015732739534306085,True,True,True,False,True,True
701,109,mlp_down_all_blocks,4,5,actual_local,0.03125,5.953930992065939e-05,0.9999999982318134,0.0005815583199823269,3.61129873020162e-05,0.00015732739534306085,True,True,True,False,True,True
701,109,mlp_down_all_blocks,4,5,accumulated,0.0078125,0.00011245533442547118,0.999999993677845,0.00022175908041464467,6.272255689297551e-05,0.00015732739534306085,True,True,True,False,True,True
701,109,mlp_down_all_blocks,4,5,accumulated,0.015625,0.0,1.0,0.00030122239186539053,0.0,0.00015732739534306085,True,True,True,False,True,True
701,109,mlp_down_all_blocks,4,5,accumulated,0.03125,5.953930992065939e-05,0.9999999982318134,0.0005815583199823269,3.61129873020162e-05,0.00015732739534306085,True,True,True,False,True,True
701,109,mlp_down_all_blocks,4,5,donor,0.0078125,9.908302386131872e-05,0.9999999950913705,0.00016104431954700604,6.0513492256091644e-05,0.00013956984756962048,True,True,True,False,True,True
701,109,mlp_down_all_blocks,4,5,donor,0.015625,0.0,1.0,0.00011685179611734589,0.0,0.00013956984756962048,True,True,True,False,True,True
701,109,mlp_down_all_blocks,4,5,donor,0.03125,5.596322775805737e-05,0.999999998434059,0.0001747268396006651,3.403883939405155e-05,0.00013956984756962048,True,True,True,False,True,True
701,109,mlp_down_all_blocks,4,5,isotropic,0.0078125,0.00010052608849841439,0.9999999949472539,0.00015708542513477897,6.0532410571807817e-05,0.00014076811376650736,True,True,True,False,True,True
701,109,mlp_down_all_blocks,4,5,isotropic,0.015625,0.0,1.0,0.00011542296339070617,0.0,0.00014076811376650736,True,True,True,False,True,True
701,109,mlp_down_all_blocks,4,5,isotropic,0.03125,5.2710792918840526e-05,0.9999999986107925,0.00017223957632231767,3.0266205285903908e-05,0.00014076811376650736,True,True,True,False,True,True
701,109,mlp_down_all_blocks,10,11,actual_local,0.0078125,0.00035583019775733266,0.9999999397773375,0.004236119441226128,0.00015297553779415358,0.00028906122864960816,True,True,True,False,True,True
701,109,mlp_down_all_blocks,10,11,actual_local,0.015625,0.0,0.9999999999999999,0.008493479571900057,0.0,0.00028906122864960816,True,True,True,False,True,True
701,109,mlp_down_all_blocks,10,11,actual_local,0.03125,0.0012176845419135515,0.9999993169955258,0.016991004025218116,0.0002804551526226149,0.00028906122864960816,True,True,True,False,True,True
701,109,mlp_down_all_blocks,10,11,accumulated,0.0078125,0.00043079919951565697,0.9999999125029438,0.008163194120454548,0.00019410933274346294,0.00017707761319004576,True,True,True,False,True,True
701,109,mlp_down_all_blocks,10,11,accumulated,0.015625,0.0,1.0,0.016345320768017306,0.0,0.00017707761319004576,True,True,True,False,True,True
701,109,mlp_down_all_blocks,10,11,accumulated,0.03125,0.00165121446169514,0.9999987098241325,0.03260990795982305,0.0006868484081691765,0.00017707761319004576,True,True,True,False,True,True
701,109,mlp_down_all_blocks,10,11,donor,0.0078125,0.00019067622006439325,0.9999999818281649,0.0005486140714206475,0.00011366335348370025,0.00026407790802622066,True,True,True,False,True,True
701,109,mlp_down_all_blocks,10,11,donor,0.015625,0.0,1.0,0.0009164073835631789,0.0,0.00026407790802622066,True,True,True,False,True,True
701,109,mlp_down_all_blocks,10,11,donor,0.03125,0.00010012844340258056,0.9999999949987814,0.0018032112025314218,6.314630749094458e-05,0.00026407790802622066,True,True,True,False,True,True
701,109,mlp_down_all_blocks,10,11,isotropic,0.0078125,0.00020134809899659056,0.9999999797344564,0.0004535882104508778,0.00012126067068886583,0.00028595798616210536,True,True,True,False,True,True
701,109,mlp_down_all_blocks,10,11,isotropic,0.015625,0.0,1.0,0.0007409559750304304,0.0,0.00028595798616210536,True,True,True,False,True,True
701,109,mlp_down_all_blocks,10,11,isotropic,0.03125,0.00011297816287220337,0.9999999936230296,0.0014725953447665267,6.382140562571886e-05,0.00028595798616210536,True,True,True,False,True,True
701,109,mlp_down_all_blocks,15,16,actual_local,0.0078125,0.0003337492736418601,0.9999999457264415,0.005426335418705745,0.00020854287667252977,0.0004383754140052132,True,True,True,False,True,True
701,109,mlp_down_all_blocks,15,16,actual_local,0.015625,0.0,1.0,0.010826910096795359,0.0,0.0004383754140052132,True,True,True,False,True,True
701,109,mlp_down_all_blocks,15,16,actual_local,0.03125,0.0005273498097446929,0.999999877539763,0.021684845311171774,0.000268126555721824,0.0004383754140052132,True,True,True,False,True,True
701,109,mlp_down_all_blocks,15,16,accumulated,0.0078125,0.0007290119993243847,0.9999998050490834,0.011933639794913938,0.00027493816682235944,0.00014016732492503568,True,True,True,False,True,True
701,109,mlp_down_all_blocks,15,16,accumulated,0.015625,0.0,1.0,0.023874523016427195,0.0,0.00014016732492503568,True,True,True,False,True,True
701,109,mlp_down_all_blocks,15,16,accumulated,0.03125,0.0029109191631403186,0.9999968771965853,0.04787521065358789,0.0010516384880955246,0.00014016732492503568,True,True,True,False,True,True
701,109,mlp_down_all_blocks,15,16,donor,0.0078125,0.0002576010068163815,0.9999999668274798,0.0006293270509088245,0.00015568933644383268,0.00036080629115660385,True,True,True,False,True,True
701,109,mlp_down_all_blocks,15,16,donor,0.015625,0.0,0.9999999999999999,0.0010386083939674527,0.0,0.00036080629115660385,True,True,True,False,True,True
701,109,mlp_down_all_blocks,15,16,donor,0.03125,0.00012763168241625226,0.9999999918569181,0.002052422442150051,8.219132482314009e-05,0.00036080629115660385,True,True,True,False,True,True
701,109,mlp_down_all_blocks,15,16,isotropic,0.0078125,0.0002731215634760765,0.9999999627190033,0.0006589611268730286,0.00016935294503492152,0.000382244496834364,True,True,True,False,True,True
701,109,mlp_down_all_blocks,15,16,isotropic,0.015625,0.0,1.0,0.0010866318660478116,0.0,0.000382244496834364,True,True,True,False,True,True
701,109,mlp_down_all_blocks,15,16,isotropic,0.03125,0.0001352510898207966,0.9999999908615193,0.0021450880402498936,8.30480788152019e-05,0.000382244496834364,True,True,True,False,True,True
701,110,qkv_all_blocks,4,5,actual_local,0.0078125,0.0011807411365445026,0.9999993029644509,0.001749482179544658,0.0007444015508473031,0.0016516273306326893,True,True,True,False,True,True
701,110,qkv_all_blocks,4,5,actual_local,0.015625,0.0,0.9999999999999998,0.000910246281462006,0.0,0.0016516273306326893,True,True,True,False,True,True
701,110,qkv_all_blocks,4,5,actual_local,0.03125,0.0006323459715040596,0.9999998003515109,0.0004867532397185574,0.0003987865450967695,0.0016516273306326893,True,True,True,False,True,True
701,110,qkv_all_blocks,4,5,accumulated,0.0078125,0.0011807411365445026,0.9999993029644509,0.001749482179544658,0.0007444015508473031,0.0016516273306326893,True,True,True,False,True,True
701,110,qkv_all_blocks,4,5,accumulated,0.015625,0.0,0.9999999999999998,0.000910246281462006,0.0,0.0016516273306326893,True,True,True,False,True,True
701,110,qkv_all_blocks,4,5,accumulated,0.03125,0.0006323459715040596,0.9999998003515109,0.0004867532397185574,0.0003987865450967695,0.0016516273306326893,True,True,True,False,True,True
701,110,qkv_all_blocks,4,5,donor,0.0078125,0.0011507046461723314,0.9999993380429414,0.0016687117576348882,0.0006768690708636222,0.0016084234287404606,True,True,True,False,True,True
701,110,qkv_all_blocks,4,5,donor,0.015625,0.0,0.9999999999999998,0.0008956164993609523,0.0,0.0016084234287404606,True,True,True,False,True,True
701,110,qkv_all_blocks,4,5,donor,0.03125,0.000590979929801133,0.9999998253733787,0.00048133838005077757,0.00037161439184669456,0.0016084234287404606,True,True,True,False,True,True
701,110,qkv_all_blocks,4,5,isotropic,0.0078125,0.0011435122651551628,0.9999993464721547,0.0016827086092363892,0.0006370250049026396,0.0015963724799093262,True,True,True,False,True,True
701,110,qkv_all_blocks,4,5,isotropic,0.015625,0.0,1.0,0.0008874962030959993,0.0,0.0015963724799093262,True,True,True,False,True,True
701,110,qkv_all_blocks,4,5,isotropic,0.03125,0.0005925075543872019,0.9999998244713897,0.00048367180433593745,0.0003715979195265398,0.0015963724799093262,True,True,True,False,True,True
701,110,qkv_all_blocks,10,11,actual_local,0.0078125,0.0020497377370298888,0.9999979015480155,0.0031027795068309006,0.0013218115009893947,0.0028747164575175363,True,True,True,False,True,True
701,110,qkv_all_blocks,10,11,actual_local,0.015625,0.0,1.0,0.0017200366262367446,0.0,0.0028747164575175363,True,True,True,False,True,True
701,110,qkv_all_blocks,10,11,actual_local,0.03125,0.0010801934143994368,0.9999994186464878,0.0011094817402657819,0.0006609057504946974,0.0028747164575175363,True,True,True,False,True,True
701,110,qkv_all_blocks,10,11,accumulated,0.0078125,0.0012184487621283695,0.9999992597699305,0.002302863426837736,0.0007381954237286572,0.0017181935242470108,True,True,True,False,True,True
701,110,qkv_all_blocks,10,11,accumulated,0.015625,0.0,1.0,0.0027690972002175794,0.0,0.0017181935242470108,True,True,True,False,True,True
701,110,qkv_all_blocks,10,11,accumulated,0.03125,0.0006523331208909205,0.999999788127507,0.0053418766985907085,0.0003921663188558491,0.0017181935242470108,True,True,True,False,True,True
701,110,qkv_all_blocks,10,11,donor,0.0078125,0.0019634700041422865,0.9999980738554296,0.0028942149997335026,0.0013109103384962525,0.0027525709165605967,True,True,True,False,True,True
701,110,qkv_all_blocks,10,11,donor,0.015625,0.0,0.9999999999999998,0.001504218181488654,0.0,0.0027525709165605967,True,True,True,False,True,True
701,110,qkv_all_blocks,10,11,donor,0.03125,0.001019550195143609,0.9999994813653436,0.0007964427182084819,0.0006554551692481262,0.0027525709165605967,True,True,True,False,True,True
701,110,qkv_all_blocks,10,11,isotropic,0.0078125,0.0019318927373445068,0.9999981340520379,0.0028812719932913775,0.0011498888870104926,0.0027049175273117323,True,True,True,False,True,True
701,110,qkv_all_blocks,10,11,isotropic,0.015625,0.0,1.0,0.0015010960311642016,0.0,0.0027049175273117323,True,True,True,False,True,True
701,110,qkv_all_blocks,10,11,isotropic,0.03125,0.0010139361394683338,0.9999994860153113,0.0007977743937632538,0.0006570793640059958,0.0027049175273117323,True,True,True,False,True,True
701,110,qkv_all_blocks,15,16,actual_local,0.0078125,0.002467126057661094,0.9999969568990179,0.0038098613272389238,0.0014539671906021621,0.0034635303195176023,True,True,True,False,True,True
701,110,qkv_all_blocks,15,16,actual_local,0.015625,0.0,1.0,0.0024585435658409874,0.0,0.0034635303195176023,True,True,True,False,True,True
701,110,qkv_all_blocks,15,16,actual_local,0.03125,0.0012387384665063965,0.9999992341926334,0.0032921306609379566,0.0007421290868698536,0.0034635303195176023,True,True,True,False,True,True
701,110,qkv_all_blocks,15,16,accumulated,0.0078125,0.0006279642227975716,0.9999998655445294,0.01122905529680954,0.00023220709392538766,0.0005419832310963174,True,True,True,False,True,True
701,110,qkv_all_blocks,15,16,accumulated,0.015625,0.0,1.0,0.022393167875174286,0.0,0.0005419832310963174,True,True,True,False,True,True
701,110,qkv_all_blocks,15,16,accumulated,0.03125,0.001771967373866227,0.9999991774499938,0.04470405976108808,0.00016887788649119103,0.0005419832310963174,True,True,True,False,True,True
701,110,qkv_all_blocks,15,16,donor,0.0078125,0.002291542929017823,0.9999973745501605,0.00356375395091105,0.0014259225425327312,0.0032274265388608186,True,True,True,False,True,True
701,110,qkv_all_blocks,15,16,donor,0.015625,0.0,1.0,0.0018825426790700908,0.0,0.0032274265388608186,True,True,True,False,True,True
701,110,qkv_all_blocks,15,16,donor,0.03125,0.0012153935225839168,0.9999992614099519,0.0010057230829658335,0.0007129612712663656,0.0032274265388608186,True,True,True,False,True,True
701,110,qkv_all_blocks,15,16,isotropic,0.0078125,0.0024165219056334324,0.9999970802599432,0.003533417308671082,0.00140959345567202,0.0034070121301767874,True,True,True,False,True,True
701,110,qkv_all_blocks,15,16,isotropic,0.015625,0.0,1.0,0.001810289987351795,0.0,0.0034070121301767874,True,True,True,False,True,True
701,110,qkv_all_blocks,15,16,isotropic,0.03125,0.0012449507381007622,0.9999992252257249,0.0010130289927636833,0.0007341632581625104,0.0034070121301767874,True,True,True,False,True,True
701,110,attention_output_all_blocks,4,5,actual_local,0.0078125,0.008789491326864799,0.9999613752540283,0.012560791214927093,0.005740774786722506,0.012279923609602568,True,True,True,False,True,True
701,110,attention_output_all_blocks,4,5,actual_local,0.015625,0.0,1.0,0.00680842667249154,0.0,0.012279923609602568,True,True,True,False,True,True
701,110,attention_output_all_blocks,4,5,actual_local,0.03125,0.004834371799253466,0.9999883158434757,0.0037426973601145243,0.002870387393361253,0.012279923609602568,True,True,True,False,True,True
701,110,attention_output_all_blocks,4,5,accumulated,0.0078125,0.008789491326864799,0.9999613752540283,0.012560791214927093,0.005740774786722506,0.012279923609602568,True,True,True,False,True,True
701,110,attention_output_all_blocks,4,5,accumulated,0.015625,0.0,1.0,0.00680842667249154,0.0,0.012279923609602568,True,True,True,False,True,True
701,110,attention_output_all_blocks,4,5,accumulated,0.03125,0.004834371799253466,0.9999883158434757,0.0037426973601145243,0.002870387393361253,0.012279923609602568,True,True,True,False,True,True
701,110,attention_output_all_blocks,4,5,donor,0.0078125,0.00896079862641009,0.9999598597376155,0.012590774454933458,0.005810500787466768,0.01255144649855584,True,True,True,False,True,True
701,110,attention_output_all_blocks,4,5,donor,0.015625,0.0,1.0,0.007033380594751255,0.0,0.01255144649855584,True,True,True,False,True,True
701,110,attention_output_all_blocks,4,5,donor,0.03125,0.004947614104157437,0.9999877605125354,0.003770689933560756,0.002905250393733384,0.01255144649855584,True,True,True,False,True,True
701,110,attention_output_all_blocks,4,5,isotropic,0.0078125,0.007869689785224678,0.9999690510033743,0.011482569196199043,0.004729708392820744,0.010981230280695328,True,True,True,False,True,True
701,110,attention_output_all_blocks,4,5,isotropic,0.015625,0.0,1.0,0.006189001235022569,0.0,0.010981230280695328,True,True,True,False,True,True
701,110,attention_output_all_blocks,4,5,isotropic,0.03125,0.004322001097247453,0.9999906603464448,0.0033689007659369703,0.0024830969062308904,0.010981230280695328,True,True,True,False,True,True
701,110,attention_output_all_blocks,10,11,actual_local,0.0078125,0.005699387410507796,0.9999837584749459,0.008540709302012818,0.0037086578925489377,0.008000806911645033,True,True,True,False,True,True
701,110,attention_output_all_blocks,10,11,actual_local,0.015625,0.0,0.9999999999999998,0.004525922261803169,0.0,0.008000806911645033,True,True,True,False,True,True
701,110,attention_output_all_blocks,10,11,actual_local,0.03125,0.0030262230719978415,0.9999956077520648,0.003070939801359354,0.0018543289462744689,0.008000806911645033,True,True,True,False,True,True
701,110,attention_output_all_blocks,10,11,accumulated,0.0078125,0.010506424253313341,0.9999448411493879,0.015792493285305832,0.006630730878348733,0.014739967375021798,True,True,True,False,True,True
701,110,attention_output_all_blocks,10,11,accumulated,0.015625,0.0,1.0,0.00839145707570605,0.0,0.014739967375021798,True,True,True,False,True,True
701,110,attention_output_all_blocks,10,11,accumulated,0.03125,0.005584178052368751,0.9999844087489453,0.004316797101123936,0.0035521772562582495,0.014739967375021798,True,True,True,False,True,True
701,110,attention_output_all_blocks,10,11,donor,0.0078125,0.006740263746703605,0.9999772845099895,0.010555341381460987,0.004227796402562513,0.009481890086483872,True,True,True,False,True,True
701,110,attention_output_all_blocks,10,11,donor,0.015625,0.0,1.0,0.005319477680539935,0.0,0.009481890086483872,True,True,True,False,True,True
701,110,attention_output_all_blocks,10,11,donor,0.03125,0.003683640052692128,0.9999932208685711,0.0028029449144890478,0.0024158836586071503,0.009481890086483872,True,True,True,False,True,True
701,110,attention_output_all_blocks,10,11,isotropic,0.0078125,0.006123745706139894,0.9999812497479407,0.009288233242263287,0.0037246694632205035,0.008539828772537129,True,True,True,False,True,True
701,110,attention_output_all_blocks,10,11,isotropic,0.015625,0.0,1.0,0.004816381059299325,0.0,0.008539828772537129,True,True,True,False,True,True
701,110,attention_output_all_blocks,10,11,isotropic,0.03125,0.0031097402646076285,0.9999951649764275,0.002578811642006151,0.002005591249426425,0.008539828772537129,True,True,True,False,True,True
701,110,attention_output_all_blocks,15,16,actual_local,0.0078125,0.003585574277194483,0.9999935842401109,0.005433924784500977,0.0021735432352824207,0.0050265215058054695,True,True,True,False,True,True
701,110,attention_output_all_blocks,15,16,actual_local,0.015625,0.0,0.9999999999999999,0.0031618137937716568,0.0,0.0050265215058054695,True,True,True,False,True,True
701,110,attention_output_all_blocks,15,16,actual_local,0.03125,0.0018819846401110613,0.9999982364108027,0.002991634559138701,0.0011094126930087356,0.0050265215058054695,True,True,True,False,True,True
701,110,attention_output_all_blocks,15,16,accumulated,0.0078125,0.004835678992360774,0.999988855073399,0.007404006361527642,0.0028766252288550103,0.006784503423232278,True,True,True,False,True,True
701,110,attention_output_all_blocks,15,16,accumulated,0.015625,0.0,0.9999999999999998,0.003979450813592133,0.0,0.006784503423232278,True,True,True,False,True,True
701,110,attention_output_all_blocks,15,16,accumulated,0.03125,0.002429837032626212,0.9999970533007092,0.004737269618088125,0.0014383126144275052,0.006784503423232278,True,True,True,False,True,True
701,110,attention_output_all_blocks,15,16,donor,0.0078125,0.004339625652257361,0.9999905839591652,0.006029458034328465,0.0025667017380095413,0.006107904726665567,True,True,True,False,True,True
701,110,attention_output_all_blocks,15,16,donor,0.015625,0.0,1.0,0.003259766960074647,0.0,0.006107904726665567,True,True,True,False,True,True
701,110,attention_output_all_blocks,15,16,donor,0.03125,0.002203575928849384,0.9999975722890196,0.0016537977139444665,0.0012833508690047706,0.006107904726665567,True,True,True,False,True,True
701,110,attention_output_all_blocks,15,16,isotropic,0.0078125,0.0038605130558523634,0.9999925524826228,0.00580720385550488,0.0022176149148608257,0.0054357927894947995,True,True,True,False,True,True
701,110,attention_output_all_blocks,15,16,isotropic,0.015625,0.0,1.0,0.003066788939343972,0.0,0.0054357927894947995,True,True,True,False,True,True
701,110,attention_output_all_blocks,15,16,isotropic,0.03125,0.0020677327833859313,0.9999978622830997,0.0015531619693418231,0.0012096081353786322,0.0054357927894947995,True,True,True,False,True,True
701,110,mlp_down_all_blocks,4,5,actual_local,0.0078125,0.00010792733165660307,0.9999999941781926,0.0002505766201925698,6.434048475253382e-05,0.00015064973452385901,True,True,True,False,True,True
701,110,mlp_down_all_blocks,4,5,actual_local,0.015625,0.0,0.9999999999999998,0.0003863622103463563,0.0,0.00015064973452385901,True,True,True,False,True,True
701,110,mlp_down_all_blocks,4,5,actual_local,0.03125,5.7815695762838674e-05,0.9999999983291948,0.0007571146755016288,3.5008793174172814e-05,0.00015064973452385901,True,True,True,False,True,True
701,110,mlp_down_all_blocks,4,5,accumulated,0.0078125,0.00010792733165660307,0.9999999941781926,0.0002505766201925698,6.434048475253382e-05,0.00015064973452385901,True,True,True,False,True,True
701,110,mlp_down_all_blocks,4,5,accumulated,0.015625,0.0,0.9999999999999998,0.0003863622103463563,0.0,0.00015064973452385901,True,True,True,False,True,True
701,110,mlp_down_all_blocks,4,5,accumulated,0.03125,5.7815695762838674e-05,0.9999999983291948,0.0007571146755016288,3.5008793174172814e-05,0.00015064973452385901,True,True,True,False,True,True
701,110,mlp_down_all_blocks,4,5,donor,0.0078125,0.00010300132858270432,0.999999994695377,0.0001572090212690375,6.034951233582989e-05,0.00014415410020438222,True,True,True,False,True,True
701,110,mlp_down_all_blocks,4,5,donor,0.015625,0.0,1.0,9.971092784568763e-05,0.0,0.00014415410020438222,True,True,True,False,True,True
701,110,mlp_down_all_blocks,4,5,donor,0.03125,5.342441712932957e-05,0.9999999985734473,0.00012086381260707302,3.206067842840963e-05,0.00014415410020438222,True,True,True,False,True,True
701,110,mlp_down_all_blocks,4,5,isotropic,0.0078125,0.00010048169634527547,0.9999999949520595,0.00015635909162515393,6.036826850106485e-05,0.00014087530275828984,True,True,True,False,True,True
701,110,mlp_down_all_blocks,4,5,isotropic,0.015625,0.0,1.0,0.00010731453509282934,0.0,0.00014087530275828984,True,True,True,False,True,True
701,110,mlp_down_all_blocks,4,5,isotropic,0.03125,5.443722648102333e-05,0.9999999985184941,0.00014400478239733687,3.20706426411907e-05,0.00014087530275828984,True,True,True,False,True,True
701,110,mlp_down_all_blocks,10,11,actual_local,0.0078125,0.00030543225290341567,0.9999999542099731,0.004357430168274577,0.0001671745621179864,0.0003032516527700988,True,True,True,False,True,True
701,110,mlp_down_all_blocks,10,11,actual_local,0.015625,0.0,1.0,0.008717935619638191,0.0,0.0003032516527700988,True,True,True,False,True,True
701,110,mlp_down_all_blocks,10,11,actual_local,0.03125,0.0008382039814526512,0.999999660646888,0.017447969612484716,0.0003831083715203855,0.0003032516527700988,True,True,True,False,True,True
701,110,mlp_down_all_blocks,10,11,accumulated,0.0078125,0.0014644488701939164,0.9999989926933571,0.014326001516611547,0.0005979306355959442,0.00019828392050682476,True,True,True,False,True,True
701,110,mlp_down_all_blocks,10,11,accumulated,0.015625,0.0,1.0,0.028618175183377264,0.0,0.00019828392050682476,True,True,True,False,True,True
701,110,mlp_down_all_blocks,10,11,accumulated,0.03125,0.005723166220954424,0.9999845696668372,0.05702535528065586,0.002343607811550666,0.00019828392050682476,True,True,True,False,True,True
701,110,mlp_down_all_blocks,10,11,donor,0.0078125,0.00018049643882288473,0.9999999837233804,0.00042382963627159934,0.00010528169721530326,0.00025327966204366536,True,True,True,False,True,True
701,110,mlp_down_all_blocks,10,11,donor,0.015625,0.0,1.0,0.000689277925900687,0.0,0.00025327966204366536,True,True,True,False,True,True
701,110,mlp_down_all_blocks,10,11,donor,0.03125,9.688855651679825e-05,0.9999999953066906,0.0013716811857916217,5.9021557529791224e-05,0.00025327966204366536,True,True,True,False,True,True
701,110,mlp_down_all_blocks,10,11,isotropic,0.0078125,0.00018083731109003618,0.9999999836492228,0.00037147391365488616,0.00010973800105946252,0.00025344007960492856,True,True,True,False,True,True
701,110,mlp_down_all_blocks,10,11,isotropic,0.015625,0.0,1.0,0.0005448926896849698,0.0,0.00025344007960492856,True,True,True,False,True,True
701,110,mlp_down_all_blocks,10,11,isotropic,0.03125,9.322983969593977e-05,0.9999999956551215,0.0010677079196197686,5.725460924841523e-05,0.00025344007960492856,True,True,True,False,True,True
701,110,mlp_down_all_blocks,15,16,actual_local,0.0078125,0.0005417759405041987,0.9999999064432237,0.005561670160012445,0.0002390247087565361,0.0003686354118745656,True,True,True,False,True,True
701,110,mlp_down_all_blocks,15,16,actual_local,0.015625,0.0,1.0,0.011077117300332888,0.0,0.0003686354118745656,True,True,True,False,True,True
701,110,mlp_down_all_blocks,15,16,actual_local,0.03125,0.001795934011512286,0.9999991282129397,0.022129158882527842,0.0003346345922591505,0.0003686354118745656,True,True,True,False,True,True
701,110,mlp_down_all_blocks,15,16,accumulated,0.0078125,0.018544538523331208,0.9999239525239773,0.057015579999892124,0.0009779675155993915,0.004246087383160442,True,True,True,False,True,True
701,110,mlp_down_all_blocks,15,16,accumulated,0.015625,0.0,0.9999999999999999,0.11059855157469167,0.0,0.004246087383160442,True,True,True,False,True,True
701,110,mlp_down_all_blocks,15,16,accumulated,0.03125,0.06268052781019777,0.9990921032961891,0.1968505728272126,0.003528598068496966,0.004246087383160442,False,True,False,False,True,True
701,110,mlp_down_all_blocks,15,16,donor,0.0078125,0.00032595050354162163,0.9999999468998712,0.0009792595531615143,0.00018288357560200476,0.0004525592205735732,True,True,True,False,True,True
701,110,mlp_down_all_blocks,15,16,donor,0.015625,0.0,1.0,0.0017173833036401792,0.0,0.0004525592205735732,True,True,True,False,True,True
701,110,mlp_down_all_blocks,15,16,donor,0.03125,0.00015102047049166025,0.9999999886058248,0.0034147450351448877,9.144178780100238e-05,0.0004525592205735732,True,True,True,False,True,True
701,110,mlp_down_all_blocks,15,16,isotropic,0.0078125,0.0002969312895075845,0.9999999559580369,0.0008908336678159115,0.00018155788410936961,0.00041714208563903765,True,True,True,False,True,True
701,110,mlp_down_all_blocks,15,16,isotropic,0.015625,0.0,1.0,0.0015319532052829228,0.0,0.00041714208563903765,True,True,True,False,True,True
701,110,mlp_down_all_blocks,15,16,isotropic,0.03125,0.00015643504846745755,0.9999999877701867,0.0030434102279986515,9.255892131065902e-05,0.00041714208563903765,True,True,True,False,True,True
789,107,qkv_all_blocks,4,5,actual_local,0.0078125,0.0010950543576346483,0.9999994004439217,0.0016303824050212627,0.0006354261729242191,0.0015357708046807657,True,True,True,False,True,True
789,107,qkv_all_blocks,4,5,actual_local,0.015625,0.0,1.0,0.0008838804699883167,0.0,0.0015357708046807657,True,True,True,False,True,True
789,107,qkv_all_blocks,4,5,actual_local,0.03125,0.0005875151537311146,0.9999998274129631,0.00047100242177096775,0.00037066526753912784,0.0015357708046807657,True,True,True,False,True,True
789,107,qkv_all_blocks,4,5,accumulated,0.0078125,0.0010950543576346483,0.9999994004439217,0.0016303824050212627,0.0006354261729242191,0.0015357708046807657,True,True,True,False,True,True
789,107,qkv_all_blocks,4,5,accumulated,0.015625,0.0,1.0,0.0008838804699883167,0.0,0.0015357708046807657,True,True,True,False,True,True
789,107,qkv_all_blocks,4,5,accumulated,0.03125,0.0005875151537311146,0.9999998274129631,0.00047100242177096775,0.00037066526753912784,0.0015357708046807657,True,True,True,False,True,True
789,107,qkv_all_blocks,4,5,donor,0.0078125,0.0010867204720626203,0.9999994096162789,0.0016741488149404377,0.0006349653351058266,0.0015198676299800673,True,True,True,False,True,True
789,107,qkv_all_blocks,4,5,donor,0.015625,0.0,1.0,0.0009074459412918083,0.0,0.0015198676299800673,True,True,True,False,True,True
789,107,qkv_all_blocks,4,5,donor,0.03125,0.000579745499326182,0.9999998319492043,0.00047544404799631064,0.00034393955651565607,0.0015198676299800673,True,True,True,False,True,True
789,107,qkv_all_blocks,4,5,isotropic,0.0078125,0.0011214492550387747,0.9999993711985128,0.0016296852137069318,0.0006354443273009476,0.0015629033851541749,True,True,True,False,True,True
789,107,qkv_all_blocks,4,5,isotropic,0.015625,0.0,1.0,0.0008922202987703859,0.0,0.0015629033851541749,True,True,True,False,True,True
789,107,qkv_all_blocks,4,5,isotropic,0.03125,0.0005709219562471903,0.9999998370256049,0.0004786562703155577,0.000357437434106783,0.0015629033851541749,True,True,True,False,True,True
789,107,qkv_all_blocks,10,11,actual_local,0.0078125,0.0021172017362916947,0.9999977591313846,0.0032307291581510607,0.0012511086203036309,0.002971518275665454,True,True,True,False,True,True
789,107,qkv_all_blocks,10,11,actual_local,0.015625,0.0,1.0,0.0019410944738251096,0.0,0.002971518275665454,True,True,True,False,True,True
789,107,qkv_all_blocks,10,11,actual_local,0.03125,0.0010913304489626491,0.9999994068368725,0.0022307967641403462,0.0006772918846756498,0.002971518275665454,True,True,True,False,True,True
789,107,qkv_all_blocks,10,11,accumulated,0.0078125,0.00146183917504092,0.999998932016005,0.0022147587263834628,0.0008924933219573709,0.0020419780266916487,True,True,True,False,True,True
789,107,qkv_all_blocks,10,11,accumulated,0.015625,0.0,0.9999999999999999,0.0014185970283138462,0.0,0.0020419780266916487,True,True,True,False,True,True
789,107,qkv_all_blocks,10,11,accumulated,0.03125,0.0007950166153365662,0.9999996844987221,0.0018836120883553617,0.0004958296233096505,0.0020419780266916487,True,True,True,False,True,True
789,107,qkv_all_blocks,10,11,donor,0.0078125,0.001958738713925196,0.9999980823096883,0.002940409029337175,0.0011899880538615258,0.002779778884182597,True,True,True,False,True,True
789,107,qkv_all_blocks,10,11,donor,0.015625,0.0,1.0,0.0015800683580177806,0.0,0.002779778884182597,True,True,True,False,True,True
789,107,qkv_all_blocks,10,11,donor,0.03125,0.001087361517056442,0.9999994093518554,0.000821233046032771,0.0006693682802971083,0.002779778884182597,True,True,True,False,True,True
789,107,qkv_all_blocks,10,11,isotropic,0.0078125,0.0019650798399730375,0.9999980697681733,0.0029895786450018246,0.0011867058425559787,0.0027324105055140063,True,True,True,False,True,True
789,107,qkv_all_blocks,10,11,isotropic,0.015625,0.0,1.0,0.0015842359669870332,0.0,0.0027324105055140063,True,True,True,False,True,True
789,107,qkv_all_blocks,10,11,isotropic,0.03125,0.0010102606450582124,0.999999489686988,0.0008518816474107936,0.0006304374788578636,0.0027324105055140063,True,True,True,False,True,True
789,107,qkv_all_blocks,15,16,actual_local,0.0078125,0.0022613955781334376,0.9999974436161295,0.0032629295828679526,0.0014158281302830448,0.003186291118398717,True,True,True,False,True,True
789,107,qkv_all_blocks,15,16,actual_local,0.015625,0.0,0.9999999999999999,0.0017977575881803253,0.0,0.003186291118398717,True,True,True,False,True,True
789,107,qkv_all_blocks,15,16,actual_local,0.03125,0.001189509183907601,0.999999293285793,0.001549037106258455,0.0007837620006923998,0.003186291118398717,True,True,True,False,True,True
789,107,qkv_all_blocks,15,16,accumulated,0.0078125,0.0010955272628453885,0.9999994038335887,0.003311887184405893,0.0007135504745310437,0.0015261957329136188,True,True,True,False,True,True
789,107,qkv_all_blocks,15,16,accumulated,0.015625,0.0,1.0,0.0057226662693859,0.0,0.0015261957329136188,True,True,True,False,True,True
789,107,qkv_all_blocks,15,16,accumulated,0.03125,0.0005827207015230081,0.9999998335752239,0.011237853500533664,0.00038056025308322327,0.0015261957329136188,True,True,True,False,True,True
789,107,qkv_all_blocks,15,16,donor,0.0078125,0.002025149737317908,0.9999979500766398,0.003063931032148752,0.001320794032408432,0.0028455164961015927,True,True,True,False,True,True
789,107,qkv_all_blocks,15,16,donor,0.015625,0.0,1.0,0.0015912887752215948,0.0,0.0028455164961015927,True,True,True,False,True,True
789,107,qkv_all_blocks,15,16,donor,0.03125,0.0010628804001815504,0.9999994351807737,0.0008788484121372336,0.0007075682316473742,0.0028455164961015927,True,True,True,False,True,True
789,107,qkv_all_blocks,15,16,isotropic,0.0078125,0.002046407883632189,0.9999979072803078,0.0030374901728975876,0.0012996303972519847,0.002883490602897889,True,True,True,False,True,True
789,107,qkv_all_blocks,15,16,isotropic,0.015625,0.0,1.0,0.0015889284278941807,0.0,0.002883490602897889,True,True,True,False,True,True
789,107,qkv_all_blocks,15,16,isotropic,0.03125,0.0010825914638860495,0.9999994142745003,0.0008928135140047153,0.0006962305699564204,0.002883490602897889,True,True,True,False,True,True
789,107,attention_output_all_blocks,4,5,actual_local,0.0078125,0.009552711989884156,0.9999543840614437,0.01378548501977833,0.006351272185042229,0.013414698933006617,True,True,True,False,True,True
789,107,attention_output_all_blocks,4,5,actual_local,0.015625,0.0,1.0,0.007568616261485788,0.0,0.013414698933006617,True,True,True,False,True,True
789,107,attention_output_all_blocks,4,5,actual_local,0.03125,0.005218169226546955,0.9999863870640872,0.004208019561355912,0.0031756360925211144,0.013414698933006617,True,True,True,False,True,True
789,107,attention_output_all_blocks,4,5,accumulated,0.0078125,0.009552711989884156,0.9999543840614437,0.01378548501977833,0.006351272185042229,0.013414698933006617,True,True,True,False,True,True
789,107,attention_output_all_blocks,4,5,accumulated,0.015625,0.0,1.0,0.007568616261485788,0.0,0.013414698933006617,True,True,True,False,True,True
789,107,attention_output_all_blocks,4,5,accumulated,0.03125,0.005218169226546955,0.9999863870640872,0.004208019561355912,0.0031756360925211144,0.013414698933006617,True,True,True,False,True,True
789,107,attention_output_all_blocks,4,5,donor,0.0078125,0.009362417528511796,0.9999562391612988,0.013491794631930405,0.005816407440600657,0.01309438559436204,True,True,True,False,True,True
789,107,attention_output_all_blocks,4,5,donor,0.015625,0.0,1.0,0.00748409962632689,0.0,0.01309438559436204,True,True,True,False,True,True
789,107,attention_output_all_blocks,4,5,donor,0.03125,0.005185031351555808,0.9999865649103241,0.004091367778024094,0.0031725858766912672,0.01309438559436204,True,True,True,False,True,True
789,107,attention_output_all_blocks,4,5,isotropic,0.0078125,0.008140297797514497,0.9999668714020359,0.011766271641204359,0.004696162320721388,0.011373975899792426,True,True,True,False,True,True
789,107,attention_output_all_blocks,4,5,isotropic,0.015625,0.0,0.9999999999999999,0.006396505368979453,0.0,0.011373975899792426,True,True,True,False,True,True
789,107,attention_output_all_blocks,4,5,isotropic,0.03125,0.004491889418278769,0.9999899128144271,0.003586296823518501,0.0026089790670674375,0.011373975899792426,True,True,True,False,True,True
789,107,attention_output_all_blocks,10,11,actual_local,0.0078125,0.0056898908368315975,0.9999842771985281,0.00856882056790104,0.003540645137436487,0.008003064102558907,True,True,True,False,True,True
789,107,attention_output_all_blocks,10,11,actual_local,0.015625,0.0,1.0,0.004443265376844918,0.0,0.008003064102558907,True,True,True,False,True,True
789,107,attention_output_all_blocks,10,11,actual_local,0.03125,0.0031190180044328828,0.9999951819830398,0.0029408097631643043,0.0019265275012522061,0.008003064102558907,True,True,True,False,True,True
789,107,attention_output_all_blocks,10,11,accumulated,0.0078125,0.01021809646949255,0.9999479839848594,0.016087814426452598,0.0065495146263887085,0.014432946907937677,True,True,True,False,True,True
789,107,attention_output_all_blocks,10,11,accumulated,0.015625,0.0,0.9999999999999999,0.008234667538885904,0.0,0.014432946907937677,True,True,True,False,True,True
789,107,attention_output_all_blocks,10,11,accumulated,0.03125,0.0056811746195467834,0.9999842543818181,0.004601399541582421,0.0032747573131943542,0.014432946907937677,True,True,True,False,True,True
789,107,attention_output_all_blocks,10,11,donor,0.0078125,0.0054843640827263035,0.9999849632356106,0.008104581854452734,0.0034400586015004638,0.007752146082273895,True,True,True,False,True,True
789,107,attention_output_all_blocks,10,11,donor,0.015625,0.0,1.0,0.004247037706380056,0.0,0.007752146082273895,True,True,True,False,True,True
789,107,attention_output_all_blocks,10,11,donor,0.03125,0.0030133531952414878,0.9999954600392891,0.00242826058722181,0.0018275311320471214,0.007752146082273895,True,True,True,False,True,True
789,107,attention_output_all_blocks,10,11,isotropic,0.0078125,0.0050717466379509735,0.9999871386103653,0.007529017293662263,0.0032056869572556134,0.007081839695538694,True,True,True,False,True,True
789,107,attention_output_all_blocks,10,11,isotropic,0.015625,0.0,0.9999999999999999,0.003844946517124228,0.0,0.007081839695538694,True,True,True,False,True,True
789,107,attention_output_all_blocks,10,11,isotropic,0.03125,0.0025761041473289855,0.999996682117079,0.0020215028983125278,0.0016028434786278067,0.007081839695538694,True,True,True,False,True,True
789,107,attention_output_all_blocks,15,16,actual_local,0.0078125,0.004777796645269428,0.9999886235977044,0.00684588444211441,0.0029528108407212003,0.006710533572634706,True,True,True,False,True,True
789,107,attention_output_all_blocks,15,16,actual_local,0.015625,0.0,1.0,0.0035685512021698014,0.0,0.006710533572634706,True,True,True,False,True,True
789,107,attention_output_all_blocks,15,16,actual_local,0.03125,0.0024088398309257573,0.9999970987607156,0.0022686828996146885,0.0014764054203606001,0.006710533572634706,True,True,True,False,True,True
789,107,attention_output_all_blocks,15,16,accumulated,0.0078125,0.00565598562782942,0.9999840402421671,0.008543594786755659,0.003698560514690668,0.007960828083823134,True,True,True,False,True,True
789,107,attention_output_all_blocks,15,16,accumulated,0.015625,0.0,1.0,0.004581039227285881,0.0,0.007960828083823134,True,True,True,False,True,True
789,107,attention_output_all_blocks,15,16,accumulated,0.03125,0.0029715402645942943,0.9999955938569187,0.0030625677327931543,0.001849280257345334,0.007960828083823134,True,True,True,False,True,True
789,107,attention_output_all_blocks,15,16,donor,0.0078125,0.0038084396899166163,0.9999927482311687,0.0053783709778594604,0.0023594558228527316,0.005355820463621848,True,True,True,False,True,True
789,107,attention_output_all_blocks,15,16,donor,0.015625,0.0,0.9999999999999998,0.0028089639921829133,0.0,0.005355820463621848,True,True,True,False,True,True
789,107,attention_output_all_blocks,15,16,donor,0.03125,0.001955134058290787,0.9999980888247754,0.0014386783592424545,0.0012007944812732652,0.005355820463621848,True,True,True,False,True,True
789,107,attention_output_all_blocks,15,16,isotropic,0.0078125,0.0034860633738911678,0.9999939239504,0.0050932152267789505,0.0022389378106113197,0.004924920146962755,True,True,True,False,True,True
789,107,attention_output_all_blocks,15,16,isotropic,0.015625,0.0,1.0,0.00261428496242375,0.0,0.004924920146962755,True,True,True,False,True,True
789,107,attention_output_all_blocks,15,16,isotropic,0.03125,0.0018168409124867176,0.9999983512110523,0.0013628335348109062,0.0011194689053056598,0.004924920146962755,True,True,True,False,True,True
789,107,mlp_down_all_blocks,4,5,actual_local,0.0078125,0.00010995522886970926,0.9999999939557938,0.00019493115820177348,6.630374494956213e-05,0.00015390503736506086,True,True,True,False,True,True
789,107,mlp_down_all_blocks,4,5,actual_local,0.015625,0.0,1.0,0.0002035984287501369,0.0,0.00015390503736506086,True,True,True,False,True,True
789,107,mlp_down_all_blocks,4,5,actual_local,0.03125,5.875486870030101e-05,0.999999998274353,0.0003657138726732645,3.4845763769112946e-05,0.00015390503736506086,True,True,True,False,True,True
789,107,mlp_down_all_blocks,4,5,accumulated,0.0078125,0.00010995522886970926,0.9999999939557938,0.00019493115820177348,6.630374494956213e-05,0.00015390503736506086,True,True,True,False,True,True
789,107,mlp_down_all_blocks,4,5,accumulated,0.015625,0.0,1.0,0.0002035984287501369,0.0,0.00015390503736506086,True,True,True,False,True,True
789,107,mlp_down_all_blocks,4,5,accumulated,0.03125,5.875486870030101e-05,0.999999998274353,0.0003657138726732645,3.4845763769112946e-05,0.00015390503736506086,True,True,True,False,True,True
789,107,mlp_down_all_blocks,4,5,donor,0.0078125,0.00010419763061561546,0.9999999945717262,0.0001595606862319401,6.179510259637324e-05,0.00014554353698509797,True,True,True,False,True,True
789,107,mlp_down_all_blocks,4,5,donor,0.015625,0.0,1.0,9.875091124930537e-05,0.0,0.00014554353698509797,True,True,True,False,True,True
789,107,mlp_down_all_blocks,4,5,donor,0.03125,5.481266304053125e-05,0.9999999984985539,0.00011098620585229044,3.475974521045995e-05,0.00014554353698509797,True,True,True,False,True,True
789,107,mlp_down_all_blocks,4,5,isotropic,0.0078125,0.00010118689363599772,0.9999999948806446,0.0001588695022244735,6.175952414088798e-05,0.0001415217004018796,True,True,True,False,True,True
789,107,mlp_down_all_blocks,4,5,isotropic,0.015625,0.0,0.9999999999999999,9.696411743005815e-05,0.0,0.0001415217004018796,True,True,True,False,True,True
789,107,mlp_down_all_blocks,4,5,isotropic,0.03125,5.4477757803429166e-05,0.9999999985161591,0.00011310540408501571,3.449848418807414e-05,0.0001415217004018796,True,True,True,False,True,True
789,107,mlp_down_all_blocks,10,11,actual_local,0.0078125,0.00029030827947062505,0.9999999585857795,0.004382401769774771,0.00018235769095511345,0.0003040571072591135,True,True,True,False,True,True
789,107,mlp_down_all_blocks,10,11,actual_local,0.015625,0.0,1.0,0.008742889942738568,0.0,0.0003040571072591135,True,True,True,False,True,True
789,107,mlp_down_all_blocks,10,11,actual_local,0.03125,0.000765797429883986,0.9999997169529583,0.017486409567877993,0.00041681757932597363,0.0003040571072591135,True,True,True,False,True,True
789,107,mlp_down_all_blocks,10,11,accumulated,0.0078125,0.0009410825262438949,0.9999995671839959,0.011225869079412861,0.000531258000067499,0.0001808140290429807,True,True,True,False,True,True
789,107,mlp_down_all_blocks,10,11,accumulated,0.015625,0.0,0.9999999999999998,0.02248029382712879,0.0,0.0001808140290429807,True,True,True,False,True,True
789,107,mlp_down_all_blocks,10,11,accumulated,0.03125,0.0037490718737750164,0.9999931504700874,0.045057120383592615,0.002084449791931507,0.0001808140290429807,True,True,True,False,True,True
789,107,mlp_down_all_blocks,10,11,donor,0.0078125,0.00019656591596027358,0.9999999806811899,0.0005028624701856428,0.0001252875782083335,0.000274398120066743,True,True,True,False,True,True
789,107,mlp_down_all_blocks,10,11,donor,0.015625,0.0,0.9999999999999999,0.0008243651936969235,0.0,0.000274398120066743,True,True,True,False,True,True
789,107,mlp_down_all_blocks,10,11,donor,0.03125,0.00010085546940406264,0.9999999949141558,0.0016148023965986977,6.264378910416675e-05,0.000274398120066743,True,True,True,False,True,True
789,107,mlp_down_all_blocks,10,11,isotropic,0.0078125,0.00019783250760355343,0.9999999804412854,0.0005239299842036113,0.0001259015033314511,0.00027763035555136565,True,True,True,False,True,True
789,107,mlp_down_all_blocks,10,11,isotropic,0.015625,0.0,1.0,0.0008676018600241753,0.0,0.00027763035555136565,True,True,True,False,True,True
789,107,mlp_down_all_blocks,10,11,isotropic,0.03125,0.00010841078399676767,0.9999999941254575,0.0017032243369861561,6.924582683229811e-05,0.00027763035555136565,True,True,True,False,True,True
789,107,mlp_down_all_blocks,15,16,actual_local,0.0078125,0.00034552530555914787,0.9999999403768726,0.0032526078390603236,0.00022221530714961615,0.0004797205515782017,True,True,True,False,True,True
789,107,mlp_down_all_blocks,15,16,actual_local,0.015625,0.0,1.0,0.006480398347590013,0.0,0.0004797205515782017,True,True,True,False,True,True
789,107,mlp_down_all_blocks,15,16,actual_local,0.03125,0.0002672869137984851,0.9999999679888408,0.012949462609576561,0.0001527730236653611,0.0004797205515782017,True,True,True,False,True,True
789,107,mlp_down_all_blocks,15,16,accumulated,0.0078125,0.0007900805817620375,0.9999997030028783,0.012400584834259893,0.00043460467024749217,0.00012648044539953013,True,True,True,False,True,True
789,107,mlp_down_all_blocks,15,16,accumulated,0.015625,0.0,0.9999999999999998,0.02479590603471048,0.0,0.00012648044539953013,True,True,True,False,True,True
789,107,mlp_down_all_blocks,15,16,accumulated,0.03125,0.0031564602845601266,0.9999952554276212,0.049574524327296914,0.0017258474715199999,0.00012648044539953013,True,True,True,False,True,True
789,107,mlp_down_all_blocks,15,16,donor,0.0078125,0.0002974384918109692,0.999999955776285,0.000700508518848878,0.00019395217337736908,0.00041759991470739614,True,True,True,False,True,True
789,107,mlp_down_all_blocks,15,16,donor,0.015625,0.0,1.0,0.0011461912809496704,0.0,0.00041759991470739614,True,True,True,False,True,True
789,107,mlp_down_all_blocks,15,16,donor,0.03125,0.00015351017729364825,0.9999999882246396,0.002248564845393122,9.970232205744274e-05,0.00041759991470739614,True,True,True,False,True,True
789,107,mlp_down_all_blocks,15,16,isotropic,0.0078125,0.00030066552310726495,0.9999999548274667,0.0007221751100728658,0.00019516113895174,0.00042244536366162634,True,True,True,False,True,True
789,107,mlp_down_all_blocks,15,16,isotropic,0.015625,0.0,1.0,0.0011972306446285403,0.0,0.00042244536366162634,True,True,True,False,True,True
789,107,mlp_down_all_blocks,15,16,isotropic,0.03125,0.00015365572884082235,0.9999999882119336,0.0023642226429473464,0.00010072832978154322,0.00042244536366162634,True,True,True,False,True,True
789,108,qkv_all_blocks,4,5,actual_local,0.0078125,0.0011319112817106093,0.9999993596296868,0.0016015630442561533,0.0006757398812408868,0.001582837793920653,True,True,True,False,True,True
789,108,qkv_all_blocks,4,5,actual_local,0.015625,0.0,1.0,0.0008550643232576254,0.0,0.001582837793920653,True,True,True,False,True,True
789,108,qkv_all_blocks,4,5,actual_local,0.03125,0.0005881537787381207,0.9999998271604194,0.00045961482051854553,0.0003638599360527852,0.001582837793920653,True,True,True,False,True,True
789,108,qkv_all_blocks,4,5,accumulated,0.0078125,0.0011319112817106093,0.9999993596296868,0.0016015630442561533,0.0006757398812408868,0.001582837793920653,True,True,True,False,True,True
789,108,qkv_all_blocks,4,5,accumulated,0.015625,0.0,1.0,0.0008550643232576254,0.0,0.001582837793920653,True,True,True,False,True,True
789,108,qkv_all_blocks,4,5,accumulated,0.03125,0.0005881537787381207,0.9999998271604194,0.00045961482051854553,0.0003638599360527852,0.001582837793920653,True,True,True,False,True,True
789,108,qkv_all_blocks,4,5,donor,0.0078125,0.0010881142060681442,0.9999994080248531,0.0016334487064972117,0.0006236595931802046,0.0015173537365802665,True,True,True,False,True,True
789,108,qkv_all_blocks,4,5,donor,0.015625,0.0,0.9999999999999999,0.0008594082262810103,0.0,0.0015173537365802665,True,True,True,False,True,True
789,108,qkv_all_blocks,4,5,donor,0.03125,0.0005633816855562607,0.9999998413030835,0.00045228082905026404,0.00033131915887698373,0.0015173537365802665,True,True,True,False,True,True
789,108,qkv_all_blocks,4,5,isotropic,0.0078125,0.0010797629441298795,0.9999994171774963,0.0016143996397244285,0.0006242421489843162,0.0015093925717397324,True,True,True,False,True,True
789,108,qkv_all_blocks,4,5,isotropic,0.015625,0.0,1.0,0.0008745008608300201,0.0,0.0015093925717397324,True,True,True,False,True,True
789,108,qkv_all_blocks,4,5,isotropic,0.03125,0.0005763193200251775,0.9999998340190248,0.0004593376983434374,0.00036414125357418445,0.0015093925717397324,True,True,True,False,True,True
789,108,qkv_all_blocks,10,11,actual_local,0.0078125,0.0021341781183172558,0.9999977226399277,0.0031602525061269083,0.001371656111567827,0.002972732981033437,True,True,True,False,True,True
789,108,qkv_all_blocks,10,11,actual_local,0.015625,0.0,1.0,0.001655007884337957,0.0,0.002972732981033437,True,True,True,False,True,True
789,108,qkv_all_blocks,10,11,actual_local,0.03125,0.0010828797281807394,0.9999994137455548,0.0009249658330013218,0.0006858280557839135,0.002972732981033437,True,True,True,False,True,True
789,108,qkv_all_blocks,10,11,accumulated,0.0078125,0.001296955248186619,0.9999991591984917,0.0021026715540560263,0.0008360437206754975,0.001819343052146936,True,True,True,False,True,True
789,108,qkv_all_blocks,10,11,accumulated,0.015625,0.0,1.0,0.0012084695239599778,0.0,0.001819343052146936,True,True,True,False,True,True
789,108,qkv_all_blocks,10,11,accumulated,0.03125,0.0007220013910708602,0.9999997393841669,0.0012624605113608599,0.00044414822660885804,0.001819343052146936,True,True,True,False,True,True
789,108,qkv_all_blocks,10,11,donor,0.0078125,0.002003195034747277,0.9999979939157801,0.0031392314153918946,0.0012946758717459557,0.0027969524499190197,True,True,True,False,True,True
789,108,qkv_all_blocks,10,11,donor,0.015625,0.0,0.9999999999999998,0.0016598360506976904,0.0,0.0027969524499190197,True,True,True,False,True,True
789,108,qkv_all_blocks,10,11,donor,0.03125,0.00107397107313901,0.999999423293129,0.0008616407057627738,0.0006904937982645098,0.0027969524499190197,True,True,True,False,True,True
789,108,qkv_all_blocks,10,11,isotropic,0.0078125,0.002061050650698977,0.9999978761496955,0.00300836705874119,0.001371490219162853,0.0028889070911265733,True,True,True,False,True,True
789,108,qkv_all_blocks,10,11,isotropic,0.015625,0.0,1.0,0.001553351041038632,0.0,0.0028889070911265733,True,True,True,False,True,True
789,108,qkv_all_blocks,10,11,isotropic,0.03125,0.0010169235157851916,0.9999994831615806,0.0008736214794420024,0.0006857451095814265,0.0028889070911265733,True,True,True,False,True,True
789,108,qkv_all_blocks,15,16,actual_local,0.0078125,0.002528380171891358,0.9999968037131394,0.0037898761274918194,0.0016196328244920514,0.0035421457631215282,True,True,True,False,True,True
789,108,qkv_all_blocks,15,16,actual_local,0.015625,0.0,0.9999999999999999,0.0021232416033334536,0.0,0.0035421457631215282,True,True,True,False,True,True
789,108,qkv_all_blocks,15,16,actual_local,0.03125,0.0012985086021253661,0.9999991573271386,0.0018299199423919199,0.0008098164122460257,0.0035421457631215282,True,True,True,False,True,True
789,108,qkv_all_blocks,15,16,accumulated,0.0078125,0.0008960602604753596,0.9999996001241168,0.00468412507731432,0.000550233339738742,0.0012662005358501432,True,True,True,False,True,True
789,108,qkv_all_blocks,15,16,accumulated,0.015625,0.0,1.0,0.008865031220154116,0.0,0.0012662005358501432,True,True,True,False,True,True
789,108,qkv_all_blocks,15,16,accumulated,0.03125,0.0005686911832284243,0.9999998398176506,0.017587769872761134,0.00030813067025369553,0.0012662005358501432,True,True,True,False,True,True
789,108,qkv_all_blocks,15,16,donor,0.0078125,0.0025757273770547913,0.9999966885270339,0.003903943907150403,0.0015472472165703845,0.0036120788098945285,True,True,True,False,True,True
789,108,qkv_all_blocks,15,16,donor,0.015625,0.0,0.9999999999999999,0.0021006247136102535,0.0,0.0036120788098945285,True,True,True,False,True,True
789,108,qkv_all_blocks,15,16,donor,0.03125,0.0013082610447126474,0.9999991445388964,0.0012004615451200865,0.0008380922423089583,0.0036120788098945285,True,True,True,False,True,True
789,108,qkv_all_blocks,15,16,isotropic,0.0078125,0.0024019137110664114,0.9999971154856652,0.003795778433773646,0.0014991110009365905,0.0033808141771613674,True,True,True,False,True,True
789,108,qkv_all_blocks,15,16,isotropic,0.015625,0.0,0.9999999999999999,0.0019717792282773292,0.0,0.0033808141771613674,True,True,True,False,True,True
789,108,qkv_all_blocks,15,16,isotropic,0.03125,0.0012298146440689476,0.9999992439458824,0.0011822648543713572,0.0008120184588406532,0.0033808141771613674,True,True,True,False,True,True
789,108,attention_output_all_blocks,4,5,actual_local,0.0078125,0.00887518952296287,0.9999606329450351,0.013351334005465133,0.0051384733755272536,0.012387625543246437,True,True,True,False,True,True
789,108,attention_output_all_blocks,4,5,actual_local,0.015625,0.0,1.0,0.0071574788907393765,0.0,0.012387625543246437,True,True,True,False,True,True
789,108,attention_output_all_blocks,4,5,actual_local,0.03125,0.004900539004955116,0.9999879934400882,0.003938049279771213,0.003083084025316352,0.012387625543246437,True,True,True,False,True,True
789,108,attention_output_all_blocks,4,5,accumulated,0.0078125,0.00887518952296287,0.9999606329450351,0.013351334005465133,0.0051384733755272536,0.012387625543246437,True,True,True,False,True,True
789,108,attention_output_all_blocks,4,5,accumulated,0.015625,0.0,1.0,0.0071574788907393765,0.0,0.012387625543246437,True,True,True,False,True,True
789,108,attention_output_all_blocks,4,5,accumulated,0.03125,0.004900539004955116,0.9999879934400882,0.003938049279771213,0.003083084025316352,0.012387625543246437,True,True,True,False,True,True
789,108,attention_output_all_blocks,4,5,donor,0.0078125,0.008858936026721177,0.9999607741040555,0.012831059936363248,0.005118471073612547,0.012344500476240526,True,True,True,False,True,True
789,108,attention_output_all_blocks,4,5,donor,0.015625,0.0,1.0,0.0070887004252579554,0.0,0.012344500476240526,True,True,True,False,True,True
789,108,attention_output_all_blocks,4,5,donor,0.03125,0.004766186968575119,0.9999886425479587,0.0038449107301013427,0.0030710826441675285,0.012344500476240526,True,True,True,False,True,True
789,108,attention_output_all_blocks,4,5,isotropic,0.0078125,0.008453886763499167,0.9999642928595986,0.011760210408811641,0.005078591129510755,0.011819202550887212,True,True,True,False,True,True
789,108,attention_output_all_blocks,4,5,isotropic,0.015625,0.0,1.0,0.006564365856520873,0.0,0.011819202550887212,True,True,True,False,True,True
789,108,attention_output_all_blocks,4,5,isotropic,0.03125,0.0045575279658189045,0.9999896144742573,0.0035504003752241833,0.002793225121230915,0.011819202550887212,True,True,True,False,True,True
789,108,attention_output_all_blocks,10,11,actual_local,0.0078125,0.0076126717263872955,0.9999724536130992,0.011386198842153101,0.005109583748299686,0.010691816195809539,True,True,True,False,True,True
789,108,attention_output_all_blocks,10,11,actual_local,0.015625,0.0,1.0,0.00610404108792618,0.0,0.010691816195809539,True,True,True,False,True,True
789,108,attention_output_all_blocks,10,11,actual_local,0.03125,0.003991446636577912,0.9999920374608956,0.0036991453244946382,0.002554791874149843,0.010691816195809539,True,True,True,False,True,True
789,108,attention_output_all_blocks,10,11,accumulated,0.0078125,0.011437069432048346,0.999934752132589,0.018224187091037403,0.007399260271714183,0.015962662998767727,True,True,True,False,True,True
789,108,attention_output_all_blocks,10,11,accumulated,0.015625,0.0,1.0,0.009207739492114593,0.0,0.015962662998767727,True,True,True,False,True,True
789,108,attention_output_all_blocks,10,11,accumulated,0.03125,0.0056500564637373355,0.9999840391311059,0.004889283494863272,0.003572056682896502,0.015962662998767727,True,True,True,False,True,True
789,108,attention_output_all_blocks,10,11,donor,0.0078125,0.008091833702442437,0.9999672606472826,0.012237230707261012,0.004874885994567308,0.011383092271891562,True,True,True,False,True,True
789,108,attention_output_all_blocks,10,11,donor,0.015625,0.0,1.0,0.006702185040067247,0.0,0.011383092271891562,True,True,True,False,True,True
789,108,attention_output_all_blocks,10,11,donor,0.03125,0.004532460822662661,0.9999897611301575,0.0035583574375329984,0.002999929842810651,0.011383092271891562,True,True,True,False,True,True
789,108,attention_output_all_blocks,10,11,isotropic,0.0078125,0.0072689449268132506,0.999973587844684,0.010821344103529758,0.004185397706015758,0.010161558762834947,True,True,True,False,True,True
789,108,attention_output_all_blocks,10,11,isotropic,0.015625,0.0,1.0,0.005897592800817316,0.0,0.010161558762834947,True,True,True,False,True,True
789,108,attention_output_all_blocks,10,11,isotropic,0.03125,0.0038181336878605207,0.9999927299684527,0.0031020117114840813,0.002441481995175859,0.010161558762834947,True,True,True,False,True,True
789,108,attention_output_all_blocks,15,16,actual_local,0.0078125,0.0038831642993714154,0.9999924654910044,0.005998086424361279,0.002516886591706178,0.005469440891894146,True,True,True,False,True,True
789,108,attention_output_all_blocks,15,16,actual_local,0.015625,0.0,0.9999999999999999,0.0034742073701874796,0.0,0.005469440891894146,True,True,True,False,True,True
789,108,attention_output_all_blocks,15,16,actual_local,0.03125,0.0019733200233675173,0.9999980603275089,0.0038322165880226317,0.0012645227320649396,0.005469440891894146,True,True,True,False,True,True
789,108,attention_output_all_blocks,15,16,accumulated,0.0078125,0.009954169247268657,0.9999506192367043,0.015423369116060345,0.006171310013938952,0.014104193824288796,True,True,True,False,True,True
789,108,attention_output_all_blocks,15,16,accumulated,0.015625,0.0,1.0,0.007804192781804861,0.0,0.014104193824288796,True,True,True,False,True,True
789,108,attention_output_all_blocks,15,16,accumulated,0.03125,0.005523953692710418,0.9999849861550794,0.004188526811889829,0.003342792924216932,0.014104193824288796,True,True,True,False,True,True
789,108,attention_output_all_blocks,15,16,donor,0.0078125,0.004397597121476263,0.9999903344722043,0.00726035959873686,0.0028376234553486417,0.0061688405004053475,True,True,True,False,True,True
789,108,attention_output_all_blocks,15,16,donor,0.015625,0.0,1.0,0.0037282862145409544,0.0,0.0061688405004053475,True,True,True,False,True,True
789,108,attention_output_all_blocks,15,16,donor,0.03125,0.0023398796051768657,0.9999972628751397,0.0018717456913790753,0.0014705392385791138,0.0061688405004053475,True,True,True,False,True,True
789,108,attention_output_all_blocks,15,16,isotropic,0.0078125,0.0042269672266828815,0.9999910678788748,0.0063600736782138895,0.0027562773002012477,0.005949302332105001,True,True,True,False,True,True
789,108,attention_output_all_blocks,15,16,isotropic,0.015625,0.0,1.0,0.0032452881631282182,0.0,0.005949302332105001,True,True,True,False,True,True
789,108,attention_output_all_blocks,15,16,isotropic,0.03125,0.002158091523751692,0.9999976738456032,0.0016486178290804642,0.0013781386501006238,0.005949302332105001,True,True,True,False,True,True
789,108,mlp_down_all_blocks,4,5,actual_local,0.0078125,0.00010646879559357308,0.9999999943326586,0.00017437507859238295,6.238755113796214e-05,0.0001492629334204761,True,True,True,False,True,True
789,108,mlp_down_all_blocks,4,5,actual_local,0.015625,0.0,1.0,0.00016366522915504505,0.0,0.0001492629334204761,True,True,True,False,True,True
789,108,mlp_down_all_blocks,4,5,actual_local,0.03125,5.848019587334008e-05,0.9999999982900338,0.00027850395494002483,3.50929975151037e-05,0.0001492629334204761,True,True,True,False,True,True
789,108,mlp_down_all_blocks,4,5,accumulated,0.0078125,0.00010646879559357308,0.9999999943326586,0.00017437507859238295,6.238755113796214e-05,0.0001492629334204761,True,True,True,False,True,True
789,108,mlp_down_all_blocks,4,5,accumulated,0.015625,0.0,1.0,0.00016366522915504505,0.0,0.0001492629334204761,True,True,True,False,True,True
789,108,mlp_down_all_blocks,4,5,accumulated,0.03125,5.848019587334008e-05,0.9999999982900338,0.00027850395494002483,3.50929975151037e-05,0.0001492629334204761,True,True,True,False,True,True
789,108,mlp_down_all_blocks,4,5,donor,0.0078125,0.00010177430287579263,0.9999999948211631,0.00015700478448928018,6.211098258044404e-05,0.00014209990890544775,True,True,True,False,True,True
789,108,mlp_down_all_blocks,4,5,donor,0.015625,0.0,1.0,8.976935070618347e-05,0.0,0.00014209990890544775,True,True,True,False,True,True
789,108,mlp_down_all_blocks,4,5,donor,0.03125,5.4741031661006306e-05,0.999999998504112,8.354034647424676e-05,3.105549129022202e-05,0.00014209990890544775,True,True,True,False,True,True
789,108,mlp_down_all_blocks,4,5,isotropic,0.0078125,0.00010117453228855163,0.9999999948867435,0.00015428134806173103,6.211454812537554e-05,0.00014130600091377232,True,True,True,False,True,True
789,108,mlp_down_all_blocks,4,5,isotropic,0.015625,0.0,0.9999999999999999,8.908038903309123e-05,0.0,0.00014130600091377232,True,True,True,False,True,True
789,108,mlp_down_all_blocks,4,5,isotropic,0.03125,5.4278069955323846e-05,0.9999999985272328,7.848800074084269e-05,3.299835369160575e-05,0.00014130600091377232,True,True,True,False,True,True
789,108,mlp_down_all_blocks,10,11,actual_local,0.0078125,0.0005490758993831947,0.9999998623704002,0.0066387089340427495,0.0003132092355090957,0.00032925244267807663,True,True,True,False,True,True
789,108,mlp_down_all_blocks,10,11,actual_local,0.015625,0.0,1.0,0.013266813984584206,0.0,0.00032925244267807663,True,True,True,False,True,True
789,108,mlp_down_all_blocks,10,11,actual_local,0.03125,0.0019885239731080506,0.9999982203921961,0.02648653531316211,0.0010713179532754295,0.00032925244267807663,True,True,True,False,True,True
789,108,mlp_down_all_blocks,10,11,accumulated,0.0078125,0.0018558541882417573,0.9999985746080196,0.014191645530604494,0.0009509903913531782,0.0001913538585965149,True,True,True,False,True,True
789,108,mlp_down_all_blocks,10,11,accumulated,0.015625,0.0,1.0,0.028344406439134075,0.0,0.0001913538585965149,True,True,True,False,True,True
789,108,mlp_down_all_blocks,10,11,accumulated,0.03125,0.007209440004936738,0.99997841159682,0.0561340165002343,0.0036742810575009156,0.0001913538585965149,True,True,True,False,True,True
789,108,mlp_down_all_blocks,10,11,donor,0.0078125,0.0001878181330765191,0.9999999823621746,0.0005651289462590699,0.0001137093207057039,0.00026343592188684894,True,True,True,False,True,True
789,108,mlp_down_all_blocks,10,11,donor,0.015625,0.0,1.0,0.0009442337169850291,0.0,0.00026343592188684894,True,True,True,False,True,True
789,108,mlp_down_all_blocks,10,11,donor,0.03125,0.00010384555662749488,0.999999994608233,0.0018364195485956634,6.354344392377571e-05,0.00026343592188684894,True,True,True,False,True,True
789,108,mlp_down_all_blocks,10,11,isotropic,0.0078125,0.00019689214921453078,0.9999999806168048,0.000620466202551221,0.00012703907201889808,0.00027483691476469545,True,True,True,False,True,True
789,108,mlp_down_all_blocks,10,11,isotropic,0.015625,0.0,1.0,0.0010640285183587286,0.0,0.00027483691476469545,True,True,True,False,True,True
789,108,mlp_down_all_blocks,10,11,isotropic,0.03125,0.00010084237105817965,0.9999999949422724,0.0020923741130299722,6.017640253526752e-05,0.00027483691476469545,True,True,True,False,True,True
789,108,mlp_down_all_blocks,15,16,actual_local,0.0078125,0.0004885021365615117,0.999999882071809,0.00883997582417247,0.0002327307082476805,0.0004872722581981264,True,True,True,False,True,True
789,108,mlp_down_all_blocks,15,16,actual_local,0.015625,0.0,1.0,0.017586424156081318,0.0,0.0004872722581981264,True,True,True,False,True,True
789,108,mlp_down_all_blocks,15,16,actual_local,0.03125,0.0013042684266818215,0.9999991702070625,0.03513937462428635,0.00022497301797275783,0.0004872722581981264,True,True,True,False,True,True
789,108,mlp_down_all_blocks,15,16,accumulated,0.0078125,0.0016781286939589256,0.9999988772220922,0.022127887018643447,0.0010365829285727821,0.00014674208554589396,True,True,True,False,True,True
789,108,mlp_down_all_blocks,15,16,accumulated,0.015625,0.0,0.9999999999999999,0.04421092036323985,0.0,0.00014674208554589396,True,True,True,False,True,True
789,108,mlp_down_all_blocks,15,16,accumulated,0.03125,0.006653577053632158,0.9999823278013743,0.08825901072143849,0.004091223637280348,0.00014674208554589396,True,True,True,False,True,True
789,108,mlp_down_all_blocks,15,16,donor,0.0078125,0.00032432271928716644,0.9999999474315668,0.0011638319037625385,0.0001995830520207363,0.0004563462160386297,True,True,True,False,True,True
789,108,mlp_down_all_blocks,15,16,donor,0.015625,0.0,1.0,0.0020652744580444637,0.0,0.0004563462160386297,True,True,True,False,True,True
789,108,mlp_down_all_blocks,15,16,donor,0.03125,0.000183201079901774,0.9999999833198204,0.004096997575397734,0.00011514406847350171,0.0004563462160386297,True,True,True,False,True,True
789,108,mlp_down_all_blocks,15,16,isotropic,0.0078125,0.0003276826070945165,0.9999999463121206,0.001126627895163726,0.00020530826443123566,0.0004567135790961308,True,True,True,False,True,True
789,108,mlp_down_all_blocks,15,16,isotropic,0.015625,0.0,1.0,0.0020249296036780368,0.0,0.0004567135790961308,True,True,True,False,True,True
789,108,mlp_down_all_blocks,15,16,isotropic,0.03125,0.0001811342611862088,0.9999999836760002,0.003996991020406253,0.00011252472185173493,0.0004567135790961308,True,True,True,False,True,True
789,109,qkv_all_blocks,4,5,actual_local,0.0078125,0.0011366275934093322,0.9999993540431009,0.0016407090612823225,0.0006379723645623976,0.0015929006343033455,True,True,True,False,True,True
789,109,qkv_all_blocks,4,5,actual_local,0.015625,0.0,1.0,0.0008936728894112768,0.0,0.0015929006343033455,True,True,True,False,True,True
789,109,qkv_all_blocks,4,5,actual_local,0.03125,0.0006032701648619333,0.9999998181997124,0.0004772951260669463,0.000372150545994732,0.0015929006343033455,True,True,True,False,True,True
789,109,qkv_all_blocks,4,5,accumulated,0.0078125,0.0011366275934093322,0.9999993540431009,0.0016407090612823225,0.0006379723645623976,0.0015929006343033455,True,True,True,False,True,True
789,109,qkv_all_blocks,4,5,accumulated,0.015625,0.0,1.0,0.0008936728894112768,0.0,0.0015929006343033455,True,True,True,False,True,True
789,109,qkv_all_blocks,4,5,accumulated,0.03125,0.0006032701648619333,0.9999998181997124,0.0004772951260669463,0.000372150545994732,0.0015929006343033455,True,True,True,False,True,True
789,109,qkv_all_blocks,4,5,donor,0.0078125,0.001112840086357947,0.9999993808189529,0.0016785948361051494,0.0006653481367302679,0.0015529361131990508,True,True,True,False,True,True
789,109,qkv_all_blocks,4,5,donor,0.015625,0.0,1.0,0.0009073098466599021,0.0,0.0015529361131990508,True,True,True,False,True,True
789,109,qkv_all_blocks,4,5,donor,0.03125,0.0006060037168242674,0.9999998164886403,0.0004848886951371805,0.00037259495656895004,0.0015529361131990508,True,True,True,False,True,True
789,109,qkv_all_blocks,4,5,isotropic,0.0078125,0.0011272344945219873,0.9999993647667625,0.0016479682535438527,0.0006916565656126232,0.0015827947773926552,True,True,True,False,True,True
789,109,qkv_all_blocks,4,5,isotropic,0.015625,0.0,1.0,0.000902076578375035,0.0,0.0015827947773926552,True,True,True,False,True,True
789,109,qkv_all_blocks,4,5,isotropic,0.03125,0.0006172119521849305,0.9999998096156743,0.0004852872325355445,0.00037741836633188813,0.0015827947773926552,True,True,True,False,True,True
789,109,qkv_all_blocks,10,11,actual_local,0.0078125,0.0020689486850220535,0.9999978600459482,0.0032836086600077797,0.0012491699297024002,0.0028803885934618463,True,True,True,False,True,True
789,109,qkv_all_blocks,10,11,actual_local,0.015625,0.0,0.9999999999999998,0.0016849383932714215,0.0,0.0028803885934618463,True,True,True,False,True,True
789,109,qkv_all_blocks,10,11,actual_local,0.03125,0.0010548659318202673,0.999999444070556,0.0014103166746735987,0.0006245849648512001,0.0028803885934618463,True,True,True,False,True,True
789,109,qkv_all_blocks,10,11,accumulated,0.0078125,0.0014827526376892958,0.9999989055093546,0.0021211209955537534,0.0008294238845181418,0.0020749338130833022,True,True,True,False,True,True
789,109,qkv_all_blocks,10,11,accumulated,0.015625,0.0,1.0,0.001143404389334206,0.0,0.0020749338130833022,True,True,True,False,True,True
789,109,qkv_all_blocks,10,11,accumulated,0.03125,0.0007422172418657855,0.9999997249149825,0.00107094084502652,0.0004665509350414548,0.0020749338130833022,True,True,True,False,True,True
789,109,qkv_all_blocks,10,11,donor,0.0078125,0.0019294408789119813,0.9999981392436227,0.0031936883953000185,0.0012299327831050448,0.002722876949158465,True,True,True,False,True,True
789,109,qkv_all_blocks,10,11,donor,0.015625,0.0,0.9999999999999998,0.0015763136891628721,0.0,0.002722876949158465,True,True,True,False,True,True
789,109,qkv_all_blocks,10,11,donor,0.03125,0.0010675014722082913,0.9999994302348277,0.0009205036382214005,0.0006149663915525224,0.002722876949158465,True,True,True,False,True,True
789,109,qkv_all_blocks,10,11,isotropic,0.0078125,0.0019833500910977748,0.9999980365137168,0.0028209300558662284,0.0012157538740516275,0.0027700564010273783,True,True,True,False,True,True
789,109,qkv_all_blocks,10,11,isotropic,0.015625,0.0,1.0,0.001554723441783428,0.0,0.0027700564010273783,True,True,True,False,True,True
789,109,qkv_all_blocks,10,11,isotropic,0.03125,0.0010201762326565945,0.9999994799659322,0.0008749360633752181,0.0006078769370258137,0.0027700564010273783,True,True,True,False,True,True
789,109,qkv_all_blocks,15,16,actual_local,0.0078125,0.0017674118001426095,0.999998451941877,0.0026793653103144564,0.0011046889235072754,0.002479228202796777,True,True,True,False,True,True
789,109,qkv_all_blocks,15,16,actual_local,0.015625,0.0,0.9999999999999999,0.0019859339963491985,0.0,0.002479228202796777,True,True,True,False,True,True
789,109,qkv_all_blocks,15,16,actual_local,0.03125,0.0009232908095161578,0.9999995771735433,0.003051867486572321,0.0005753588143267059,0.002479228202796777,True,True,True,False,True,True
789,109,qkv_all_blocks,15,16,accumulated,0.0078125,0.0015492720088015246,0.9999988003856564,0.002823704360137154,0.0009760857510654057,0.002176921014363121,True,True,True,False,True,True
789,109,qkv_all_blocks,15,16,accumulated,0.015625,0.0,0.9999999999999998,0.0037602088906981837,0.0,0.002176921014363121,True,True,True,False,True,True
789,109,qkv_all_blocks,15,16,accumulated,0.03125,0.0008104812992402952,0.9999996716340153,0.007211449928761773,0.0005179230515857255,0.002176921014363121,True,True,True,False,True,True
789,109,qkv_all_blocks,15,16,donor,0.0078125,0.0019371932146744326,0.9999981236395515,0.002771046201626654,0.0012197753057369828,0.0027125793508678423,True,True,True,False,True,True
789,109,qkv_all_blocks,15,16,donor,0.015625,0.0,1.0,0.0014571894110262907,0.0,0.0027125793508678423,True,True,True,False,True,True
789,109,qkv_all_blocks,15,16,donor,0.03125,0.000983587920380178,0.99999951636159,0.0007982104464097205,0.0006098876528684914,0.0027125793508678423,True,True,True,False,True,True
789,109,qkv_all_blocks,15,16,isotropic,0.0078125,0.0018329050549754596,0.9999983204190914,0.0027352829297191393,0.0011955332129232033,0.002584283612571543,True,True,True,False,True,True
789,109,qkv_all_blocks,15,16,isotropic,0.015625,0.0,1.0,0.0014398660872690931,0.0,0.002584283612571543,True,True,True,False,True,True
789,109,qkv_all_blocks,15,16,isotropic,0.03125,0.000972398282854464,0.9999995273078569,0.0007733687089434597,0.0005977666064616016,0.002584283612571543,True,True,True,False,True,True
789,109,attention_output_all_blocks,4,5,actual_local,0.0078125,0.008897307887396993,0.9999604476879703,0.01317794844921174,0.0057813591736519425,0.012412848384705159,True,True,True,False,True,True
789,109,attention_output_all_blocks,4,5,actual_local,0.015625,0.0,0.9999999999999998,0.0072995700100264025,0.0,0.012412848384705159,True,True,True,False,True,True
789,109,attention_output_all_blocks,4,5,actual_local,0.03125,0.004715510537821004,0.9999888986569874,0.003839553107150129,0.0028906795868259712,0.012412848384705159,True,True,True,False,True,True
789,109,attention_output_all_blocks,4,5,accumulated,0.0078125,0.008897307887396993,0.9999604476879703,0.01317794844921174,0.0057813591736519425,0.012412848384705159,True,True,True,False,True,True
789,109,attention_output_all_blocks,4,5,accumulated,0.015625,0.0,0.9999999999999998,0.0072995700100264025,0.0,0.012412848384705159,True,True,True,False,True,True
789,109,attention_output_all_blocks,4,5,accumulated,0.03125,0.004715510537821004,0.9999888986569874,0.003839553107150129,0.0028906795868259712,0.012412848384705159,True,True,True,False,True,True
789,109,attention_output_all_blocks,4,5,donor,0.0078125,0.008358161455051975,0.9999650731016944,0.01207557231483777,0.005285363910344421,0.011674767864886686,True,True,True,False,True,True
789,109,attention_output_all_blocks,4,5,donor,0.015625,0.0,1.0,0.006841294268829945,0.0,0.011674767864886686,True,True,True,False,True,True
789,109,attention_output_all_blocks,4,5,donor,0.03125,0.004519137526361417,0.9999897960189902,0.0036667931191631453,0.002882925769278775,0.011674767864886686,True,True,True,False,True,True
789,109,attention_output_all_blocks,4,5,isotropic,0.0078125,0.00771484741987347,0.9999702421672524,0.011330513824612101,0.004288608043328357,0.01076539832308038,True,True,True,False,True,True
789,109,attention_output_all_blocks,4,5,isotropic,0.015625,0.0,0.9999999999999998,0.006173673836360441,0.0,0.01076539832308038,True,True,True,False,True,True
789,109,attention_output_all_blocks,4,5,isotropic,0.03125,0.004232435863170985,0.9999910435447141,0.0033213196924263386,0.00262081602647844,0.01076539832308038,True,True,True,False,True,True
789,109,attention_output_all_blocks,10,11,actual_local,0.0078125,0.002417634836596584,0.999997169039031,0.004461799402959836,0.001516137883735251,0.0034048112663517694,True,True,True,False,True,True
789,109,attention_output_all_blocks,10,11,actual_local,0.015625,0.0,0.9999999999999999,0.003716181396659451,0.0,0.0034048112663517694,True,True,True,False,True,True
789,109,attention_output_all_blocks,10,11,actual_local,0.03125,0.001328202447236877,0.9999991947789778,0.005539255565554436,0.0007580689418676255,0.0034048112663517694,True,True,True,False,True,True
789,109,attention_output_all_blocks,10,11,accumulated,0.0078125,0.01014409296998615,0.999949678081969,0.01449389487577416,0.006281437707515354,0.014160122941249149,True,True,True,False,True,True
789,109,attention_output_all_blocks,10,11,accumulated,0.015625,0.0,1.0,0.007778690059923205,0.0,0.014160122941249149,True,True,True,False,True,True
789,109,attention_output_all_blocks,10,11,accumulated,0.03125,0.004986644921770325,0.9999875692216532,0.003977817456509811,0.003140718853757677,0.014160122941249149,True,True,True,False,True,True
789,109,attention_output_all_blocks,10,11,donor,0.0078125,0.005088276091925288,0.9999871343776806,0.007756803767390856,0.0032563518684050555,0.007112188497629473,True,True,True,False,True,True
789,109,attention_output_all_blocks,10,11,donor,0.015625,0.0,1.0,0.003924602587211813,0.0,0.007112188497629473,True,True,True,False,True,True
789,109,attention_output_all_blocks,10,11,donor,0.03125,0.002542857165797788,0.9999967779524427,0.0022504292500888953,0.0016281759342025278,0.007112188497629473,True,True,True,False,True,True
789,109,attention_output_all_blocks,10,11,isotropic,0.0078125,0.004640126042159871,0.9999892363595589,0.007153175090488464,0.002919389970099893,0.006525252959573988,True,True,True,False,True,True
789,109,attention_output_all_blocks,10,11,isotropic,0.015625,0.0,1.0,0.003934540741729835,0.0,0.006525252959573988,True,True,True,False,True,True
789,109,attention_output_all_blocks,10,11,isotropic,0.03125,0.00266182907369141,0.9999964584952817,0.0019585964908990193,0.001610697914537872,0.006525252959573988,True,True,True,False,True,True
789,109,attention_output_all_blocks,15,16,actual_local,0.0078125,0.004656829718306497,0.9999891749749392,0.006818488867689309,0.0029104994559978293,0.006527371901199863,True,True,True,False,True,True
789,109,attention_output_all_blocks,15,16,actual_local,0.015625,0.0,1.0,0.003494175975894653,0.0,0.006527371901199863,True,True,True,False,True,True
789,109,attention_output_all_blocks,15,16,actual_local,0.03125,0.002334692328555152,0.999997274691262,0.0022948596827973727,0.0014552497279989147,0.006527371901199863,True,True,True,False,True,True
789,109,attention_output_all_blocks,15,16,accumulated,0.0078125,0.0028637181701113832,0.9999959529912085,0.004769899314433144,0.0018176981658531031,0.004022306743542835,True,True,True,False,True,True
789,109,attention_output_all_blocks,15,16,accumulated,0.015625,0.0,1.0,0.004774409140269384,0.0,0.004022306743542835,True,True,True,False,True,True
789,109,attention_output_all_blocks,15,16,accumulated,0.03125,0.0014860185337528327,0.99999889595347,0.008561692561221135,0.0009088490829265516,0.004022306743542835,True,True,True,False,True,True
789,109,attention_output_all_blocks,15,16,donor,0.0078125,0.0038806352132355337,0.9999924705604349,0.005603278195716456,0.0025288529502716936,0.00544372989025644,True,True,True,False,True,True
789,109,attention_output_all_blocks,15,16,donor,0.015625,0.0,1.0,0.002928754948724289,0.0,0.00544372989025644,True,True,True,False,True,True
789,109,attention_output_all_blocks,15,16,donor,0.03125,0.0019441876258211221,0.9999981103420139,0.001498681526846034,0.0012644264751358468,0.00544372989025644,True,True,True,False,True,True
789,109,attention_output_all_blocks,15,16,isotropic,0.0078125,0.003651277940133295,0.999993334650428,0.005313001515263667,0.0024097122598207175,0.005115634845136281,True,True,True,False,True,True
789,109,attention_output_all_blocks,15,16,isotropic,0.015625,0.0,1.0,0.002739479728522148,0.0,0.005115634845136281,True,True,True,False,True,True
789,109,attention_output_all_blocks,15,16,isotropic,0.03125,0.0018243431119125558,0.9999983361392557,0.0014402467532886598,0.0012048561299103588,0.005115634845136281,True,True,True,False,True,True
789,109,mlp_down_all_blocks,4,5,actual_local,0.0078125,0.00011002710911588231,0.9999999939492975,0.00023329831248592592,6.903209988426846e-05,0.00015438096583482542,True,True,True,False,True,True
789,109,mlp_down_all_blocks,4,5,actual_local,0.015625,0.0,1.0,0.0003460219143737728,0.0,0.00015438096583482542,True,True,True,False,True,True
789,109,mlp_down_all_blocks,4,5,actual_local,0.03125,5.861475952393373e-05,0.9999999982823314,0.0006761349805280751,3.64336082722528e-05,0.00015438096583482542,True,True,True,False,True,True
789,109,mlp_down_all_blocks,4,5,accumulated,0.0078125,0.00011002710911588231,0.9999999939492975,0.00023329831248592592,6.903209988426846e-05,0.00015438096583482542,True,True,True,False,True,True
789,109,mlp_down_all_blocks,4,5,accumulated,0.015625,0.0,1.0,0.0003460219143737728,0.0,0.00015438096583482542,True,True,True,False,True,True
789,109,mlp_down_all_blocks,4,5,accumulated,0.03125,5.861475952393373e-05,0.9999999982823314,0.0006761349805280751,3.64336082722528e-05,0.00015438096583482542,True,True,True,False,True,True
789,109,mlp_down_all_blocks,4,5,donor,0.0078125,0.00010206992447539657,0.9999999947909018,0.0001540138081257345,6.113009240036255e-05,0.00014259730569710479,True,True,True,False,True,True
789,109,mlp_down_all_blocks,4,5,donor,0.015625,0.0,1.0,9.586295644574832e-05,0.0,0.00014259730569710479,True,True,True,False,True,True
789,109,mlp_down_all_blocks,4,5,donor,0.03125,5.47816746155173e-05,0.9999999984994916,0.00011090419067938753,3.056504620018128e-05,0.00014259730569710479,True,True,True,False,True,True
789,109,mlp_down_all_blocks,4,5,isotropic,0.0078125,0.00010528798603168887,0.999999994460157,0.0001576413058591269,6.115369415966248e-05,0.00014658263719510747,True,True,True,False,True,True
789,109,mlp_down_all_blocks,4,5,isotropic,0.015625,0.0,0.9999999999999999,0.000102559462142768,0.0,0.00014658263719510747,True,True,True,False,True,True
789,109,mlp_down_all_blocks,4,5,isotropic,0.03125,5.360149643358322e-05,0.9999999985645683,0.00013022359150862174,3.057684707983124e-05,0.00014658263719510747,True,True,True,False,True,True
789,109,mlp_down_all_blocks,10,11,actual_local,0.0078125,0.00031318772847194675,0.9999999532460927,0.006605431535050825,0.00017627053042476446,0.0002773189213309233,True,True,True,False,True,True
789,109,mlp_down_all_blocks,10,11,actual_local,0.015625,0.0,0.9999999999999999,0.013144020120918457,0.0,0.0002773189213309233,True,True,True,False,True,True
789,109,mlp_down_all_blocks,10,11,actual_local,0.03125,0.0009270724682172695,0.9999996006236836,0.026233289311547704,0.00044979376729077826,0.0002773189213309233,True,True,True,False,True,True
789,109,mlp_down_all_blocks,10,11,accumulated,0.0078125,0.0010180942186364585,0.999999513712696,0.01495479867202829,0.00038622132225505816,0.00016813687896544144,True,True,True,False,True,True
789,109,mlp_down_all_blocks,10,11,accumulated,0.015625,0.0,1.0,0.02983551163248038,0.0,0.00016813687896544144,True,True,True,False,True,True
789,109,mlp_down_all_blocks,10,11,accumulated,0.03125,0.004073641310434381,0.9999922487311721,0.058891670274430846,0.0014683069234006953,0.00016813687896544144,True,True,True,False,True,True
789,109,mlp_down_all_blocks,10,11,donor,0.0078125,0.00019166356273544525,0.9999999816332822,0.0004980294075518813,0.00012022113427254526,0.00026588389797507767,True,True,True,False,True,True
789,109,mlp_down_all_blocks,10,11,donor,0.015625,0.0,0.9999999999999999,0.0007799734658014517,0.0,0.00026588389797507767,True,True,True,False,True,True
789,109,mlp_down_all_blocks,10,11,donor,0.03125,9.570977430096806e-05,0.9999999954265737,0.0015039100893618636,6.011056713627263e-05,0.00026588389797507767,True,True,True,False,True,True
789,109,mlp_down_all_blocks,10,11,isotropic,0.0078125,0.00019389941333544525,0.9999999812141495,0.000615660950924914,0.0001205269211078781,0.00027466827435404425,True,True,True,False,True,True
789,109,mlp_down_all_blocks,10,11,isotropic,0.015625,0.0,1.0,0.0011431876389864585,0.0,0.00027466827435404425,True,True,True,False,True,True
789,109,mlp_down_all_blocks,10,11,isotropic,0.03125,0.00010672567954900564,0.9999999943100076,0.0022525326355491843,6.026346055393905e-05,0.00027466827435404425,True,True,True,False,True,True
789,109,mlp_down_all_blocks,15,16,actual_local,0.0078125,0.00030371332431632065,0.9999999542577092,0.005405786300975951,0.00019208778066375415,0.00040736812866791814,True,True,True,False,True,True
789,109,mlp_down_all_blocks,15,16,actual_local,0.015625,0.0,1.0,0.010794918853790511,0.0,0.00040736812866791814,True,True,True,False,True,True
789,109,mlp_down_all_blocks,15,16,actual_local,0.03125,0.0003798985152118066,0.9999999349436531,0.021601196897696417,0.00021095354483608713,0.00040736812866791814,True,True,True,False,True,True
789,109,mlp_down_all_blocks,15,16,accumulated,0.0078125,0.0015548693648084874,0.9999989237251872,0.013198708627277485,0.0004043998051476538,0.00013533105695255726,True,True,True,False,True,True
789,109,mlp_down_all_blocks,15,16,accumulated,0.015625,0.0,0.9999999999999999,0.026475621177064743,0.0,0.00013533105695255726,True,True,True,False,True,True
789,109,mlp_down_all_blocks,15,16,accumulated,0.03125,0.006311411796551297,0.999982166783633,0.053556649612693845,0.001604961726679751,0.00013533105695255726,True,True,True,False,True,True
789,109,mlp_down_all_blocks,15,16,donor,0.0078125,0.0002346931874857792,0.9999999724934981,0.0007032169994259687,0.00014919501791936456,0.0003299848450478292,True,True,True,False,True,True
789,109,mlp_down_all_blocks,15,16,donor,0.015625,0.0,1.0,0.0012693694723541083,0.0,0.0003299848450478292,True,True,True,False,True,True
789,109,mlp_down_all_blocks,15,16,donor,0.03125,0.00012379339736563887,0.999999992348178,0.002529115921561367,7.758140931806957e-05,0.0003299848450478292,True,True,True,False,True,True
789,109,mlp_down_all_blocks,15,16,isotropic,0.0078125,0.00024918753557969897,0.9999999689532243,0.0006664434390579972,0.00015786865924879789,0.0003507308799750008,True,True,True,False,True,True
789,109,mlp_down_all_blocks,15,16,isotropic,0.015625,0.0,0.9999999999999999,0.001158235134939489,0.0,0.0003507308799750008,True,True,True,False,True,True
789,109,mlp_down_all_blocks,15,16,isotropic,0.03125,0.00012968791551472384,0.9999999916026745,0.002283926696855362,8.500620113396809e-05,0.0003507308799750008,True,True,True,False,True,True
789,110,qkv_all_blocks,4,5,actual_local,0.0078125,0.001133988967560667,0.9999993570714317,0.001672432984950387,0.0006436914440773615,0.001584992342492253,True,True,True,False,True,True
789,110,qkv_all_blocks,4,5,actual_local,0.015625,0.0,1.0,0.0009119847307127379,0.0,0.001584992342492253,True,True,True,False,True,True
789,110,qkv_all_blocks,4,5,actual_local,0.03125,0.000599846406499835,0.9999998202695443,0.0004839638854948577,0.0003888969141300726,0.001584992342492253,True,True,True,False,True,True
789,110,qkv_all_blocks,4,5,accumulated,0.0078125,0.001133988967560667,0.9999993570714317,0.001672432984950387,0.0006436914440773615,0.001584992342492253,True,True,True,False,True,True
789,110,qkv_all_blocks,4,5,accumulated,0.015625,0.0,1.0,0.0009119847307127379,0.0,0.001584992342492253,True,True,True,False,True,True
789,110,qkv_all_blocks,4,5,accumulated,0.03125,0.000599846406499835,0.9999998202695443,0.0004839638854948577,0.0003888969141300726,0.001584992342492253,True,True,True,False,True,True
789,110,qkv_all_blocks,4,5,donor,0.0078125,0.001143432150703449,0.99999934718649,0.0016657660004339783,0.000643243911235471,0.0015985844014944823,True,True,True,False,True,True
789,110,qkv_all_blocks,4,5,donor,0.015625,0.0,1.0,0.000890429667729103,0.0,0.0015985844014944823,True,True,True,False,True,True
789,110,qkv_all_blocks,4,5,donor,0.03125,0.0006044432262586172,0.9999998173479553,0.00047628551947196784,0.0003484237852525468,0.0015985844014944823,True,True,True,False,True,True
789,110,qkv_all_blocks,4,5,isotropic,0.0078125,0.001097573536037869,0.9999993976860144,0.001695726638374876,0.0006434363556132253,0.0015365532992576462,True,True,True,False,True,True
789,110,qkv_all_blocks,4,5,isotropic,0.015625,0.0,0.9999999999999998,0.000898874024397328,0.0,0.0015365532992576462,True,True,True,False,True,True
789,110,qkv_all_blocks,4,5,isotropic,0.03125,0.0005813218183706692,0.99999983103279,0.0004818079248604981,0.0003753378741077148,0.0015365532992576462,True,True,True,False,True,True
789,110,qkv_all_blocks,10,11,actual_local,0.0078125,0.0020565490873473416,0.9999978859327453,0.003318378576472955,0.001261386084259885,0.002884058494319431,True,True,True,False,True,True
789,110,qkv_all_blocks,10,11,actual_local,0.015625,0.0,1.0,0.0019398843432598815,0.0,0.002884058494319431,True,True,True,False,True,True
789,110,qkv_all_blocks,10,11,actual_local,0.03125,0.0011151855892975655,0.9999993782691964,0.0020660407692539295,0.0007095296723961854,0.002884058494319431,True,True,True,False,True,True
789,110,qkv_all_blocks,10,11,accumulated,0.0078125,0.001438548598131871,0.9999989652932617,0.0021064456903041847,0.000851681183610879,0.0020206728019376936,True,True,True,False,True,True
789,110,qkv_all_blocks,10,11,accumulated,0.015625,0.0,0.9999999999999998,0.0011525859140379493,0.0,0.0020206728019376936,True,True,True,False,True,True
789,110,qkv_all_blocks,10,11,accumulated,0.03125,0.0007442514231143322,0.9999997231592354,0.0009069209390529289,0.0004790706657811194,0.0020206728019376936,True,True,True,False,True,True
789,110,qkv_all_blocks,10,11,donor,0.0078125,0.0019259671221204505,0.9999981455287046,0.0029814425905178763,0.0012608328226386308,0.0027070714330787193,True,True,True,False,True,True
789,110,qkv_all_blocks,10,11,donor,0.015625,0.0,0.9999999999999998,0.001670008479875507,0.0,0.0027070714330787193,True,True,True,False,True,True
789,110,qkv_all_blocks,10,11,donor,0.03125,0.0010433097293276673,0.9999994558194463,0.0008485737304786606,0.0006304164113193154,0.0027070714330787193,True,True,True,False,True,True
789,110,qkv_all_blocks,10,11,isotropic,0.0078125,0.0018595090470525817,0.9999982712350506,0.003040587143763578,0.001248871064844087,0.0026125178444181326,True,True,True,False,True,True
789,110,qkv_all_blocks,10,11,isotropic,0.015625,0.0,1.0,0.0015585625573259904,0.0,0.0026125178444181326,True,True,True,False,True,True
789,110,qkv_all_blocks,10,11,isotropic,0.03125,0.0010274872138969595,0.9999994721558961,0.0008300522617108238,0.0006244355324220435,0.0026125178444181326,True,True,True,False,True,True
789,110,qkv_all_blocks,15,16,actual_local,0.0078125,0.001684065158896345,0.9999985977223534,0.0032163870931961693,0.000995396015680222,0.0023868523957155043,True,True,True,False,True,True
789,110,qkv_all_blocks,15,16,actual_local,0.015625,0.0,0.9999999999999999,0.004820460364669066,0.0,0.0023868523957155043,True,True,True,False,True,True
789,110,qkv_all_blocks,15,16,actual_local,0.03125,0.0009022358225646361,0.9999995935787233,0.00921734639865753,0.0005154729366915436,0.0023868523957155043,True,True,True,False,True,True
789,110,qkv_all_blocks,15,16,accumulated,0.0078125,0.00117482343268877,0.9999993116617663,0.003168914895718732,0.0007238566421436137,0.0016487308457516254,True,True,True,False,True,True
789,110,qkv_all_blocks,15,16,accumulated,0.015625,0.0,1.0,0.004942222188801469,0.0,0.0016487308457516254,True,True,True,False,True,True
789,110,qkv_all_blocks,15,16,accumulated,0.03125,0.000587567860836921,0.9999998281889008,0.009697288979993907,0.00038778034400550735,0.0016487308457516254,True,True,True,False,True,True
789,110,qkv_all_blocks,15,16,donor,0.0078125,0.0021180624051480943,0.9999977607067388,0.0031047973810343376,0.001349731458736252,0.0029753024279524053,True,True,True,False,True,True
789,110,qkv_all_blocks,15,16,donor,0.015625,0.0,1.0,0.0016552167638017605,0.0,0.0029753024279524053,True,True,True,False,True,True
789,110,qkv_all_blocks,15,16,donor,0.03125,0.0010765071062791942,0.9999994206155304,0.0009601876731090538,0.000674865729368126,0.0029753024279524053,True,True,True,False,True,True
789,110,qkv_all_blocks,15,16,isotropic,0.0078125,0.0020365659598229656,0.9999979264367426,0.0030460806455627565,0.0013020570639984508,0.0028461803114541383,True,True,True,False,True,True
789,110,qkv_all_blocks,15,16,isotropic,0.015625,0.0,1.0,0.0015584011659185099,0.0,0.0028461803114541383,True,True,True,False,True,True
789,110,qkv_all_blocks,15,16,isotropic,0.03125,0.0010092486588986226,0.9999994912300505,0.0008959170853892145,0.0006510285319992254,0.0028461803114541383,True,True,True,False,True,True
789,110,attention_output_all_blocks,4,5,actual_local,0.0078125,0.00907771002308086,0.9999587968564413,0.013276241136123596,0.005662105300707228,0.012680428918286742,True,True,True,False,True,True
789,110,attention_output_all_blocks,4,5,actual_local,0.015625,0.0,1.0,0.00723122719564554,0.0,0.012680428918286742,True,True,True,False,True,True
789,110,attention_output_all_blocks,4,5,actual_local,0.03125,0.0050493061781978175,0.9999872542787804,0.0040905003452909134,0.0030884210731130335,0.012680428918286742,True,True,True,False,True,True
789,110,attention_output_all_blocks,4,5,accumulated,0.0078125,0.00907771002308086,0.9999587968564413,0.013276241136123596,0.005662105300707228,0.012680428918286742,True,True,True,False,True,True
789,110,attention_output_all_blocks,4,5,accumulated,0.015625,0.0,1.0,0.00723122719564554,0.0,0.012680428918286742,True,True,True,False,True,True
789,110,attention_output_all_blocks,4,5,accumulated,0.03125,0.0050493061781978175,0.9999872542787804,0.0040905003452909134,0.0030884210731130335,0.012680428918286742,True,True,True,False,True,True
789,110,attention_output_all_blocks,4,5,donor,0.0078125,0.008784378125058312,0.9999614579590975,0.01253660181844346,0.0051381712347392874,0.01229684058620083,True,True,True,False,True,True
789,110,attention_output_all_blocks,4,5,donor,0.015625,0.0,1.0,0.007044126886063742,0.0,0.01229684058620083,True,True,True,False,True,True
789,110,attention_output_all_blocks,4,5,donor,0.03125,0.004888822640742143,0.9999880504387935,0.0038329088140174007,0.0030829027408435725,0.01229684058620083,True,True,True,False,True,True
789,110,attention_output_all_blocks,4,5,isotropic,0.0078125,0.008242693023815533,0.9999660334418746,0.011902785271332133,0.004582441635081843,0.0114805830707874,True,True,True,False,True,True
789,110,attention_output_all_blocks,4,5,isotropic,0.015625,0.0,1.0,0.006469774927063486,0.0,0.0114805830707874,True,True,True,False,True,True
789,110,attention_output_all_blocks,4,5,isotropic,0.03125,0.004398294062378937,0.9999903285733114,0.003573705727006597,0.002800380999216682,0.0114805830707874,True,True,True,False,True,True
789,110,attention_output_all_blocks,10,11,actual_local,0.0078125,0.00737578654510856,0.9999728040323884,0.011311643231042313,0.004674037270405428,0.010335818720040227,True,True,True,False,True,True
789,110,attention_output_all_blocks,10,11,actual_local,0.015625,0.0,0.9999999999999999,0.005904700228228973,0.0,0.010335818720040227,True,True,True,False,True,True
789,110,attention_output_all_blocks,10,11,actual_local,0.03125,0.003868015412459897,0.9999925359986995,0.0034850560279911596,0.002337018635202714,0.010335818720040227,True,True,True,False,True,True
789,110,attention_output_all_blocks,10,11,accumulated,0.0078125,0.010787768415444184,0.999941853045985,0.01633086637505957,0.007108427699593321,0.015177456338642367,True,True,True,False,True,True
789,110,attention_output_all_blocks,10,11,accumulated,0.015625,0.0,1.0,0.00851059100597099,0.0,0.015177456338642367,True,True,True,False,True,True
789,110,attention_output_all_blocks,10,11,accumulated,0.03125,0.005751543289762676,0.999983516717494,0.004544660536940621,0.0035542138497966606,0.015177456338642367,True,True,True,False,True,True
789,110,attention_output_all_blocks,10,11,donor,0.0078125,0.006363691851134161,0.9999797515282794,0.008830313166007155,0.004189511596876797,0.008894000490653102,True,True,True,False,True,True
789,110,attention_output_all_blocks,10,11,donor,0.015625,0.0,1.0,0.00489893276633153,0.0,0.008894000490653102,True,True,True,False,True,True
789,110,attention_output_all_blocks,10,11,donor,0.03125,0.003122298834699775,0.9999951256209757,0.0025853599300537204,0.0019638335610359984,0.008894000490653102,True,True,True,False,True,True
789,110,attention_output_all_blocks,10,11,isotropic,0.0078125,0.005474444526830448,0.9999850449005068,0.008946656263383876,0.003513649501584619,0.007673176988671059,True,True,True,False,True,True
789,110,attention_output_all_blocks,10,11,isotropic,0.015625,0.0,0.9999999999999999,0.004685259092714626,0.0,0.007673176988671059,True,True,True,False,True,True
789,110,attention_output_all_blocks,10,11,isotropic,0.03125,0.0029593507605300004,0.9999956225034248,0.0024872219055930016,0.001929370038816554,0.007673176988671059,True,True,True,False,True,True
789,110,attention_output_all_blocks,15,16,actual_local,0.0078125,0.0040296098409130085,0.9999918816797939,0.0059966005031121105,0.0025938295410799237,0.005630054118722772,True,True,True,False,True,True
789,110,attention_output_all_blocks,15,16,actual_local,0.015625,0.0,1.0,0.0032552171814775746,0.0,0.005630054118722772,True,True,True,False,True,True
789,110,attention_output_all_blocks,15,16,actual_local,0.03125,0.0019301400983326097,0.9999981480573299,0.0024644612300201416,0.0012969147705399618,0.005630054118722772,True,True,True,False,True,True
789,110,attention_output_all_blocks,15,16,accumulated,0.0078125,0.002302127656609207,0.9999973839123206,0.004249624878618053,0.0014386424025603537,0.0032191308042577344,True,True,True,False,True,True
789,110,attention_output_all_blocks,15,16,accumulated,0.015625,0.0,1.0,0.005293983564360993,0.0,0.0032191308042577344,True,True,True,False,True,True
789,110,attention_output_all_blocks,15,16,accumulated,0.03125,0.0011401079058300843,0.9999993511690819,0.0096809327091259,0.0007193212012801769,0.0032191308042577344,True,True,True,False,True,True
789,110,attention_output_all_blocks,15,16,donor,0.0078125,0.0038750590269400033,0.9999924920282552,0.00559813828769715,0.0024719181468405645,0.005444068263023419,True,True,True,False,True,True
789,110,attention_output_all_blocks,15,16,donor,0.015625,0.0,1.0,0.0029028154218586977,0.0,0.005444068263023419,True,True,True,False,True,True
789,110,attention_output_all_blocks,15,16,donor,0.03125,0.0018864931414386914,0.9999982207574984,0.0015083143556684712,0.0011918176779409865,0.005444068263023419,True,True,True,False,True,True
789,110,attention_output_all_blocks,15,16,isotropic,0.0078125,0.003470902677025968,0.9999939763994039,0.005438400995921494,0.0021527757012448252,0.004886356611890664,True,True,True,False,True,True
789,110,attention_output_all_blocks,15,16,isotropic,0.015625,0.0,1.0,0.0027260590374329793,0.0,0.004886356611890664,True,True,True,False,True,True
789,110,attention_output_all_blocks,15,16,isotropic,0.03125,0.0018162095780777214,0.9999983508369485,0.0013958427575182918,0.001159186916054906,0.004886356611890664,True,True,True,False,True,True
789,110,mlp_down_all_blocks,4,5,actual_local,0.0078125,0.00011234786413242939,0.9999999936964904,0.00019167274037723653,6.911427526723215e-05,0.00015705143502172517,True,True,True,False,True,True
789,110,mlp_down_all_blocks,4,5,actual_local,0.015625,0.0,1.0,0.00020938014868764572,0.0,0.00015705143502172517,True,True,True,False,True,True
789,110,mlp_down_all_blocks,4,5,actual_local,0.03125,5.962268834704662e-05,0.99999999822257,0.00038589079931690466,3.647697861326141e-05,0.00015705143502172517,True,True,True,False,True,True
789,110,mlp_down_all_blocks,4,5,accumulated,0.0078125,0.00011234786413242939,0.9999999936964904,0.00019167274037723653,6.911427526723215e-05,0.00015705143502172517,True,True,True,False,True,True
789,110,mlp_down_all_blocks,4,5,accumulated,0.015625,0.0,1.0,0.00020938014868764572,0.0,0.00015705143502172517,True,True,True,False,True,True
789,110,mlp_down_all_blocks,4,5,accumulated,0.03125,5.962268834704662e-05,0.99999999822257,0.00038589079931690466,3.647697861326141e-05,0.00015705143502172517,True,True,True,False,True,True
789,110,mlp_down_all_blocks,4,5,donor,0.0078125,0.00010222543960089017,0.9999999947775547,0.00015357872082257337,6.120739518354492e-05,0.00014261184931761654,True,True,True,False,True,True
789,110,mlp_down_all_blocks,4,5,donor,0.015625,0.0,1.0,9.519593593670184e-05,0.0,0.00014261184931761654,True,True,True,False,True,True
789,110,mlp_down_all_blocks,4,5,donor,0.03125,5.492576599841563e-05,0.9999999984921105,0.00010279910215702545,3.442915979074402e-05,0.00014261184931761654,True,True,True,False,True,True
789,110,mlp_down_all_blocks,4,5,isotropic,0.0078125,0.00010182882186598772,0.9999999948156614,0.00015261259942325368,6.122155656816424e-05,0.00014247726500351909,True,True,True,False,True,True
789,110,mlp_down_all_blocks,4,5,isotropic,0.015625,0.0,1.0,9.073997260918103e-05,0.0,0.00014247726500351909,True,True,True,False,True,True
789,110,mlp_down_all_blocks,4,5,isotropic,0.03125,5.3911360209090263e-05,0.9999999985468394,8.620901883108944e-05,3.252395192683725e-05,0.00014247726500351909,True,True,True,False,True,True
789,110,mlp_down_all_blocks,10,11,actual_local,0.0078125,0.00026243383211193373,0.9999999657737787,0.00563248095392636,0.00016653084015188789,0.0003102822300118267,True,True,True,False,True,True
789,110,mlp_down_all_blocks,10,11,actual_local,0.015625,0.0,0.9999999999999998,0.011216106004254897,0.0,0.0003102822300118267,True,True,True,False,True,True
789,110,mlp_down_all_blocks,10,11,actual_local,0.03125,0.0006801369952004347,0.9999997742670385,0.022383543450738393,0.00041979649288288403,0.0003102822300118267,True,True,True,False,True,True
789,110,mlp_down_all_blocks,10,11,accumulated,0.0078125,0.0008472675685031176,0.9999996431574045,0.012847449458985562,0.00045074062037668696,0.00018440313699894211,True,True,True,False,True,True
789,110,mlp_down_all_blocks,10,11,accumulated,0.015625,0.0,1.0,0.025664644039911585,0.0,0.00018440313699894211,True,True,True,False,True,True
789,110,mlp_down_all_blocks,10,11,accumulated,0.03125,0.00333893280528896,0.9999944534558933,0.0511333956759531,0.0017818864057399316,0.00018440313699894211,True,True,True,False,True,True
789,110,mlp_down_all_blocks,10,11,donor,0.0078125,0.00018182960209836468,0.9999999834696843,0.0005649304110641608,0.00011343206243555615,0.000254349045116909,True,True,True,False,True,True
789,110,mlp_down_all_blocks,10,11,donor,0.015625,0.0,1.0,0.0009625397671985971,0.0,0.000254349045116909,True,True,True,False,True,True
789,110,mlp_down_all_blocks,10,11,donor,0.03125,0.00010008946851537096,0.9999999949991131,0.00190564236098419,6.301781246419786e-05,0.000254349045116909,True,True,True,False,True,True
789,110,mlp_down_all_blocks,10,11,isotropic,0.0078125,0.00018779484404430667,0.9999999823694429,0.0005240741429136189,0.00011363828907599926,0.0002636179432869598,True,True,True,False,True,True
789,110,mlp_down_all_blocks,10,11,isotropic,0.015625,0.0,1.0,0.0008865829538652447,0.0,0.0002636179432869598,True,True,True,False,True,True
789,110,mlp_down_all_blocks,10,11,isotropic,0.03125,9.795678818100334e-05,0.9999999952023808,0.001736145565041076,6.31323828199996e-05,0.0002636179432869598,True,True,True,False,True,True
789,110,mlp_down_all_blocks,15,16,actual_local,0.0078125,0.0004504827797675348,0.9999999011690894,0.007224351058621328,0.00020696386421727544,0.00044926970440643696,True,True,True,False,True,True
789,110,mlp_down_all_blocks,15,16,actual_local,0.015625,0.0,1.0,0.01443855143896333,0.0,0.00044926970440643696,True,True,True,False,True,True
789,110,mlp_down_all_blocks,15,16,actual_local,0.03125,0.0013307431774940714,0.9999992042684686,0.028807142706449348,0.00019402862270369574,0.00044926970440643696,True,True,True,False,True,True
789,110,mlp_down_all_blocks,15,16,accumulated,0.0078125,0.0021065822262010953,0.9999978555816341,0.019993947591707036,0.0007912163204208369,0.00024041520801747955,True,True,True,False,True,True
789,110,mlp_down_all_blocks,15,16,accumulated,0.015625,0.0,1.0,0.03992165236426005,0.0,0.00024041520801747955,True,True,True,False,True,True
789,110,mlp_down_all_blocks,15,16,accumulated,0.03125,0.008498889982060642,0.9999649631046099,0.07946549498075291,0.0031322825917552417,0.00024041520801747955,True,True,True,False,True,True
789,110,mlp_down_all_blocks,15,16,donor,0.0078125,0.00029637292568438373,0.9999999560815481,0.0009353064925396206,0.00019532240852399428,0.00041515658523277627,True,True,True,False,True,True
789,110,mlp_down_all_blocks,15,16,donor,0.015625,0.0,1.0,0.001721436374833503,0.0,0.00041515658523277627,True,True,True,False,True,True
789,110,mlp_down_all_blocks,15,16,donor,0.03125,0.00016274605416012115,0.999999986763127,0.003440304019650207,9.766120426199714e-05,0.00041515658523277627,True,True,True,False,True,True
789,110,mlp_down_all_blocks,15,16,isotropic,0.0078125,0.0003075173709253345,0.9999999527393942,0.0009271137017143927,0.0001979481726785882,0.00043087282897612115,True,True,True,False,True,True
789,110,mlp_down_all_blocks,15,16,isotropic,0.015625,0.0,1.0,0.0015815484876317671,0.0,0.00043087282897612115,True,True,True,False,True,True
789,110,mlp_down_all_blocks,15,16,isotropic,0.03125,0.0001547465520869893,0.999999988044343,0.0031212680217642475,9.89740863392941e-05,0.00043087282897612115,True,True,True,False,True,True
887,107,qkv_all_blocks,4,5,actual_local,0.0078125,0.0010909515690309564,0.9999994049673668,0.001617339755853486,0.0006350598420751491,0.001524492943520548,True,True,True,False,True,True
887,107,qkv_all_blocks,4,5,actual_local,0.015625,0.0,1.0,0.0008914515795348667,0.0,0.001524492943520548,True,True,True,False,True,True
887,107,qkv_all_blocks,4,5,actual_local,0.03125,0.0005788435828398112,0.9999998325425783,0.00047545894069314865,0.000370451574543837,0.001524492943520548,True,True,True,False,True,True
887,107,qkv_all_blocks,4,5,accumulated,0.0078125,0.0010909515690309564,0.9999994049673668,0.001617339755853486,0.0006350598420751491,0.001524492943520548,True,True,True,False,True,True
887,107,qkv_all_blocks,4,5,accumulated,0.015625,0.0,1.0,0.0008914515795348667,0.0,0.001524492943520548,True,True,True,False,True,True
887,107,qkv_all_blocks,4,5,accumulated,0.03125,0.0005788435828398112,0.9999998325425783,0.00047545894069314865,0.000370451574543837,0.001524492943520548,True,True,True,False,True,True
887,107,qkv_all_blocks,4,5,donor,0.0078125,0.0011089144560732496,0.9999993851926355,0.0016147768928457637,0.0006349667778828725,0.0015451820070698618,True,True,True,False,True,True
887,107,qkv_all_blocks,4,5,donor,0.015625,0.0,1.0,0.0008676731613114979,0.0,0.0015451820070698618,True,True,True,False,True,True
887,107,qkv_all_blocks,4,5,donor,0.03125,0.000593175288436586,0.9999998241242801,0.00047064921033789723,0.0003703972870983423,0.0015451820070698618,True,True,True,False,True,True
887,107,qkv_all_blocks,4,5,isotropic,0.0078125,0.0011216471952231876,0.9999993709625091,0.0016418783188572117,0.0006888620459207002,0.001566532027666546,True,True,True,False,True,True
887,107,qkv_all_blocks,4,5,isotropic,0.015625,0.0,1.0,0.0008949289324051017,0.0,0.001566532027666546,True,True,True,False,True,True
887,107,qkv_all_blocks,4,5,isotropic,0.03125,0.0005971682462027445,0.9999998217901422,0.0004660219750359073,0.0003709257170342232,0.001566532027666546,True,True,True,False,True,True
887,107,qkv_all_blocks,10,11,actual_local,0.0078125,0.0019072703337617656,0.9999981812504506,0.002908157384471842,0.0011698915639226952,0.0026803061636776243,True,True,True,False,True,True
887,107,qkv_all_blocks,10,11,actual_local,0.015625,0.0,0.9999999999999999,0.001541964984541342,0.0,0.0026803061636776243,True,True,True,False,True,True
887,107,qkv_all_blocks,10,11,actual_local,0.03125,0.0010125772285322376,0.9999994873666914,0.0008235560833777802,0.0006299416113429897,0.0026803061636776243,True,True,True,False,True,True
887,107,qkv_all_blocks,10,11,accumulated,0.0078125,0.0012578172179345162,0.9999992089503795,0.0019328174090762758,0.000774031728475972,0.0017571075379414203,True,True,True,False,True,True
887,107,qkv_all_blocks,10,11,accumulated,0.015625,0.0,1.0,0.0010154175482816386,0.0,0.0017571075379414203,True,True,True,False,True,True
887,107,qkv_all_blocks,10,11,accumulated,0.03125,0.0006575800530510225,0.9999997838411503,0.0006549797951627427,0.00042848184969205595,0.0017571075379414203,True,True,True,False,True,True
887,107,qkv_all_blocks,10,11,donor,0.0078125,0.0018677687578231227,0.9999982561116318,0.0027951515196468317,0.001160400430787625,0.00262778559371043,True,True,True,False,True,True
887,107,qkv_all_blocks,10,11,donor,0.015625,0.0,1.0,0.001535459754755751,0.0,0.00262778559371043,True,True,True,False,True,True
887,107,qkv_all_blocks,10,11,donor,0.03125,0.0010019304635014398,0.9999994980720297,0.0007891004393588249,0.0006248310011933365,0.00262778559371043,True,True,True,False,True,True
887,107,qkv_all_blocks,10,11,isotropic,0.0078125,0.0018686991580656805,0.99999825488791,0.002846911535167664,0.001080509450822091,0.002627976307455153,True,True,True,False,True,True
887,107,qkv_all_blocks,10,11,isotropic,0.015625,0.0,1.0,0.0015124318158903352,0.0,0.002627976307455153,True,True,True,False,True,True
887,107,qkv_all_blocks,10,11,isotropic,0.03125,0.0010551678281787102,0.9999994433103641,0.0008131448884413856,0.0006753184067638068,0.002627976307455153,True,True,True,False,True,True
887,107,qkv_all_blocks,15,16,actual_local,0.0078125,0.0021619937251056605,0.9999976806310151,0.0031530601604961347,0.0013702544192647913,0.003040442654711876,True,True,True,False,True,True
887,107,qkv_all_blocks,15,16,actual_local,0.015625,0.0,1.0,0.002103403943683349,0.0,0.003040442654711876,True,True,True,False,True,True
887,107,qkv_all_blocks,15,16,actual_local,0.03125,0.0010968090750175818,0.9999994090724277,0.0030146543840406477,0.0006968055143420388,0.003040442654711876,True,True,True,False,True,True
887,107,qkv_all_blocks,15,16,accumulated,0.0078125,0.001389710406938827,0.9999990343660969,0.0025845050290585828,0.0008646610584216367,0.0019567168299357614,True,True,True,False,True,True
887,107,qkv_all_blocks,15,16,accumulated,0.015625,0.0,1.0,0.0034873331592504123,0.0,0.0019567168299357614,True,True,True,False,True,True
887,107,qkv_all_blocks,15,16,accumulated,0.03125,0.0007189208155357254,0.9999997439623054,0.006774282896190847,0.0004511275087417235,0.0019567168299357614,True,True,True,False,True,True
887,107,qkv_all_blocks,15,16,donor,0.0078125,0.002768194028042173,0.9999961779540435,0.00415575804211085,0.0017901362698354933,0.0038784169517797227,True,True,True,False,True,True
887,107,qkv_all_blocks,15,16,donor,0.015625,0.0,1.0,0.002070152004454021,0.0,0.0038784169517797227,True,True,True,False,True,True
887,107,qkv_all_blocks,15,16,donor,0.03125,0.0013888927844500063,0.9999990356747529,0.0012278980129227684,0.0008950681349177466,0.0038784169517797227,True,True,True,False,True,True
887,107,qkv_all_blocks,15,16,isotropic,0.0078125,0.002879527074347863,0.9999958543056109,0.00428879122387349,0.0017965118915518753,0.003991446572840884,True,True,True,False,True,True
887,107,qkv_all_blocks,15,16,isotropic,0.015625,0.0,1.0,0.0021900387640896397,0.0,0.003991446572840884,True,True,True,False,True,True
887,107,qkv_all_blocks,15,16,isotropic,0.03125,0.0013353190210139063,0.9999991084617011,0.0011931137878920433,0.0008734422456163814,0.003991446572840884,True,True,True,False,True,True
887,107,attention_output_all_blocks,4,5,actual_local,0.0078125,0.009092988967732623,0.9999586938974279,0.013023108462259427,0.005583299983149614,0.01265025581465359,True,True,True,False,True,True
887,107,attention_output_all_blocks,4,5,actual_local,0.015625,0.0,1.0,0.007166364167955109,0.0,0.01265025581465359,True,True,True,False,True,True
887,107,attention_output_all_blocks,4,5,actual_local,0.03125,0.004883280448151056,0.9999880784813034,0.003949298708982914,0.0029130260781650157,0.01265025581465359,True,True,True,False,True,True
887,107,attention_output_all_blocks,4,5,accumulated,0.0078125,0.009092988967732623,0.9999586938974279,0.013023108462259427,0.005583299983149614,0.01265025581465359,True,True,True,False,True,True
887,107,attention_output_all_blocks,4,5,accumulated,0.015625,0.0,1.0,0.007166364167955109,0.0,0.01265025581465359,True,True,True,False,True,True
887,107,attention_output_all_blocks,4,5,accumulated,0.03125,0.004883280448151056,0.9999880784813034,0.003949298708982914,0.0029130260781650157,0.01265025581465359,True,True,True,False,True,True
887,107,attention_output_all_blocks,4,5,donor,0.0078125,0.008439435734125887,0.999964388064455,0.012339310331594295,0.00478376091779991,0.011786464784852143,True,True,True,False,True,True
887,107,attention_output_all_blocks,4,5,donor,0.015625,0.0,1.0,0.006779217696657856,0.0,0.011786464784852143,True,True,True,False,True,True
887,107,attention_output_all_blocks,4,5,donor,0.03125,0.0045798128922385885,0.9999895211517523,0.0037386078929643267,0.0028702565506799455,0.011786464784852143,True,True,True,False,True,True
887,107,attention_output_all_blocks,4,5,isotropic,0.0078125,0.007747489680846142,0.9999699981759871,0.010901489187152107,0.004729014991581825,0.010839131233783881,True,True,True,False,True,True
887,107,attention_output_all_blocks,4,5,isotropic,0.015625,0.0,1.0,0.00607621873068202,0.0,0.010839131233783881,True,True,True,False,True,True
887,107,attention_output_all_blocks,4,5,isotropic,0.03125,0.004174103854994123,0.9999912895377865,0.0033062680632130856,0.0023645074957909123,0.010839131233783881,True,True,True,False,True,True
887,107,attention_output_all_blocks,10,11,actual_local,0.0078125,0.012929079445169113,0.9999164663805624,0.01923198654272787,0.007736738718392416,0.018080624302766857,True,True,True,False,True,True
887,107,attention_output_all_blocks,10,11,actual_local,0.015625,0.0,1.0,0.010290808562370498,0.0,0.018080624302766857,True,True,True,False,True,True
887,107,attention_output_all_blocks,10,11,actual_local,0.03125,0.006918967646268216,0.9999761017495231,0.005531687911365294,0.00451309758572891,0.018080624302766857,True,True,True,False,True,True
887,107,attention_output_all_blocks,10,11,accumulated,0.0078125,0.008722118494253847,0.9999619617551249,0.013205204683681495,0.0052122592921553,0.012264421232197238,True,True,True,False,True,True
887,107,attention_output_all_blocks,10,11,accumulated,0.015625,0.0,1.0,0.006903166961228674,0.0,0.012264421232197238,True,True,True,False,True,True
887,107,attention_output_all_blocks,10,11,accumulated,0.03125,0.004667843703055841,0.9999891160724173,0.0037399550878483012,0.003007072668551135,0.012264421232197238,True,True,True,False,True,True
887,107,attention_output_all_blocks,10,11,donor,0.0078125,0.011799882653697606,0.9999304240414408,0.01726515898191696,0.007458615487915084,0.01649669760144767,True,True,True,False,True,True
887,107,attention_output_all_blocks,10,11,donor,0.015625,0.0,1.0,0.009421556884803223,0.0,0.01649669760144767,True,True,True,False,True,True
887,107,attention_output_all_blocks,10,11,donor,0.03125,0.006293619451438037,0.9999802086178694,0.005029482685807331,0.003729307743957542,0.01649669760144767,True,True,True,False,True,True
887,107,attention_output_all_blocks,10,11,isotropic,0.0078125,0.010025371485388018,0.9999497591527536,0.015430689081345208,0.006738650743631442,0.014097379651854414,True,True,True,False,True,True
887,107,attention_output_all_blocks,10,11,isotropic,0.015625,0.0,1.0,0.00797351181373311,0.0,0.014097379651854414,True,True,True,False,True,True
887,107,attention_output_all_blocks,10,11,isotropic,0.03125,0.005517075159415957,0.9999847825035316,0.004319573876359556,0.003369325371815721,0.014097379651854414,True,True,True,False,True,True
887,107,attention_output_all_blocks,15,16,actual_local,0.0078125,0.002957558240239063,0.9999956333062687,0.004668879255543412,0.0018775331099852017,0.004141243420245866,True,True,True,False,True,True
887,107,attention_output_all_blocks,15,16,actual_local,0.015625,0.0,1.0,0.0037180746355552166,0.0,0.004141243420245866,True,True,True,False,True,True
887,107,attention_output_all_blocks,15,16,actual_local,0.03125,0.0016194488126104025,0.9999987159440468,0.00586233223064211,0.0009633989135784125,0.004141243420245866,True,True,True,False,True,True
887,107,attention_output_all_blocks,15,16,accumulated,0.0078125,0.0021807846026889247,0.9999976517553452,0.003862708773196158,0.0013999899763006123,0.003059839139620877,True,True,True,False,True,True
887,107,attention_output_all_blocks,15,16,accumulated,0.015625,0.0,1.0,0.0035794094037571943,0.0,0.003059839139620877,True,True,True,False,True,True
887,107,attention_output_all_blocks,15,16,accumulated,0.03125,0.0011020919397442465,0.9999993936328023,0.006333828027319183,0.0006999949881503062,0.003059839139620877,True,True,True,False,True,True
887,107,attention_output_all_blocks,15,16,donor,0.0078125,0.005393396064764898,0.9999854563418075,0.008963185793818941,0.0033090123051386453,0.007528478691630071,True,True,True,False,True,True
887,107,attention_output_all_blocks,15,16,donor,0.015625,0.0,1.0,0.004511296379891421,0.0,0.007528478691630071,True,True,True,False,True,True
887,107,attention_output_all_blocks,15,16,donor,0.03125,0.0027938903187998284,0.9999960980284089,0.0021979981461619576,0.001819956767826255,0.007528478691630071,True,True,True,False,True,True
887,107,attention_output_all_blocks,15,16,isotropic,0.0078125,0.004933148188876168,0.9999878354998846,0.007853613726357778,0.00309976308413668,0.00698199979025801,True,True,True,False,True,True
887,107,attention_output_all_blocks,15,16,isotropic,0.015625,0.0,1.0,0.004072677867467212,0.0,0.00698199979025801,True,True,True,False,True,True
887,107,attention_output_all_blocks,15,16,isotropic,0.03125,0.0027601586284528197,0.9999961937038561,0.0020075988795208045,0.001704869696275174,0.00698199979025801,True,True,True,False,True,True
887,107,mlp_down_all_blocks,4,5,actual_local,0.0078125,0.00010701713947113596,0.9999999942742896,0.00017051261150303294,6.654185949032036e-05,0.0001498161719856113,True,True,True,False,True,True
887,107,mlp_down_all_blocks,4,5,actual_local,0.015625,0.0,1.0,0.0001645196709236129,0.0,0.0001498161719856113,True,True,True,False,True,True
887,107,mlp_down_all_blocks,4,5,actual_local,0.03125,5.584477849727463e-05,0.9999999984407503,0.00027845919657492,3.327092974516018e-05,0.0001498161719856113,True,True,True,False,True,True
887,107,mlp_down_all_blocks,4,5,accumulated,0.0078125,0.00010701713947113596,0.9999999942742896,0.00017051261150303294,6.654185949032036e-05,0.0001498161719856113,True,True,True,False,True,True
887,107,mlp_down_all_blocks,4,5,accumulated,0.015625,0.0,1.0,0.0001645196709236129,0.0,0.0001498161719856113,True,True,True,False,True,True
887,107,mlp_down_all_blocks,4,5,accumulated,0.03125,5.584477849727463e-05,0.9999999984407503,0.00027845919657492,3.327092974516018e-05,0.0001498161719856113,True,True,True,False,True,True
887,107,mlp_down_all_blocks,4,5,donor,0.0078125,9.81864590134207e-05,0.99999999517991,0.00015012111504911717,5.910201578359667e-05,0.00013700106812729033,True,True,True,False,True,True
887,107,mlp_down_all_blocks,4,5,donor,0.015625,0.0,1.0,8.715441571360373e-05,0.0,0.00013700106812729033,True,True,True,False,True,True
887,107,mlp_down_all_blocks,4,5,donor,0.03125,5.1354386172026157e-05,0.9999999986815564,8.0262117487748e-05,2.9551007891798335e-05,0.00013700106812729033,True,True,True,False,True,True
887,107,mlp_down_all_blocks,4,5,isotropic,0.0078125,9.911226683218793e-05,0.9999999950955677,0.00015227956964661277,5.913092041373418e-05,0.00013885136852433301,True,True,True,False,True,True
887,107,mlp_down_all_blocks,4,5,isotropic,0.015625,0.0,1.0,0.00010097000205430874,0.0,0.00013885136852433301,True,True,True,False,True,True
887,107,mlp_down_all_blocks,4,5,isotropic,0.03125,5.4035411404873446e-05,0.9999999985405411,0.00013364632395447513,3.326114273272547e-05,0.00013885136852433301,True,True,True,False,True,True
887,107,mlp_down_all_blocks,10,11,actual_local,0.0078125,0.0002238553644508941,0.9999999750591856,0.001870728715554197,0.00014255905671848213,0.0003067387530649536,True,True,True,False,True,True
887,107,mlp_down_all_blocks,10,11,actual_local,0.015625,0.0,1.0,0.0036870047349092227,0.0,0.0003067387530649536,True,True,True,False,True,True
887,107,mlp_down_all_blocks,10,11,actual_local,0.03125,0.00024377273299451592,0.9999999717267106,0.007357653035843689,0.00014255905671848213,0.0003067387530649536,True,True,True,False,True,True
887,107,mlp_down_all_blocks,10,11,accumulated,0.0078125,0.0002723775286878628,0.9999999644231731,0.005021664837954827,0.0001642764581873949,0.0001723350214387632,True,True,True,False,True,True
887,107,mlp_down_all_blocks,10,11,accumulated,0.015625,0.0,0.9999999999999999,0.01004046442312039,0.0,0.0001723350214387632,True,True,True,False,True,True
887,107,mlp_down_all_blocks,10,11,accumulated,0.03125,0.0009845239626484089,0.999999545597658,0.020028969979478447,0.0005665431699026825,0.0001723350214387632,True,True,True,False,True,True
887,107,mlp_down_all_blocks,10,11,donor,0.0078125,0.00017722293296306864,0.9999999843018341,0.000356011725963524,0.0001079167415738036,0.0002482754982621983,True,True,True,False,True,True
887,107,mlp_down_all_blocks,10,11,donor,0.015625,0.0,1.0,0.0004752360529221632,0.0,0.0002482754982621983,True,True,True,False,True,True
887,107,mlp_down_all_blocks,10,11,donor,0.03125,9.368124600319133e-05,0.9999999956134674,0.0009120472059698123,5.7330768961083165e-05,0.0002482754982621983,True,True,True,False,True,True
887,107,mlp_down_all_blocks,10,11,isotropic,0.0078125,0.00017529767481497694,0.9999999846419874,0.0004111770074014512,0.00010856972663917884,0.0002459083405787486,True,True,True,False,True,True
887,107,mlp_down_all_blocks,10,11,isotropic,0.015625,0.0,1.0,0.0006385123225477558,0.0,0.0002459083405787486,True,True,True,False,True,True
887,107,mlp_down_all_blocks,10,11,isotropic,0.03125,9.856044658570027e-05,0.9999999951476596,0.0012368661753775379,6.10704712345381e-05,0.0002459083405787486,True,True,True,False,True,True
887,107,mlp_down_all_blocks,15,16,actual_local,0.0078125,0.0003488235752158136,0.9999999394204706,0.004635751238172125,0.00022397486689064162,0.00048121393461847677,True,True,True,False,True,True
887,107,mlp_down_all_blocks,15,16,actual_local,0.015625,0.0,1.0,0.009242537668306119,0.0,0.00048121393461847677,True,True,True,False,True,True
887,107,mlp_down_all_blocks,15,16,actual_local,0.03125,0.0004961964457752184,0.9999998963111052,0.018490954260121633,0.00022397486689064162,0.00048121393461847677,True,True,True,False,True,True
887,107,mlp_down_all_blocks,15,16,accumulated,0.0078125,0.0015655987399773648,0.9999991426878797,0.017083961999809008,0.0006900568282773819,0.00013067469670813205,True,True,True,False,True,True
887,107,mlp_down_all_blocks,15,16,accumulated,0.015625,0.0,1.0,0.034158888079900765,0.0,0.00013067469670813205,True,True,True,False,True,True
887,107,mlp_down_all_blocks,15,16,accumulated,0.03125,0.006210668027537459,0.9999865749714015,0.06822574481829197,0.002718204621643918,0.00013067469670813205,True,True,True,False,True,True
887,107,mlp_down_all_blocks,15,16,donor,0.0078125,0.00033165535239118344,0.9999999450293509,0.0010627967747038817,0.00021573803805244177,0.00046461242150414494,True,True,True,False,True,True
887,107,mlp_down_all_blocks,15,16,donor,0.015625,0.0,1.0,0.001938162280454681,0.0,0.00046461242150414494,True,True,True,False,True,True
887,107,mlp_down_all_blocks,15,16,donor,0.03125,0.0001707804241009236,0.9999999854548411,0.003862354852760437,0.00010786901902622089,0.00046461242150414494,True,True,True,False,True,True
887,107,mlp_down_all_blocks,15,16,isotropic,0.0078125,0.00035010995690863765,0.9999999387405621,0.0013360993878328011,0.0002180009113130372,0.0004907995120895718,True,True,True,False,True,True
887,107,mlp_down_all_blocks,15,16,isotropic,0.015625,0.0,1.0,0.0025236914192035935,0.0,0.0004907995120895718,True,True,True,False,True,True
887,107,mlp_down_all_blocks,15,16,isotropic,0.03125,0.00018607564888772319,0.999999982912629,0.005055889059196619,0.00011297443060232918,0.0004907995120895718,True,True,True,False,True,True
887,108,qkv_all_blocks,4,5,actual_local,0.0078125,0.0010817952482736315,0.9999994149018987,0.0016074892575833179,0.0006230105652643973,0.0015174967608020179,True,True,True,False,True,True
887,108,qkv_all_blocks,4,5,actual_local,0.015625,0.0,1.0,0.0008604986714145718,0.0,0.0015174967608020179,True,True,True,False,True,True
887,108,qkv_all_blocks,4,5,actual_local,0.03125,0.0005883932065793422,0.9999998269239687,0.00046088367206250025,0.0003634228297375651,0.0015174967608020179,True,True,True,False,True,True
887,108,qkv_all_blocks,4,5,accumulated,0.0078125,0.0010817952482736315,0.9999994149018987,0.0016074892575833179,0.0006230105652643973,0.0015174967608020179,True,True,True,False,True,True
887,108,qkv_all_blocks,4,5,accumulated,0.015625,0.0,1.0,0.0008604986714145718,0.0,0.0015174967608020179,True,True,True,False,True,True
887,108,qkv_all_blocks,4,5,accumulated,0.03125,0.0005883932065793422,0.9999998269239687,0.00046088367206250025,0.0003634228297375651,0.0015174967608020179,True,True,True,False,True,True
887,108,qkv_all_blocks,4,5,donor,0.0078125,0.0010780161041176644,0.9999994190064704,0.0015691428366337975,0.0006229540265037258,0.001511110026060765,True,True,True,False,True,True
887,108,qkv_all_blocks,4,5,donor,0.015625,0.0,1.0,0.0008600995853572487,0.0,0.001511110026060765,True,True,True,False,True,True
887,108,qkv_all_blocks,4,5,donor,0.03125,0.0005698237153247387,0.9999998376804354,0.0004650544026418959,0.00033743343102285146,0.001511110026060765,True,True,True,False,True,True
887,108,qkv_all_blocks,4,5,isotropic,0.0078125,0.0011003471926494222,0.999999394621654,0.0016194279445929261,0.000623369405974241,0.0015356433543053769,True,True,True,False,True,True
887,108,qkv_all_blocks,4,5,isotropic,0.015625,0.0,1.0,0.0008833179497419797,0.0,0.0015356433543053769,True,True,True,False,True,True
887,108,qkv_all_blocks,4,5,isotropic,0.03125,0.0005677632823240502,0.99999983883064,0.0004680338359616028,0.00036363215348497393,0.0015356433543053769,True,True,True,False,True,True
887,108,qkv_all_blocks,10,11,actual_local,0.0078125,0.0018834637960067166,0.9999982267733354,0.0028229445928570204,0.0012177901914227204,0.002653833560329041,True,True,True,False,True,True
887,108,qkv_all_blocks,10,11,actual_local,0.015625,0.0,1.0,0.0014863745413214,0.0,0.002653833560329041,True,True,True,False,True,True
887,108,qkv_all_blocks,10,11,actual_local,0.03125,0.001002336832350523,0.9999994977729312,0.0008295107016309247,0.0006088950957113602,0.002653833560329041,True,True,True,False,True,True
887,108,qkv_all_blocks,10,11,accumulated,0.0078125,0.001259525352741939,0.9999992069970098,0.0018472248453779338,0.0008265256517023411,0.0017675564494127251,True,True,True,False,True,True
887,108,qkv_all_blocks,10,11,accumulated,0.015625,0.0,1.0,0.0010107399829495465,0.0,0.0017675564494127251,True,True,True,False,True,True
887,108,qkv_all_blocks,10,11,accumulated,0.03125,0.0006706144620483304,0.9999997752172737,0.000681736532764101,0.00042659388474959543,0.0017675564494127251,True,True,True,False,True,True
887,108,qkv_all_blocks,10,11,donor,0.0078125,0.001874522291345493,0.9999982432626034,0.0027386608906829297,0.001218152596282032,0.0026342899308730294,True,True,True,False,True,True
887,108,qkv_all_blocks,10,11,donor,0.015625,0.0,1.0,0.0014890069078979547,0.0,0.0026342899308730294,True,True,True,False,True,True
887,108,qkv_all_blocks,10,11,donor,0.03125,0.0010063170918124767,0.9999994937243107,0.0007559317006684428,0.000609076298141016,0.0026342899308730294,True,True,True,False,True,True
887,108,qkv_all_blocks,10,11,isotropic,0.0078125,0.0018680704905026215,0.9999982555371718,0.002840101154408763,0.0011364920678564097,0.0026170223117572664,True,True,True,False,True,True
887,108,qkv_all_blocks,10,11,isotropic,0.015625,0.0,1.0,0.0015183010346394147,0.0,0.0026170223117572664,True,True,True,False,True,True
887,108,qkv_all_blocks,10,11,isotropic,0.03125,0.0009963506068343395,0.9999995039078767,0.0007721908069102805,0.0006338128839968439,0.0026170223117572664,True,True,True,False,True,True
887,108,qkv_all_blocks,15,16,actual_local,0.0078125,0.002131447597791652,0.9999977300688322,0.0031175835523065405,0.0013941439100822403,0.0030096437821588674,True,True,True,False,True,True
887,108,qkv_all_blocks,15,16,actual_local,0.015625,0.0,1.0,0.0023114659000681996,0.0,0.0030096437821588674,True,True,True,False,True,True
887,108,qkv_all_blocks,15,16,actual_local,0.03125,0.0010657109336044144,0.9999994360079847,0.0032383843381314776,0.0006667644787349844,0.0030096437821588674,True,True,True,False,True,True
887,108,qkv_all_blocks,15,16,accumulated,0.0078125,0.0012841199767503956,0.9999991791250525,0.002439720604021117,0.0008131201077086264,0.0017979626591168594,True,True,True,False,True,True
887,108,qkv_all_blocks,15,16,accumulated,0.015625,0.0,1.0,0.0032964104980821654,0.0,0.0017979626591168594,True,True,True,False,True,True
887,108,qkv_all_blocks,15,16,accumulated,0.03125,0.0006858195395697723,0.999999769019604,0.006362910674016925,0.00044352005875015983,0.0017979626591168594,True,True,True,False,True,True
887,108,qkv_all_blocks,15,16,donor,0.0078125,0.0024156232466933133,0.9999970833981946,0.0037580512946389795,0.0014897946448734168,0.0034078054385401364,True,True,True,False,True,True
887,108,qkv_all_blocks,15,16,donor,0.015625,0.0,1.0,0.0018757280156780974,0.0,0.0034078054385401364,True,True,True,False,True,True
887,108,qkv_all_blocks,15,16,donor,0.03125,0.0012507925668414155,0.9999992178022366,0.0011072925813709793,0.0007448973224367084,0.0034078054385401364,True,True,True,False,True,True
887,108,qkv_all_blocks,15,16,isotropic,0.0078125,0.0023802943195167067,0.9999971675977392,0.003730956636291696,0.0015159762336201998,0.003352307665663048,True,True,True,False,True,True
887,108,qkv_all_blocks,15,16,isotropic,0.015625,0.0,1.0,0.0019119002297843988,0.0,0.003352307665663048,True,True,True,False,True,True
887,108,qkv_all_blocks,15,16,isotropic,0.03125,0.0012718063331854442,0.9999991914382311,0.0010609502225155966,0.0008716863343316149,0.003352307665663048,True,True,True,False,True,True
887,108,attention_output_all_blocks,4,5,actual_local,0.0078125,0.008479869044388418,0.999964054396275,0.012280805934306993,0.005233774160797458,0.011858481775543392,True,True,True,False,True,True
887,108,attention_output_all_blocks,4,5,actual_local,0.015625,0.0,1.0,0.00671324085265004,0.0,0.011858481775543392,True,True,True,False,True,True
887,108,attention_output_all_blocks,4,5,actual_local,0.03125,0.004429022386372191,0.9999901918338564,0.0036566255508551164,0.0028547859058895226,0.011858481775543392,True,True,True,False,True,True
887,108,attention_output_all_blocks,4,5,accumulated,0.0078125,0.008479869044388418,0.999964054396275,0.012280805934306993,0.005233774160797458,0.011858481775543392,True,True,True,False,True,True
887,108,attention_output_all_blocks,4,5,accumulated,0.015625,0.0,1.0,0.00671324085265004,0.0,0.011858481775543392,True,True,True,False,True,True
887,108,attention_output_all_blocks,4,5,accumulated,0.03125,0.004429022386372191,0.9999901918338564,0.0036566255508551164,0.0028547859058895226,0.011858481775543392,True,True,True,False,True,True
887,108,attention_output_all_blocks,4,5,donor,0.0078125,0.008665887129698967,0.9999624510793929,0.01265923930712322,0.00578973527369527,0.012049051600608115,True,True,True,False,True,True
887,108,attention_output_all_blocks,4,5,donor,0.015625,0.0,1.0,0.007099390807787253,0.0,0.012049051600608115,True,True,True,False,True,True
887,108,attention_output_all_blocks,4,5,donor,0.03125,0.004729544852183952,0.9999888165126068,0.0037869534474770676,0.002894867636847635,0.012049051600608115,True,True,True,False,True,True
887,108,attention_output_all_blocks,4,5,isotropic,0.0078125,0.007549958966895524,0.9999714987052413,0.010631853431037164,0.004233418822538436,0.010540509929367047,True,True,True,False,True,True
887,108,attention_output_all_blocks,4,5,isotropic,0.015625,0.0,1.0,0.00586979324870357,0.0,0.010540509929367047,True,True,True,False,True,True
887,108,attention_output_all_blocks,4,5,isotropic,0.03125,0.004087297444416697,0.9999916483326309,0.0032065378901018097,0.0023518993458546866,0.010540509929367047,True,True,True,False,True,True
887,108,attention_output_all_blocks,10,11,actual_local,0.0078125,0.01356808209376452,0.9999079493856597,0.0206420013187399,0.007882779974067146,0.019056404546149017,True,True,True,False,True,True
887,108,attention_output_all_blocks,10,11,actual_local,0.015625,0.0,1.0,0.010733509002478417,0.0,0.019056404546149017,True,True,True,False,True,True
887,108,attention_output_all_blocks,10,11,actual_local,0.03125,0.0074774251674895875,0.9999720436915629,0.00570958734616397,0.004598288318205836,0.019056404546149017,True,True,True,False,True,True
887,108,attention_output_all_blocks,10,11,accumulated,0.0078125,0.01029277967995285,0.9999470371868898,0.015144846499313221,0.006420252471306897,0.014386542805953358,True,True,True,False,True,True
887,108,attention_output_all_blocks,10,11,accumulated,0.015625,0.0,1.0,0.00792676509616115,0.0,0.014386542805953358,True,True,True,False,True,True
887,108,attention_output_all_blocks,10,11,accumulated,0.03125,0.005419898623823985,0.9999853170793611,0.004188003351468523,0.0033490259285422993,0.014386542805953358,True,True,True,False,True,True
887,108,attention_output_all_blocks,10,11,donor,0.0078125,0.012579832679070481,0.9999209027591501,0.017919950918266054,0.007607088976131027,0.017671966849849487,True,True,True,False,True,True
887,108,attention_output_all_blocks,10,11,donor,0.015625,0.0,1.0,0.009650683781304549,0.0,0.017671966849849487,True,True,True,False,True,True
887,108,attention_output_all_blocks,10,11,donor,0.03125,0.006693914312916059,0.9999776099961162,0.005194546074785426,0.00412050652873764,0.017671966849849487,True,True,True,False,True,True
887,108,attention_output_all_blocks,10,11,isotropic,0.0078125,0.010467849135939863,0.9999452500930416,0.014771582990574341,0.006805479093463542,0.014646989304009029,True,True,True,False,True,True
887,108,attention_output_all_blocks,10,11,isotropic,0.015625,0.0,1.0,0.008081033326422103,0.0,0.014646989304009029,True,True,True,False,True,True
887,108,attention_output_all_blocks,10,11,isotropic,0.03125,0.005444864354533566,0.9999852338786887,0.004293407101590968,0.003402739546731771,0.014646989304009029,True,True,True,False,True,True
887,108,attention_output_all_blocks,15,16,actual_local,0.0078125,0.004951009400917267,0.9999877781984986,0.007352816212595905,0.003059689557918053,0.006920339855084991,True,True,True,False,True,True
887,108,attention_output_all_blocks,15,16,actual_local,0.015625,0.0,0.9999999999999998,0.0041675103816288675,0.0,0.006920339855084991,True,True,True,False,True,True
887,108,attention_output_all_blocks,15,16,actual_local,0.03125,0.0024956907683810004,0.9999969084322758,0.0029019226494094914,0.0016063370179069778,0.006920339855084991,True,True,True,False,True,True
887,108,attention_output_all_blocks,15,16,accumulated,0.0078125,0.006573006033376183,0.9999784120959315,0.010201569127247755,0.00412115587427526,0.009213367889047018,True,True,True,False,True,True
887,108,attention_output_all_blocks,15,16,accumulated,0.015625,0.0,1.0,0.005280146678036463,0.0,0.009213367889047018,True,True,True,False,True,True
887,108,attention_output_all_blocks,15,16,accumulated,0.03125,0.0033429893117991505,0.9999944136568581,0.0030271844086937776,0.002266635730851393,0.009213367889047018,True,True,True,False,True,True
887,108,attention_output_all_blocks,15,16,donor,0.0078125,0.005258972054868493,0.9999861715916585,0.008083780940615452,0.003370999796955601,0.0073611588641179495,True,True,True,False,True,True
887,108,attention_output_all_blocks,15,16,donor,0.015625,0.0,1.0,0.00427251740667578,0.0,0.0073611588641179495,True,True,True,False,True,True
887,108,attention_output_all_blocks,15,16,donor,0.03125,0.0026070225907524787,0.9999966029854009,0.002124833888319014,0.0016854998984778004,0.0073611588641179495,True,True,True,False,True,True
887,108,attention_output_all_blocks,15,16,isotropic,0.0078125,0.0050771223248152,0.999987112831306,0.007524169824983727,0.00323992029394237,0.007108654700734071,True,True,True,False,True,True
887,108,attention_output_all_blocks,15,16,isotropic,0.015625,0.0,1.0,0.0040181338519859845,0.0,0.007108654700734071,True,True,True,False,True,True
887,108,attention_output_all_blocks,15,16,isotropic,0.03125,0.002571662227451728,0.9999966932784258,0.0020561951820713418,0.001619960146971185,0.007108654700734071,True,True,True,False,True,True
887,108,mlp_down_all_blocks,4,5,actual_local,0.0078125,0.00010569264080453512,0.9999999944156334,0.0001787174864719119,6.519255596890557e-05,0.00014854419010965541,True,True,True,False,True,True
887,108,mlp_down_all_blocks,4,5,actual_local,0.015625,0.0,1.0,0.00017925679222831914,0.0,0.00014854419010965541,True,True,True,False,True,True
887,108,mlp_down_all_blocks,4,5,actual_local,0.03125,5.788952258376099e-05,0.9999999983244379,0.0003169036886930609,3.606365584904673e-05,0.00014854419010965541,True,True,True,False,True,True
887,108,mlp_down_all_blocks,4,5,accumulated,0.0078125,0.00010569264080453512,0.9999999944156334,0.0001787174864719119,6.519255596890557e-05,0.00014854419010965541,True,True,True,False,True,True
887,108,mlp_down_all_blocks,4,5,accumulated,0.015625,0.0,1.0,0.00017925679222831914,0.0,0.00014854419010965541,True,True,True,False,True,True
887,108,mlp_down_all_blocks,4,5,accumulated,0.03125,5.788952258376099e-05,0.9999999983244379,0.0003169036886930609,3.606365584904673e-05,0.00014854419010965541,True,True,True,False,True,True
887,108,mlp_down_all_blocks,4,5,donor,0.0078125,0.00010254604853864216,0.9999999947439685,0.00015063961867177987,5.970818043500909e-05,0.00014329970376559465,True,True,True,False,True,True
887,108,mlp_down_all_blocks,4,5,donor,0.015625,0.0,0.9999999999999998,8.597064369207965e-05,0.0,0.00014329970376559465,True,True,True,False,True,True
887,108,mlp_down_all_blocks,4,5,donor,0.03125,5.201655924093859e-05,0.9999999986477769,7.200586394014651e-05,2.9854090217504544e-05,0.00014329970376559465,True,True,True,False,True,True
887,108,mlp_down_all_blocks,4,5,isotropic,0.0078125,0.00010015874512776395,0.9999999949850918,0.00015040750441659996,5.973497551977664e-05,0.00014055121563075486,True,True,True,False,True,True
887,108,mlp_down_all_blocks,4,5,isotropic,0.015625,0.0,0.9999999999999998,8.435681157933458e-05,0.0,0.00014055121563075486,True,True,True,False,True,True
887,108,mlp_down_all_blocks,4,5,isotropic,0.03125,5.3697562498948195e-05,0.9999999985585617,7.20000156909932e-05,2.986748775988832e-05,0.00014055121563075486,True,True,True,False,True,True
887,108,mlp_down_all_blocks,10,11,actual_local,0.0078125,0.00024634184526888626,0.9999999705541613,0.003452334641924238,0.00015219758240007727,0.00031638675701688087,True,True,True,False,True,True
887,108,mlp_down_all_blocks,10,11,actual_local,0.015625,0.0,1.0,0.006891826229053081,0.0,0.00031638675701688087,True,True,True,False,True,True
887,108,mlp_down_all_blocks,10,11,actual_local,0.03125,0.0004002244381937316,0.9999999337338878,0.013777148632885,0.00023590625272011976,0.00031638675701688087,True,True,True,False,True,True
887,108,mlp_down_all_blocks,10,11,accumulated,0.0078125,0.0006424333591855951,0.9999998211403887,0.010294389004870877,0.00030831187464356165,0.0001843390878132788,True,True,True,False,True,True
887,108,mlp_down_all_blocks,10,11,accumulated,0.015625,0.0,1.0,0.02054061152116535,0.0,0.0001843390878132788,True,True,True,False,True,True
887,108,mlp_down_all_blocks,10,11,accumulated,0.03125,0.0025463232999934186,0.9999972144594004,0.04068960801733784,0.001174918224993032,0.0001843390878132788,True,True,True,False,True,True
887,108,mlp_down_all_blocks,10,11,donor,0.0078125,0.00018123457530976343,0.9999999835791488,0.0004034562133403854,0.00010726913814238267,0.0002536722054670522,True,True,True,False,True,True
887,108,mlp_down_all_blocks,10,11,donor,0.015625,0.0,1.0,0.0006239807798471004,0.0,0.0002536722054670522,True,True,True,False,True,True
887,108,mlp_down_all_blocks,10,11,donor,0.03125,9.477641776723507e-05,0.99999999551074,0.0012242557007798268,5.3634569071191335e-05,0.0002536722054670522,True,True,True,False,True,True
887,108,mlp_down_all_blocks,10,11,isotropic,0.0078125,0.0001787305445007184,0.9999999840385432,0.0004243122369893276,0.00010750892441686359,0.0002510171017088944,True,True,True,False,True,True
887,108,mlp_down_all_blocks,10,11,isotropic,0.015625,0.0,1.0,0.0006551441320665212,0.0,0.0002510171017088944,True,True,True,False,True,True
887,108,mlp_down_all_blocks,10,11,isotropic,0.03125,9.731202396327331e-05,0.9999999952656917,0.0012660719435856362,6.0473769984485766e-05,0.0002510171017088944,True,True,True,False,True,True
887,108,mlp_down_all_blocks,15,16,actual_local,0.0078125,0.0003560778862086717,0.9999999369721565,0.004976672182579749,0.0002339441747034379,0.00048630847212674316,True,True,True,False,True,True
887,108,mlp_down_all_blocks,15,16,actual_local,0.015625,0.0,1.0,0.009885383664783413,0.0,0.00048630847212674316,True,True,True,False,True,True
887,108,mlp_down_all_blocks,15,16,actual_local,0.03125,0.00035076626763285015,0.9999999452246735,0.019753517043005004,0.0001949534789195316,0.00048630847212674316,True,True,True,False,True,True
887,108,mlp_down_all_blocks,15,16,accumulated,0.0078125,0.0013271088735971577,0.9999991843127444,0.02015508409570952,0.0006812698757712231,0.00016502051659535123,True,True,True,False,True,True
887,108,mlp_down_all_blocks,15,16,accumulated,0.015625,0.0,1.0,0.04032996561363463,0.0,0.00016502051659535123,True,True,True,False,True,True
887,108,mlp_down_all_blocks,15,16,accumulated,0.03125,0.0052421941790422475,0.9999872256683383,0.08061366775866813,0.002664305428263891,0.00016502051659535123,True,True,True,False,True,True
887,108,mlp_down_all_blocks,15,16,donor,0.0078125,0.0002979686484081327,0.9999999556073463,0.0010109411334411698,0.00019492986980303316,0.0004154689640525698,True,True,True,False,True,True
887,108,mlp_down_all_blocks,15,16,donor,0.015625,0.0,1.0,0.0018249957515935457,0.0,0.0004154689640525698,True,True,True,False,True,True
887,108,mlp_down_all_blocks,15,16,donor,0.03125,0.00015689207904009286,0.99999998770323,0.0035901391090787937,0.00010170254076679992,0.0004154689640525698,True,True,True,False,True,True
887,108,mlp_down_all_blocks,15,16,isotropic,0.0078125,0.0003231840630061004,0.9999999478594532,0.0010405484968111316,0.0001976558241544294,0.0004534163143827612,True,True,True,False,True,True
887,108,mlp_down_all_blocks,15,16,isotropic,0.015625,0.0,1.0,0.0018839681763497932,0.0,0.0004534163143827612,True,True,True,False,True,True
887,108,mlp_down_all_blocks,15,16,isotropic,0.03125,0.000166540533322271,0.9999999861495255,0.003744319484218122,0.00010483402828080233,0.0004534163143827612,True,True,True,False,True,True
887,109,qkv_all_blocks,4,5,actual_local,0.0078125,0.0010915002461881697,0.9999994044080646,0.0016234111259502396,0.0006379816263716116,0.0015242509217044033,True,True,True,False,True,True
887,109,qkv_all_blocks,4,5,actual_local,0.015625,0.0,1.0,0.0008936629259130378,0.0,0.0015242509217044033,True,True,True,False,True,True
887,109,qkv_all_blocks,4,5,actual_local,0.03125,0.0005875056389361161,0.9999998275310226,0.0004705591897551956,0.0003721559487167734,0.0015242509217044033,True,True,True,False,True,True
887,109,qkv_all_blocks,4,5,accumulated,0.0078125,0.0010915002461881697,0.9999994044080646,0.0016234111259502396,0.0006379816263716116,0.0015242509217044033,True,True,True,False,True,True
887,109,qkv_all_blocks,4,5,accumulated,0.015625,0.0,1.0,0.0008936629259130378,0.0,0.0015242509217044033,True,True,True,False,True,True
887,109,qkv_all_blocks,4,5,accumulated,0.03125,0.0005875056389361161,0.9999998275310226,0.0004705591897551956,0.0003721559487167734,0.0015242509217044033,True,True,True,False,True,True
887,109,qkv_all_blocks,4,5,donor,0.0078125,0.001105690129380876,0.9999993887286032,0.0016150318524073462,0.0006381638461541157,0.0015487536267340903,True,True,True,False,True,True
887,109,qkv_all_blocks,4,5,donor,0.015625,0.0,1.0,0.0008815375148831784,0.0,0.0015487536267340903,True,True,True,False,True,True
887,109,qkv_all_blocks,4,5,donor,0.03125,0.0006134797977138557,0.9999998118212942,0.0004711771517253329,0.00037226224358990085,0.0015487536267340903,True,True,True,False,True,True
887,109,qkv_all_blocks,4,5,isotropic,0.0078125,0.0011497060073789392,0.9999993391245579,0.0016336613217830028,0.0006916184886145198,0.0016057578761146955,True,True,True,False,True,True
887,109,qkv_all_blocks,4,5,isotropic,0.015625,0.0,1.0,0.0008824413997509919,0.0,0.0016057578761146955,True,True,True,False,True,True
887,109,qkv_all_blocks,4,5,isotropic,0.03125,0.0006086207502280902,0.9999998147939171,0.00047540238304308357,0.0003724099554078184,0.0016057578761146955,True,True,True,False,True,True
887,109,qkv_all_blocks,10,11,actual_local,0.0078125,0.0019316802464547879,0.9999981364524313,0.002855888111706874,0.0011452101728012358,0.002713882064225038,True,True,True,False,True,True
887,109,qkv_all_blocks,10,11,actual_local,0.015625,0.0,1.0,0.0015033257788749062,0.0,0.002713882064225038,True,True,True,False,True,True
887,109,qkv_all_blocks,10,11,actual_local,0.03125,0.0010257345199551084,0.9999994739538945,0.0008069882849630453,0.0006606981766160975,0.002713882064225038,True,True,True,False,True,True
887,109,qkv_all_blocks,10,11,accumulated,0.0078125,0.0012989503721273531,0.999999156372373,0.0019751763505558885,0.0008187383839648478,0.001824332744810639,True,True,True,False,True,True
887,109,qkv_all_blocks,10,11,accumulated,0.015625,0.0,1.0,0.0010317186671401372,0.0,0.001824332744810639,True,True,True,False,True,True
887,109,qkv_all_blocks,10,11,accumulated,0.03125,0.0006832244125749425,0.9999997666026988,0.0006661703647678121,0.0004366604714479188,0.001824332744810639,True,True,True,False,True,True
887,109,qkv_all_blocks,10,11,donor,0.0078125,0.0019717084432245464,0.9999980565004108,0.0030270150828222795,0.001241907076618881,0.002766670842733782,True,True,True,False,True,True
887,109,qkv_all_blocks,10,11,donor,0.015625,0.0,1.0,0.0015579747344627451,0.0,0.002766670842733782,True,True,True,False,True,True
887,109,qkv_all_blocks,10,11,donor,0.03125,0.0010521791199210246,0.9999994465013776,0.0007984486501068747,0.0006653073624744005,0.002766670842733782,True,True,True,False,True,True
887,109,qkv_all_blocks,10,11,isotropic,0.0078125,0.001961877098749546,0.9999980758675107,0.0028633238888456994,0.0012351421548180256,0.0027543191668548904,True,True,True,False,True,True
887,109,qkv_all_blocks,10,11,isotropic,0.015625,0.0,1.0,0.0015302419825469012,0.0,0.0027543191668548904,True,True,True,False,True,True
887,109,qkv_all_blocks,10,11,isotropic,0.03125,0.0010280513406988828,0.9999994716673023,0.0008201751754174065,0.0006616832972239423,0.0027543191668548904,True,True,True,False,True,True
887,109,qkv_all_blocks,15,16,actual_local,0.0078125,0.0022209609459785573,0.9999975388947663,0.0034763276388726895,0.0014264653232104782,0.003122957901244104,True,True,True,False,True,True
887,109,qkv_all_blocks,15,16,actual_local,0.015625,0.0,0.9999999999999998,0.002204038123598124,0.0,0.003122957901244104,True,True,True,False,True,True
887,109,qkv_all_blocks,15,16,actual_local,0.03125,0.0010987101962612058,0.9999993965267014,0.0029663369253467497,0.0007132326616052391,0.003122957901244104,True,True,True,False,True,True
887,109,qkv_all_blocks,15,16,accumulated,0.0078125,0.0013155533662538629,0.9999991454387629,0.002342997244296209,0.0008374305363955234,0.0018485599761157853,True,True,True,False,True,True
887,109,qkv_all_blocks,15,16,accumulated,0.015625,0.0,0.9999999999999999,0.002530361443769976,0.0,0.0018485599761157853,True,True,True,False,True,True
887,109,qkv_all_blocks,15,16,accumulated,0.03125,0.000671864968456346,0.999999774791679,0.0047209642805397505,0.0004187152681977617,0.0018485599761157853,True,True,True,False,True,True
887,109,qkv_all_blocks,15,16,donor,0.0078125,0.0025961593194211907,0.9999966359432975,0.00385677694940467,0.0016964687514005013,0.0036382295208354488,True,True,True,False,True,True
887,109,qkv_all_blocks,15,16,donor,0.015625,0.0,1.0,0.0020911416655975206,0.0,0.0036382295208354488,True,True,True,False,True,True
887,109,qkv_all_blocks,15,16,donor,0.03125,0.0013195292180138163,0.9999991296201493,0.0011361241813553713,0.0008482343757002507,0.0036382295208354488,True,True,True,False,True,True
887,109,qkv_all_blocks,15,16,isotropic,0.0078125,0.0026039939896832696,0.9999966100591262,0.00384001760162613,0.0016745610240364963,0.0036477985756818805,True,True,True,False,True,True
887,109,qkv_all_blocks,15,16,isotropic,0.015625,0.0,1.0,0.00207170164842239,0.0,0.0036477985756818805,True,True,True,False,True,True
887,109,qkv_all_blocks,15,16,isotropic,0.03125,0.0013160828288178096,0.9999991342176199,0.0010837142982744801,0.0008372805120182481,0.0036477985756818805,True,True,True,False,True,True
887,109,attention_output_all_blocks,4,5,actual_local,0.0078125,0.008294861231205828,0.9999656098241434,0.012188935844831153,0.005355215278877454,0.011561264591693706,True,True,True,False,True,True
887,109,attention_output_all_blocks,4,5,actual_local,0.015625,0.0,1.0,0.006603870881921937,0.0,0.011561264591693706,True,True,True,False,True,True
887,109,attention_output_all_blocks,4,5,actual_local,0.03125,0.00449413017864279,0.9999899058960496,0.0037278698905113053,0.002677607639438727,0.011561264591693706,True,True,True,False,True,True
887,109,attention_output_all_blocks,4,5,accumulated,0.0078125,0.008294861231205828,0.9999656098241434,0.012188935844831153,0.005355215278877454,0.011561264591693706,True,True,True,False,True,True
887,109,attention_output_all_blocks,4,5,accumulated,0.015625,0.0,1.0,0.006603870881921937,0.0,0.011561264591693706,True,True,True,False,True,True
887,109,attention_output_all_blocks,4,5,accumulated,0.03125,0.00449413017864279,0.9999899058960496,0.0037278698905113053,0.002677607639438727,0.011561264591693706,True,True,True,False,True,True
887,109,attention_output_all_blocks,4,5,donor,0.0078125,0.007814327794297526,0.9999694992639093,0.01131037630306642,0.004862110280437844,0.010906656824112732,True,True,True,False,True,True
887,109,attention_output_all_blocks,4,5,donor,0.015625,0.0,0.9999999999999998,0.006255244848838263,0.0,0.010906656824112732,True,True,True,False,True,True
887,109,attention_output_all_blocks,4,5,donor,0.03125,0.004347903632425633,0.9999905485385979,0.0034186124707887367,0.0026222617242810846,0.010906656824112732,True,True,True,False,True,True
887,109,attention_output_all_blocks,4,5,isotropic,0.0078125,0.007216678794718059,0.9999739924292927,0.010022650101336048,0.0043384042641659605,0.010083559807778862,True,True,True,False,True,True
887,109,attention_output_all_blocks,4,5,isotropic,0.015625,0.0,1.0,0.005545587310659544,0.0,0.010083559807778862,True,True,True,False,True,True
887,109,attention_output_all_blocks,4,5,isotropic,0.03125,0.003928366092293198,0.9999922863134634,0.0030359380338235817,0.0023861223452912783,0.010083559807778862,True,True,True,False,True,True
887,109,attention_output_all_blocks,10,11,actual_local,0.0078125,0.011232699890860896,0.9999370817331896,0.016082819286935012,0.006617497846934706,0.01580009899413889,True,True,True,False,True,True
887,109,attention_output_all_blocks,10,11,actual_local,0.015625,0.0,1.0,0.008594996646203248,0.0,0.01580009899413889,True,True,True,False,True,True
887,109,attention_output_all_blocks,10,11,actual_local,0.03125,0.0057582740151026,0.999983453726245,0.004559066487507604,0.00356326807142638,0.01580009899413889,True,True,True,False,True,True
887,109,attention_output_all_blocks,10,11,accumulated,0.0078125,0.008439458430730653,0.9999644326557011,0.012739215262592234,0.005327265727529297,0.011865125069171959,True,True,True,False,True,True
887,109,attention_output_all_blocks,10,11,accumulated,0.015625,0.0,0.9999999999999999,0.006653399359679642,0.0,0.011865125069171959,True,True,True,False,True,True
887,109,attention_output_all_blocks,10,11,accumulated,0.03125,0.004384529080851452,0.9999903918123142,0.003579742917287988,0.0029391810910506465,0.011865125069171959,True,True,True,False,True,True
887,109,attention_output_all_blocks,10,11,donor,0.0078125,0.00972897759242499,0.9999526733565615,0.014416313312238313,0.005736199011255259,0.013618222892012382,True,True,True,False,True,True
887,109,attention_output_all_blocks,10,11,donor,0.015625,0.0,1.0,0.007676744235797034,0.0,0.013618222892012382,True,True,True,False,True,True
887,109,attention_output_all_blocks,10,11,donor,0.03125,0.005072217238181363,0.9999871368477353,0.004104888344074793,0.003107107797763265,0.013618222892012382,True,True,True,False,True,True
887,109,attention_output_all_blocks,10,11,isotropic,0.0078125,0.008581668263751514,0.9999631991043708,0.012311665877237237,0.005299241842696316,0.01203031913833928,True,True,True,False,True,True
887,109,attention_output_all_blocks,10,11,isotropic,0.015625,0.0,0.9999999999999998,0.006661708128509564,0.0,0.01203031913833928,True,True,True,False,True,True
887,109,attention_output_all_blocks,10,11,isotropic,0.03125,0.00455533054743887,0.9999896286655692,0.00361083340498137,0.002649620921348158,0.01203031913833928,True,True,True,False,True,True
887,109,attention_output_all_blocks,15,16,actual_local,0.0078125,0.0030847145194639173,0.9999953679680453,0.0046878488335141575,0.0019717665588174582,0.004345932911717803,True,True,True,False,True,True
887,109,attention_output_all_blocks,15,16,actual_local,0.015625,0.0,0.9999999999999998,0.0032068225719250856,0.0,0.004345932911717803,True,True,True,False,True,True
887,109,attention_output_all_blocks,15,16,actual_local,0.03125,0.001580027418081676,0.9999987568870471,0.004040613293375461,0.0009858832794087291,0.004345932911717803,True,True,True,False,True,True
887,109,attention_output_all_blocks,15,16,accumulated,0.0078125,0.002321411681201331,0.9999973203631904,0.0037931948202636822,0.0014892584207074056,0.0032686231346209884,True,True,True,False,True,True
887,109,attention_output_all_blocks,15,16,accumulated,0.015625,0.0,1.0,0.003192201586368871,0.0,0.0032686231346209884,True,True,True,False,True,True
887,109,attention_output_all_blocks,15,16,accumulated,0.03125,0.0012003714212335643,0.9999992839380488,0.005422948226122648,0.0007601423189027382,0.0032686231346209884,True,True,True,False,True,True
887,109,attention_output_all_blocks,15,16,donor,0.0078125,0.004240168707649748,0.9999910104443003,0.006437172321179755,0.0027570092601635157,0.005965533915620442,True,True,True,False,True,True
887,109,attention_output_all_blocks,15,16,donor,0.015625,0.0,1.0,0.003301080509963143,0.0,0.005965533915620442,True,True,True,False,True,True
887,109,attention_output_all_blocks,15,16,donor,0.03125,0.0021496930899917704,0.9999976921891771,0.0017251287749997565,0.001407834515828178,0.005965533915620442,True,True,True,False,True,True
887,109,attention_output_all_blocks,15,16,isotropic,0.0078125,0.004180173893254756,0.9999912674879109,0.006215680110665905,0.0025152586544982605,0.005865201190445294,True,True,True,False,True,True
887,109,attention_output_all_blocks,15,16,isotropic,0.015625,0.0,1.0,0.0030880907953895176,0.0,0.005865201190445294,True,True,True,False,True,True
887,109,attention_output_all_blocks,15,16,isotropic,0.03125,0.002059081835567296,0.9999978803935999,0.0016914765377612664,0.0013719592660899602,0.005865201190445294,True,True,True,False,True,True
887,109,mlp_down_all_blocks,4,5,actual_local,0.0078125,0.00010797136007111241,0.9999999941723885,0.00018532398953298847,6.603181713080623e-05,0.00015103672920114004,True,True,True,False,True,True
887,109,mlp_down_all_blocks,4,5,actual_local,0.015625,0.0,1.0,0.00022714880355086117,0.0,0.00015103672920114004,True,True,True,False,True,True
887,109,mlp_down_all_blocks,4,5,actual_local,0.03125,5.501321084869197e-05,0.9999999984883792,0.0004242883008717553,3.301590856540312e-05,0.00015103672920114004,True,True,True,False,True,True
887,109,mlp_down_all_blocks,4,5,accumulated,0.0078125,0.00010797136007111241,0.9999999941723885,0.00018532398953298847,6.603181713080623e-05,0.00015103672920114004,True,True,True,False,True,True
887,109,mlp_down_all_blocks,4,5,accumulated,0.015625,0.0,1.0,0.00022714880355086117,0.0,0.00015103672920114004,True,True,True,False,True,True
887,109,mlp_down_all_blocks,4,5,accumulated,0.03125,5.501321084869197e-05,0.9999999984883792,0.0004242883008717553,3.301590856540312e-05,0.00015103672920114004,True,True,True,False,True,True
887,109,mlp_down_all_blocks,4,5,donor,0.0078125,9.547733146784931e-05,0.9999999954422716,0.00014704019950553568,5.8614541589097664e-05,0.00013376533920544739,True,True,True,False,True,True
887,109,mlp_down_all_blocks,4,5,donor,0.015625,0.0,0.9999999999999998,9.219559776845547e-05,0.0,0.00013376533920544739,True,True,True,False,True,True
887,109,mlp_down_all_blocks,4,5,donor,0.03125,5.261230073550428e-05,0.9999999986160137,0.00010935183977925154,3.1138975219208135e-05,0.00013376533920544739,True,True,True,False,True,True
887,109,mlp_down_all_blocks,4,5,isotropic,0.0078125,9.944441134016201e-05,0.9999999950593434,0.00014683534510540055,5.8654890479265417e-05,0.00013894851344636904,True,True,True,False,True,True
887,109,mlp_down_all_blocks,4,5,isotropic,0.015625,0.0,0.9999999999999998,8.792142468584689e-05,0.0,0.00013894851344636904,True,True,True,False,True,True
887,109,mlp_down_all_blocks,4,5,isotropic,0.03125,5.1346471435390176e-05,0.9999999986821947,9.249053435420055e-05,2.9327445239632708e-05,0.00013894851344636904,True,True,True,False,True,True
887,109,mlp_down_all_blocks,10,11,actual_local,0.0078125,0.00023521497805192894,0.9999999726551486,0.0035872534548681647,0.00013430557432863807,0.0002760814101261449,True,True,True,False,True,True
887,109,mlp_down_all_blocks,10,11,actual_local,0.015625,0.0,1.0,0.007153327455515999,0.0,0.0002760814101261449,True,True,True,False,True,True
887,109,mlp_down_all_blocks,10,11,actual_local,0.03125,0.0005035887417456076,0.9999998793081806,0.014307756427257396,0.00024846531250798044,0.0002760814101261449,True,True,True,False,True,True
887,109,mlp_down_all_blocks,10,11,accumulated,0.0078125,0.0003884050330859375,0.9999999296661906,0.006512871755543091,0.00021410996583635898,0.00016544221452128208,True,True,True,False,True,True
887,109,mlp_down_all_blocks,10,11,accumulated,0.015625,0.0,0.9999999999999999,0.01301454275906516,0.0,0.00016544221452128208,True,True,True,False,True,True
887,109,mlp_down_all_blocks,10,11,accumulated,0.03125,0.0014715473193889616,0.9999989925122227,0.026015435302609056,0.0007943097393304211,0.00016544221452128208,True,True,True,False,True,True
887,109,mlp_down_all_blocks,10,11,donor,0.0078125,0.00017148454164535187,0.9999999852966326,0.0003587885831758236,0.00010171441842097291,0.00024040565320047078,True,True,True,False,True,True
887,109,mlp_down_all_blocks,10,11,donor,0.015625,0.0,1.0,0.0005078959240660514,0.0,0.00024040565320047078,True,True,True,False,True,True
887,109,mlp_down_all_blocks,10,11,donor,0.03125,9.179359474937518e-05,0.9999999957887483,0.0009790866814710004,5.7214360361797265e-05,0.00024040565320047078,True,True,True,False,True,True
887,109,mlp_down_all_blocks,10,11,isotropic,0.0078125,0.00017072789726042486,0.9999999854265178,0.00042742230269714475,0.0001021802991669361,0.00023956277959744698,True,True,True,False,True,True
887,109,mlp_down_all_blocks,10,11,isotropic,0.015625,0.0,1.0,0.0006851013218767883,0.0,0.00023956277959744698,True,True,True,False,True,True
887,109,mlp_down_all_blocks,10,11,isotropic,0.03125,9.048843640312968e-05,0.9999999959078139,0.001323827186671181,5.42832839324348e-05,0.00023956277959744698,True,True,True,False,True,True
887,109,mlp_down_all_blocks,15,16,actual_local,0.0078125,0.00034246125926557896,0.9999999417338585,0.004221666005451513,0.0002116342496548558,0.0004678267966628988,True,True,True,False,True,True
887,109,mlp_down_all_blocks,15,16,actual_local,0.015625,0.0,1.0,0.008336891383181607,0.0,0.0004678267966628988,True,True,True,False,True,True
887,109,mlp_down_all_blocks,15,16,actual_local,0.03125,0.00040356963962159825,0.9999999344327042,0.01662439561771803,0.00019535469198909766,0.0004678267966628988,True,True,True,False,True,True
887,109,mlp_down_all_blocks,15,16,accumulated,0.0078125,0.0010870538068536292,0.9999995235055869,0.014731486770794309,0.0005420284076677895,0.00012626137232200522,True,True,True,False,True,True
887,109,mlp_down_all_blocks,15,16,accumulated,0.015625,0.0,0.9999999999999999,0.02944126444167483,0.0,0.00012626137232200522,True,True,True,False,True,True
887,109,mlp_down_all_blocks,15,16,accumulated,0.03125,0.004305861637921254,0.9999925484405497,0.05883376525715507,0.002152766963527037,0.00012626137232200522,True,True,True,False,True,True
887,109,mlp_down_all_blocks,15,16,donor,0.0078125,0.0003095252931559321,0.999999952097236,0.0009374706175563458,0.000191361276099088,0.0004350659318534968,True,True,True,False,True,True
887,109,mlp_down_all_blocks,15,16,donor,0.015625,0.0,0.9999999999999999,0.001558368745328645,0.0,0.0004350659318534968,True,True,True,False,True,True
887,109,mlp_down_all_blocks,15,16,donor,0.03125,0.00015176676942325767,0.9999999885060502,0.0030475619904500556,9.5680638049544e-05,0.0004350659318534968,True,True,True,False,True,True
887,109,mlp_down_all_blocks,15,16,isotropic,0.0078125,0.0003180366102728082,0.9999999494287739,0.0011643233586596021,0.0001968560458823752,0.0004455672358896001,True,True,True,False,True,True
887,109,mlp_down_all_blocks,15,16,isotropic,0.015625,0.0,0.9999999999999999,0.0020704169696470313,0.0,0.0004455672358896001,True,True,True,False,True,True
887,109,mlp_down_all_blocks,15,16,isotropic,0.03125,0.00016531880253106528,0.9999999863808259,0.00407510423383362,0.00010663035818628657,0.0004455672358896001,True,True,True,False,True,True
887,110,qkv_all_blocks,4,5,actual_local,0.0078125,0.001118368826582398,0.9999993755850488,0.0016320045219752432,0.0006446955083215751,0.0015708663155893025,True,True,True,False,True,True
887,110,qkv_all_blocks,4,5,actual_local,0.015625,0.0,1.0,0.0008860165846738072,0.0,0.0015708663155893025,True,True,True,False,True,True
887,110,qkv_all_blocks,4,5,actual_local,0.03125,0.0006094073852895887,0.9999998143131754,0.00046409819601479096,0.00037607237985425214,0.0015708663155893025,True,True,True,False,True,True
887,110,qkv_all_blocks,4,5,accumulated,0.0078125,0.001118368826582398,0.9999993755850488,0.0016320045219752432,0.0006446955083215751,0.0015708663155893025,True,True,True,False,True,True
887,110,qkv_all_blocks,4,5,accumulated,0.015625,0.0,1.0,0.0008860165846738072,0.0,0.0015708663155893025,True,True,True,False,True,True
887,110,qkv_all_blocks,4,5,accumulated,0.03125,0.0006094073852895887,0.9999998143131754,0.00046409819601479096,0.00037607237985425214,0.0015708663155893025,True,True,True,False,True,True
887,110,qkv_all_blocks,4,5,donor,0.0078125,0.0010966803618018379,0.9999993986486535,0.0016182913024503465,0.0006443441889000565,0.001539331166788365,True,True,True,False,True,True
887,110,qkv_all_blocks,4,5,donor,0.015625,0.0,1.0,0.0008715983821693755,0.0,0.001539331166788365,True,True,True,False,True,True
887,110,qkv_all_blocks,4,5,donor,0.03125,0.0005915778953525584,0.9999998250180566,0.0004672794537359129,0.000375867443525033,0.001539331166788365,True,True,True,False,True,True
887,110,qkv_all_blocks,4,5,isotropic,0.0078125,0.0011389208108207758,0.9999993514295994,0.0016049726659166116,0.0006449022045654109,0.0015938386565692941,True,True,True,False,True,True
887,110,qkv_all_blocks,4,5,isotropic,0.015625,0.0,1.0,0.0008719112799579212,0.0,0.0015938386565692941,True,True,True,False,True,True
887,110,qkv_all_blocks,4,5,isotropic,0.03125,0.0005984624033687001,0.9999998209215993,0.00047322205354129404,0.0003493220274729309,0.0015938386565692941,True,True,True,False,True,True
887,110,qkv_all_blocks,10,11,actual_local,0.0078125,0.002070053732065804,0.9999978598797697,0.003154673407521807,0.0012369587788547633,0.0028952182026580967,True,True,True,False,True,True
887,110,qkv_all_blocks,10,11,actual_local,0.015625,0.0,1.0,0.0017947518954006978,0.0,0.0028952182026580967,True,True,True,False,True,True
887,110,qkv_all_blocks,10,11,actual_local,0.03125,0.0010750716126672103,0.9999994221588039,0.0014728521446214582,0.0007068335879170075,0.0028952182026580967,True,True,True,False,True,True
887,110,qkv_all_blocks,10,11,accumulated,0.0078125,0.0012965251228273693,0.9999991608235697,0.0020537333507970055,0.0008320583302574457,0.001819092181762701,True,True,True,False,True,True
887,110,qkv_all_blocks,10,11,accumulated,0.015625,0.0,1.0,0.001074214995531417,0.0,0.001819092181762701,True,True,True,False,True,True
887,110,qkv_all_blocks,10,11,accumulated,0.03125,0.0007047554868579279,0.9999997518076019,0.0006773554759592926,0.00044562119779478266,0.001819092181762701,True,True,True,False,True,True
887,110,qkv_all_blocks,10,11,donor,0.0078125,0.001959303991530536,0.999998080563725,0.00295851321015579,0.0012443655473197614,0.0027598266107386657,True,True,True,False,True,True
887,110,qkv_all_blocks,10,11,donor,0.015625,0.0,1.0,0.0015659562859644106,0.0,0.0027598266107386657,True,True,True,False,True,True
887,110,qkv_all_blocks,10,11,donor,0.03125,0.001079237599512701,0.999999417688775,0.0008481491292475024,0.0007110660270398637,0.0027598266107386657,True,True,True,False,True,True
887,110,qkv_all_blocks,10,11,isotropic,0.0078125,0.0018997544489631727,0.9999981957341425,0.0029531571573938515,0.001162145085613657,0.002664430083273187,True,True,True,False,True,True
887,110,qkv_all_blocks,10,11,isotropic,0.015625,0.0,1.0,0.0015879197144776475,0.0,0.002664430083273187,True,True,True,False,True,True
887,110,qkv_all_blocks,10,11,isotropic,0.03125,0.0010375491619049658,0.9999994617871938,0.0008418897804371983,0.0006369449026921005,0.002664430083273187,True,True,True,False,True,True
887,110,qkv_all_blocks,15,16,actual_local,0.0078125,0.0021423312174770376,0.9999977053345672,0.003509447503395814,0.0013576034143302077,0.0030367816195511943,True,True,True,False,True,True
887,110,qkv_all_blocks,15,16,actual_local,0.015625,0.0,1.0,0.0022433910513861865,0.0,0.0030367816195511943,True,True,True,False,True,True
887,110,qkv_all_blocks,15,16,actual_local,0.03125,0.0011904659644263753,0.9999992957635262,0.003026468324968446,0.0007602579120249164,0.0030367816195511943,True,True,True,False,True,True
887,110,qkv_all_blocks,15,16,accumulated,0.0078125,0.0013604328859906489,0.9999990800861039,0.0024987513411086956,0.000838669192128757,0.0018921943796617528,True,True,True,False,True,True
887,110,qkv_all_blocks,15,16,accumulated,0.015625,0.0,1.0,0.003280995211038841,0.0,0.0018921943796617528,True,True,True,False,True,True
887,110,qkv_all_blocks,15,16,accumulated,0.03125,0.0006210732076979441,0.9999998071492817,0.006511232748161296,0.0003999209573576943,0.0018921943796617528,True,True,True,False,True,True
887,110,qkv_all_blocks,15,16,donor,0.0078125,0.002892280004264201,0.9999958178430394,0.004128951109633277,0.0017409566353986429,0.0040767026502418965,True,True,True,False,True,True
887,110,qkv_all_blocks,15,16,donor,0.015625,0.0,1.0,0.0021070103699972692,0.0,0.0040767026502418965,True,True,True,False,True,True
887,110,qkv_all_blocks,15,16,donor,0.03125,0.0014121464771065077,0.9999990029461258,0.001204716503699341,0.0008704783176993214,0.0040767026502418965,True,True,True,False,True,True
887,110,qkv_all_blocks,15,16,isotropic,0.0078125,0.0029422776482162807,0.999995674205666,0.004017147926486191,0.0018237280707405735,0.004167398125932669,True,True,True,False,True,True
887,110,qkv_all_blocks,15,16,isotropic,0.015625,0.0,0.9999999999999999,0.0020489188780067496,0.0,0.004167398125932669,True,True,True,False,True,True
887,110,qkv_all_blocks,15,16,isotropic,0.03125,0.00140514541371564,0.999999014928151,0.0013023033268462984,0.0009118640353702867,0.004167398125932669,True,True,True,False,True,True
887,110,attention_output_all_blocks,4,5,actual_local,0.0078125,0.008405137223111706,0.9999646877280517,0.012282371959059898,0.004904195358966818,0.011729072732639427,True,True,True,False,True,True
887,110,attention_output_all_blocks,4,5,actual_local,0.015625,0.0,0.9999999999999999,0.0065999738854752,0.0,0.011729072732639427,True,True,True,False,True,True
887,110,attention_output_all_blocks,4,5,actual_local,0.03125,0.004700528647929288,0.9999889524571991,0.0036945651571101724,0.0027126330579285212,0.011729072732639427,True,True,True,False,True,True
887,110,attention_output_all_blocks,4,5,accumulated,0.0078125,0.008405137223111706,0.9999646877280517,0.012282371959059898,0.004904195358966818,0.011729072732639427,True,True,True,False,True,True
887,110,attention_output_all_blocks,4,5,accumulated,0.015625,0.0,0.9999999999999999,0.0065999738854752,0.0,0.011729072732639427,True,True,True,False,True,True
887,110,attention_output_all_blocks,4,5,accumulated,0.03125,0.004700528647929288,0.9999889524571991,0.0036945651571101724,0.0027126330579285212,0.011729072732639427,True,True,True,False,True,True
887,110,attention_output_all_blocks,4,5,donor,0.0078125,0.008767214374070029,0.9999615678837234,0.012825619841893674,0.0054671463375596105,0.012248430299250304,True,True,True,False,True,True
887,110,attention_output_all_blocks,4,5,donor,0.015625,0.0,0.9999999999999999,0.007084551511108722,0.0,0.012248430299250304,True,True,True,False,True,True
887,110,attention_output_all_blocks,4,5,donor,0.03125,0.004895591173877902,0.9999880166198748,0.0038960729590135053,0.00298207982048706,0.012248430299250304,True,True,True,False,True,True
887,110,attention_output_all_blocks,4,5,isotropic,0.0078125,0.007644596070579527,0.9999707816803245,0.01129658595282387,0.004377765219395019,0.010690897996413446,True,True,True,False,True,True
887,110,attention_output_all_blocks,4,5,isotropic,0.015625,0.0,1.0,0.006283875164962083,0.0,0.010690897996413446,True,True,True,False,True,True
887,110,attention_output_all_blocks,4,5,isotropic,0.03125,0.004186562765481561,0.9999912373812254,0.003347351476587469,0.002675300967408067,0.010690897996413446,True,True,True,False,True,True
887,110,attention_output_all_blocks,10,11,actual_local,0.0078125,0.008314753600956699,0.9999663742842644,0.012433755502581101,0.005311509293539145,0.011647790787447985,True,True,True,False,True,True
887,110,attention_output_all_blocks,10,11,actual_local,0.015625,0.0,1.0,0.006827144679760003,0.0,0.011647790787447985,True,True,True,False,True,True
887,110,attention_output_all_blocks,10,11,actual_local,0.03125,0.004352099207361498,0.9999905607575446,0.004365185566020932,0.0027931212664300677,0.011647790787447985,True,True,True,False,True,True
887,110,attention_output_all_blocks,10,11,accumulated,0.0078125,0.010351545312531048,0.9999464835871886,0.016677021218086962,0.006063608727361299,0.014483381658950014,True,True,True,False,True,True
887,110,attention_output_all_blocks,10,11,accumulated,0.015625,0.0,1.0,0.008632704585977561,0.0,0.014483381658950014,True,True,True,False,True,True
887,110,attention_output_all_blocks,10,11,accumulated,0.03125,0.005522944379921997,0.9999847485845808,0.004397380748612837,0.003537105090960757,0.014483381658950014,True,True,True,False,True,True
887,110,attention_output_all_blocks,10,11,donor,0.0078125,0.010127245104988315,0.9999487229925891,0.015595517432686822,0.005978010466968153,0.014248525502485478,True,True,True,False,True,True
887,110,attention_output_all_blocks,10,11,donor,0.015625,0.0,0.9999999999999999,0.008220691484326298,0.0,0.014248525502485478,True,True,True,False,True,True
887,110,attention_output_all_blocks,10,11,donor,0.03125,0.005491851528841674,0.9999849204447729,0.004507483998914789,0.003238089002941083,0.014248525502485478,True,True,True,False,True,True
887,110,attention_output_all_blocks,10,11,isotropic,0.0078125,0.00911002073508148,0.9999585052112844,0.01359765402446297,0.005617915892120608,0.012784246637099882,True,True,True,False,True,True
887,110,attention_output_all_blocks,10,11,isotropic,0.015625,0.0,0.9999999999999998,0.007232666773402097,0.0,0.012784246637099882,True,True,True,False,True,True
887,110,attention_output_all_blocks,10,11,isotropic,0.03125,0.004776337337322613,0.9999885932848397,0.003914790639384095,0.002808957946060304,0.012784246637099882,True,True,True,False,True,True
887,110,attention_output_all_blocks,15,16,actual_local,0.0078125,0.002795267546107828,0.9999961009816988,0.00424483581538508,0.0017794169320740714,0.003929558685177409,True,True,True,False,True,True
887,110,attention_output_all_blocks,15,16,actual_local,0.015625,0.0,1.0,0.0029730318919010514,0.0,0.003929558685177409,True,True,True,False,True,True
887,110,attention_output_all_blocks,15,16,actual_local,0.03125,0.0014058971069038407,0.9999990117270674,0.004007157637732543,0.0008640437987475058,0.003929558685177409,True,True,True,False,True,True
887,110,attention_output_all_blocks,15,16,accumulated,0.0078125,0.008313983913243379,0.999965718823721,0.012626244731261326,0.0051290275476511904,0.011711191901660771,True,True,True,False,True,True
887,110,attention_output_all_blocks,15,16,accumulated,0.015625,0.0,1.0,0.00685341579597155,0.0,0.011711191901660771,True,True,True,False,True,True
887,110,attention_output_all_blocks,15,16,accumulated,0.03125,0.004162947204242237,0.9999913629208484,0.003623831364960229,0.0025645137738255952,0.011711191901660771,True,True,True,False,True,True
887,110,attention_output_all_blocks,15,16,donor,0.0078125,0.005041222333432632,0.9999873035285882,0.007307582762760952,0.0029902087673051047,0.0069364869560673325,True,True,True,False,True,True
887,110,attention_output_all_blocks,15,16,donor,0.015625,0.0,1.0,0.0035887200633571746,0.0,0.0069364869560673325,True,True,True,False,True,True
887,110,attention_output_all_blocks,15,16,donor,0.03125,0.002224370372794496,0.999997526108994,0.0018401029683511292,0.0013800963541408175,0.0069364869560673325,True,True,True,False,True,True
887,110,attention_output_all_blocks,15,16,isotropic,0.0078125,0.004577736147605698,0.9999895310715881,0.006860126533086726,0.00270620639732562,0.006420123580435967,True,True,True,False,True,True
887,110,attention_output_all_blocks,15,16,isotropic,0.015625,0.0,1.0,0.0033773200821945733,0.0,0.006420123580435967,True,True,True,False,True,True
887,110,attention_output_all_blocks,15,16,isotropic,0.03125,0.0023052708899365558,0.9999973461468173,0.0018608135230502878,0.00135310319866281,0.006420123580435967,True,True,True,False,True,True
887,110,mlp_down_all_blocks,4,5,actual_local,0.0078125,0.00010296785456850356,0.999999994699132,0.0001644795889699831,5.854802135280852e-05,0.0001447785865787509,True,True,True,False,True,True
887,110,mlp_down_all_blocks,4,5,actual_local,0.015625,0.0,1.0,0.00015801271034022074,0.0,0.0001447785865787509,True,True,True,False,True,True
887,110,mlp_down_all_blocks,4,5,actual_local,0.03125,5.476295917836591e-05,0.9999999985007078,0.00027533272435020686,3.2933262010954794e-05,0.0001447785865787509,True,True,True,False,True,True
887,110,mlp_down_all_blocks,4,5,accumulated,0.0078125,0.00010296785456850356,0.999999994699132,0.0001644795889699831,5.854802135280852e-05,0.0001447785865787509,True,True,True,False,True,True
887,110,mlp_down_all_blocks,4,5,accumulated,0.015625,0.0,1.0,0.00015801271034022074,0.0,0.0001447785865787509,True,True,True,False,True,True
887,110,mlp_down_all_blocks,4,5,accumulated,0.03125,5.476295917836591e-05,0.9999999985007078,0.00027533272435020686,3.2933262010954794e-05,0.0001447785865787509,True,True,True,False,True,True
887,110,mlp_down_all_blocks,4,5,donor,0.0078125,9.538709378419325e-05,0.999999995455775,0.00014456348542572515,5.841952640751808e-05,0.0001337686786210597,True,True,True,False,True,True
887,110,mlp_down_all_blocks,4,5,donor,0.015625,0.0,1.0,8.135994260384619e-05,0.0,0.0001337686786210597,True,True,True,False,True,True
887,110,mlp_down_all_blocks,4,5,donor,0.03125,5.047533047011887e-05,0.9999999987262599,6.438517520918307e-05,2.920976320375904e-05,0.0001337686786210597,True,True,True,False,True,True
887,110,mlp_down_all_blocks,4,5,isotropic,0.0078125,9.754986799028538e-05,0.999999995244331,0.00015460981124672818,5.850482548983388e-05,0.0001366259955774742,True,True,True,False,True,True
887,110,mlp_down_all_blocks,4,5,isotropic,0.015625,0.0,1.0,0.00010953591585144483,0.0,0.0001366259955774742,True,True,True,False,True,True
887,110,mlp_down_all_blocks,4,5,isotropic,0.03125,5.239008659203533e-05,0.9999999986276699,0.00015824157218470098,3.108068854147425e-05,0.0001366259955774742,True,True,True,False,True,True
887,110,mlp_down_all_blocks,10,11,actual_local,0.0078125,0.00029676945108190897,0.9999999567534337,0.005285751947810147,0.000175807012779011,0.0003203471777017825,True,True,True,False,True,True
887,110,mlp_down_all_blocks,10,11,actual_local,0.015625,0.0,0.9999999999999998,0.010532826390205668,0.0,0.0003203471777017825,True,True,True,False,True,True
887,110,mlp_down_all_blocks,10,11,actual_local,0.03125,0.0006808672258876125,0.9999997812550682,0.021080224697912636,0.00039556577875277473,0.0003203471777017825,True,True,True,False,True,True
887,110,mlp_down_all_blocks,10,11,accumulated,0.0078125,0.001512426052953552,0.9999988707030698,0.021528529755050096,0.0007201545736622914,0.000183135210904368,True,True,True,False,True,True
887,110,mlp_down_all_blocks,10,11,accumulated,0.015625,0.0,0.9999999999999999,0.04295477277192473,0.0,0.000183135210904368,True,True,True,False,True,True
887,110,mlp_down_all_blocks,10,11,accumulated,0.03125,0.005964558549288012,0.9999823771568418,0.08520621129048264,0.0028594020230882093,0.000183135210904368,True,True,True,False,True,True
887,110,mlp_down_all_blocks,10,11,donor,0.0078125,0.00018285803794070574,0.9999999832818417,0.00043025810924910085,0.00011037713085561038,0.000255344451411833,True,True,True,False,True,True
887,110,mlp_down_all_blocks,10,11,donor,0.015625,0.0,1.0,0.0007570208972308148,0.0,0.000255344451411833,True,True,True,False,True,True
887,110,mlp_down_all_blocks,10,11,donor,0.03125,9.482661242115584e-05,0.9999999955048421,0.0015260354705454106,5.9307115086596625e-05,0.000255344451411833,True,True,True,False,True,True
887,110,mlp_down_all_blocks,10,11,isotropic,0.0078125,0.00017942382222513854,0.9999999839035743,0.00046752181211931834,0.0001056218133716135,0.0002524660712181178,True,True,True,False,True,True
887,110,mlp_down_all_blocks,10,11,isotropic,0.015625,0.0,0.9999999999999999,0.0007599652932319083,0.0,0.0002524660712181178,True,True,True,False,True,True
887,110,mlp_down_all_blocks,10,11,isotropic,0.03125,9.931203360028484e-05,0.99999999506856,0.001497105628491013,5.941227002153259e-05,0.0002524660712181178,True,True,True,False,True,True
887,110,mlp_down_all_blocks,15,16,actual_local,0.0078125,0.0004011633302807041,0.9999999217462034,0.0049777213809195685,0.00023748348673179387,0.000519180945213446,True,True,True,False,True,True
887,110,mlp_down_all_blocks,15,16,actual_local,0.015625,0.0,1.0,0.009915131905546683,0.0,0.000519180945213446,True,True,True,False,True,True
887,110,mlp_down_all_blocks,15,16,actual_local,0.03125,0.00046044929220811186,0.9999999113334636,0.01978655574825946,0.0002216512542830076,0.000519180945213446,True,True,True,False,True,True
887,110,mlp_down_all_blocks,15,16,accumulated,0.0078125,0.002314801843970802,0.9999976162825355,0.023943845304967574,0.001142160083504075,0.00016949514865886436,True,True,True,False,True,True
887,110,mlp_down_all_blocks,15,16,accumulated,0.015625,0.0,1.0,0.047860273956461585,0.0,0.00016949514865886436,True,True,True,False,True,True
887,110,mlp_down_all_blocks,15,16,accumulated,0.03125,0.009190722692741389,0.9999620121508638,0.09562673743262062,0.0045090298126714305,0.00016949514865886436,True,True,True,False,True,True
887,110,mlp_down_all_blocks,15,16,donor,0.0078125,0.0003191993694346656,0.9999999490569991,0.0014240678986279691,0.00019155280050820388,0.00044847160814543005,True,True,True,False,True,True
887,110,mlp_down_all_blocks,15,16,donor,0.015625,0.0,1.0,0.002709978497499733,0.0,0.00044847160814543005,True,True,True,False,True,True
887,110,mlp_down_all_blocks,15,16,donor,0.03125,0.000199621031664485,0.9999999805628538,0.005433750491595164,0.00011787864646658701,0.00044847160814543005,True,True,True,False,True,True
887,110,mlp_down_all_blocks,15,16,isotropic,0.0078125,0.0003309957931527809,0.9999999452353572,0.0011511598339752883,0.00021113833429907688,0.0004653405822852156,True,True,True,False,True,True
887,110,mlp_down_all_blocks,15,16,isotropic,0.015625,0.0,1.0,0.002142005061339751,0.0,0.0004653405822852156,True,True,True,False,True,True
887,110,mlp_down_all_blocks,15,16,isotropic,0.03125,0.00016607885739542157,0.9999999862340128,0.004259293435379373,0.00010556916714953844,0.0004653405822852156,True,True,True,False,True,True
