class_id,seed,set_id,left,right,selected_left,selected_right,absolute_difference,helped,hurt
19,79,primary_494f26df6416,candidate_B,stage_only,attention_output_all_blocks_stage4_w4,attention_output_all_blocks_stage15_w4,-0.045778057647737555,True,False
19,79,primary_52112c337d08,candidate_B,stage_only,attention_output_all_blocks_stage4_w6,attention_output_all_blocks_stage15_w6,0.0007670826726666746,False,True
19,79,primary_da06c09aa41a,candidate_B,stage_only,adaln_conditioning_all_blocks_stage15_w6,adaln_conditioning_all_blocks_stage10_w6,0.06649978278773006,False,True
19,80,primary_494f26df6416,candidate_B,stage_only,attention_output_all_blocks_stage4_w4,attention_output_all_blocks_stage10_w4,-0.11365134000378416,True,False
19,80,primary_d82bcfdaeedc,candidate_B,stage_only,mlp_up_gate_all_blocks_stage15_w6,mlp_up_gate_all_blocks_stage4_w6,0.025417196992179928,False,True
19,81,primary_d82bcfdaeedc,candidate_B,stage_only,mlp_up_gate_all_blocks_stage15_w6,mlp_up_gate_all_blocks_stage4_w6,-0.03728428777958471,True,False
19,81,primary_da06c09aa41a,candidate_B,stage_only,adaln_conditioning_all_blocks_stage15_w6,adaln_conditioning_all_blocks_stage10_w6,-0.5810441569715294,True,False
85,79,primary_494f26df6416,candidate_B,stage_only,attention_output_all_blocks_stage4_w4,attention_output_all_blocks_stage15_w4,-0.10474052644612183,True,False
85,79,primary_da06c09aa41a,candidate_B,stage_only,adaln_conditioning_all_blocks_stage15_w6,adaln_conditioning_all_blocks_stage10_w6,9.454350353621521e-05,False,True
85,81,primary_494f26df6416,candidate_B,stage_only,attention_output_all_blocks_stage15_w4,attention_output_all_blocks_stage10_w4,-0.007335493228424694,True,False
85,82,primary_da06c09aa41a,candidate_B,stage_only,adaln_conditioning_all_blocks_stage15_w6,adaln_conditioning_all_blocks_stage10_w6,-0.001292604890295479,True,False
131,79,primary_52112c337d08,candidate_B,stage_only,attention_output_all_blocks_stage4_w6,attention_output_all_blocks_stage15_w6,0.009563111837451286,False,True
131,80,primary_494f26df6416,candidate_B,stage_only,attention_output_all_blocks_stage15_w4,attention_output_all_blocks_stage10_w4,0.16089950683233667,False,True
131,81,primary_494f26df6416,candidate_B,stage_only,attention_output_all_blocks_stage4_w4,attention_output_all_blocks_stage10_w4,-0.36774391488779656,True,False
131,82,primary_da06c09aa41a,candidate_B,stage_only,adaln_conditioning_all_blocks_stage15_w6,adaln_conditioning_all_blocks_stage10_w6,0.02137730303678609,False,True
224,79,primary_da06c09aa41a,candidate_B,stage_only,adaln_conditioning_all_blocks_stage15_w6,adaln_conditioning_all_blocks_stage10_w6,0.009195865268566188,False,True
224,80,primary_494f26df6416,candidate_B,stage_only,attention_output_all_blocks_stage15_w4,attention_output_all_blocks_stage10_w4,-0.03350821545501505,True,False
224,81,primary_52112c337d08,candidate_B,stage_only,attention_output_all_blocks_stage4_w6,attention_output_all_blocks_stage15_w6,0.0019054242641374222,False,True
224,81,primary_da06c09aa41a,candidate_B,stage_only,adaln_conditioning_all_blocks_stage15_w6,adaln_conditioning_all_blocks_stage10_w6,0.008592939597519946,False,True
224,82,primary_da06c09aa41a,candidate_B,stage_only,adaln_conditioning_all_blocks_stage15_w6,adaln_conditioning_all_blocks_stage10_w6,0.015170154264922072,False,True
301,79,primary_494f26df6416,candidate_B,stage_only,attention_output_all_blocks_stage4_w4,attention_output_all_blocks_stage15_w4,1.4823460099755685,False,True
301,79,primary_52112c337d08,candidate_B,stage_only,attention_output_all_blocks_stage4_w6,attention_output_all_blocks_stage15_w6,0.083511730195994,False,True
301,79,primary_da06c09aa41a,candidate_B,stage_only,adaln_conditioning_all_blocks_stage15_w6,adaln_conditioning_all_blocks_stage10_w6,0.01118871860404623,False,True
301,81,primary_52112c337d08,candidate_B,stage_only,attention_output_all_blocks_stage4_w6,attention_output_all_blocks_stage15_w6,0.7670506094364526,False,True
301,82,primary_da06c09aa41a,candidate_B,stage_only,adaln_conditioning_all_blocks_stage15_w6,adaln_conditioning_all_blocks_stage10_w6,-0.015654077588706627,True,False
345,79,primary_494f26df6416,candidate_B,stage_only,attention_output_all_blocks_stage4_w4,attention_output_all_blocks_stage15_w4,0.03684068087152076,False,True
345,79,primary_52112c337d08,candidate_B,stage_only,attention_output_all_blocks_stage4_w6,attention_output_all_blocks_stage15_w6,0.0013217372152780592,False,True
345,81,primary_494f26df6416,candidate_B,stage_only,attention_output_all_blocks_stage4_w4,attention_output_all_blocks_stage10_w4,-0.058027758842687405,True,False
345,81,primary_d82bcfdaeedc,candidate_B,stage_only,mlp_up_gate_all_blocks_stage15_w6,mlp_up_gate_all_blocks_stage4_w6,0.007792187465426533,False,True
345,82,primary_494f26df6416,candidate_B,stage_only,attention_output_all_blocks_stage4_w4,attention_output_all_blocks_stage15_w4,0.10946995368067292,False,True
345,82,primary_da06c09aa41a,candidate_B,stage_only,adaln_conditioning_all_blocks_stage15_w6,adaln_conditioning_all_blocks_stage10_w6,-0.02688838551387107,True,False
384,79,primary_494f26df6416,candidate_B,stage_only,attention_output_all_blocks_stage4_w4,attention_output_all_blocks_stage15_w4,-0.13627560553493367,True,False
384,79,primary_da06c09aa41a,candidate_B,stage_only,adaln_conditioning_all_blocks_stage15_w6,adaln_conditioning_all_blocks_stage10_w6,0.019368207543383417,False,True
384,80,primary_da06c09aa41a,candidate_B,stage_only,adaln_conditioning_all_blocks_stage15_w6,adaln_conditioning_all_blocks_stage10_w6,0.0023136638123268938,False,True
384,81,primary_494f26df6416,candidate_B,stage_only,attention_output_all_blocks_stage4_w4,attention_output_all_blocks_stage15_w4,-0.3623123898561608,True,False
384,81,primary_da06c09aa41a,candidate_B,stage_only,adaln_conditioning_all_blocks_stage15_w6,adaln_conditioning_all_blocks_stage10_w6,-0.019893606942730464,True,False
384,82,primary_494f26df6416,candidate_B,stage_only,attention_output_all_blocks_stage4_w4,attention_output_all_blocks_stage15_w4,-0.013095102885529286,True,False
384,82,primary_d0adb13a6bdf,candidate_B,stage_only,mlp_up_gate_all_blocks_stage15_w4,mlp_up_gate_all_blocks_stage4_w4,-0.5279563083001337,True,False
384,82,primary_da06c09aa41a,candidate_B,stage_only,adaln_conditioning_all_blocks_stage15_w6,adaln_conditioning_all_blocks_stage10_w6,-0.0147287028679699,True,False
462,79,primary_494f26df6416,candidate_B,stage_only,attention_output_all_blocks_stage4_w4,attention_output_all_blocks_stage10_w4,-0.993742967071441,True,False
462,79,primary_d82bcfdaeedc,candidate_B,stage_only,mlp_up_gate_all_blocks_stage15_w6,mlp_up_gate_all_blocks_stage4_w6,-0.0265740462867008,True,False
462,80,primary_da06c09aa41a,candidate_B,stage_only,adaln_conditioning_all_blocks_stage15_w6,adaln_conditioning_all_blocks_stage10_w6,0.020424106418591492,False,True
462,81,primary_52112c337d08,candidate_B,stage_only,attention_output_all_blocks_stage4_w6,attention_output_all_blocks_stage15_w6,0.000516195418004628,False,True
462,81,primary_da06c09aa41a,candidate_B,stage_only,adaln_conditioning_all_blocks_stage15_w6,adaln_conditioning_all_blocks_stage10_w6,-0.0383808951960418,True,False
462,82,primary_494f26df6416,candidate_B,stage_only,attention_output_all_blocks_stage4_w4,attention_output_all_blocks_stage15_w4,0.17747436950787682,False,True
511,80,primary_52112c337d08,candidate_B,stage_only,attention_output_all_blocks_stage4_w6,attention_output_all_blocks_stage15_w6,0.0017178382206992603,False,True
511,80,primary_da06c09aa41a,candidate_B,stage_only,adaln_conditioning_all_blocks_stage15_w6,adaln_conditioning_all_blocks_stage10_w6,-0.039295116869947584,True,False
511,81,primary_52112c337d08,candidate_B,stage_only,attention_output_all_blocks_stage4_w6,attention_output_all_blocks_stage15_w6,-0.0038416307218085456,True,False
511,81,primary_da06c09aa41a,candidate_B,stage_only,adaln_conditioning_all_blocks_stage15_w6,adaln_conditioning_all_blocks_stage10_w6,0.009967887358186538,False,True
511,82,primary_da06c09aa41a,candidate_B,stage_only,adaln_conditioning_all_blocks_stage15_w6,adaln_conditioning_all_blocks_stage10_w6,-0.021289230814375074,True,False
568,80,primary_494f26df6416,candidate_B,stage_only,attention_output_all_blocks_stage15_w4,attention_output_all_blocks_stage10_w4,-0.47294418894695045,True,False
568,81,primary_494f26df6416,candidate_B,stage_only,attention_output_all_blocks_stage15_w4,attention_output_all_blocks_stage10_w4,-0.23622342956520012,True,False
568,82,primary_da06c09aa41a,candidate_B,stage_only,adaln_conditioning_all_blocks_stage15_w6,adaln_conditioning_all_blocks_stage10_w6,-0.2536107929746975,True,False
679,81,primary_494f26df6416,candidate_B,stage_only,attention_output_all_blocks_stage4_w4,attention_output_all_blocks_stage15_w4,0.22206505646619235,False,True
679,82,primary_da06c09aa41a,candidate_B,stage_only,adaln_conditioning_all_blocks_stage15_w6,adaln_conditioning_all_blocks_stage10_w6,0.010771916954148246,False,True
712,79,primary_52112c337d08,candidate_B,stage_only,attention_output_all_blocks_stage4_w6,attention_output_all_blocks_stage15_w6,0.01324761669354757,False,True
712,81,primary_494f26df6416,candidate_B,stage_only,attention_output_all_blocks_stage4_w4,attention_output_all_blocks_stage15_w4,-0.11756197381990666,True,False
712,81,primary_da06c09aa41a,candidate_B,stage_only,adaln_conditioning_all_blocks_stage15_w6,adaln_conditioning_all_blocks_stage10_w6,-0.03819792654669743,True,False
712,82,primary_da06c09aa41a,candidate_B,stage_only,adaln_conditioning_all_blocks_stage15_w6,adaln_conditioning_all_blocks_stage10_w6,-0.034931508804675104,True,False
780,79,primary_494f26df6416,candidate_B,stage_only,attention_output_all_blocks_stage4_w4,attention_output_all_blocks_stage15_w4,-0.12454283687469567,True,False
780,79,primary_52112c337d08,candidate_B,stage_only,attention_output_all_blocks_stage4_w6,attention_output_all_blocks_stage15_w6,0.005148890038924492,False,True
780,80,primary_494f26df6416,candidate_B,stage_only,attention_output_all_blocks_stage15_w4,attention_output_all_blocks_stage10_w4,0.8441270679809918,False,True
780,81,primary_d82bcfdaeedc,candidate_B,stage_only,mlp_up_gate_all_blocks_stage15_w6,mlp_up_gate_all_blocks_stage4_w6,-0.008352461881312227,True,False
780,81,primary_da06c09aa41a,candidate_B,stage_only,adaln_conditioning_all_blocks_stage15_w6,adaln_conditioning_all_blocks_stage10_w6,-0.16493956672934473,True,False
780,82,primary_494f26df6416,candidate_B,stage_only,attention_output_all_blocks_stage4_w4,attention_output_all_blocks_stage15_w4,-0.06652160997214196,True,False
780,82,primary_da06c09aa41a,candidate_B,stage_only,adaln_conditioning_all_blocks_stage15_w6,adaln_conditioning_all_blocks_stage10_w6,0.026223767050197466,False,True
870,79,primary_494f26df6416,candidate_B,stage_only,attention_output_all_blocks_stage4_w4,attention_output_all_blocks_stage15_w4,0.11159841249838104,False,True
870,80,primary_494f26df6416,candidate_B,stage_only,attention_output_all_blocks_stage15_w4,attention_output_all_blocks_stage10_w4,0.19428626960483086,False,True
870,80,primary_d82bcfdaeedc,candidate_B,stage_only,mlp_up_gate_all_blocks_stage15_w6,mlp_up_gate_all_blocks_stage10_w6,0.022863779235024136,False,True
870,81,primary_da06c09aa41a,candidate_B,stage_only,adaln_conditioning_all_blocks_stage15_w6,adaln_conditioning_all_blocks_stage10_w6,-0.09900345182813906,True,False
870,82,primary_d82bcfdaeedc,candidate_B,stage_only,mlp_up_gate_all_blocks_stage15_w6,mlp_up_gate_all_blocks_stage4_w6,-0.1201768583923695,True,False
870,82,primary_da06c09aa41a,candidate_B,stage_only,adaln_conditioning_all_blocks_stage15_w6,adaln_conditioning_all_blocks_stage10_w6,-0.12513182774455345,True,False
888,79,primary_52112c337d08,candidate_B,stage_only,attention_output_all_blocks_stage4_w6,attention_output_all_blocks_stage15_w6,0.015618026738934532,False,True
888,79,primary_da06c09aa41a,candidate_B,stage_only,adaln_conditioning_all_blocks_stage15_w6,adaln_conditioning_all_blocks_stage10_w6,-0.0211866610397351,True,False
888,81,primary_52112c337d08,candidate_B,stage_only,attention_output_all_blocks_stage4_w6,attention_output_all_blocks_stage15_w6,-0.008459435134454907,True,False
888,81,primary_d82bcfdaeedc,candidate_B,stage_only,mlp_up_gate_all_blocks_stage15_w6,mlp_up_gate_all_blocks_stage4_w6,0.0016076310719910225,False,True
888,82,primary_da06c09aa41a,candidate_B,stage_only,adaln_conditioning_all_blocks_stage15_w6,adaln_conditioning_all_blocks_stage10_w6,-0.20710712799147754,True,False
975,82,primary_da06c09aa41a,candidate_B,stage_only,adaln_conditioning_all_blocks_stage15_w6,adaln_conditioning_all_blocks_stage10_w6,0.02196624854974516,False,True
19,79,primary_494f26df6416,aligned_actual_source,stage_only,attention_output_all_blocks_stage4_w4,attention_output_all_blocks_stage15_w4,-0.045778057647737555,True,False
19,79,primary_52112c337d08,aligned_actual_source,stage_only,attention_output_all_blocks_stage4_w6,attention_output_all_blocks_stage15_w6,0.0007670826726666746,False,True
19,79,primary_da06c09aa41a,aligned_actual_source,stage_only,adaln_conditioning_all_blocks_stage15_w6,adaln_conditioning_all_blocks_stage10_w6,0.06649978278773006,False,True
19,80,primary_494f26df6416,aligned_actual_source,stage_only,attention_output_all_blocks_stage4_w4,attention_output_all_blocks_stage10_w4,-0.11365134000378416,True,False
19,80,primary_d82bcfdaeedc,aligned_actual_source,stage_only,mlp_up_gate_all_blocks_stage15_w6,mlp_up_gate_all_blocks_stage4_w6,0.025417196992179928,False,True
19,81,primary_d82bcfdaeedc,aligned_actual_source,stage_only,mlp_up_gate_all_blocks_stage15_w6,mlp_up_gate_all_blocks_stage4_w6,-0.03728428777958471,True,False
19,81,primary_da06c09aa41a,aligned_actual_source,stage_only,adaln_conditioning_all_blocks_stage15_w6,adaln_conditioning_all_blocks_stage10_w6,-0.5810441569715294,True,False
85,79,primary_494f26df6416,aligned_actual_source,stage_only,attention_output_all_blocks_stage4_w4,attention_output_all_blocks_stage15_w4,-0.10474052644612183,True,False
85,79,primary_da06c09aa41a,aligned_actual_source,stage_only,adaln_conditioning_all_blocks_stage15_w6,adaln_conditioning_all_blocks_stage10_w6,9.454350353621521e-05,False,True
85,81,primary_494f26df6416,aligned_actual_source,stage_only,attention_output_all_blocks_stage15_w4,attention_output_all_blocks_stage10_w4,-0.007335493228424694,True,False
85,82,primary_da06c09aa41a,aligned_actual_source,stage_only,adaln_conditioning_all_blocks_stage15_w6,adaln_conditioning_all_blocks_stage10_w6,-0.001292604890295479,True,False
131,79,primary_52112c337d08,aligned_actual_source,stage_only,attention_output_all_blocks_stage4_w6,attention_output_all_blocks_stage15_w6,0.009563111837451286,False,True
131,80,primary_494f26df6416,aligned_actual_source,stage_only,attention_output_all_blocks_stage15_w4,attention_output_all_blocks_stage10_w4,0.16089950683233667,False,True
131,81,primary_494f26df6416,aligned_actual_source,stage_only,attention_output_all_blocks_stage4_w4,attention_output_all_blocks_stage10_w4,-0.36774391488779656,True,False
131,82,primary_da06c09aa41a,aligned_actual_source,stage_only,adaln_conditioning_all_blocks_stage15_w6,adaln_conditioning_all_blocks_stage10_w6,0.02137730303678609,False,True
224,79,primary_da06c09aa41a,aligned_actual_source,stage_only,adaln_conditioning_all_blocks_stage15_w6,adaln_conditioning_all_blocks_stage10_w6,0.009195865268566188,False,True
224,80,primary_494f26df6416,aligned_actual_source,stage_only,attention_output_all_blocks_stage15_w4,attention_output_all_blocks_stage10_w4,-0.03350821545501505,True,False
224,81,primary_52112c337d08,aligned_actual_source,stage_only,attention_output_all_blocks_stage4_w6,attention_output_all_blocks_stage15_w6,0.0019054242641374222,False,True
224,81,primary_da06c09aa41a,aligned_actual_source,stage_only,adaln_conditioning_all_blocks_stage15_w6,adaln_conditioning_all_blocks_stage10_w6,0.008592939597519946,False,True
224,82,primary_da06c09aa41a,aligned_actual_source,stage_only,adaln_conditioning_all_blocks_stage15_w6,adaln_conditioning_all_blocks_stage10_w6,0.015170154264922072,False,True
301,79,primary_494f26df6416,aligned_actual_source,stage_only,attention_output_all_blocks_stage4_w4,attention_output_all_blocks_stage15_w4,1.4823460099755685,False,True
301,79,primary_52112c337d08,aligned_actual_source,stage_only,attention_output_all_blocks_stage4_w6,attention_output_all_blocks_stage15_w6,0.083511730195994,False,True
301,79,primary_da06c09aa41a,aligned_actual_source,stage_only,adaln_conditioning_all_blocks_stage15_w6,adaln_conditioning_all_blocks_stage10_w6,0.01118871860404623,False,True
301,81,primary_52112c337d08,aligned_actual_source,stage_only,attention_output_all_blocks_stage4_w6,attention_output_all_blocks_stage15_w6,0.7670506094364526,False,True
301,82,primary_da06c09aa41a,aligned_actual_source,stage_only,adaln_conditioning_all_blocks_stage15_w6,adaln_conditioning_all_blocks_stage10_w6,-0.015654077588706627,True,False
345,79,primary_494f26df6416,aligned_actual_source,stage_only,attention_output_all_blocks_stage4_w4,attention_output_all_blocks_stage15_w4,0.03684068087152076,False,True
345,79,primary_52112c337d08,aligned_actual_source,stage_only,attention_output_all_blocks_stage4_w6,attention_output_all_blocks_stage15_w6,0.0013217372152780592,False,True
345,81,primary_494f26df6416,aligned_actual_source,stage_only,attention_output_all_blocks_stage4_w4,attention_output_all_blocks_stage10_w4,-0.058027758842687405,True,False
345,81,primary_d82bcfdaeedc,aligned_actual_source,stage_only,mlp_up_gate_all_blocks_stage15_w6,mlp_up_gate_all_blocks_stage4_w6,0.007792187465426533,False,True
345,82,primary_494f26df6416,aligned_actual_source,stage_only,attention_output_all_blocks_stage4_w4,attention_output_all_blocks_stage15_w4,0.10946995368067292,False,True
345,82,primary_da06c09aa41a,aligned_actual_source,stage_only,adaln_conditioning_all_blocks_stage15_w6,adaln_conditioning_all_blocks_stage10_w6,-0.02688838551387107,True,False
384,79,primary_494f26df6416,aligned_actual_source,stage_only,attention_output_all_blocks_stage4_w4,attention_output_all_blocks_stage15_w4,-0.13627560553493367,True,False
384,79,primary_da06c09aa41a,aligned_actual_source,stage_only,adaln_conditioning_all_blocks_stage15_w6,adaln_conditioning_all_blocks_stage10_w6,0.019368207543383417,False,True
384,80,primary_da06c09aa41a,aligned_actual_source,stage_only,adaln_conditioning_all_blocks_stage15_w6,adaln_conditioning_all_blocks_stage10_w6,0.0023136638123268938,False,True
384,81,primary_494f26df6416,aligned_actual_source,stage_only,attention_output_all_blocks_stage4_w4,attention_output_all_blocks_stage15_w4,-0.3623123898561608,True,False
384,81,primary_da06c09aa41a,aligned_actual_source,stage_only,adaln_conditioning_all_blocks_stage15_w6,adaln_conditioning_all_blocks_stage10_w6,-0.019893606942730464,True,False
384,82,primary_494f26df6416,aligned_actual_source,stage_only,attention_output_all_blocks_stage4_w4,attention_output_all_blocks_stage15_w4,-0.013095102885529286,True,False
384,82,primary_d0adb13a6bdf,aligned_actual_source,stage_only,mlp_up_gate_all_blocks_stage15_w4,mlp_up_gate_all_blocks_stage4_w4,-0.5279563083001337,True,False
384,82,primary_da06c09aa41a,aligned_actual_source,stage_only,adaln_conditioning_all_blocks_stage15_w6,adaln_conditioning_all_blocks_stage10_w6,-0.0147287028679699,True,False
462,79,primary_494f26df6416,aligned_actual_source,stage_only,attention_output_all_blocks_stage4_w4,attention_output_all_blocks_stage10_w4,-0.993742967071441,True,False
462,79,primary_d82bcfdaeedc,aligned_actual_source,stage_only,mlp_up_gate_all_blocks_stage15_w6,mlp_up_gate_all_blocks_stage4_w6,-0.0265740462867008,True,False
462,80,primary_da06c09aa41a,aligned_actual_source,stage_only,adaln_conditioning_all_blocks_stage15_w6,adaln_conditioning_all_blocks_stage10_w6,0.020424106418591492,False,True
462,81,primary_52112c337d08,aligned_actual_source,stage_only,attention_output_all_blocks_stage4_w6,attention_output_all_blocks_stage15_w6,0.000516195418004628,False,True
462,81,primary_da06c09aa41a,aligned_actual_source,stage_only,adaln_conditioning_all_blocks_stage15_w6,adaln_conditioning_all_blocks_stage10_w6,-0.0383808951960418,True,False
462,82,primary_494f26df6416,aligned_actual_source,stage_only,attention_output_all_blocks_stage4_w4,attention_output_all_blocks_stage15_w4,0.17747436950787682,False,True
511,80,primary_52112c337d08,aligned_actual_source,stage_only,attention_output_all_blocks_stage4_w6,attention_output_all_blocks_stage15_w6,0.0017178382206992603,False,True
511,80,primary_da06c09aa41a,aligned_actual_source,stage_only,adaln_conditioning_all_blocks_stage15_w6,adaln_conditioning_all_blocks_stage10_w6,-0.039295116869947584,True,False
511,81,primary_52112c337d08,aligned_actual_source,stage_only,attention_output_all_blocks_stage4_w6,attention_output_all_blocks_stage15_w6,-0.0038416307218085456,True,False
511,81,primary_da06c09aa41a,aligned_actual_source,stage_only,adaln_conditioning_all_blocks_stage15_w6,adaln_conditioning_all_blocks_stage10_w6,0.009967887358186538,False,True
511,82,primary_da06c09aa41a,aligned_actual_source,stage_only,adaln_conditioning_all_blocks_stage15_w6,adaln_conditioning_all_blocks_stage10_w6,-0.021289230814375074,True,False
568,80,primary_494f26df6416,aligned_actual_source,stage_only,attention_output_all_blocks_stage15_w4,attention_output_all_blocks_stage10_w4,-0.47294418894695045,True,False
568,81,primary_494f26df6416,aligned_actual_source,stage_only,attention_output_all_blocks_stage15_w4,attention_output_all_blocks_stage10_w4,-0.23622342956520012,True,False
568,82,primary_da06c09aa41a,aligned_actual_source,stage_only,adaln_conditioning_all_blocks_stage15_w6,adaln_conditioning_all_blocks_stage10_w6,-0.2536107929746975,True,False
679,81,primary_494f26df6416,aligned_actual_source,stage_only,attention_output_all_blocks_stage4_w4,attention_output_all_blocks_stage15_w4,0.22206505646619235,False,True
679,82,primary_da06c09aa41a,aligned_actual_source,stage_only,adaln_conditioning_all_blocks_stage15_w6,adaln_conditioning_all_blocks_stage10_w6,0.010771916954148246,False,True
712,79,primary_52112c337d08,aligned_actual_source,stage_only,attention_output_all_blocks_stage4_w6,attention_output_all_blocks_stage15_w6,0.01324761669354757,False,True
712,81,primary_494f26df6416,aligned_actual_source,stage_only,attention_output_all_blocks_stage4_w4,attention_output_all_blocks_stage15_w4,-0.11756197381990666,True,False
712,81,primary_da06c09aa41a,aligned_actual_source,stage_only,adaln_conditioning_all_blocks_stage15_w6,adaln_conditioning_all_blocks_stage10_w6,-0.03819792654669743,True,False
712,82,primary_da06c09aa41a,aligned_actual_source,stage_only,adaln_conditioning_all_blocks_stage15_w6,adaln_conditioning_all_blocks_stage10_w6,-0.034931508804675104,True,False
780,79,primary_494f26df6416,aligned_actual_source,stage_only,attention_output_all_blocks_stage4_w4,attention_output_all_blocks_stage15_w4,-0.12454283687469567,True,False
780,79,primary_52112c337d08,aligned_actual_source,stage_only,attention_output_all_blocks_stage4_w6,attention_output_all_blocks_stage15_w6,0.005148890038924492,False,True
780,80,primary_494f26df6416,aligned_actual_source,stage_only,attention_output_all_blocks_stage15_w4,attention_output_all_blocks_stage10_w4,0.8441270679809918,False,True
780,81,primary_d82bcfdaeedc,aligned_actual_source,stage_only,mlp_up_gate_all_blocks_stage15_w6,mlp_up_gate_all_blocks_stage4_w6,-0.008352461881312227,True,False
780,81,primary_da06c09aa41a,aligned_actual_source,stage_only,adaln_conditioning_all_blocks_stage15_w6,adaln_conditioning_all_blocks_stage10_w6,-0.16493956672934473,True,False
780,82,primary_494f26df6416,aligned_actual_source,stage_only,attention_output_all_blocks_stage4_w4,attention_output_all_blocks_stage15_w4,-0.06652160997214196,True,False
780,82,primary_da06c09aa41a,aligned_actual_source,stage_only,adaln_conditioning_all_blocks_stage15_w6,adaln_conditioning_all_blocks_stage10_w6,0.026223767050197466,False,True
870,79,primary_494f26df6416,aligned_actual_source,stage_only,attention_output_all_blocks_stage4_w4,attention_output_all_blocks_stage15_w4,0.11159841249838104,False,True
870,80,primary_494f26df6416,aligned_actual_source,stage_only,attention_output_all_blocks_stage15_w4,attention_output_all_blocks_stage10_w4,0.19428626960483086,False,True
870,80,primary_d82bcfdaeedc,aligned_actual_source,stage_only,mlp_up_gate_all_blocks_stage15_w6,mlp_up_gate_all_blocks_stage10_w6,0.022863779235024136,False,True
870,81,primary_da06c09aa41a,aligned_actual_source,stage_only,adaln_conditioning_all_blocks_stage15_w6,adaln_conditioning_all_blocks_stage10_w6,-0.09900345182813906,True,False
870,82,primary_d82bcfdaeedc,aligned_actual_source,stage_only,mlp_up_gate_all_blocks_stage15_w6,mlp_up_gate_all_blocks_stage4_w6,-0.1201768583923695,True,False
870,82,primary_da06c09aa41a,aligned_actual_source,stage_only,adaln_conditioning_all_blocks_stage15_w6,adaln_conditioning_all_blocks_stage10_w6,-0.12513182774455345,True,False
888,79,primary_52112c337d08,aligned_actual_source,stage_only,attention_output_all_blocks_stage4_w6,attention_output_all_blocks_stage15_w6,0.015618026738934532,False,True
888,79,primary_da06c09aa41a,aligned_actual_source,stage_only,adaln_conditioning_all_blocks_stage15_w6,adaln_conditioning_all_blocks_stage10_w6,-0.0211866610397351,True,False
888,81,primary_52112c337d08,aligned_actual_source,stage_only,attention_output_all_blocks_stage4_w6,attention_output_all_blocks_stage15_w6,-0.008459435134454907,True,False
888,81,primary_d82bcfdaeedc,aligned_actual_source,stage_only,mlp_up_gate_all_blocks_stage15_w6,mlp_up_gate_all_blocks_stage4_w6,0.0016076310719910225,False,True
888,82,primary_da06c09aa41a,aligned_actual_source,stage_only,adaln_conditioning_all_blocks_stage15_w6,adaln_conditioning_all_blocks_stage10_w6,-0.20710712799147754,True,False
975,82,primary_da06c09aa41a,aligned_actual_source,stage_only,adaln_conditioning_all_blocks_stage15_w6,adaln_conditioning_all_blocks_stage10_w6,0.02196624854974516,False,True
19,79,primary_494f26df6416,aligned_actual_source,aligned_donor_source,attention_output_all_blocks_stage4_w4,attention_output_all_blocks_stage15_w4,-0.045778057647737555,True,False
19,79,primary_52112c337d08,aligned_actual_source,aligned_donor_source,attention_output_all_blocks_stage4_w6,attention_output_all_blocks_stage15_w6,0.0007670826726666746,False,True
19,79,primary_d82bcfdaeedc,aligned_actual_source,aligned_donor_source,mlp_up_gate_all_blocks_stage4_w6,mlp_up_gate_all_blocks_stage15_w6,-0.008799948805005894,True,False
19,79,primary_da06c09aa41a,aligned_actual_source,aligned_donor_source,adaln_conditioning_all_blocks_stage15_w6,adaln_conditioning_all_blocks_stage10_w6,0.06649978278773006,False,True
19,80,primary_494f26df6416,aligned_actual_source,aligned_donor_source,attention_output_all_blocks_stage4_w4,attention_output_all_blocks_stage10_w4,-0.11365134000378416,True,False
19,80,primary_52112c337d08,aligned_actual_source,aligned_donor_source,attention_output_all_blocks_stage15_w6,attention_output_all_blocks_stage10_w6,0.009518136101974047,False,True
19,80,primary_d0adb13a6bdf,aligned_actual_source,aligned_donor_source,mlp_up_gate_all_blocks_stage4_w4,mlp_up_gate_all_blocks_stage10_w4,-6.578613025248031,True,False
19,80,primary_d82bcfdaeedc,aligned_actual_source,aligned_donor_source,mlp_up_gate_all_blocks_stage15_w6,mlp_up_gate_all_blocks_stage10_w6,-0.08037819898294173,True,False
19,80,primary_ec9365fcc9ef,aligned_actual_source,aligned_donor_source,adaln_conditioning_all_blocks_stage15_w4,adaln_conditioning_all_blocks_stage10_w4,-0.17626023112677558,True,False
19,81,primary_494f26df6416,aligned_actual_source,aligned_donor_source,attention_output_all_blocks_stage4_w4,attention_output_all_blocks_stage15_w4,2.240712260634041,False,True
19,81,primary_da06c09aa41a,aligned_actual_source,aligned_donor_source,adaln_conditioning_all_blocks_stage15_w6,adaln_conditioning_all_blocks_stage10_w6,-0.5810441569715294,True,False
19,82,primary_d0adb13a6bdf,aligned_actual_source,aligned_donor_source,mlp_up_gate_all_blocks_stage4_w4,mlp_up_gate_all_blocks_stage10_w4,-0.7099660443965945,True,False
19,82,primary_d82bcfdaeedc,aligned_actual_source,aligned_donor_source,mlp_up_gate_all_blocks_stage15_w6,mlp_up_gate_all_blocks_stage10_w6,0.0009753067779030289,False,True
85,79,primary_494f26df6416,aligned_actual_source,aligned_donor_source,attention_output_all_blocks_stage4_w4,attention_output_all_blocks_stage15_w4,-0.10474052644612183,True,False
85,79,primary_d82bcfdaeedc,aligned_actual_source,aligned_donor_source,mlp_up_gate_all_blocks_stage4_w6,mlp_up_gate_all_blocks_stage15_w6,0.01059591510032477,False,True
85,79,primary_da06c09aa41a,aligned_actual_source,aligned_donor_source,adaln_conditioning_all_blocks_stage15_w6,adaln_conditioning_all_blocks_stage10_w6,9.454350353621521e-05,False,True
85,80,primary_494f26df6416,aligned_actual_source,aligned_donor_source,attention_output_all_blocks_stage15_w4,attention_output_all_blocks_stage10_w4,-0.06229697700973702,True,False
85,80,primary_d0adb13a6bdf,aligned_actual_source,aligned_donor_source,mlp_up_gate_all_blocks_stage4_w4,mlp_up_gate_all_blocks_stage10_w4,-0.21090993912025624,True,False
85,80,primary_d82bcfdaeedc,aligned_actual_source,aligned_donor_source,mlp_up_gate_all_blocks_stage4_w6,mlp_up_gate_all_blocks_stage10_w6,-0.00649941668456222,True,False
85,81,primary_494f26df6416,aligned_actual_source,aligned_donor_source,attention_output_all_blocks_stage15_w4,attention_output_all_blocks_stage10_w4,-0.007335493228424694,True,False
85,81,primary_d0adb13a6bdf,aligned_actual_source,aligned_donor_source,mlp_up_gate_all_blocks_stage4_w4,mlp_up_gate_all_blocks_stage10_w4,-0.15496773171130587,True,False
85,81,primary_ec9365fcc9ef,aligned_actual_source,aligned_donor_source,adaln_conditioning_all_blocks_stage15_w4,adaln_conditioning_all_blocks_stage10_w4,0.044311560516973686,False,True
85,82,primary_d0adb13a6bdf,aligned_actual_source,aligned_donor_source,mlp_up_gate_all_blocks_stage4_w4,mlp_up_gate_all_blocks_stage10_w4,186.50799487293583,False,True
85,82,primary_da06c09aa41a,aligned_actual_source,aligned_donor_source,adaln_conditioning_all_blocks_stage15_w6,adaln_conditioning_all_blocks_stage10_w6,-0.001292604890295479,True,False
131,79,primary_494f26df6416,aligned_actual_source,aligned_donor_source,attention_output_all_blocks_stage4_w4,attention_output_all_blocks_stage15_w4,0.32297097839028766,False,True
131,79,primary_52112c337d08,aligned_actual_source,aligned_donor_source,attention_output_all_blocks_stage4_w6,attention_output_all_blocks_stage15_w6,0.009563111837451286,False,True
131,79,primary_d82bcfdaeedc,aligned_actual_source,aligned_donor_source,mlp_up_gate_all_blocks_stage4_w6,mlp_up_gate_all_blocks_stage15_w6,0.03810912699282198,False,True
131,80,primary_494f26df6416,aligned_actual_source,aligned_donor_source,attention_output_all_blocks_stage15_w4,attention_output_all_blocks_stage10_w4,0.16089950683233667,False,True
131,80,primary_d0adb13a6bdf,aligned_actual_source,aligned_donor_source,mlp_up_gate_all_blocks_stage4_w4,mlp_up_gate_all_blocks_stage10_w4,-0.19358531966406647,True,False
131,80,primary_ec9365fcc9ef,aligned_actual_source,aligned_donor_source,adaln_conditioning_all_blocks_stage15_w4,adaln_conditioning_all_blocks_stage10_w4,0.03365127105992727,False,True
131,81,primary_494f26df6416,aligned_actual_source,aligned_donor_source,attention_output_all_blocks_stage4_w4,attention_output_all_blocks_stage10_w4,-0.36774391488779656,True,False
131,81,primary_52112c337d08,aligned_actual_source,aligned_donor_source,attention_output_all_blocks_stage15_w6,attention_output_all_blocks_stage10_w6,0.021415451301947996,False,True
131,81,primary_d0adb13a6bdf,aligned_actual_source,aligned_donor_source,mlp_up_gate_all_blocks_stage4_w4,mlp_up_gate_all_blocks_stage10_w4,0.07292947046693149,False,True
131,81,primary_d82bcfdaeedc,aligned_actual_source,aligned_donor_source,mlp_up_gate_all_blocks_stage4_w6,mlp_up_gate_all_blocks_stage10_w6,-0.0016737358295131274,True,False
131,81,primary_ec9365fcc9ef,aligned_actual_source,aligned_donor_source,adaln_conditioning_all_blocks_stage15_w4,adaln_conditioning_all_blocks_stage10_w4,-1.271972005814007,True,False
131,82,primary_d0adb13a6bdf,aligned_actual_source,aligned_donor_source,mlp_up_gate_all_blocks_stage4_w4,mlp_up_gate_all_blocks_stage15_w4,0.16109304053911427,False,True
131,82,primary_da06c09aa41a,aligned_actual_source,aligned_donor_source,adaln_conditioning_all_blocks_stage15_w6,adaln_conditioning_all_blocks_stage10_w6,0.02137730303678609,False,True
131,82,primary_ec9365fcc9ef,aligned_actual_source,aligned_donor_source,adaln_conditioning_all_blocks_stage15_w4,adaln_conditioning_all_blocks_stage10_w4,-0.021314206520173698,True,False
224,79,primary_494f26df6416,aligned_actual_source,aligned_donor_source,attention_output_all_blocks_stage4_w4,attention_output_all_blocks_stage10_w4,0.0867687392677573,False,True
224,79,primary_d0adb13a6bdf,aligned_actual_source,aligned_donor_source,mlp_up_gate_all_blocks_stage4_w4,mlp_up_gate_all_blocks_stage10_w4,1.2005866811177728,False,True
224,79,primary_d82bcfdaeedc,aligned_actual_source,aligned_donor_source,mlp_up_gate_all_blocks_stage4_w6,mlp_up_gate_all_blocks_stage15_w6,-0.0009179913199091026,True,False
224,79,primary_da06c09aa41a,aligned_actual_source,aligned_donor_source,adaln_conditioning_all_blocks_stage15_w6,adaln_conditioning_all_blocks_stage10_w6,0.009195865268566188,False,True
224,80,primary_494f26df6416,aligned_actual_source,aligned_donor_source,attention_output_all_blocks_stage15_w4,attention_output_all_blocks_stage10_w4,-0.03350821545501505,True,False
224,80,primary_52112c337d08,aligned_actual_source,aligned_donor_source,attention_output_all_blocks_stage15_w6,attention_output_all_blocks_stage10_w6,-0.01099431918065363,True,False
224,80,primary_d0adb13a6bdf,aligned_actual_source,aligned_donor_source,mlp_up_gate_all_blocks_stage4_w4,mlp_up_gate_all_blocks_stage10_w4,-1.1092268536692134,True,False
224,80,primary_d82bcfdaeedc,aligned_actual_source,aligned_donor_source,mlp_up_gate_all_blocks_stage15_w6,mlp_up_gate_all_blocks_stage10_w6,0.0037790339372918424,False,True
224,80,primary_ec9365fcc9ef,aligned_actual_source,aligned_donor_source,adaln_conditioning_all_blocks_stage15_w4,adaln_conditioning_all_blocks_stage10_w4,-0.2828893840886196,True,False
224,81,primary_494f26df6416,aligned_actual_source,aligned_donor_source,attention_output_all_blocks_stage4_w4,attention_output_all_blocks_stage15_w4,-0.07375104210977668,True,False
224,81,primary_52112c337d08,aligned_actual_source,aligned_donor_source,attention_output_all_blocks_stage4_w6,attention_output_all_blocks_stage15_w6,0.0019054242641374222,False,True
224,81,primary_d82bcfdaeedc,aligned_actual_source,aligned_donor_source,mlp_up_gate_all_blocks_stage4_w6,mlp_up_gate_all_blocks_stage15_w6,0.0070849271178445895,False,True
224,81,primary_da06c09aa41a,aligned_actual_source,aligned_donor_source,adaln_conditioning_all_blocks_stage15_w6,adaln_conditioning_all_blocks_stage10_w6,0.008592939597519946,False,True
224,82,primary_da06c09aa41a,aligned_actual_source,aligned_donor_source,adaln_conditioning_all_blocks_stage15_w6,adaln_conditioning_all_blocks_stage10_w6,0.015170154264922072,False,True
301,79,primary_494f26df6416,aligned_actual_source,aligned_donor_source,attention_output_all_blocks_stage4_w4,attention_output_all_blocks_stage15_w4,1.4823460099755685,False,True
301,79,primary_52112c337d08,aligned_actual_source,aligned_donor_source,attention_output_all_blocks_stage4_w6,attention_output_all_blocks_stage15_w6,0.083511730195994,False,True
301,79,primary_903cdd7eae0a,aligned_actual_source,aligned_donor_source,attention_output_all_blocks_stage15_w8,attention_output_all_blocks_stage10_w8,-0.0026810546436877307,True,False
301,79,primary_d0adb13a6bdf,aligned_actual_source,aligned_donor_source,mlp_up_gate_all_blocks_stage4_w4,mlp_up_gate_all_blocks_stage15_w4,1.4648727671117714,False,True
301,79,primary_d82bcfdaeedc,aligned_actual_source,aligned_donor_source,mlp_up_gate_all_blocks_stage15_w6,mlp_up_gate_all_blocks_stage10_w6,-0.0033185415244929573,True,False
301,79,primary_da06c09aa41a,aligned_actual_source,aligned_donor_source,adaln_conditioning_all_blocks_stage15_w6,adaln_conditioning_all_blocks_stage10_w6,0.01118871860404623,False,True
301,80,primary_494f26df6416,aligned_actual_source,aligned_donor_source,attention_output_all_blocks_stage15_w4,attention_output_all_blocks_stage10_w4,0.0925186625489829,False,True
301,80,primary_52112c337d08,aligned_actual_source,aligned_donor_source,attention_output_all_blocks_stage15_w6,attention_output_all_blocks_stage10_w6,0.00032878512934076017,False,True
301,80,primary_d0adb13a6bdf,aligned_actual_source,aligned_donor_source,mlp_up_gate_all_blocks_stage4_w4,mlp_up_gate_all_blocks_stage10_w4,-0.3931546142625848,True,False
301,80,primary_ec9365fcc9ef,aligned_actual_source,aligned_donor_source,adaln_conditioning_all_blocks_stage15_w4,adaln_conditioning_all_blocks_stage10_w4,0.14286733580762245,False,True
301,81,primary_494f26df6416,aligned_actual_source,aligned_donor_source,attention_output_all_blocks_stage4_w4,attention_output_all_blocks_stage10_w4,-3.292729681880478,True,False
301,81,primary_52112c337d08,aligned_actual_source,aligned_donor_source,attention_output_all_blocks_stage4_w6,attention_output_all_blocks_stage15_w6,0.7670506094364526,False,True
301,81,primary_d0adb13a6bdf,aligned_actual_source,aligned_donor_source,mlp_up_gate_all_blocks_stage4_w4,mlp_up_gate_all_blocks_stage15_w4,18.830651450175523,False,True
301,81,primary_d82bcfdaeedc,aligned_actual_source,aligned_donor_source,mlp_up_gate_all_blocks_stage4_w6,mlp_up_gate_all_blocks_stage10_w6,1.5014645848875112,False,True
301,82,primary_da06c09aa41a,aligned_actual_source,aligned_donor_source,adaln_conditioning_all_blocks_stage15_w6,adaln_conditioning_all_blocks_stage10_w6,-0.015654077588706627,True,False
345,79,primary_494f26df6416,aligned_actual_source,aligned_donor_source,attention_output_all_blocks_stage4_w4,attention_output_all_blocks_stage15_w4,0.03684068087152076,False,True
345,79,primary_52112c337d08,aligned_actual_source,aligned_donor_source,attention_output_all_blocks_stage4_w6,attention_output_all_blocks_stage10_w6,0.002461113543517971,False,True
345,79,primary_d0adb13a6bdf,aligned_actual_source,aligned_donor_source,mlp_up_gate_all_blocks_stage4_w4,mlp_up_gate_all_blocks_stage10_w4,-0.6933836013242145,True,False
345,79,primary_d82bcfdaeedc,aligned_actual_source,aligned_donor_source,mlp_up_gate_all_blocks_stage4_w6,mlp_up_gate_all_blocks_stage10_w6,-0.04676654494966215,True,False
345,79,primary_ec9365fcc9ef,aligned_actual_source,aligned_donor_source,adaln_conditioning_all_blocks_stage15_w4,adaln_conditioning_all_blocks_stage10_w4,0.00937094820896786,False,True
345,80,primary_494f26df6416,aligned_actual_source,aligned_donor_source,attention_output_all_blocks_stage15_w4,attention_output_all_blocks_stage10_w4,0.10541340067578629,False,True
345,80,primary_d0adb13a6bdf,aligned_actual_source,aligned_donor_source,mlp_up_gate_all_blocks_stage4_w4,mlp_up_gate_all_blocks_stage10_w4,0.15853379840893567,False,True
345,80,primary_ec9365fcc9ef,aligned_actual_source,aligned_donor_source,adaln_conditioning_all_blocks_stage15_w4,adaln_conditioning_all_blocks_stage10_w4,-0.13981227461056278,True,False
345,81,primary_494f26df6416,aligned_actual_source,aligned_donor_source,attention_output_all_blocks_stage4_w4,attention_output_all_blocks_stage10_w4,-0.058027758842687405,True,False
345,81,primary_d0adb13a6bdf,aligned_actual_source,aligned_donor_source,mlp_up_gate_all_blocks_stage4_w4,mlp_up_gate_all_blocks_stage10_w4,-0.028541902618542336,True,False
345,81,primary_d82bcfdaeedc,aligned_actual_source,aligned_donor_source,mlp_up_gate_all_blocks_stage15_w6,mlp_up_gate_all_blocks_stage10_w6,-0.08985908617103176,True,False
345,82,primary_494f26df6416,aligned_actual_source,aligned_donor_source,attention_output_all_blocks_stage4_w4,attention_output_all_blocks_stage15_w4,0.10946995368067292,False,True
345,82,primary_d0adb13a6bdf,aligned_actual_source,aligned_donor_source,mlp_up_gate_all_blocks_stage4_w4,mlp_up_gate_all_blocks_stage15_w4,0.07495892892711353,False,True
345,82,primary_da06c09aa41a,aligned_actual_source,aligned_donor_source,adaln_conditioning_all_blocks_stage15_w6,adaln_conditioning_all_blocks_stage10_w6,-0.02688838551387107,True,False
384,79,primary_494f26df6416,aligned_actual_source,aligned_donor_source,attention_output_all_blocks_stage4_w4,attention_output_all_blocks_stage15_w4,-0.13627560553493367,True,False
384,79,primary_d0adb13a6bdf,aligned_actual_source,aligned_donor_source,mlp_up_gate_all_blocks_stage4_w4,mlp_up_gate_all_blocks_stage15_w4,0.007693294577766463,False,True
384,79,primary_d82bcfdaeedc,aligned_actual_source,aligned_donor_source,mlp_up_gate_all_blocks_stage4_w6,mlp_up_gate_all_blocks_stage15_w6,-0.016299836045561733,True,False
384,79,primary_da06c09aa41a,aligned_actual_source,aligned_donor_source,adaln_conditioning_all_blocks_stage15_w6,adaln_conditioning_all_blocks_stage10_w6,0.019368207543383417,False,True
384,80,primary_494f26df6416,aligned_actual_source,aligned_donor_source,attention_output_all_blocks_stage15_w4,attention_output_all_blocks_stage10_w4,-0.1420552907988686,True,False
384,80,primary_d0adb13a6bdf,aligned_actual_source,aligned_donor_source,mlp_up_gate_all_blocks_stage4_w4,mlp_up_gate_all_blocks_stage10_w4,-0.241036468966076,True,False
384,80,primary_da06c09aa41a,aligned_actual_source,aligned_donor_source,adaln_conditioning_all_blocks_stage15_w6,adaln_conditioning_all_blocks_stage10_w6,0.0023136638123268938,False,True
384,80,primary_ec9365fcc9ef,aligned_actual_source,aligned_donor_source,adaln_conditioning_all_blocks_stage15_w4,adaln_conditioning_all_blocks_stage10_w4,-0.22167957299186364,True,False
384,81,primary_494f26df6416,aligned_actual_source,aligned_donor_source,attention_output_all_blocks_stage4_w4,attention_output_all_blocks_stage10_w4,-0.056961037126768574,True,False
384,81,primary_d0adb13a6bdf,aligned_actual_source,aligned_donor_source,mlp_up_gate_all_blocks_stage4_w4,mlp_up_gate_all_blocks_stage10_w4,-0.24173054534799113,True,False
384,81,primary_da06c09aa41a,aligned_actual_source,aligned_donor_source,adaln_conditioning_all_blocks_stage15_w6,adaln_conditioning_all_blocks_stage10_w6,-0.019893606942730464,True,False
384,81,primary_ec9365fcc9ef,aligned_actual_source,aligned_donor_source,adaln_conditioning_all_blocks_stage15_w4,adaln_conditioning_all_blocks_stage10_w4,0.0002678671211242545,False,True
384,82,primary_494f26df6416,aligned_actual_source,aligned_donor_source,attention_output_all_blocks_stage4_w4,attention_output_all_blocks_stage15_w4,-0.013095102885529286,True,False
384,82,primary_da06c09aa41a,aligned_actual_source,aligned_donor_source,adaln_conditioning_all_blocks_stage15_w6,adaln_conditioning_all_blocks_stage10_w6,-0.0147287028679699,True,False
462,79,primary_494f26df6416,aligned_actual_source,aligned_donor_source,attention_output_all_blocks_stage4_w4,attention_output_all_blocks_stage10_w4,-0.993742967071441,True,False
462,79,primary_52112c337d08,aligned_actual_source,aligned_donor_source,attention_output_all_blocks_stage15_w6,attention_output_all_blocks_stage10_w6,-0.05191719594045807,True,False
462,79,primary_d0adb13a6bdf,aligned_actual_source,aligned_donor_source,mlp_up_gate_all_blocks_stage4_w4,mlp_up_gate_all_blocks_stage10_w4,-4.0772748345916625,True,False
462,79,primary_d82bcfdaeedc,aligned_actual_source,aligned_donor_source,mlp_up_gate_all_blocks_stage15_w6,mlp_up_gate_all_blocks_stage10_w6,-0.09566110977920061,True,False
462,80,primary_494f26df6416,aligned_actual_source,aligned_donor_source,attention_output_all_blocks_stage15_w4,attention_output_all_blocks_stage10_w4,-0.06525414972896822,True,False
462,80,primary_d0adb13a6bdf,aligned_actual_source,aligned_donor_source,mlp_up_gate_all_blocks_stage4_w4,mlp_up_gate_all_blocks_stage10_w4,-0.5746428556398512,True,False
462,80,primary_da06c09aa41a,aligned_actual_source,aligned_donor_source,adaln_conditioning_all_blocks_stage15_w6,adaln_conditioning_all_blocks_stage10_w6,0.020424106418591492,False,True
462,80,primary_ec9365fcc9ef,aligned_actual_source,aligned_donor_source,adaln_conditioning_all_blocks_stage15_w4,adaln_conditioning_all_blocks_stage10_w4,-0.2748161109549834,True,False
462,81,primary_d0adb13a6bdf,aligned_actual_source,aligned_donor_source,mlp_up_gate_all_blocks_stage4_w4,mlp_up_gate_all_blocks_stage15_w4,10.17053088827426,False,True
462,81,primary_da06c09aa41a,aligned_actual_source,aligned_donor_source,adaln_conditioning_all_blocks_stage15_w6,adaln_conditioning_all_blocks_stage10_w6,-0.0383808951960418,True,False
462,82,primary_494f26df6416,aligned_actual_source,aligned_donor_source,attention_output_all_blocks_stage4_w4,attention_output_all_blocks_stage10_w4,0.24383871817367725,False,True
462,82,primary_d0adb13a6bdf,aligned_actual_source,aligned_donor_source,mlp_up_gate_all_blocks_stage4_w4,mlp_up_gate_all_blocks_stage10_w4,-1.741884112331704,True,False
462,82,primary_d82bcfdaeedc,aligned_actual_source,aligned_donor_source,mlp_up_gate_all_blocks_stage15_w6,mlp_up_gate_all_blocks_stage10_w6,0.0036714817829448486,False,True
462,82,primary_ec9365fcc9ef,aligned_actual_source,aligned_donor_source,adaln_conditioning_all_blocks_stage15_w4,adaln_conditioning_all_blocks_stage10_w4,-0.0861178375455296,True,False
511,79,primary_494f26df6416,aligned_actual_source,aligned_donor_source,attention_output_all_blocks_stage15_w4,attention_output_all_blocks_stage10_w4,-1.1411625981895526,True,False
511,79,primary_d0adb13a6bdf,aligned_actual_source,aligned_donor_source,mlp_up_gate_all_blocks_stage4_w4,mlp_up_gate_all_blocks_stage15_w4,0.040187047179230606,False,True
511,79,primary_d82bcfdaeedc,aligned_actual_source,aligned_donor_source,mlp_up_gate_all_blocks_stage4_w6,mlp_up_gate_all_blocks_stage10_w6,0.5041900910678123,False,True
511,80,primary_494f26df6416,aligned_actual_source,aligned_donor_source,attention_output_all_blocks_stage4_w4,attention_output_all_blocks_stage10_w4,-8.057706158493886,True,False
511,80,primary_52112c337d08,aligned_actual_source,aligned_donor_source,attention_output_all_blocks_stage4_w6,attention_output_all_blocks_stage10_w6,0.004771489178821751,False,True
511,80,primary_d82bcfdaeedc,aligned_actual_source,aligned_donor_source,mlp_up_gate_all_blocks_stage4_w6,mlp_up_gate_all_blocks_stage10_w6,-0.1335459190644883,True,False
511,80,primary_da06c09aa41a,aligned_actual_source,aligned_donor_source,adaln_conditioning_all_blocks_stage15_w6,adaln_conditioning_all_blocks_stage10_w6,-0.039295116869947584,True,False
511,80,primary_ec9365fcc9ef,aligned_actual_source,aligned_donor_source,adaln_conditioning_all_blocks_stage15_w4,adaln_conditioning_all_blocks_stage10_w4,-0.12373073463548678,True,False
511,81,primary_da06c09aa41a,aligned_actual_source,aligned_donor_source,adaln_conditioning_all_blocks_stage15_w6,adaln_conditioning_all_blocks_stage10_w6,0.009967887358186538,False,True
511,82,primary_494f26df6416,aligned_actual_source,aligned_donor_source,attention_output_all_blocks_stage15_w4,attention_output_all_blocks_stage10_w4,-0.6802646523299849,True,False
511,82,primary_d0adb13a6bdf,aligned_actual_source,aligned_donor_source,mlp_up_gate_all_blocks_stage4_w4,mlp_up_gate_all_blocks_stage15_w4,-0.12113888272953943,True,False
511,82,primary_d82bcfdaeedc,aligned_actual_source,aligned_donor_source,mlp_up_gate_all_blocks_stage15_w6,mlp_up_gate_all_blocks_stage10_w6,0.010608118838195672,False,True
511,82,primary_da06c09aa41a,aligned_actual_source,aligned_donor_source,adaln_conditioning_all_blocks_stage15_w6,adaln_conditioning_all_blocks_stage10_w6,-0.021289230814375074,True,False
568,79,primary_494f26df6416,aligned_actual_source,aligned_donor_source,attention_output_all_blocks_stage15_w4,attention_output_all_blocks_stage10_w4,0.04422554220724351,False,True
568,79,primary_d0adb13a6bdf,aligned_actual_source,aligned_donor_source,mlp_up_gate_all_blocks_stage4_w4,mlp_up_gate_all_blocks_stage15_w4,0.02517840627821505,False,True
568,79,primary_ec9365fcc9ef,aligned_actual_source,aligned_donor_source,adaln_conditioning_all_blocks_stage15_w4,adaln_conditioning_all_blocks_stage10_w4,0.012678529639970307,False,True
568,80,primary_494f26df6416,aligned_actual_source,aligned_donor_source,attention_output_all_blocks_stage15_w4,attention_output_all_blocks_stage10_w4,-0.47294418894695045,True,False
568,80,primary_d0adb13a6bdf,aligned_actual_source,aligned_donor_source,mlp_up_gate_all_blocks_stage4_w4,mlp_up_gate_all_blocks_stage10_w4,-0.7836160399450414,True,False
568,80,primary_ec9365fcc9ef,aligned_actual_source,aligned_donor_source,adaln_conditioning_all_blocks_stage15_w4,adaln_conditioning_all_blocks_stage10_w4,-0.42535885975394194,True,False
568,81,primary_494f26df6416,aligned_actual_source,aligned_donor_source,attention_output_all_blocks_stage15_w4,attention_output_all_blocks_stage10_w4,-0.23622342956520012,True,False
568,81,primary_52112c337d08,aligned_actual_source,aligned_donor_source,attention_output_all_blocks_stage15_w6,attention_output_all_blocks_stage10_w6,0.003518669223296911,False,True
568,81,primary_d0adb13a6bdf,aligned_actual_source,aligned_donor_source,mlp_up_gate_all_blocks_stage4_w4,mlp_up_gate_all_blocks_stage10_w4,-0.9997600731372209,True,False
568,81,primary_d82bcfdaeedc,aligned_actual_source,aligned_donor_source,mlp_up_gate_all_blocks_stage4_w6,mlp_up_gate_all_blocks_stage10_w6,-0.0179760120145147,True,False
568,82,primary_d0adb13a6bdf,aligned_actual_source,aligned_donor_source,mlp_up_gate_all_blocks_stage4_w4,mlp_up_gate_all_blocks_stage15_w4,3.020981883014599,False,True
568,82,primary_da06c09aa41a,aligned_actual_source,aligned_donor_source,adaln_conditioning_all_blocks_stage15_w6,adaln_conditioning_all_blocks_stage10_w6,-0.2536107929746975,True,False
679,79,primary_494f26df6416,aligned_actual_source,aligned_donor_source,attention_output_all_blocks_stage4_w4,attention_output_all_blocks_stage10_w4,2.1769387703696497,False,True
679,79,primary_d0adb13a6bdf,aligned_actual_source,aligned_donor_source,mlp_up_gate_all_blocks_stage4_w4,mlp_up_gate_all_blocks_stage15_w4,8.76392101464029,False,True
679,79,primary_d82bcfdaeedc,aligned_actual_source,aligned_donor_source,mlp_up_gate_all_blocks_stage4_w6,mlp_up_gate_all_blocks_stage15_w6,2.2640375049313524,False,True
679,79,primary_ec9365fcc9ef,aligned_actual_source,aligned_donor_source,adaln_conditioning_all_blocks_stage15_w4,adaln_conditioning_all_blocks_stage10_w4,-1.2200067133134667,True,False
679,80,primary_52112c337d08,aligned_actual_source,aligned_donor_source,attention_output_all_blocks_stage15_w6,attention_output_all_blocks_stage10_w6,0.015575487951593914,False,True
679,80,primary_d0adb13a6bdf,aligned_actual_source,aligned_donor_source,mlp_up_gate_all_blocks_stage4_w4,mlp_up_gate_all_blocks_stage10_w4,-4.42736541266379,True,False
679,80,primary_d82bcfdaeedc,aligned_actual_source,aligned_donor_source,mlp_up_gate_all_blocks_stage15_w6,mlp_up_gate_all_blocks_stage10_w6,0.00882387130360484,False,True
679,80,primary_ec9365fcc9ef,aligned_actual_source,aligned_donor_source,adaln_conditioning_all_blocks_stage15_w4,adaln_conditioning_all_blocks_stage10_w4,-1.5648060785726443,True,False
679,81,primary_494f26df6416,aligned_actual_source,aligned_donor_source,attention_output_all_blocks_stage4_w4,attention_output_all_blocks_stage10_w4,-0.5586441986993123,True,False
679,81,primary_d0adb13a6bdf,aligned_actual_source,aligned_donor_source,mlp_up_gate_all_blocks_stage4_w4,mlp_up_gate_all_blocks_stage15_w4,0.08072546813804138,False,True
679,81,primary_d82bcfdaeedc,aligned_actual_source,aligned_donor_source,mlp_up_gate_all_blocks_stage4_w6,mlp_up_gate_all_blocks_stage15_w6,0.07328541702690929,False,True
679,82,primary_d0adb13a6bdf,aligned_actual_source,aligned_donor_source,mlp_up_gate_all_blocks_stage4_w4,mlp_up_gate_all_blocks_stage15_w4,2.471302335264795,False,True
679,82,primary_da06c09aa41a,aligned_actual_source,aligned_donor_source,adaln_conditioning_all_blocks_stage15_w6,adaln_conditioning_all_blocks_stage10_w6,0.010771916954148246,False,True
712,79,primary_494f26df6416,aligned_actual_source,aligned_donor_source,attention_output_all_blocks_stage4_w4,attention_output_all_blocks_stage10_w4,-0.2941447791058067,True,False
712,79,primary_52112c337d08,aligned_actual_source,aligned_donor_source,attention_output_all_blocks_stage4_w6,attention_output_all_blocks_stage10_w6,-0.025890274469318797,True,False
712,79,primary_903cdd7eae0a,aligned_actual_source,aligned_donor_source,attention_output_all_blocks_stage15_w8,attention_output_all_blocks_stage10_w8,-0.005539363119396512,True,False
712,79,primary_d0adb13a6bdf,aligned_actual_source,aligned_donor_source,mlp_up_gate_all_blocks_stage4_w4,mlp_up_gate_all_blocks_stage15_w4,1.833407624976573,False,True
712,79,primary_d82bcfdaeedc,aligned_actual_source,aligned_donor_source,mlp_up_gate_all_blocks_stage4_w6,mlp_up_gate_all_blocks_stage10_w6,-0.013188162161384298,True,False
712,80,primary_494f26df6416,aligned_actual_source,aligned_donor_source,attention_output_all_blocks_stage15_w4,attention_output_all_blocks_stage10_w4,-0.2505923237035432,True,False
712,80,primary_d0adb13a6bdf,aligned_actual_source,aligned_donor_source,mlp_up_gate_all_blocks_stage4_w4,mlp_up_gate_all_blocks_stage10_w4,-0.867689792895252,True,False
712,81,primary_494f26df6416,aligned_actual_source,aligned_donor_source,attention_output_all_blocks_stage4_w4,attention_output_all_blocks_stage10_w4,-0.21047359110872318,True,False
712,81,primary_d0adb13a6bdf,aligned_actual_source,aligned_donor_source,mlp_up_gate_all_blocks_stage4_w4,mlp_up_gate_all_blocks_stage10_w4,-0.46280638955938963,True,False
712,81,primary_d82bcfdaeedc,aligned_actual_source,aligned_donor_source,mlp_up_gate_all_blocks_stage4_w6,mlp_up_gate_all_blocks_stage10_w6,0.01857574674164654,False,True
712,81,primary_da06c09aa41a,aligned_actual_source,aligned_donor_source,adaln_conditioning_all_blocks_stage15_w6,adaln_conditioning_all_blocks_stage10_w6,-0.03819792654669743,True,False
712,82,primary_d0adb13a6bdf,aligned_actual_source,aligned_donor_source,mlp_up_gate_all_blocks_stage4_w4,mlp_up_gate_all_blocks_stage15_w4,1.0981034045078104,False,True
712,82,primary_da06c09aa41a,aligned_actual_source,aligned_donor_source,adaln_conditioning_all_blocks_stage15_w6,adaln_conditioning_all_blocks_stage10_w6,-0.034931508804675104,True,False
780,79,primary_494f26df6416,aligned_actual_source,aligned_donor_source,attention_output_all_blocks_stage4_w4,attention_output_all_blocks_stage15_w4,-0.12454283687469567,True,False
780,79,primary_52112c337d08,aligned_actual_source,aligned_donor_source,attention_output_all_blocks_stage4_w6,attention_output_all_blocks_stage15_w6,0.005148890038924492,False,True
780,79,primary_d82bcfdaeedc,aligned_actual_source,aligned_donor_source,mlp_up_gate_all_blocks_stage4_w6,mlp_up_gate_all_blocks_stage10_w6,-0.038030535047028025,True,False
780,79,primary_da06c09aa41a,aligned_actual_source,aligned_donor_source,adaln_conditioning_all_blocks_stage15_w6,adaln_conditioning_all_blocks_stage10_w6,-0.08523167791435068,True,False
780,80,primary_494f26df6416,aligned_actual_source,aligned_donor_source,attention_output_all_blocks_stage15_w4,attention_output_all_blocks_stage10_w4,0.8441270679809918,False,True
780,80,primary_d0adb13a6bdf,aligned_actual_source,aligned_donor_source,mlp_up_gate_all_blocks_stage4_w4,mlp_up_gate_all_blocks_stage10_w4,-1.3083086263173416,True,False
780,80,primary_d82bcfdaeedc,aligned_actual_source,aligned_donor_source,mlp_up_gate_all_blocks_stage15_w6,mlp_up_gate_all_blocks_stage10_w6,-0.019789610084867362,True,False
780,81,primary_d0adb13a6bdf,aligned_actual_source,aligned_donor_source,mlp_up_gate_all_blocks_stage4_w4,mlp_up_gate_all_blocks_stage15_w4,0.2152608096987479,False,True
780,81,primary_da06c09aa41a,aligned_actual_source,aligned_donor_source,adaln_conditioning_all_blocks_stage15_w6,adaln_conditioning_all_blocks_stage10_w6,-0.16493956672934473,True,False
780,82,primary_494f26df6416,aligned_actual_source,aligned_donor_source,attention_output_all_blocks_stage4_w4,attention_output_all_blocks_stage15_w4,-0.06652160997214196,True,False
780,82,primary_d0adb13a6bdf,aligned_actual_source,aligned_donor_source,mlp_up_gate_all_blocks_stage4_w4,mlp_up_gate_all_blocks_stage15_w4,-0.1999252157467595,True,False
780,82,primary_d82bcfdaeedc,aligned_actual_source,aligned_donor_source,mlp_up_gate_all_blocks_stage4_w6,mlp_up_gate_all_blocks_stage15_w6,-0.025474626505964437,True,False
780,82,primary_da06c09aa41a,aligned_actual_source,aligned_donor_source,adaln_conditioning_all_blocks_stage15_w6,adaln_conditioning_all_blocks_stage10_w6,0.026223767050197466,False,True
870,79,primary_494f26df6416,aligned_actual_source,aligned_donor_source,attention_output_all_blocks_stage4_w4,attention_output_all_blocks_stage10_w4,-0.11604011786278079,True,False
870,79,primary_52112c337d08,aligned_actual_source,aligned_donor_source,attention_output_all_blocks_stage15_w6,attention_output_all_blocks_stage10_w6,-0.07053994416071419,True,False
870,79,primary_d0adb13a6bdf,aligned_actual_source,aligned_donor_source,mlp_up_gate_all_blocks_stage4_w4,mlp_up_gate_all_blocks_stage10_w4,-14.72990208394424,True,False
870,79,primary_d82bcfdaeedc,aligned_actual_source,aligned_donor_source,mlp_up_gate_all_blocks_stage4_w6,mlp_up_gate_all_blocks_stage10_w6,-0.08850528468853726,True,False
870,79,primary_ec9365fcc9ef,aligned_actual_source,aligned_donor_source,adaln_conditioning_all_blocks_stage15_w4,adaln_conditioning_all_blocks_stage10_w4,0.45709897282490897,False,True
870,80,primary_494f26df6416,aligned_actual_source,aligned_donor_source,attention_output_all_blocks_stage15_w4,attention_output_all_blocks_stage10_w4,0.19428626960483086,False,True
870,80,primary_52112c337d08,aligned_actual_source,aligned_donor_source,attention_output_all_blocks_stage15_w6,attention_output_all_blocks_stage10_w6,0.012561961682237666,False,True
870,80,primary_d0adb13a6bdf,aligned_actual_source,aligned_donor_source,mlp_up_gate_all_blocks_stage4_w4,mlp_up_gate_all_blocks_stage10_w4,-0.20597667766629965,True,False
870,80,primary_d82bcfdaeedc,aligned_actual_source,aligned_donor_source,mlp_up_gate_all_blocks_stage15_w6,mlp_up_gate_all_blocks_stage10_w6,0.022863779235024136,False,True
870,80,primary_ec9365fcc9ef,aligned_actual_source,aligned_donor_source,adaln_conditioning_all_blocks_stage15_w4,adaln_conditioning_all_blocks_stage10_w4,0.04991294897925515,False,True
870,81,primary_494f26df6416,aligned_actual_source,aligned_donor_source,attention_output_all_blocks_stage4_w4,attention_output_all_blocks_stage10_w4,-1.4929283564243294,True,False
870,81,primary_52112c337d08,aligned_actual_source,aligned_donor_source,attention_output_all_blocks_stage15_w6,attention_output_all_blocks_stage10_w6,-0.0342413091252638,True,False
870,81,primary_d82bcfdaeedc,aligned_actual_source,aligned_donor_source,mlp_up_gate_all_blocks_stage4_w6,mlp_up_gate_all_blocks_stage10_w6,-0.06904132530980078,True,False
870,81,primary_da06c09aa41a,aligned_actual_source,aligned_donor_source,adaln_conditioning_all_blocks_stage15_w6,adaln_conditioning_all_blocks_stage10_w6,-0.09900345182813906,True,False
870,81,primary_ec9365fcc9ef,aligned_actual_source,aligned_donor_source,adaln_conditioning_all_blocks_stage15_w4,adaln_conditioning_all_blocks_stage10_w4,0.0315760132964442,False,True
870,82,primary_494f26df6416,aligned_actual_source,aligned_donor_source,attention_output_all_blocks_stage4_w4,attention_output_all_blocks_stage10_w4,-0.6281719520907246,True,False
870,82,primary_da06c09aa41a,aligned_actual_source,aligned_donor_source,adaln_conditioning_all_blocks_stage15_w6,adaln_conditioning_all_blocks_stage10_w6,-0.12513182774455345,True,False
888,79,primary_494f26df6416,aligned_actual_source,aligned_donor_source,attention_output_all_blocks_stage4_w4,attention_output_all_blocks_stage15_w4,1.0282385812698183,False,True
888,79,primary_52112c337d08,aligned_actual_source,aligned_donor_source,attention_output_all_blocks_stage4_w6,attention_output_all_blocks_stage15_w6,0.015618026738934532,False,True
888,79,primary_d82bcfdaeedc,aligned_actual_source,aligned_donor_source,mlp_up_gate_all_blocks_stage4_w6,mlp_up_gate_all_blocks_stage15_w6,0.22749623556438797,False,True
888,79,primary_da06c09aa41a,aligned_actual_source,aligned_donor_source,adaln_conditioning_all_blocks_stage15_w6,adaln_conditioning_all_blocks_stage10_w6,-0.0211866610397351,True,False
888,80,primary_52112c337d08,aligned_actual_source,aligned_donor_source,attention_output_all_blocks_stage15_w6,attention_output_all_blocks_stage10_w6,0.0010387141036396503,False,True
888,80,primary_d0adb13a6bdf,aligned_actual_source,aligned_donor_source,mlp_up_gate_all_blocks_stage4_w4,mlp_up_gate_all_blocks_stage15_w4,5.84322444321576,False,True
888,80,primary_ec9365fcc9ef,aligned_actual_source,aligned_donor_source,adaln_conditioning_all_blocks_stage15_w4,adaln_conditioning_all_blocks_stage10_w4,-0.33147933275779806,True,False
888,81,primary_52112c337d08,aligned_actual_source,aligned_donor_source,attention_output_all_blocks_stage4_w6,attention_output_all_blocks_stage10_w6,0.0026354612846830596,False,True
888,81,primary_d0adb13a6bdf,aligned_actual_source,aligned_donor_source,mlp_up_gate_all_blocks_stage4_w4,mlp_up_gate_all_blocks_stage10_w4,-1.9422763001969692,True,False
888,81,primary_d82bcfdaeedc,aligned_actual_source,aligned_donor_source,mlp_up_gate_all_blocks_stage15_w6,mlp_up_gate_all_blocks_stage10_w6,0.007262399752690383,False,True
888,82,primary_d0adb13a6bdf,aligned_actual_source,aligned_donor_source,mlp_up_gate_all_blocks_stage4_w4,mlp_up_gate_all_blocks_stage15_w4,22.446279263957294,False,True
888,82,primary_da06c09aa41a,aligned_actual_source,aligned_donor_source,adaln_conditioning_all_blocks_stage15_w6,adaln_conditioning_all_blocks_stage10_w6,-0.20710712799147754,True,False
975,79,primary_d0adb13a6bdf,aligned_actual_source,aligned_donor_source,mlp_up_gate_all_blocks_stage4_w4,mlp_up_gate_all_blocks_stage15_w4,18.411051776122804,False,True
975,80,primary_494f26df6416,aligned_actual_source,aligned_donor_source,attention_output_all_blocks_stage15_w4,attention_output_all_blocks_stage10_w4,-1.2579690284112528,True,False
975,80,primary_d0adb13a6bdf,aligned_actual_source,aligned_donor_source,mlp_up_gate_all_blocks_stage4_w4,mlp_up_gate_all_blocks_stage15_w4,2.4354234454364696,False,True
975,80,primary_ec9365fcc9ef,aligned_actual_source,aligned_donor_source,adaln_conditioning_all_blocks_stage15_w4,adaln_conditioning_all_blocks_stage10_w4,-0.032083201580974226,True,False
975,81,primary_d0adb13a6bdf,aligned_actual_source,aligned_donor_source,mlp_up_gate_all_blocks_stage4_w4,mlp_up_gate_all_blocks_stage15_w4,-0.17287296852737194,True,False
975,82,primary_d0adb13a6bdf,aligned_actual_source,aligned_donor_source,mlp_up_gate_all_blocks_stage4_w4,mlp_up_gate_all_blocks_stage15_w4,0.41061854899783157,False,True
975,82,primary_da06c09aa41a,aligned_actual_source,aligned_donor_source,adaln_conditioning_all_blocks_stage15_w6,adaln_conditioning_all_blocks_stage10_w6,0.02196624854974516,False,True
975,82,primary_ec9365fcc9ef,aligned_actual_source,aligned_donor_source,adaln_conditioning_all_blocks_stage15_w4,adaln_conditioning_all_blocks_stage10_w4,0.031453668239294075,False,True
19,79,primary_494f26df6416,aligned_donor_source,aligned_isotropic_source,attention_output_all_blocks_stage15_w4,attention_output_all_blocks_stage4_w4,0.045778057647737555,False,True
19,79,primary_d82bcfdaeedc,aligned_donor_source,aligned_isotropic_source,mlp_up_gate_all_blocks_stage15_w6,mlp_up_gate_all_blocks_stage4_w6,0.008799948805005894,False,True
19,79,primary_ec9365fcc9ef,aligned_donor_source,aligned_isotropic_source,adaln_conditioning_all_blocks_stage15_w4,adaln_conditioning_all_blocks_stage10_w4,-0.059451381035444256,True,False
19,80,primary_d0adb13a6bdf,aligned_donor_source,aligned_isotropic_source,mlp_up_gate_all_blocks_stage10_w4,mlp_up_gate_all_blocks_stage4_w4,6.578613025248031,False,True
19,81,primary_494f26df6416,aligned_donor_source,aligned_isotropic_source,attention_output_all_blocks_stage15_w4,attention_output_all_blocks_stage10_w4,-28.231724841328063,True,False
19,81,primary_d82bcfdaeedc,aligned_donor_source,aligned_isotropic_source,mlp_up_gate_all_blocks_stage15_w6,mlp_up_gate_all_blocks_stage4_w6,-0.03728428777958471,True,False
19,82,primary_494f26df6416,aligned_donor_source,aligned_isotropic_source,attention_output_all_blocks_stage15_w4,attention_output_all_blocks_stage10_w4,0.044210739244590486,False,True
19,82,primary_d0adb13a6bdf,aligned_donor_source,aligned_isotropic_source,mlp_up_gate_all_blocks_stage10_w4,mlp_up_gate_all_blocks_stage4_w4,0.7099660443965945,False,True
19,82,primary_ec9365fcc9ef,aligned_donor_source,aligned_isotropic_source,adaln_conditioning_all_blocks_stage15_w4,adaln_conditioning_all_blocks_stage10_w4,-0.44154421949067674,True,False
85,79,primary_494f26df6416,aligned_donor_source,aligned_isotropic_source,attention_output_all_blocks_stage15_w4,attention_output_all_blocks_stage10_w4,-0.7410843767835046,True,False
85,79,primary_d82bcfdaeedc,aligned_donor_source,aligned_isotropic_source,mlp_up_gate_all_blocks_stage15_w6,mlp_up_gate_all_blocks_stage4_w6,-0.01059591510032477,True,False
85,80,primary_52112c337d08,aligned_donor_source,aligned_isotropic_source,attention_output_all_blocks_stage15_w6,attention_output_all_blocks_stage10_w6,0.001107497693769945,False,True
85,80,primary_d0adb13a6bdf,aligned_donor_source,aligned_isotropic_source,mlp_up_gate_all_blocks_stage10_w4,mlp_up_gate_all_blocks_stage4_w4,0.21090993912025624,False,True
85,80,primary_ec9365fcc9ef,aligned_donor_source,aligned_isotropic_source,adaln_conditioning_all_blocks_stage15_w4,adaln_conditioning_all_blocks_stage10_w4,-0.017475333128857087,True,False
85,81,primary_52112c337d08,aligned_donor_source,aligned_isotropic_source,attention_output_all_blocks_stage15_w6,attention_output_all_blocks_stage10_w6,0.001963647758159933,False,True
85,81,primary_d0adb13a6bdf,aligned_donor_source,aligned_isotropic_source,mlp_up_gate_all_blocks_stage10_w4,mlp_up_gate_all_blocks_stage4_w4,0.15496773171130587,False,True
85,81,primary_d82bcfdaeedc,aligned_donor_source,aligned_isotropic_source,mlp_up_gate_all_blocks_stage15_w6,mlp_up_gate_all_blocks_stage10_w6,-0.044592272545799005,True,False
85,82,primary_494f26df6416,aligned_donor_source,aligned_isotropic_source,attention_output_all_blocks_stage15_w4,attention_output_all_blocks_stage10_w4,-0.002047073655319309,True,False
85,82,primary_d0adb13a6bdf,aligned_donor_source,aligned_isotropic_source,mlp_up_gate_all_blocks_stage10_w4,mlp_up_gate_all_blocks_stage4_w4,-186.50799487293583,True,False
85,82,primary_ec9365fcc9ef,aligned_donor_source,aligned_isotropic_source,adaln_conditioning_all_blocks_stage15_w4,adaln_conditioning_all_blocks_stage10_w4,-0.2327482352036973,True,False
131,79,primary_494f26df6416,aligned_donor_source,aligned_isotropic_source,attention_output_all_blocks_stage15_w4,attention_output_all_blocks_stage10_w4,-5.057572904338031,True,False
131,79,primary_52112c337d08,aligned_donor_source,aligned_isotropic_source,attention_output_all_blocks_stage15_w6,attention_output_all_blocks_stage10_w6,-1.1831261161614748,True,False
131,79,primary_d82bcfdaeedc,aligned_donor_source,aligned_isotropic_source,mlp_up_gate_all_blocks_stage15_w6,mlp_up_gate_all_blocks_stage4_w6,-0.03810912699282198,True,False
131,79,primary_ec9365fcc9ef,aligned_donor_source,aligned_isotropic_source,adaln_conditioning_all_blocks_stage15_w4,adaln_conditioning_all_blocks_stage10_w4,-0.15132964468807591,True,False
131,80,primary_52112c337d08,aligned_donor_source,aligned_isotropic_source,attention_output_all_blocks_stage15_w6,attention_output_all_blocks_stage10_w6,-0.005673815331636687,True,False
131,80,primary_d0adb13a6bdf,aligned_donor_source,aligned_isotropic_source,mlp_up_gate_all_blocks_stage10_w4,mlp_up_gate_all_blocks_stage4_w4,0.19358531966406647,False,True
131,80,primary_d82bcfdaeedc,aligned_donor_source,aligned_isotropic_source,mlp_up_gate_all_blocks_stage15_w6,mlp_up_gate_all_blocks_stage10_w6,-0.011386674960704115,True,False
131,82,primary_494f26df6416,aligned_donor_source,aligned_isotropic_source,attention_output_all_blocks_stage15_w4,attention_output_all_blocks_stage10_w4,-0.11749415959161164,True,False
131,82,primary_52112c337d08,aligned_donor_source,aligned_isotropic_source,attention_output_all_blocks_stage15_w6,attention_output_all_blocks_stage10_w6,-0.020875895282244983,True,False
131,82,primary_d0adb13a6bdf,aligned_donor_source,aligned_isotropic_source,mlp_up_gate_all_blocks_stage15_w4,mlp_up_gate_all_blocks_stage4_w4,-0.16109304053911427,True,False
131,82,primary_d82bcfdaeedc,aligned_donor_source,aligned_isotropic_source,mlp_up_gate_all_blocks_stage15_w6,mlp_up_gate_all_blocks_stage10_w6,-0.0037258106864470585,True,False
224,79,primary_52112c337d08,aligned_donor_source,aligned_isotropic_source,attention_output_all_blocks_stage15_w6,attention_output_all_blocks_stage10_w6,-0.04236687310213938,True,False
224,79,primary_d0adb13a6bdf,aligned_donor_source,aligned_isotropic_source,mlp_up_gate_all_blocks_stage10_w4,mlp_up_gate_all_blocks_stage4_w4,-1.2005866811177728,True,False
224,79,primary_d82bcfdaeedc,aligned_donor_source,aligned_isotropic_source,mlp_up_gate_all_blocks_stage15_w6,mlp_up_gate_all_blocks_stage4_w6,0.0009179913199091026,False,True
224,80,primary_d0adb13a6bdf,aligned_donor_source,aligned_isotropic_source,mlp_up_gate_all_blocks_stage10_w4,mlp_up_gate_all_blocks_stage4_w4,1.1092268536692134,False,True
224,81,primary_494f26df6416,aligned_donor_source,aligned_isotropic_source,attention_output_all_blocks_stage15_w4,attention_output_all_blocks_stage4_w4,0.07375104210977668,False,True
224,81,primary_52112c337d08,aligned_donor_source,aligned_isotropic_source,attention_output_all_blocks_stage15_w6,attention_output_all_blocks_stage10_w6,-0.007397512260070015,True,False
224,81,primary_d82bcfdaeedc,aligned_donor_source,aligned_isotropic_source,mlp_up_gate_all_blocks_stage15_w6,mlp_up_gate_all_blocks_stage4_w6,-0.0070849271178445895,True,False
224,82,primary_494f26df6416,aligned_donor_source,aligned_isotropic_source,attention_output_all_blocks_stage15_w4,attention_output_all_blocks_stage10_w4,-0.20253413711656168,True,False
224,82,primary_d0adb13a6bdf,aligned_donor_source,aligned_isotropic_source,mlp_up_gate_all_blocks_stage15_w4,mlp_up_gate_all_blocks_stage4_w4,-0.5371969369975176,True,False
224,82,primary_d82bcfdaeedc,aligned_donor_source,aligned_isotropic_source,mlp_up_gate_all_blocks_stage15_w6,mlp_up_gate_all_blocks_stage10_w6,0.0015996152149142535,False,True
224,82,primary_ec9365fcc9ef,aligned_donor_source,aligned_isotropic_source,adaln_conditioning_all_blocks_stage15_w4,adaln_conditioning_all_blocks_stage10_w4,-0.014121683954996918,True,False
301,79,primary_494f26df6416,aligned_donor_source,aligned_isotropic_source,attention_output_all_blocks_stage15_w4,attention_output_all_blocks_stage10_w4,-0.6674683655701016,True,False
301,79,primary_52112c337d08,aligned_donor_source,aligned_isotropic_source,attention_output_all_blocks_stage15_w6,attention_output_all_blocks_stage10_w6,-0.058422137261629814,True,False
301,79,primary_d0adb13a6bdf,aligned_donor_source,aligned_isotropic_source,mlp_up_gate_all_blocks_stage15_w4,mlp_up_gate_all_blocks_stage4_w4,-1.4648727671117714,True,False
301,80,primary_d0adb13a6bdf,aligned_donor_source,aligned_isotropic_source,mlp_up_gate_all_blocks_stage10_w4,mlp_up_gate_all_blocks_stage4_w4,0.3931546142625848,False,True
301,80,primary_d82bcfdaeedc,aligned_donor_source,aligned_isotropic_source,mlp_up_gate_all_blocks_stage15_w6,mlp_up_gate_all_blocks_stage10_w6,-0.013596047714926843,True,False
301,81,primary_52112c337d08,aligned_donor_source,aligned_isotropic_source,attention_output_all_blocks_stage15_w6,attention_output_all_blocks_stage10_w6,-0.9249663789766949,True,False
301,81,primary_d0adb13a6bdf,aligned_donor_source,aligned_isotropic_source,mlp_up_gate_all_blocks_stage15_w4,mlp_up_gate_all_blocks_stage4_w4,-18.830651450175523,True,False
301,81,primary_ec9365fcc9ef,aligned_donor_source,aligned_isotropic_source,adaln_conditioning_all_blocks_stage15_w4,adaln_conditioning_all_blocks_stage10_w4,-0.22741186811167674,True,False
301,82,primary_019d7c31a48b,aligned_donor_source,aligned_isotropic_source,mlp_up_gate_all_blocks_stage15_w8,mlp_up_gate_all_blocks_stage10_w8,-0.007363636860887368,True,False
301,82,primary_494f26df6416,aligned_donor_source,aligned_isotropic_source,attention_output_all_blocks_stage15_w4,attention_output_all_blocks_stage10_w4,-0.37377772702548395,True,False
301,82,primary_903cdd7eae0a,aligned_donor_source,aligned_isotropic_source,attention_output_all_blocks_stage15_w8,attention_output_all_blocks_stage10_w8,-0.0016995968305764109,True,False
301,82,primary_d0adb13a6bdf,aligned_donor_source,aligned_isotropic_source,mlp_up_gate_all_blocks_stage15_w4,mlp_up_gate_all_blocks_stage4_w4,-1.9668856402270265,True,False
301,82,primary_d82bcfdaeedc,aligned_donor_source,aligned_isotropic_source,mlp_up_gate_all_blocks_stage15_w6,mlp_up_gate_all_blocks_stage10_w6,-0.01654994519198283,True,False
301,82,primary_ec9365fcc9ef,aligned_donor_source,aligned_isotropic_source,adaln_conditioning_all_blocks_stage15_w4,adaln_conditioning_all_blocks_stage10_w4,-0.49103291907933055,True,False
345,79,primary_494f26df6416,aligned_donor_source,aligned_isotropic_source,attention_output_all_blocks_stage15_w4,attention_output_all_blocks_stage4_w4,-0.03684068087152076,True,False
345,79,primary_d0adb13a6bdf,aligned_donor_source,aligned_isotropic_source,mlp_up_gate_all_blocks_stage10_w4,mlp_up_gate_all_blocks_stage4_w4,0.6933836013242145,False,True
345,80,primary_52112c337d08,aligned_donor_source,aligned_isotropic_source,attention_output_all_blocks_stage15_w6,attention_output_all_blocks_stage10_w6,0.0014283079059040924,False,True
345,80,primary_d0adb13a6bdf,aligned_donor_source,aligned_isotropic_source,mlp_up_gate_all_blocks_stage10_w4,mlp_up_gate_all_blocks_stage4_w4,-0.15853379840893567,True,False
345,80,primary_d82bcfdaeedc,aligned_donor_source,aligned_isotropic_source,mlp_up_gate_all_blocks_stage15_w6,mlp_up_gate_all_blocks_stage10_w6,-0.12330298044267352,True,False
345,81,primary_52112c337d08,aligned_donor_source,aligned_isotropic_source,attention_output_all_blocks_stage15_w6,attention_output_all_blocks_stage10_w6,-0.03261959277459425,True,False
345,81,primary_d0adb13a6bdf,aligned_donor_source,aligned_isotropic_source,mlp_up_gate_all_blocks_stage10_w4,mlp_up_gate_all_blocks_stage4_w4,0.028541902618542336,False,True
345,81,primary_ec9365fcc9ef,aligned_donor_source,aligned_isotropic_source,adaln_conditioning_all_blocks_stage15_w4,adaln_conditioning_all_blocks_stage10_w4,-0.6568801623326975,True,False
345,82,primary_494f26df6416,aligned_donor_source,aligned_isotropic_source,attention_output_all_blocks_stage15_w4,attention_output_all_blocks_stage10_w4,-0.45124467590727585,True,False
345,82,primary_d0adb13a6bdf,aligned_donor_source,aligned_isotropic_source,mlp_up_gate_all_blocks_stage15_w4,mlp_up_gate_all_blocks_stage4_w4,-0.07495892892711353,True,False
345,82,primary_d82bcfdaeedc,aligned_donor_source,aligned_isotropic_source,mlp_up_gate_all_blocks_stage15_w6,mlp_up_gate_all_blocks_stage10_w6,-0.09733415494446261,True,False
345,82,primary_ec9365fcc9ef,aligned_donor_source,aligned_isotropic_source,adaln_conditioning_all_blocks_stage15_w4,adaln_conditioning_all_blocks_stage10_w4,-1.4745416125817314,True,False
384,79,primary_494f26df6416,aligned_donor_source,aligned_isotropic_source,attention_output_all_blocks_stage15_w4,attention_output_all_blocks_stage4_w4,0.13627560553493367,False,True
384,79,primary_d0adb13a6bdf,aligned_donor_source,aligned_isotropic_source,mlp_up_gate_all_blocks_stage15_w4,mlp_up_gate_all_blocks_stage4_w4,-0.007693294577766463,True,False
384,79,primary_d82bcfdaeedc,aligned_donor_source,aligned_isotropic_source,mlp_up_gate_all_blocks_stage15_w6,mlp_up_gate_all_blocks_stage4_w6,0.016299836045561733,False,True
384,80,primary_52112c337d08,aligned_donor_source,aligned_isotropic_source,attention_output_all_blocks_stage15_w6,attention_output_all_blocks_stage10_w6,0.0014884518204887325,False,True
384,80,primary_d82bcfdaeedc,aligned_donor_source,aligned_isotropic_source,mlp_up_gate_all_blocks_stage15_w6,mlp_up_gate_all_blocks_stage10_w6,-0.03976365527437055,True,False
384,81,primary_52112c337d08,aligned_donor_source,aligned_isotropic_source,attention_output_all_blocks_stage15_w6,attention_output_all_blocks_stage10_w6,-5.455627473338609e-05,True,False
384,81,primary_d0adb13a6bdf,aligned_donor_source,aligned_isotropic_source,mlp_up_gate_all_blocks_stage10_w4,mlp_up_gate_all_blocks_stage4_w4,0.24173054534799113,False,True
384,81,primary_d82bcfdaeedc,aligned_donor_source,aligned_isotropic_source,mlp_up_gate_all_blocks_stage15_w6,mlp_up_gate_all_blocks_stage10_w6,-0.008709095416747914,True,False
384,82,primary_494f26df6416,aligned_donor_source,aligned_isotropic_source,attention_output_all_blocks_stage15_w4,attention_output_all_blocks_stage10_w4,-0.29422175213786167,True,False
384,82,primary_52112c337d08,aligned_donor_source,aligned_isotropic_source,attention_output_all_blocks_stage15_w6,attention_output_all_blocks_stage10_w6,-0.01816514620976761,True,False
384,82,primary_d0adb13a6bdf,aligned_donor_source,aligned_isotropic_source,mlp_up_gate_all_blocks_stage15_w4,mlp_up_gate_all_blocks_stage4_w4,-0.5279563083001337,True,False
384,82,primary_d82bcfdaeedc,aligned_donor_source,aligned_isotropic_source,mlp_up_gate_all_blocks_stage15_w6,mlp_up_gate_all_blocks_stage10_w6,-0.015816847402476245,True,False
384,82,primary_ec9365fcc9ef,aligned_donor_source,aligned_isotropic_source,adaln_conditioning_all_blocks_stage15_w4,adaln_conditioning_all_blocks_stage10_w4,-0.23116541213256875,True,False
462,79,primary_d0adb13a6bdf,aligned_donor_source,aligned_isotropic_source,mlp_up_gate_all_blocks_stage10_w4,mlp_up_gate_all_blocks_stage4_w4,4.0772748345916625,False,True
462,79,primary_ec9365fcc9ef,aligned_donor_source,aligned_isotropic_source,adaln_conditioning_all_blocks_stage15_w4,adaln_conditioning_all_blocks_stage10_w4,-1.0959357418162623,True,False
462,80,primary_52112c337d08,aligned_donor_source,aligned_isotropic_source,attention_output_all_blocks_stage15_w6,attention_output_all_blocks_stage10_w6,-0.021457211455125243,True,False
462,80,primary_d82bcfdaeedc,aligned_donor_source,aligned_isotropic_source,mlp_up_gate_all_blocks_stage15_w6,mlp_up_gate_all_blocks_stage10_w6,-0.004747716723908727,True,False
462,81,primary_52112c337d08,aligned_donor_source,aligned_isotropic_source,attention_output_all_blocks_stage4_w6,attention_output_all_blocks_stage15_w6,0.000516195418004628,False,True
462,81,primary_d0adb13a6bdf,aligned_donor_source,aligned_isotropic_source,mlp_up_gate_all_blocks_stage15_w4,mlp_up_gate_all_blocks_stage4_w4,-10.17053088827426,True,False
462,82,primary_52112c337d08,aligned_donor_source,aligned_isotropic_source,attention_output_all_blocks_stage15_w6,attention_output_all_blocks_stage10_w6,-0.0007462449182042974,True,False
462,82,primary_d0adb13a6bdf,aligned_donor_source,aligned_isotropic_source,mlp_up_gate_all_blocks_stage10_w4,mlp_up_gate_all_blocks_stage4_w4,1.741884112331704,False,True
511,79,primary_52112c337d08,aligned_donor_source,aligned_isotropic_source,attention_output_all_blocks_stage15_w6,attention_output_all_blocks_stage10_w6,-0.3350038447661064,True,False
511,79,primary_d0adb13a6bdf,aligned_donor_source,aligned_isotropic_source,mlp_up_gate_all_blocks_stage15_w4,mlp_up_gate_all_blocks_stage4_w4,-0.040187047179230606,True,False
511,79,primary_ec9365fcc9ef,aligned_donor_source,aligned_isotropic_source,adaln_conditioning_all_blocks_stage15_w4,adaln_conditioning_all_blocks_stage10_w4,-1.325837890434929,True,False
511,81,primary_52112c337d08,aligned_donor_source,aligned_isotropic_source,attention_output_all_blocks_stage4_w6,attention_output_all_blocks_stage10_w6,-0.01133816776746244,True,False
511,82,primary_52112c337d08,aligned_donor_source,aligned_isotropic_source,attention_output_all_blocks_stage15_w6,attention_output_all_blocks_stage10_w6,-0.04766683022155859,True,False
511,82,primary_d0adb13a6bdf,aligned_donor_source,aligned_isotropic_source,mlp_up_gate_all_blocks_stage15_w4,mlp_up_gate_all_blocks_stage4_w4,0.12113888272953943,False,True
511,82,primary_ec9365fcc9ef,aligned_donor_source,aligned_isotropic_source,adaln_conditioning_all_blocks_stage15_w4,adaln_conditioning_all_blocks_stage10_w4,-0.9018102858371437,True,False
568,79,primary_52112c337d08,aligned_donor_source,aligned_isotropic_source,attention_output_all_blocks_stage15_w6,attention_output_all_blocks_stage10_w6,-0.012806241191356097,True,False
568,79,primary_d0adb13a6bdf,aligned_donor_source,aligned_isotropic_source,mlp_up_gate_all_blocks_stage15_w4,mlp_up_gate_all_blocks_stage4_w4,-0.02517840627821505,True,False
568,79,primary_d82bcfdaeedc,aligned_donor_source,aligned_isotropic_source,mlp_up_gate_all_blocks_stage15_w6,mlp_up_gate_all_blocks_stage10_w6,-0.04303488096871888,True,False
568,80,primary_52112c337d08,aligned_donor_source,aligned_isotropic_source,attention_output_all_blocks_stage15_w6,attention_output_all_blocks_stage10_w6,-0.007476563104035,True,False
568,80,primary_d0adb13a6bdf,aligned_donor_source,aligned_isotropic_source,mlp_up_gate_all_blocks_stage10_w4,mlp_up_gate_all_blocks_stage4_w4,0.7836160399450414,False,True
568,80,primary_d82bcfdaeedc,aligned_donor_source,aligned_isotropic_source,mlp_up_gate_all_blocks_stage15_w6,mlp_up_gate_all_blocks_stage10_w6,-0.5983779473193068,True,False
568,81,primary_d0adb13a6bdf,aligned_donor_source,aligned_isotropic_source,mlp_up_gate_all_blocks_stage10_w4,mlp_up_gate_all_blocks_stage4_w4,0.9997600731372209,False,True
568,81,primary_ec9365fcc9ef,aligned_donor_source,aligned_isotropic_source,adaln_conditioning_all_blocks_stage15_w4,adaln_conditioning_all_blocks_stage10_w4,-0.04300348543165458,True,False
568,82,primary_d0adb13a6bdf,aligned_donor_source,aligned_isotropic_source,mlp_up_gate_all_blocks_stage15_w4,mlp_up_gate_all_blocks_stage4_w4,-3.020981883014599,True,False
568,82,primary_d82bcfdaeedc,aligned_donor_source,aligned_isotropic_source,mlp_up_gate_all_blocks_stage15_w6,mlp_up_gate_all_blocks_stage10_w6,-0.04837483144444832,True,False
568,82,primary_ec9365fcc9ef,aligned_donor_source,aligned_isotropic_source,adaln_conditioning_all_blocks_stage15_w4,adaln_conditioning_all_blocks_stage10_w4,-0.4376981532675899,True,False
679,79,primary_52112c337d08,aligned_donor_source,aligned_isotropic_source,attention_output_all_blocks_stage15_w6,attention_output_all_blocks_stage10_w6,-0.23468596231475658,True,False
679,79,primary_d0adb13a6bdf,aligned_donor_source,aligned_isotropic_source,mlp_up_gate_all_blocks_stage15_w4,mlp_up_gate_all_blocks_stage4_w4,-8.76392101464029,True,False
679,79,primary_d82bcfdaeedc,aligned_donor_source,aligned_isotropic_source,mlp_up_gate_all_blocks_stage15_w6,mlp_up_gate_all_blocks_stage10_w6,-0.769251894850683,True,False
679,80,primary_d0adb13a6bdf,aligned_donor_source,aligned_isotropic_source,mlp_up_gate_all_blocks_stage10_w4,mlp_up_gate_all_blocks_stage4_w4,4.42736541266379,False,True
679,81,primary_52112c337d08,aligned_donor_source,aligned_isotropic_source,attention_output_all_blocks_stage15_w6,attention_output_all_blocks_stage10_w6,-0.10191602079908436,True,False
679,81,primary_d0adb13a6bdf,aligned_donor_source,aligned_isotropic_source,mlp_up_gate_all_blocks_stage15_w4,mlp_up_gate_all_blocks_stage4_w4,-0.08072546813804138,True,False
679,81,primary_d82bcfdaeedc,aligned_donor_source,aligned_isotropic_source,mlp_up_gate_all_blocks_stage15_w6,mlp_up_gate_all_blocks_stage10_w6,-0.15064684170268094,True,False
679,81,primary_ec9365fcc9ef,aligned_donor_source,aligned_isotropic_source,adaln_conditioning_all_blocks_stage15_w4,adaln_conditioning_all_blocks_stage10_w4,-0.980942135624943,True,False
679,82,primary_494f26df6416,aligned_donor_source,aligned_isotropic_source,attention_output_all_blocks_stage15_w4,attention_output_all_blocks_stage10_w4,-1.4373571894277646,True,False
679,82,primary_d0adb13a6bdf,aligned_donor_source,aligned_isotropic_source,mlp_up_gate_all_blocks_stage15_w4,mlp_up_gate_all_blocks_stage4_w4,-2.471302335264795,True,False
679,82,primary_d82bcfdaeedc,aligned_donor_source,aligned_isotropic_source,mlp_up_gate_all_blocks_stage15_w6,mlp_up_gate_all_blocks_stage10_w6,0.003191936934140223,False,True
712,79,primary_019d7c31a48b,aligned_donor_source,aligned_isotropic_source,mlp_up_gate_all_blocks_stage15_w8,mlp_up_gate_all_blocks_stage10_w8,-0.0026766717631971906,True,False
712,79,primary_d0adb13a6bdf,aligned_donor_source,aligned_isotropic_source,mlp_up_gate_all_blocks_stage15_w4,mlp_up_gate_all_blocks_stage4_w4,-1.833407624976573,True,False
712,79,primary_ec9365fcc9ef,aligned_donor_source,aligned_isotropic_source,adaln_conditioning_all_blocks_stage15_w4,adaln_conditioning_all_blocks_stage10_w4,-0.1491328852015954,True,False
712,80,primary_52112c337d08,aligned_donor_source,aligned_isotropic_source,attention_output_all_blocks_stage15_w6,attention_output_all_blocks_stage10_w6,-0.026738208643738652,True,False
712,80,primary_d0adb13a6bdf,aligned_donor_source,aligned_isotropic_source,mlp_up_gate_all_blocks_stage10_w4,mlp_up_gate_all_blocks_stage4_w4,0.867689792895252,False,True
712,80,primary_d82bcfdaeedc,aligned_donor_source,aligned_isotropic_source,mlp_up_gate_all_blocks_stage15_w6,mlp_up_gate_all_blocks_stage10_w6,-0.04296095633191399,True,False
712,81,primary_52112c337d08,aligned_donor_source,aligned_isotropic_source,attention_output_all_blocks_stage15_w6,attention_output_all_blocks_stage10_w6,-0.014784416970567092,True,False
712,81,primary_d0adb13a6bdf,aligned_donor_source,aligned_isotropic_source,mlp_up_gate_all_blocks_stage10_w4,mlp_up_gate_all_blocks_stage4_w4,0.46280638955938963,False,True
712,82,primary_494f26df6416,aligned_donor_source,aligned_isotropic_source,attention_output_all_blocks_stage15_w4,attention_output_all_blocks_stage10_w4,-0.14261571243383733,True,False
712,82,primary_d0adb13a6bdf,aligned_donor_source,aligned_isotropic_source,mlp_up_gate_all_blocks_stage15_w4,mlp_up_gate_all_blocks_stage4_w4,-1.0981034045078104,True,False
712,82,primary_d82bcfdaeedc,aligned_donor_source,aligned_isotropic_source,mlp_up_gate_all_blocks_stage15_w6,mlp_up_gate_all_blocks_stage4_w6,-0.013127869924403509,True,False
780,79,primary_494f26df6416,aligned_donor_source,aligned_isotropic_source,attention_output_all_blocks_stage15_w4,attention_output_all_blocks_stage10_w4,-1.3961082659737942,True,False
780,79,primary_52112c337d08,aligned_donor_source,aligned_isotropic_source,attention_output_all_blocks_stage15_w6,attention_output_all_blocks_stage10_w6,-0.03626261263150354,True,False
780,80,primary_52112c337d08,aligned_donor_source,aligned_isotropic_source,attention_output_all_blocks_stage15_w6,attention_output_all_blocks_stage10_w6,-0.011553982584814555,True,False
780,80,primary_d0adb13a6bdf,aligned_donor_source,aligned_isotropic_source,mlp_up_gate_all_blocks_stage10_w4,mlp_up_gate_all_blocks_stage4_w4,1.3083086263173416,False,True
780,80,primary_ec9365fcc9ef,aligned_donor_source,aligned_isotropic_source,adaln_conditioning_all_blocks_stage15_w4,adaln_conditioning_all_blocks_stage10_w4,0.02416345271718956,False,True
780,81,primary_494f26df6416,aligned_donor_source,aligned_isotropic_source,attention_output_all_blocks_stage15_w4,attention_output_all_blocks_stage10_w4,-9.832973725719935,True,False
780,81,primary_52112c337d08,aligned_donor_source,aligned_isotropic_source,attention_output_all_blocks_stage15_w6,attention_output_all_blocks_stage10_w6,-0.07525764724715599,True,False
780,81,primary_d0adb13a6bdf,aligned_donor_source,aligned_isotropic_source,mlp_up_gate_all_blocks_stage15_w4,mlp_up_gate_all_blocks_stage4_w4,-0.2152608096987479,True,False
780,81,primary_d82bcfdaeedc,aligned_donor_source,aligned_isotropic_source,mlp_up_gate_all_blocks_stage15_w6,mlp_up_gate_all_blocks_stage10_w6,-0.5181104443418542,True,False
780,82,primary_494f26df6416,aligned_donor_source,aligned_isotropic_source,attention_output_all_blocks_stage15_w4,attention_output_all_blocks_stage4_w4,0.06652160997214196,False,True
780,82,primary_d0adb13a6bdf,aligned_donor_source,aligned_isotropic_source,mlp_up_gate_all_blocks_stage15_w4,mlp_up_gate_all_blocks_stage4_w4,0.1999252157467595,False,True
780,82,primary_d82bcfdaeedc,aligned_donor_source,aligned_isotropic_source,mlp_up_gate_all_blocks_stage15_w6,mlp_up_gate_all_blocks_stage4_w6,0.025474626505964437,False,True
780,82,primary_ec9365fcc9ef,aligned_donor_source,aligned_isotropic_source,adaln_conditioning_all_blocks_stage15_w4,adaln_conditioning_all_blocks_stage10_w4,-0.002570682657719231,True,False
870,79,primary_d0adb13a6bdf,aligned_donor_source,aligned_isotropic_source,mlp_up_gate_all_blocks_stage10_w4,mlp_up_gate_all_blocks_stage4_w4,14.72990208394424,False,True
870,80,primary_d0adb13a6bdf,aligned_donor_source,aligned_isotropic_source,mlp_up_gate_all_blocks_stage10_w4,mlp_up_gate_all_blocks_stage4_w4,0.20597667766629965,False,True
870,82,primary_52112c337d08,aligned_donor_source,aligned_isotropic_source,attention_output_all_blocks_stage15_w6,attention_output_all_blocks_stage10_w6,-0.0447545128101865,True,False
870,82,primary_d82bcfdaeedc,aligned_donor_source,aligned_isotropic_source,mlp_up_gate_all_blocks_stage15_w6,mlp_up_gate_all_blocks_stage10_w6,-0.19815307548810776,True,False
870,82,primary_ec9365fcc9ef,aligned_donor_source,aligned_isotropic_source,adaln_conditioning_all_blocks_stage15_w4,adaln_conditioning_all_blocks_stage10_w4,-3.321853571573669,True,False
888,79,primary_494f26df6416,aligned_donor_source,aligned_isotropic_source,attention_output_all_blocks_stage15_w4,attention_output_all_blocks_stage10_w4,-5.408056833223327,True,False
888,79,primary_d82bcfdaeedc,aligned_donor_source,aligned_isotropic_source,mlp_up_gate_all_blocks_stage15_w6,mlp_up_gate_all_blocks_stage4_w6,-0.22749623556438797,True,False
888,80,primary_494f26df6416,aligned_donor_source,aligned_isotropic_source,attention_output_all_blocks_stage15_w4,attention_output_all_blocks_stage10_w4,-1.012336522373776,True,False
888,80,primary_d0adb13a6bdf,aligned_donor_source,aligned_isotropic_source,mlp_up_gate_all_blocks_stage15_w4,mlp_up_gate_all_blocks_stage4_w4,-5.84322444321576,True,False
888,80,primary_d82bcfdaeedc,aligned_donor_source,aligned_isotropic_source,mlp_up_gate_all_blocks_stage15_w6,mlp_up_gate_all_blocks_stage10_w6,-0.0029986105030488375,True,False
888,81,primary_494f26df6416,aligned_donor_source,aligned_isotropic_source,attention_output_all_blocks_stage15_w4,attention_output_all_blocks_stage10_w4,-0.3315156180398872,True,False
888,81,primary_d0adb13a6bdf,aligned_donor_source,aligned_isotropic_source,mlp_up_gate_all_blocks_stage10_w4,mlp_up_gate_all_blocks_stage4_w4,1.9422763001969692,False,True
888,81,primary_ec9365fcc9ef,aligned_donor_source,aligned_isotropic_source,adaln_conditioning_all_blocks_stage15_w4,adaln_conditioning_all_blocks_stage10_w4,0.07828465028039489,False,True
888,82,primary_494f26df6416,aligned_donor_source,aligned_isotropic_source,attention_output_all_blocks_stage15_w4,attention_output_all_blocks_stage10_w4,-6.141482864823886,True,False
888,82,primary_d0adb13a6bdf,aligned_donor_source,aligned_isotropic_source,mlp_up_gate_all_blocks_stage15_w4,mlp_up_gate_all_blocks_stage4_w4,-22.446279263957294,True,False
888,82,primary_d82bcfdaeedc,aligned_donor_source,aligned_isotropic_source,mlp_up_gate_all_blocks_stage15_w6,mlp_up_gate_all_blocks_stage10_w6,-0.4813058838408182,True,False
888,82,primary_ec9365fcc9ef,aligned_donor_source,aligned_isotropic_source,adaln_conditioning_all_blocks_stage15_w4,adaln_conditioning_all_blocks_stage10_w4,-1.0963351297195205,True,False
975,79,primary_494f26df6416,aligned_donor_source,aligned_isotropic_source,attention_output_all_blocks_stage15_w4,attention_output_all_blocks_stage10_w4,-32.92411244522213,True,False
975,79,primary_52112c337d08,aligned_donor_source,aligned_isotropic_source,attention_output_all_blocks_stage15_w6,attention_output_all_blocks_stage10_w6,-0.1270218475522142,True,False
975,79,primary_d0adb13a6bdf,aligned_donor_source,aligned_isotropic_source,mlp_up_gate_all_blocks_stage15_w4,mlp_up_gate_all_blocks_stage4_w4,-18.411051776122804,True,False
975,79,primary_d82bcfdaeedc,aligned_donor_source,aligned_isotropic_source,mlp_up_gate_all_blocks_stage15_w6,mlp_up_gate_all_blocks_stage10_w6,-1.5722867806953216,True,False
975,79,primary_ec9365fcc9ef,aligned_donor_source,aligned_isotropic_source,adaln_conditioning_all_blocks_stage15_w4,adaln_conditioning_all_blocks_stage10_w4,-0.13314649711014678,True,False
975,80,primary_52112c337d08,aligned_donor_source,aligned_isotropic_source,attention_output_all_blocks_stage15_w6,attention_output_all_blocks_stage10_w6,-0.20333430243431394,True,False
975,80,primary_d0adb13a6bdf,aligned_donor_source,aligned_isotropic_source,mlp_up_gate_all_blocks_stage15_w4,mlp_up_gate_all_blocks_stage4_w4,-2.4354234454364696,True,False
975,80,primary_d82bcfdaeedc,aligned_donor_source,aligned_isotropic_source,mlp_up_gate_all_blocks_stage15_w6,mlp_up_gate_all_blocks_stage10_w6,-0.017942628064474775,True,False
975,81,primary_494f26df6416,aligned_donor_source,aligned_isotropic_source,attention_output_all_blocks_stage15_w4,attention_output_all_blocks_stage10_w4,-0.11832689936005635,True,False
975,81,primary_d0adb13a6bdf,aligned_donor_source,aligned_isotropic_source,mlp_up_gate_all_blocks_stage15_w4,mlp_up_gate_all_blocks_stage4_w4,0.17287296852737194,False,True
975,81,primary_d82bcfdaeedc,aligned_donor_source,aligned_isotropic_source,mlp_up_gate_all_blocks_stage15_w6,mlp_up_gate_all_blocks_stage10_w6,-0.008967150756916452,True,False
975,81,primary_ec9365fcc9ef,aligned_donor_source,aligned_isotropic_source,adaln_conditioning_all_blocks_stage15_w4,adaln_conditioning_all_blocks_stage10_w4,-0.1392155218417237,True,False
975,82,primary_d0adb13a6bdf,aligned_donor_source,aligned_isotropic_source,mlp_up_gate_all_blocks_stage15_w4,mlp_up_gate_all_blocks_stage4_w4,-0.41061854899783157,True,False
975,82,primary_d82bcfdaeedc,aligned_donor_source,aligned_isotropic_source,mlp_up_gate_all_blocks_stage15_w6,mlp_up_gate_all_blocks_stage10_w6,-0.01007623486708553,True,False
19,79,primary_52112c337d08,aligned_actual_source,aligned_isotropic_source,attention_output_all_blocks_stage4_w6,attention_output_all_blocks_stage15_w6,0.0007670826726666746,False,True
19,79,primary_da06c09aa41a,aligned_actual_source,aligned_isotropic_source,adaln_conditioning_all_blocks_stage15_w6,adaln_conditioning_all_blocks_stage10_w6,0.06649978278773006,False,True
19,79,primary_ec9365fcc9ef,aligned_actual_source,aligned_isotropic_source,adaln_conditioning_all_blocks_stage15_w4,adaln_conditioning_all_blocks_stage10_w4,-0.059451381035444256,True,False
19,80,primary_494f26df6416,aligned_actual_source,aligned_isotropic_source,attention_output_all_blocks_stage4_w4,attention_output_all_blocks_stage10_w4,-0.11365134000378416,True,False
19,80,primary_52112c337d08,aligned_actual_source,aligned_isotropic_source,attention_output_all_blocks_stage15_w6,attention_output_all_blocks_stage10_w6,0.009518136101974047,False,True
19,80,primary_d82bcfdaeedc,aligned_actual_source,aligned_isotropic_source,mlp_up_gate_all_blocks_stage15_w6,mlp_up_gate_all_blocks_stage10_w6,-0.08037819898294173,True,False
19,80,primary_ec9365fcc9ef,aligned_actual_source,aligned_isotropic_source,adaln_conditioning_all_blocks_stage15_w4,adaln_conditioning_all_blocks_stage10_w4,-0.17626023112677558,True,False
19,81,primary_494f26df6416,aligned_actual_source,aligned_isotropic_source,attention_output_all_blocks_stage4_w4,attention_output_all_blocks_stage10_w4,-25.991012580694022,True,False
19,81,primary_d82bcfdaeedc,aligned_actual_source,aligned_isotropic_source,mlp_up_gate_all_blocks_stage15_w6,mlp_up_gate_all_blocks_stage4_w6,-0.03728428777958471,True,False
19,81,primary_da06c09aa41a,aligned_actual_source,aligned_isotropic_source,adaln_conditioning_all_blocks_stage15_w6,adaln_conditioning_all_blocks_stage10_w6,-0.5810441569715294,True,False
19,82,primary_494f26df6416,aligned_actual_source,aligned_isotropic_source,attention_output_all_blocks_stage15_w4,attention_output_all_blocks_stage10_w4,0.044210739244590486,False,True
19,82,primary_d82bcfdaeedc,aligned_actual_source,aligned_isotropic_source,mlp_up_gate_all_blocks_stage15_w6,mlp_up_gate_all_blocks_stage10_w6,0.0009753067779030289,False,True
19,82,primary_ec9365fcc9ef,aligned_actual_source,aligned_isotropic_source,adaln_conditioning_all_blocks_stage15_w4,adaln_conditioning_all_blocks_stage10_w4,-0.44154421949067674,True,False
85,79,primary_494f26df6416,aligned_actual_source,aligned_isotropic_source,attention_output_all_blocks_stage4_w4,attention_output_all_blocks_stage10_w4,-0.8458249032296264,True,False
85,79,primary_da06c09aa41a,aligned_actual_source,aligned_isotropic_source,adaln_conditioning_all_blocks_stage15_w6,adaln_conditioning_all_blocks_stage10_w6,9.454350353621521e-05,False,True
85,80,primary_494f26df6416,aligned_actual_source,aligned_isotropic_source,attention_output_all_blocks_stage15_w4,attention_output_all_blocks_stage10_w4,-0.06229697700973702,True,False
85,80,primary_52112c337d08,aligned_actual_source,aligned_isotropic_source,attention_output_all_blocks_stage15_w6,attention_output_all_blocks_stage10_w6,0.001107497693769945,False,True
85,80,primary_d82bcfdaeedc,aligned_actual_source,aligned_isotropic_source,mlp_up_gate_all_blocks_stage4_w6,mlp_up_gate_all_blocks_stage10_w6,-0.00649941668456222,True,False
85,80,primary_ec9365fcc9ef,aligned_actual_source,aligned_isotropic_source,adaln_conditioning_all_blocks_stage15_w4,adaln_conditioning_all_blocks_stage10_w4,-0.017475333128857087,True,False
85,81,primary_494f26df6416,aligned_actual_source,aligned_isotropic_source,attention_output_all_blocks_stage15_w4,attention_output_all_blocks_stage10_w4,-0.007335493228424694,True,False
85,81,primary_52112c337d08,aligned_actual_source,aligned_isotropic_source,attention_output_all_blocks_stage15_w6,attention_output_all_blocks_stage10_w6,0.001963647758159933,False,True
85,81,primary_d82bcfdaeedc,aligned_actual_source,aligned_isotropic_source,mlp_up_gate_all_blocks_stage15_w6,mlp_up_gate_all_blocks_stage10_w6,-0.044592272545799005,True,False
85,81,primary_ec9365fcc9ef,aligned_actual_source,aligned_isotropic_source,adaln_conditioning_all_blocks_stage15_w4,adaln_conditioning_all_blocks_stage10_w4,0.044311560516973686,False,True
85,82,primary_494f26df6416,aligned_actual_source,aligned_isotropic_source,attention_output_all_blocks_stage15_w4,attention_output_all_blocks_stage10_w4,-0.002047073655319309,True,False
85,82,primary_da06c09aa41a,aligned_actual_source,aligned_isotropic_source,adaln_conditioning_all_blocks_stage15_w6,adaln_conditioning_all_blocks_stage10_w6,-0.001292604890295479,True,False
85,82,primary_ec9365fcc9ef,aligned_actual_source,aligned_isotropic_source,adaln_conditioning_all_blocks_stage15_w4,adaln_conditioning_all_blocks_stage10_w4,-0.2327482352036973,True,False
131,79,primary_494f26df6416,aligned_actual_source,aligned_isotropic_source,attention_output_all_blocks_stage4_w4,attention_output_all_blocks_stage10_w4,-4.734601925947743,True,False
131,79,primary_52112c337d08,aligned_actual_source,aligned_isotropic_source,attention_output_all_blocks_stage4_w6,attention_output_all_blocks_stage10_w6,-1.1735630043240235,True,False
131,79,primary_ec9365fcc9ef,aligned_actual_source,aligned_isotropic_source,adaln_conditioning_all_blocks_stage15_w4,adaln_conditioning_all_blocks_stage10_w4,-0.15132964468807591,True,False
131,80,primary_494f26df6416,aligned_actual_source,aligned_isotropic_source,attention_output_all_blocks_stage15_w4,attention_output_all_blocks_stage10_w4,0.16089950683233667,False,True
131,80,primary_52112c337d08,aligned_actual_source,aligned_isotropic_source,attention_output_all_blocks_stage15_w6,attention_output_all_blocks_stage10_w6,-0.005673815331636687,True,False
131,80,primary_d82bcfdaeedc,aligned_actual_source,aligned_isotropic_source,mlp_up_gate_all_blocks_stage15_w6,mlp_up_gate_all_blocks_stage10_w6,-0.011386674960704115,True,False
131,80,primary_ec9365fcc9ef,aligned_actual_source,aligned_isotropic_source,adaln_conditioning_all_blocks_stage15_w4,adaln_conditioning_all_blocks_stage10_w4,0.03365127105992727,False,True
131,81,primary_494f26df6416,aligned_actual_source,aligned_isotropic_source,attention_output_all_blocks_stage4_w4,attention_output_all_blocks_stage10_w4,-0.36774391488779656,True,False
131,81,primary_52112c337d08,aligned_actual_source,aligned_isotropic_source,attention_output_all_blocks_stage15_w6,attention_output_all_blocks_stage10_w6,0.021415451301947996,False,True
131,81,primary_d0adb13a6bdf,aligned_actual_source,aligned_isotropic_source,mlp_up_gate_all_blocks_stage4_w4,mlp_up_gate_all_blocks_stage10_w4,0.07292947046693149,False,True
131,81,primary_d82bcfdaeedc,aligned_actual_source,aligned_isotropic_source,mlp_up_gate_all_blocks_stage4_w6,mlp_up_gate_all_blocks_stage10_w6,-0.0016737358295131274,True,False
131,81,primary_ec9365fcc9ef,aligned_actual_source,aligned_isotropic_source,adaln_conditioning_all_blocks_stage15_w4,adaln_conditioning_all_blocks_stage10_w4,-1.271972005814007,True,False
131,82,primary_494f26df6416,aligned_actual_source,aligned_isotropic_source,attention_output_all_blocks_stage15_w4,attention_output_all_blocks_stage10_w4,-0.11749415959161164,True,False
131,82,primary_52112c337d08,aligned_actual_source,aligned_isotropic_source,attention_output_all_blocks_stage15_w6,attention_output_all_blocks_stage10_w6,-0.020875895282244983,True,False
131,82,primary_d82bcfdaeedc,aligned_actual_source,aligned_isotropic_source,mlp_up_gate_all_blocks_stage15_w6,mlp_up_gate_all_blocks_stage10_w6,-0.0037258106864470585,True,False
131,82,primary_da06c09aa41a,aligned_actual_source,aligned_isotropic_source,adaln_conditioning_all_blocks_stage15_w6,adaln_conditioning_all_blocks_stage10_w6,0.02137730303678609,False,True
131,82,primary_ec9365fcc9ef,aligned_actual_source,aligned_isotropic_source,adaln_conditioning_all_blocks_stage15_w4,adaln_conditioning_all_blocks_stage10_w4,-0.021314206520173698,True,False
224,79,primary_494f26df6416,aligned_actual_source,aligned_isotropic_source,attention_output_all_blocks_stage4_w4,attention_output_all_blocks_stage10_w4,0.0867687392677573,False,True
224,79,primary_52112c337d08,aligned_actual_source,aligned_isotropic_source,attention_output_all_blocks_stage15_w6,attention_output_all_blocks_stage10_w6,-0.04236687310213938,True,False
224,79,primary_da06c09aa41a,aligned_actual_source,aligned_isotropic_source,adaln_conditioning_all_blocks_stage15_w6,adaln_conditioning_all_blocks_stage10_w6,0.009195865268566188,False,True
224,80,primary_494f26df6416,aligned_actual_source,aligned_isotropic_source,attention_output_all_blocks_stage15_w4,attention_output_all_blocks_stage10_w4,-0.03350821545501505,True,False
224,80,primary_52112c337d08,aligned_actual_source,aligned_isotropic_source,attention_output_all_blocks_stage15_w6,attention_output_all_blocks_stage10_w6,-0.01099431918065363,True,False
224,80,primary_d82bcfdaeedc,aligned_actual_source,aligned_isotropic_source,mlp_up_gate_all_blocks_stage15_w6,mlp_up_gate_all_blocks_stage10_w6,0.0037790339372918424,False,True
224,80,primary_ec9365fcc9ef,aligned_actual_source,aligned_isotropic_source,adaln_conditioning_all_blocks_stage15_w4,adaln_conditioning_all_blocks_stage10_w4,-0.2828893840886196,True,False
224,81,primary_52112c337d08,aligned_actual_source,aligned_isotropic_source,attention_output_all_blocks_stage4_w6,attention_output_all_blocks_stage10_w6,-0.005492087995932593,True,False
224,81,primary_da06c09aa41a,aligned_actual_source,aligned_isotropic_source,adaln_conditioning_all_blocks_stage15_w6,adaln_conditioning_all_blocks_stage10_w6,0.008592939597519946,False,True
224,82,primary_494f26df6416,aligned_actual_source,aligned_isotropic_source,attention_output_all_blocks_stage15_w4,attention_output_all_blocks_stage10_w4,-0.20253413711656168,True,False
224,82,primary_d0adb13a6bdf,aligned_actual_source,aligned_isotropic_source,mlp_up_gate_all_blocks_stage15_w4,mlp_up_gate_all_blocks_stage4_w4,-0.5371969369975176,True,False
224,82,primary_d82bcfdaeedc,aligned_actual_source,aligned_isotropic_source,mlp_up_gate_all_blocks_stage15_w6,mlp_up_gate_all_blocks_stage10_w6,0.0015996152149142535,False,True
224,82,primary_da06c09aa41a,aligned_actual_source,aligned_isotropic_source,adaln_conditioning_all_blocks_stage15_w6,adaln_conditioning_all_blocks_stage10_w6,0.015170154264922072,False,True
224,82,primary_ec9365fcc9ef,aligned_actual_source,aligned_isotropic_source,adaln_conditioning_all_blocks_stage15_w4,adaln_conditioning_all_blocks_stage10_w4,-0.014121683954996918,True,False
301,79,primary_494f26df6416,aligned_actual_source,aligned_isotropic_source,attention_output_all_blocks_stage4_w4,attention_output_all_blocks_stage10_w4,0.814877644405467,False,True
301,79,primary_52112c337d08,aligned_actual_source,aligned_isotropic_source,attention_output_all_blocks_stage4_w6,attention_output_all_blocks_stage10_w6,0.02508959293436419,False,True
301,79,primary_903cdd7eae0a,aligned_actual_source,aligned_isotropic_source,attention_output_all_blocks_stage15_w8,attention_output_all_blocks_stage10_w8,-0.0026810546436877307,True,False
301,79,primary_d82bcfdaeedc,aligned_actual_source,aligned_isotropic_source,mlp_up_gate_all_blocks_stage15_w6,mlp_up_gate_all_blocks_stage10_w6,-0.0033185415244929573,True,False
301,79,primary_da06c09aa41a,aligned_actual_source,aligned_isotropic_source,adaln_conditioning_all_blocks_stage15_w6,adaln_conditioning_all_blocks_stage10_w6,0.01118871860404623,False,True
301,80,primary_494f26df6416,aligned_actual_source,aligned_isotropic_source,attention_output_all_blocks_stage15_w4,attention_output_all_blocks_stage10_w4,0.0925186625489829,False,True
301,80,primary_52112c337d08,aligned_actual_source,aligned_isotropic_source,attention_output_all_blocks_stage15_w6,attention_output_all_blocks_stage10_w6,0.00032878512934076017,False,True
301,80,primary_d82bcfdaeedc,aligned_actual_source,aligned_isotropic_source,mlp_up_gate_all_blocks_stage15_w6,mlp_up_gate_all_blocks_stage10_w6,-0.013596047714926843,True,False
301,80,primary_ec9365fcc9ef,aligned_actual_source,aligned_isotropic_source,adaln_conditioning_all_blocks_stage15_w4,adaln_conditioning_all_blocks_stage10_w4,0.14286733580762245,False,True
301,81,primary_494f26df6416,aligned_actual_source,aligned_isotropic_source,attention_output_all_blocks_stage4_w4,attention_output_all_blocks_stage10_w4,-3.292729681880478,True,False
301,81,primary_52112c337d08,aligned_actual_source,aligned_isotropic_source,attention_output_all_blocks_stage4_w6,attention_output_all_blocks_stage10_w6,-0.15791576954024222,True,False
301,81,primary_d82bcfdaeedc,aligned_actual_source,aligned_isotropic_source,mlp_up_gate_all_blocks_stage4_w6,mlp_up_gate_all_blocks_stage10_w6,1.5014645848875112,False,True
301,81,primary_ec9365fcc9ef,aligned_actual_source,aligned_isotropic_source,adaln_conditioning_all_blocks_stage15_w4,adaln_conditioning_all_blocks_stage10_w4,-0.22741186811167674,True,False
301,82,primary_019d7c31a48b,aligned_actual_source,aligned_isotropic_source,mlp_up_gate_all_blocks_stage15_w8,mlp_up_gate_all_blocks_stage10_w8,-0.007363636860887368,True,False
301,82,primary_494f26df6416,aligned_actual_source,aligned_isotropic_source,attention_output_all_blocks_stage15_w4,attention_output_all_blocks_stage10_w4,-0.37377772702548395,True,False
301,82,primary_903cdd7eae0a,aligned_actual_source,aligned_isotropic_source,attention_output_all_blocks_stage15_w8,attention_output_all_blocks_stage10_w8,-0.0016995968305764109,True,False
301,82,primary_d0adb13a6bdf,aligned_actual_source,aligned_isotropic_source,mlp_up_gate_all_blocks_stage15_w4,mlp_up_gate_all_blocks_stage4_w4,-1.9668856402270265,True,False
301,82,primary_d82bcfdaeedc,aligned_actual_source,aligned_isotropic_source,mlp_up_gate_all_blocks_stage15_w6,mlp_up_gate_all_blocks_stage10_w6,-0.01654994519198283,True,False
301,82,primary_da06c09aa41a,aligned_actual_source,aligned_isotropic_source,adaln_conditioning_all_blocks_stage15_w6,adaln_conditioning_all_blocks_stage10_w6,-0.015654077588706627,True,False
301,82,primary_ec9365fcc9ef,aligned_actual_source,aligned_isotropic_source,adaln_conditioning_all_blocks_stage15_w4,adaln_conditioning_all_blocks_stage10_w4,-0.49103291907933055,True,False
345,79,primary_52112c337d08,aligned_actual_source,aligned_isotropic_source,attention_output_all_blocks_stage4_w6,attention_output_all_blocks_stage10_w6,0.002461113543517971,False,True
345,79,primary_d82bcfdaeedc,aligned_actual_source,aligned_isotropic_source,mlp_up_gate_all_blocks_stage4_w6,mlp_up_gate_all_blocks_stage10_w6,-0.04676654494966215,True,False
345,79,primary_ec9365fcc9ef,aligned_actual_source,aligned_isotropic_source,adaln_conditioning_all_blocks_stage15_w4,adaln_conditioning_all_blocks_stage10_w4,0.00937094820896786,False,True
345,80,primary_494f26df6416,aligned_actual_source,aligned_isotropic_source,attention_output_all_blocks_stage15_w4,attention_output_all_blocks_stage10_w4,0.10541340067578629,False,True
345,80,primary_52112c337d08,aligned_actual_source,aligned_isotropic_source,attention_output_all_blocks_stage15_w6,attention_output_all_blocks_stage10_w6,0.0014283079059040924,False,True
345,80,primary_d82bcfdaeedc,aligned_actual_source,aligned_isotropic_source,mlp_up_gate_all_blocks_stage15_w6,mlp_up_gate_all_blocks_stage10_w6,-0.12330298044267352,True,False
345,80,primary_ec9365fcc9ef,aligned_actual_source,aligned_isotropic_source,adaln_conditioning_all_blocks_stage15_w4,adaln_conditioning_all_blocks_stage10_w4,-0.13981227461056278,True,False
345,81,primary_494f26df6416,aligned_actual_source,aligned_isotropic_source,attention_output_all_blocks_stage4_w4,attention_output_all_blocks_stage10_w4,-0.058027758842687405,True,False
345,81,primary_52112c337d08,aligned_actual_source,aligned_isotropic_source,attention_output_all_blocks_stage15_w6,attention_output_all_blocks_stage10_w6,-0.03261959277459425,True,False
345,81,primary_d82bcfdaeedc,aligned_actual_source,aligned_isotropic_source,mlp_up_gate_all_blocks_stage15_w6,mlp_up_gate_all_blocks_stage10_w6,-0.08985908617103176,True,False
345,81,primary_ec9365fcc9ef,aligned_actual_source,aligned_isotropic_source,adaln_conditioning_all_blocks_stage15_w4,adaln_conditioning_all_blocks_stage10_w4,-0.6568801623326975,True,False
345,82,primary_494f26df6416,aligned_actual_source,aligned_isotropic_source,attention_output_all_blocks_stage4_w4,attention_output_all_blocks_stage10_w4,-0.34177472222660293,True,False
345,82,primary_d82bcfdaeedc,aligned_actual_source,aligned_isotropic_source,mlp_up_gate_all_blocks_stage15_w6,mlp_up_gate_all_blocks_stage10_w6,-0.09733415494446261,True,False
345,82,primary_da06c09aa41a,aligned_actual_source,aligned_isotropic_source,adaln_conditioning_all_blocks_stage15_w6,adaln_conditioning_all_blocks_stage10_w6,-0.02688838551387107,True,False
345,82,primary_ec9365fcc9ef,aligned_actual_source,aligned_isotropic_source,adaln_conditioning_all_blocks_stage15_w4,adaln_conditioning_all_blocks_stage10_w4,-1.4745416125817314,True,False
384,79,primary_da06c09aa41a,aligned_actual_source,aligned_isotropic_source,adaln_conditioning_all_blocks_stage15_w6,adaln_conditioning_all_blocks_stage10_w6,0.019368207543383417,False,True
384,80,primary_494f26df6416,aligned_actual_source,aligned_isotropic_source,attention_output_all_blocks_stage15_w4,attention_output_all_blocks_stage10_w4,-0.1420552907988686,True,False
384,80,primary_52112c337d08,aligned_actual_source,aligned_isotropic_source,attention_output_all_blocks_stage15_w6,attention_output_all_blocks_stage10_w6,0.0014884518204887325,False,True
384,80,primary_d0adb13a6bdf,aligned_actual_source,aligned_isotropic_source,mlp_up_gate_all_blocks_stage4_w4,mlp_up_gate_all_blocks_stage10_w4,-0.241036468966076,True,False
384,80,primary_d82bcfdaeedc,aligned_actual_source,aligned_isotropic_source,mlp_up_gate_all_blocks_stage15_w6,mlp_up_gate_all_blocks_stage10_w6,-0.03976365527437055,True,False
384,80,primary_da06c09aa41a,aligned_actual_source,aligned_isotropic_source,adaln_conditioning_all_blocks_stage15_w6,adaln_conditioning_all_blocks_stage10_w6,0.0023136638123268938,False,True
384,80,primary_ec9365fcc9ef,aligned_actual_source,aligned_isotropic_source,adaln_conditioning_all_blocks_stage15_w4,adaln_conditioning_all_blocks_stage10_w4,-0.22167957299186364,True,False
384,81,primary_494f26df6416,aligned_actual_source,aligned_isotropic_source,attention_output_all_blocks_stage4_w4,attention_output_all_blocks_stage10_w4,-0.056961037126768574,True,False
384,81,primary_52112c337d08,aligned_actual_source,aligned_isotropic_source,attention_output_all_blocks_stage15_w6,attention_output_all_blocks_stage10_w6,-5.455627473338609e-05,True,False
384,81,primary_d82bcfdaeedc,aligned_actual_source,aligned_isotropic_source,mlp_up_gate_all_blocks_stage15_w6,mlp_up_gate_all_blocks_stage10_w6,-0.008709095416747914,True,False
384,81,primary_da06c09aa41a,aligned_actual_source,aligned_isotropic_source,adaln_conditioning_all_blocks_stage15_w6,adaln_conditioning_all_blocks_stage10_w6,-0.019893606942730464,True,False
384,81,primary_ec9365fcc9ef,aligned_actual_source,aligned_isotropic_source,adaln_conditioning_all_blocks_stage15_w4,adaln_conditioning_all_blocks_stage10_w4,0.0002678671211242545,False,True
384,82,primary_494f26df6416,aligned_actual_source,aligned_isotropic_source,attention_output_all_blocks_stage4_w4,attention_output_all_blocks_stage10_w4,-0.30731685502339096,True,False
384,82,primary_52112c337d08,aligned_actual_source,aligned_isotropic_source,attention_output_all_blocks_stage15_w6,attention_output_all_blocks_stage10_w6,-0.01816514620976761,True,False
384,82,primary_d0adb13a6bdf,aligned_actual_source,aligned_isotropic_source,mlp_up_gate_all_blocks_stage15_w4,mlp_up_gate_all_blocks_stage4_w4,-0.5279563083001337,True,False
384,82,primary_d82bcfdaeedc,aligned_actual_source,aligned_isotropic_source,mlp_up_gate_all_blocks_stage15_w6,mlp_up_gate_all_blocks_stage10_w6,-0.015816847402476245,True,False
384,82,primary_da06c09aa41a,aligned_actual_source,aligned_isotropic_source,adaln_conditioning_all_blocks_stage15_w6,adaln_conditioning_all_blocks_stage10_w6,-0.0147287028679699,True,False
384,82,primary_ec9365fcc9ef,aligned_actual_source,aligned_isotropic_source,adaln_conditioning_all_blocks_stage15_w4,adaln_conditioning_all_blocks_stage10_w4,-0.23116541213256875,True,False
462,79,primary_494f26df6416,aligned_actual_source,aligned_isotropic_source,attention_output_all_blocks_stage4_w4,attention_output_all_blocks_stage10_w4,-0.993742967071441,True,False
462,79,primary_52112c337d08,aligned_actual_source,aligned_isotropic_source,attention_output_all_blocks_stage15_w6,attention_output_all_blocks_stage10_w6,-0.05191719594045807,True,False
462,79,primary_d82bcfdaeedc,aligned_actual_source,aligned_isotropic_source,mlp_up_gate_all_blocks_stage15_w6,mlp_up_gate_all_blocks_stage10_w6,-0.09566110977920061,True,False
462,79,primary_ec9365fcc9ef,aligned_actual_source,aligned_isotropic_source,adaln_conditioning_all_blocks_stage15_w4,adaln_conditioning_all_blocks_stage10_w4,-1.0959357418162623,True,False
462,80,primary_494f26df6416,aligned_actual_source,aligned_isotropic_source,attention_output_all_blocks_stage15_w4,attention_output_all_blocks_stage10_w4,-0.06525414972896822,True,False
462,80,primary_52112c337d08,aligned_actual_source,aligned_isotropic_source,attention_output_all_blocks_stage15_w6,attention_output_all_blocks_stage10_w6,-0.021457211455125243,True,False
462,80,primary_d0adb13a6bdf,aligned_actual_source,aligned_isotropic_source,mlp_up_gate_all_blocks_stage4_w4,mlp_up_gate_all_blocks_stage10_w4,-0.5746428556398512,True,False
462,80,primary_d82bcfdaeedc,aligned_actual_source,aligned_isotropic_source,mlp_up_gate_all_blocks_stage15_w6,mlp_up_gate_all_blocks_stage10_w6,-0.004747716723908727,True,False
462,80,primary_da06c09aa41a,aligned_actual_source,aligned_isotropic_source,adaln_conditioning_all_blocks_stage15_w6,adaln_conditioning_all_blocks_stage10_w6,0.020424106418591492,False,True
462,80,primary_ec9365fcc9ef,aligned_actual_source,aligned_isotropic_source,adaln_conditioning_all_blocks_stage15_w4,adaln_conditioning_all_blocks_stage10_w4,-0.2748161109549834,True,False
462,81,primary_52112c337d08,aligned_actual_source,aligned_isotropic_source,attention_output_all_blocks_stage4_w6,attention_output_all_blocks_stage15_w6,0.000516195418004628,False,True
462,81,primary_da06c09aa41a,aligned_actual_source,aligned_isotropic_source,adaln_conditioning_all_blocks_stage15_w6,adaln_conditioning_all_blocks_stage10_w6,-0.0383808951960418,True,False
462,82,primary_494f26df6416,aligned_actual_source,aligned_isotropic_source,attention_output_all_blocks_stage4_w4,attention_output_all_blocks_stage10_w4,0.24383871817367725,False,True
462,82,primary_52112c337d08,aligned_actual_source,aligned_isotropic_source,attention_output_all_blocks_stage15_w6,attention_output_all_blocks_stage10_w6,-0.0007462449182042974,True,False
462,82,primary_d82bcfdaeedc,aligned_actual_source,aligned_isotropic_source,mlp_up_gate_all_blocks_stage15_w6,mlp_up_gate_all_blocks_stage10_w6,0.0036714817829448486,False,True
462,82,primary_ec9365fcc9ef,aligned_actual_source,aligned_isotropic_source,adaln_conditioning_all_blocks_stage15_w4,adaln_conditioning_all_blocks_stage10_w4,-0.0861178375455296,True,False
511,79,primary_494f26df6416,aligned_actual_source,aligned_isotropic_source,attention_output_all_blocks_stage15_w4,attention_output_all_blocks_stage10_w4,-1.1411625981895526,True,False
511,79,primary_52112c337d08,aligned_actual_source,aligned_isotropic_source,attention_output_all_blocks_stage15_w6,attention_output_all_blocks_stage10_w6,-0.3350038447661064,True,False
511,79,primary_d82bcfdaeedc,aligned_actual_source,aligned_isotropic_source,mlp_up_gate_all_blocks_stage4_w6,mlp_up_gate_all_blocks_stage10_w6,0.5041900910678123,False,True
511,79,primary_ec9365fcc9ef,aligned_actual_source,aligned_isotropic_source,adaln_conditioning_all_blocks_stage15_w4,adaln_conditioning_all_blocks_stage10_w4,-1.325837890434929,True,False
511,80,primary_494f26df6416,aligned_actual_source,aligned_isotropic_source,attention_output_all_blocks_stage4_w4,attention_output_all_blocks_stage10_w4,-8.057706158493886,True,False
511,80,primary_52112c337d08,aligned_actual_source,aligned_isotropic_source,attention_output_all_blocks_stage4_w6,attention_output_all_blocks_stage10_w6,0.004771489178821751,False,True
511,80,primary_d82bcfdaeedc,aligned_actual_source,aligned_isotropic_source,mlp_up_gate_all_blocks_stage4_w6,mlp_up_gate_all_blocks_stage10_w6,-0.1335459190644883,True,False
511,80,primary_da06c09aa41a,aligned_actual_source,aligned_isotropic_source,adaln_conditioning_all_blocks_stage15_w6,adaln_conditioning_all_blocks_stage10_w6,-0.039295116869947584,True,False
511,80,primary_ec9365fcc9ef,aligned_actual_source,aligned_isotropic_source,adaln_conditioning_all_blocks_stage15_w4,adaln_conditioning_all_blocks_stage10_w4,-0.12373073463548678,True,False
511,81,primary_52112c337d08,aligned_actual_source,aligned_isotropic_source,attention_output_all_blocks_stage4_w6,attention_output_all_blocks_stage10_w6,-0.01133816776746244,True,False
511,81,primary_da06c09aa41a,aligned_actual_source,aligned_isotropic_source,adaln_conditioning_all_blocks_stage15_w6,adaln_conditioning_all_blocks_stage10_w6,0.009967887358186538,False,True
511,82,primary_494f26df6416,aligned_actual_source,aligned_isotropic_source,attention_output_all_blocks_stage15_w4,attention_output_all_blocks_stage10_w4,-0.6802646523299849,True,False
511,82,primary_52112c337d08,aligned_actual_source,aligned_isotropic_source,attention_output_all_blocks_stage15_w6,attention_output_all_blocks_stage10_w6,-0.04766683022155859,True,False
511,82,primary_d82bcfdaeedc,aligned_actual_source,aligned_isotropic_source,mlp_up_gate_all_blocks_stage15_w6,mlp_up_gate_all_blocks_stage10_w6,0.010608118838195672,False,True
511,82,primary_da06c09aa41a,aligned_actual_source,aligned_isotropic_source,adaln_conditioning_all_blocks_stage15_w6,adaln_conditioning_all_blocks_stage10_w6,-0.021289230814375074,True,False
511,82,primary_ec9365fcc9ef,aligned_actual_source,aligned_isotropic_source,adaln_conditioning_all_blocks_stage15_w4,adaln_conditioning_all_blocks_stage10_w4,-0.9018102858371437,True,False
568,79,primary_494f26df6416,aligned_actual_source,aligned_isotropic_source,attention_output_all_blocks_stage15_w4,attention_output_all_blocks_stage10_w4,0.04422554220724351,False,True
568,79,primary_52112c337d08,aligned_actual_source,aligned_isotropic_source,attention_output_all_blocks_stage15_w6,attention_output_all_blocks_stage10_w6,-0.012806241191356097,True,False
568,79,primary_d82bcfdaeedc,aligned_actual_source,aligned_isotropic_source,mlp_up_gate_all_blocks_stage15_w6,mlp_up_gate_all_blocks_stage10_w6,-0.04303488096871888,True,False
568,79,primary_ec9365fcc9ef,aligned_actual_source,aligned_isotropic_source,adaln_conditioning_all_blocks_stage15_w4,adaln_conditioning_all_blocks_stage10_w4,0.012678529639970307,False,True
568,80,primary_494f26df6416,aligned_actual_source,aligned_isotropic_source,attention_output_all_blocks_stage15_w4,attention_output_all_blocks_stage10_w4,-0.47294418894695045,True,False
568,80,primary_52112c337d08,aligned_actual_source,aligned_isotropic_source,attention_output_all_blocks_stage15_w6,attention_output_all_blocks_stage10_w6,-0.007476563104035,True,False
568,80,primary_d82bcfdaeedc,aligned_actual_source,aligned_isotropic_source,mlp_up_gate_all_blocks_stage15_w6,mlp_up_gate_all_blocks_stage10_w6,-0.5983779473193068,True,False
568,80,primary_ec9365fcc9ef,aligned_actual_source,aligned_isotropic_source,adaln_conditioning_all_blocks_stage15_w4,adaln_conditioning_all_blocks_stage10_w4,-0.42535885975394194,True,False
568,81,primary_494f26df6416,aligned_actual_source,aligned_isotropic_source,attention_output_all_blocks_stage15_w4,attention_output_all_blocks_stage10_w4,-0.23622342956520012,True,False
568,81,primary_52112c337d08,aligned_actual_source,aligned_isotropic_source,attention_output_all_blocks_stage15_w6,attention_output_all_blocks_stage10_w6,0.003518669223296911,False,True
568,81,primary_d82bcfdaeedc,aligned_actual_source,aligned_isotropic_source,mlp_up_gate_all_blocks_stage4_w6,mlp_up_gate_all_blocks_stage10_w6,-0.0179760120145147,True,False
568,81,primary_ec9365fcc9ef,aligned_actual_source,aligned_isotropic_source,adaln_conditioning_all_blocks_stage15_w4,adaln_conditioning_all_blocks_stage10_w4,-0.04300348543165458,True,False
568,82,primary_d82bcfdaeedc,aligned_actual_source,aligned_isotropic_source,mlp_up_gate_all_blocks_stage15_w6,mlp_up_gate_all_blocks_stage10_w6,-0.04837483144444832,True,False
568,82,primary_da06c09aa41a,aligned_actual_source,aligned_isotropic_source,adaln_conditioning_all_blocks_stage15_w6,adaln_conditioning_all_blocks_stage10_w6,-0.2536107929746975,True,False
568,82,primary_ec9365fcc9ef,aligned_actual_source,aligned_isotropic_source,adaln_conditioning_all_blocks_stage15_w4,adaln_conditioning_all_blocks_stage10_w4,-0.4376981532675899,True,False
679,79,primary_494f26df6416,aligned_actual_source,aligned_isotropic_source,attention_output_all_blocks_stage4_w4,attention_output_all_blocks_stage10_w4,2.1769387703696497,False,True
679,79,primary_52112c337d08,aligned_actual_source,aligned_isotropic_source,attention_output_all_blocks_stage15_w6,attention_output_all_blocks_stage10_w6,-0.23468596231475658,True,False
679,79,primary_d82bcfdaeedc,aligned_actual_source,aligned_isotropic_source,mlp_up_gate_all_blocks_stage4_w6,mlp_up_gate_all_blocks_stage10_w6,1.4947856100806693,False,True
679,79,primary_ec9365fcc9ef,aligned_actual_source,aligned_isotropic_source,adaln_conditioning_all_blocks_stage15_w4,adaln_conditioning_all_blocks_stage10_w4,-1.2200067133134667,True,False
679,80,primary_52112c337d08,aligned_actual_source,aligned_isotropic_source,attention_output_all_blocks_stage15_w6,attention_output_all_blocks_stage10_w6,0.015575487951593914,False,True
679,80,primary_d82bcfdaeedc,aligned_actual_source,aligned_isotropic_source,mlp_up_gate_all_blocks_stage15_w6,mlp_up_gate_all_blocks_stage10_w6,0.00882387130360484,False,True
679,80,primary_ec9365fcc9ef,aligned_actual_source,aligned_isotropic_source,adaln_conditioning_all_blocks_stage15_w4,adaln_conditioning_all_blocks_stage10_w4,-1.5648060785726443,True,False
679,81,primary_494f26df6416,aligned_actual_source,aligned_isotropic_source,attention_output_all_blocks_stage4_w4,attention_output_all_blocks_stage10_w4,-0.5586441986993123,True,False
679,81,primary_52112c337d08,aligned_actual_source,aligned_isotropic_source,attention_output_all_blocks_stage15_w6,attention_output_all_blocks_stage10_w6,-0.10191602079908436,True,False
679,81,primary_d82bcfdaeedc,aligned_actual_source,aligned_isotropic_source,mlp_up_gate_all_blocks_stage4_w6,mlp_up_gate_all_blocks_stage10_w6,-0.07736142467577166,True,False
679,81,primary_ec9365fcc9ef,aligned_actual_source,aligned_isotropic_source,adaln_conditioning_all_blocks_stage15_w4,adaln_conditioning_all_blocks_stage10_w4,-0.980942135624943,True,False
679,82,primary_494f26df6416,aligned_actual_source,aligned_isotropic_source,attention_output_all_blocks_stage15_w4,attention_output_all_blocks_stage10_w4,-1.4373571894277646,True,False
679,82,primary_d82bcfdaeedc,aligned_actual_source,aligned_isotropic_source,mlp_up_gate_all_blocks_stage15_w6,mlp_up_gate_all_blocks_stage10_w6,0.003191936934140223,False,True
679,82,primary_da06c09aa41a,aligned_actual_source,aligned_isotropic_source,adaln_conditioning_all_blocks_stage15_w6,adaln_conditioning_all_blocks_stage10_w6,0.010771916954148246,False,True
712,79,primary_019d7c31a48b,aligned_actual_source,aligned_isotropic_source,mlp_up_gate_all_blocks_stage15_w8,mlp_up_gate_all_blocks_stage10_w8,-0.0026766717631971906,True,False
712,79,primary_494f26df6416,aligned_actual_source,aligned_isotropic_source,attention_output_all_blocks_stage4_w4,attention_output_all_blocks_stage10_w4,-0.2941447791058067,True,False
712,79,primary_52112c337d08,aligned_actual_source,aligned_isotropic_source,attention_output_all_blocks_stage4_w6,attention_output_all_blocks_stage10_w6,-0.025890274469318797,True,False
712,79,primary_903cdd7eae0a,aligned_actual_source,aligned_isotropic_source,attention_output_all_blocks_stage15_w8,attention_output_all_blocks_stage10_w8,-0.005539363119396512,True,False
712,79,primary_d82bcfdaeedc,aligned_actual_source,aligned_isotropic_source,mlp_up_gate_all_blocks_stage4_w6,mlp_up_gate_all_blocks_stage10_w6,-0.013188162161384298,True,False
712,79,primary_ec9365fcc9ef,aligned_actual_source,aligned_isotropic_source,adaln_conditioning_all_blocks_stage15_w4,adaln_conditioning_all_blocks_stage10_w4,-0.1491328852015954,True,False
712,80,primary_494f26df6416,aligned_actual_source,aligned_isotropic_source,attention_output_all_blocks_stage15_w4,attention_output_all_blocks_stage10_w4,-0.2505923237035432,True,False
712,80,primary_52112c337d08,aligned_actual_source,aligned_isotropic_source,attention_output_all_blocks_stage15_w6,attention_output_all_blocks_stage10_w6,-0.026738208643738652,True,False
712,80,primary_d82bcfdaeedc,aligned_actual_source,aligned_isotropic_source,mlp_up_gate_all_blocks_stage15_w6,mlp_up_gate_all_blocks_stage10_w6,-0.04296095633191399,True,False
712,81,primary_494f26df6416,aligned_actual_source,aligned_isotropic_source,attention_output_all_blocks_stage4_w4,attention_output_all_blocks_stage10_w4,-0.21047359110872318,True,False
712,81,primary_52112c337d08,aligned_actual_source,aligned_isotropic_source,attention_output_all_blocks_stage15_w6,attention_output_all_blocks_stage10_w6,-0.014784416970567092,True,False
712,81,primary_d82bcfdaeedc,aligned_actual_source,aligned_isotropic_source,mlp_up_gate_all_blocks_stage4_w6,mlp_up_gate_all_blocks_stage10_w6,0.01857574674164654,False,True
712,81,primary_da06c09aa41a,aligned_actual_source,aligned_isotropic_source,adaln_conditioning_all_blocks_stage15_w6,adaln_conditioning_all_blocks_stage10_w6,-0.03819792654669743,True,False
712,82,primary_494f26df6416,aligned_actual_source,aligned_isotropic_source,attention_output_all_blocks_stage15_w4,attention_output_all_blocks_stage10_w4,-0.14261571243383733,True,False
712,82,primary_d82bcfdaeedc,aligned_actual_source,aligned_isotropic_source,mlp_up_gate_all_blocks_stage15_w6,mlp_up_gate_all_blocks_stage4_w6,-0.013127869924403509,True,False
712,82,primary_da06c09aa41a,aligned_actual_source,aligned_isotropic_source,adaln_conditioning_all_blocks_stage15_w6,adaln_conditioning_all_blocks_stage10_w6,-0.034931508804675104,True,False
780,79,primary_494f26df6416,aligned_actual_source,aligned_isotropic_source,attention_output_all_blocks_stage4_w4,attention_output_all_blocks_stage10_w4,-1.52065110284849,True,False
780,79,primary_52112c337d08,aligned_actual_source,aligned_isotropic_source,attention_output_all_blocks_stage4_w6,attention_output_all_blocks_stage10_w6,-0.031113722592579045,True,False
780,79,primary_d82bcfdaeedc,aligned_actual_source,aligned_isotropic_source,mlp_up_gate_all_blocks_stage4_w6,mlp_up_gate_all_blocks_stage10_w6,-0.038030535047028025,True,False
780,79,primary_da06c09aa41a,aligned_actual_source,aligned_isotropic_source,adaln_conditioning_all_blocks_stage15_w6,adaln_conditioning_all_blocks_stage10_w6,-0.08523167791435068,True,False
780,80,primary_494f26df6416,aligned_actual_source,aligned_isotropic_source,attention_output_all_blocks_stage15_w4,attention_output_all_blocks_stage10_w4,0.8441270679809918,False,True
780,80,primary_52112c337d08,aligned_actual_source,aligned_isotropic_source,attention_output_all_blocks_stage15_w6,attention_output_all_blocks_stage10_w6,-0.011553982584814555,True,False
780,80,primary_d82bcfdaeedc,aligned_actual_source,aligned_isotropic_source,mlp_up_gate_all_blocks_stage15_w6,mlp_up_gate_all_blocks_stage10_w6,-0.019789610084867362,True,False
780,80,primary_ec9365fcc9ef,aligned_actual_source,aligned_isotropic_source,adaln_conditioning_all_blocks_stage15_w4,adaln_conditioning_all_blocks_stage10_w4,0.02416345271718956,False,True
780,81,primary_494f26df6416,aligned_actual_source,aligned_isotropic_source,attention_output_all_blocks_stage15_w4,attention_output_all_blocks_stage10_w4,-9.832973725719935,True,False
780,81,primary_52112c337d08,aligned_actual_source,aligned_isotropic_source,attention_output_all_blocks_stage15_w6,attention_output_all_blocks_stage10_w6,-0.07525764724715599,True,False
780,81,primary_d82bcfdaeedc,aligned_actual_source,aligned_isotropic_source,mlp_up_gate_all_blocks_stage15_w6,mlp_up_gate_all_blocks_stage10_w6,-0.5181104443418542,True,False
780,81,primary_da06c09aa41a,aligned_actual_source,aligned_isotropic_source,adaln_conditioning_all_blocks_stage15_w6,adaln_conditioning_all_blocks_stage10_w6,-0.16493956672934473,True,False
780,82,primary_da06c09aa41a,aligned_actual_source,aligned_isotropic_source,adaln_conditioning_all_blocks_stage15_w6,adaln_conditioning_all_blocks_stage10_w6,0.026223767050197466,False,True
780,82,primary_ec9365fcc9ef,aligned_actual_source,aligned_isotropic_source,adaln_conditioning_all_blocks_stage15_w4,adaln_conditioning_all_blocks_stage10_w4,-0.002570682657719231,True,False
870,79,primary_494f26df6416,aligned_actual_source,aligned_isotropic_source,attention_output_all_blocks_stage4_w4,attention_output_all_blocks_stage10_w4,-0.11604011786278079,True,False
870,79,primary_52112c337d08,aligned_actual_source,aligned_isotropic_source,attention_output_all_blocks_stage15_w6,attention_output_all_blocks_stage10_w6,-0.07053994416071419,True,False
870,79,primary_d82bcfdaeedc,aligned_actual_source,aligned_isotropic_source,mlp_up_gate_all_blocks_stage4_w6,mlp_up_gate_all_blocks_stage10_w6,-0.08850528468853726,True,False
870,79,primary_ec9365fcc9ef,aligned_actual_source,aligned_isotropic_source,adaln_conditioning_all_blocks_stage15_w4,adaln_conditioning_all_blocks_stage10_w4,0.45709897282490897,False,True
870,80,primary_494f26df6416,aligned_actual_source,aligned_isotropic_source,attention_output_all_blocks_stage15_w4,attention_output_all_blocks_stage10_w4,0.19428626960483086,False,True
870,80,primary_52112c337d08,aligned_actual_source,aligned_isotropic_source,attention_output_all_blocks_stage15_w6,attention_output_all_blocks_stage10_w6,0.012561961682237666,False,True
870,80,primary_d82bcfdaeedc,aligned_actual_source,aligned_isotropic_source,mlp_up_gate_all_blocks_stage15_w6,mlp_up_gate_all_blocks_stage10_w6,0.022863779235024136,False,True
870,80,primary_ec9365fcc9ef,aligned_actual_source,aligned_isotropic_source,adaln_conditioning_all_blocks_stage15_w4,adaln_conditioning_all_blocks_stage10_w4,0.04991294897925515,False,True
870,81,primary_494f26df6416,aligned_actual_source,aligned_isotropic_source,attention_output_all_blocks_stage4_w4,attention_output_all_blocks_stage10_w4,-1.4929283564243294,True,False
870,81,primary_52112c337d08,aligned_actual_source,aligned_isotropic_source,attention_output_all_blocks_stage15_w6,attention_output_all_blocks_stage10_w6,-0.0342413091252638,True,False
870,81,primary_d82bcfdaeedc,aligned_actual_source,aligned_isotropic_source,mlp_up_gate_all_blocks_stage4_w6,mlp_up_gate_all_blocks_stage10_w6,-0.06904132530980078,True,False
870,81,primary_da06c09aa41a,aligned_actual_source,aligned_isotropic_source,adaln_conditioning_all_blocks_stage15_w6,adaln_conditioning_all_blocks_stage10_w6,-0.09900345182813906,True,False
870,81,primary_ec9365fcc9ef,aligned_actual_source,aligned_isotropic_source,adaln_conditioning_all_blocks_stage15_w4,adaln_conditioning_all_blocks_stage10_w4,0.0315760132964442,False,True
870,82,primary_494f26df6416,aligned_actual_source,aligned_isotropic_source,attention_output_all_blocks_stage4_w4,attention_output_all_blocks_stage10_w4,-0.6281719520907246,True,False
870,82,primary_52112c337d08,aligned_actual_source,aligned_isotropic_source,attention_output_all_blocks_stage15_w6,attention_output_all_blocks_stage10_w6,-0.0447545128101865,True,False
870,82,primary_d82bcfdaeedc,aligned_actual_source,aligned_isotropic_source,mlp_up_gate_all_blocks_stage15_w6,mlp_up_gate_all_blocks_stage10_w6,-0.19815307548810776,True,False
870,82,primary_da06c09aa41a,aligned_actual_source,aligned_isotropic_source,adaln_conditioning_all_blocks_stage15_w6,adaln_conditioning_all_blocks_stage10_w6,-0.12513182774455345,True,False
870,82,primary_ec9365fcc9ef,aligned_actual_source,aligned_isotropic_source,adaln_conditioning_all_blocks_stage15_w4,adaln_conditioning_all_blocks_stage10_w4,-3.321853571573669,True,False
888,79,primary_494f26df6416,aligned_actual_source,aligned_isotropic_source,attention_output_all_blocks_stage4_w4,attention_output_all_blocks_stage10_w4,-4.379818251953509,True,False
888,79,primary_52112c337d08,aligned_actual_source,aligned_isotropic_source,attention_output_all_blocks_stage4_w6,attention_output_all_blocks_stage15_w6,0.015618026738934532,False,True
888,79,primary_da06c09aa41a,aligned_actual_source,aligned_isotropic_source,adaln_conditioning_all_blocks_stage15_w6,adaln_conditioning_all_blocks_stage10_w6,-0.0211866610397351,True,False
888,80,primary_494f26df6416,aligned_actual_source,aligned_isotropic_source,attention_output_all_blocks_stage15_w4,attention_output_all_blocks_stage10_w4,-1.012336522373776,True,False
888,80,primary_52112c337d08,aligned_actual_source,aligned_isotropic_source,attention_output_all_blocks_stage15_w6,attention_output_all_blocks_stage10_w6,0.0010387141036396503,False,True
888,80,primary_d82bcfdaeedc,aligned_actual_source,aligned_isotropic_source,mlp_up_gate_all_blocks_stage15_w6,mlp_up_gate_all_blocks_stage10_w6,-0.0029986105030488375,True,False
888,80,primary_ec9365fcc9ef,aligned_actual_source,aligned_isotropic_source,adaln_conditioning_all_blocks_stage15_w4,adaln_conditioning_all_blocks_stage10_w4,-0.33147933275779806,True,False
888,81,primary_494f26df6416,aligned_actual_source,aligned_isotropic_source,attention_output_all_blocks_stage15_w4,attention_output_all_blocks_stage10_w4,-0.3315156180398872,True,False
888,81,primary_52112c337d08,aligned_actual_source,aligned_isotropic_source,attention_output_all_blocks_stage4_w6,attention_output_all_blocks_stage10_w6,0.0026354612846830596,False,True
888,81,primary_d82bcfdaeedc,aligned_actual_source,aligned_isotropic_source,mlp_up_gate_all_blocks_stage15_w6,mlp_up_gate_all_blocks_stage10_w6,0.007262399752690383,False,True
888,81,primary_ec9365fcc9ef,aligned_actual_source,aligned_isotropic_source,adaln_conditioning_all_blocks_stage15_w4,adaln_conditioning_all_blocks_stage10_w4,0.07828465028039489,False,True
888,82,primary_494f26df6416,aligned_actual_source,aligned_isotropic_source,attention_output_all_blocks_stage15_w4,attention_output_all_blocks_stage10_w4,-6.141482864823886,True,False
888,82,primary_d82bcfdaeedc,aligned_actual_source,aligned_isotropic_source,mlp_up_gate_all_blocks_stage15_w6,mlp_up_gate_all_blocks_stage10_w6,-0.4813058838408182,True,False
888,82,primary_da06c09aa41a,aligned_actual_source,aligned_isotropic_source,adaln_conditioning_all_blocks_stage15_w6,adaln_conditioning_all_blocks_stage10_w6,-0.20710712799147754,True,False
888,82,primary_ec9365fcc9ef,aligned_actual_source,aligned_isotropic_source,adaln_conditioning_all_blocks_stage15_w4,adaln_conditioning_all_blocks_stage10_w4,-1.0963351297195205,True,False
975,79,primary_494f26df6416,aligned_actual_source,aligned_isotropic_source,attention_output_all_blocks_stage15_w4,attention_output_all_blocks_stage10_w4,-32.92411244522213,True,False
975,79,primary_52112c337d08,aligned_actual_source,aligned_isotropic_source,attention_output_all_blocks_stage15_w6,attention_output_all_blocks_stage10_w6,-0.1270218475522142,True,False
975,79,primary_d82bcfdaeedc,aligned_actual_source,aligned_isotropic_source,mlp_up_gate_all_blocks_stage15_w6,mlp_up_gate_all_blocks_stage10_w6,-1.5722867806953216,True,False
975,79,primary_ec9365fcc9ef,aligned_actual_source,aligned_isotropic_source,adaln_conditioning_all_blocks_stage15_w4,adaln_conditioning_all_blocks_stage10_w4,-0.13314649711014678,True,False
975,80,primary_494f26df6416,aligned_actual_source,aligned_isotropic_source,attention_output_all_blocks_stage15_w4,attention_output_all_blocks_stage10_w4,-1.2579690284112528,True,False
975,80,primary_52112c337d08,aligned_actual_source,aligned_isotropic_source,attention_output_all_blocks_stage15_w6,attention_output_all_blocks_stage10_w6,-0.20333430243431394,True,False
975,80,primary_d82bcfdaeedc,aligned_actual_source,aligned_isotropic_source,mlp_up_gate_all_blocks_stage15_w6,mlp_up_gate_all_blocks_stage10_w6,-0.017942628064474775,True,False
975,80,primary_ec9365fcc9ef,aligned_actual_source,aligned_isotropic_source,adaln_conditioning_all_blocks_stage15_w4,adaln_conditioning_all_blocks_stage10_w4,-0.032083201580974226,True,False
975,81,primary_494f26df6416,aligned_actual_source,aligned_isotropic_source,attention_output_all_blocks_stage15_w4,attention_output_all_blocks_stage10_w4,-0.11832689936005635,True,False
975,81,primary_d82bcfdaeedc,aligned_actual_source,aligned_isotropic_source,mlp_up_gate_all_blocks_stage15_w6,mlp_up_gate_all_blocks_stage10_w6,-0.008967150756916452,True,False
975,81,primary_ec9365fcc9ef,aligned_actual_source,aligned_isotropic_source,adaln_conditioning_all_blocks_stage15_w4,adaln_conditioning_all_blocks_stage10_w4,-0.1392155218417237,True,False
975,82,primary_d82bcfdaeedc,aligned_actual_source,aligned_isotropic_source,mlp_up_gate_all_blocks_stage15_w6,mlp_up_gate_all_blocks_stage10_w6,-0.01007623486708553,True,False
975,82,primary_da06c09aa41a,aligned_actual_source,aligned_isotropic_source,adaln_conditioning_all_blocks_stage15_w6,adaln_conditioning_all_blocks_stage10_w6,0.02196624854974516,False,True
975,82,primary_ec9365fcc9ef,aligned_actual_source,aligned_isotropic_source,adaln_conditioning_all_blocks_stage15_w4,adaln_conditioning_all_blocks_stage10_w4,0.031453668239294075,False,True
19,79,primary_494f26df6416,stage_only,constant,attention_output_all_blocks_stage15_w4,attention_output_all_blocks_stage4_w4,0.045778057647737555,False,True
19,79,primary_d82bcfdaeedc,stage_only,constant,mlp_up_gate_all_blocks_stage4_w6,mlp_up_gate_all_blocks_stage15_w6,-0.008799948805005894,True,False
19,80,primary_494f26df6416,stage_only,constant,attention_output_all_blocks_stage10_w4,attention_output_all_blocks_stage4_w4,0.11365134000378416,False,True
19,80,primary_d82bcfdaeedc,stage_only,constant,mlp_up_gate_all_blocks_stage4_w6,mlp_up_gate_all_blocks_stage15_w6,-0.025417196992179928,True,False
19,81,primary_d82bcfdaeedc,stage_only,constant,mlp_up_gate_all_blocks_stage4_w6,mlp_up_gate_all_blocks_stage15_w6,0.03728428777958471,False,True
19,82,primary_494f26df6416,stage_only,constant,attention_output_all_blocks_stage15_w4,attention_output_all_blocks_stage4_w4,-0.02208407545549565,True,False
85,79,primary_494f26df6416,stage_only,constant,attention_output_all_blocks_stage15_w4,attention_output_all_blocks_stage4_w4,0.10474052644612183,False,True
85,79,primary_d82bcfdaeedc,stage_only,constant,mlp_up_gate_all_blocks_stage4_w6,mlp_up_gate_all_blocks_stage15_w6,0.01059591510032477,False,True
85,80,primary_494f26df6416,stage_only,constant,attention_output_all_blocks_stage15_w4,attention_output_all_blocks_stage4_w4,-0.0010716763266174073,True,False
85,80,primary_d82bcfdaeedc,stage_only,constant,mlp_up_gate_all_blocks_stage4_w6,mlp_up_gate_all_blocks_stage15_w6,-0.010105926449966773,True,False
85,81,primary_494f26df6416,stage_only,constant,attention_output_all_blocks_stage10_w4,attention_output_all_blocks_stage4_w4,0.20900438677205102,False,True
85,82,primary_494f26df6416,stage_only,constant,attention_output_all_blocks_stage15_w4,attention_output_all_blocks_stage4_w4,-1.4858487449220978,True,False
131,79,primary_d82bcfdaeedc,stage_only,constant,mlp_up_gate_all_blocks_stage4_w6,mlp_up_gate_all_blocks_stage15_w6,0.03810912699282198,False,True
131,80,primary_494f26df6416,stage_only,constant,attention_output_all_blocks_stage10_w4,attention_output_all_blocks_stage4_w4,-0.006079837202491958,True,False
131,81,primary_494f26df6416,stage_only,constant,attention_output_all_blocks_stage10_w4,attention_output_all_blocks_stage4_w4,0.36774391488779656,False,True
131,81,primary_d82bcfdaeedc,stage_only,constant,mlp_up_gate_all_blocks_stage4_w6,mlp_up_gate_all_blocks_stage15_w6,-0.025989785825061062,True,False
131,82,primary_494f26df6416,stage_only,constant,attention_output_all_blocks_stage15_w4,attention_output_all_blocks_stage4_w4,0.2132745979447499,False,True
224,79,primary_d82bcfdaeedc,stage_only,constant,mlp_up_gate_all_blocks_stage4_w6,mlp_up_gate_all_blocks_stage15_w6,-0.0009179913199091026,True,False
224,80,primary_494f26df6416,stage_only,constant,attention_output_all_blocks_stage10_w4,attention_output_all_blocks_stage4_w4,0.14421392183379567,False,True
224,81,primary_d82bcfdaeedc,stage_only,constant,mlp_up_gate_all_blocks_stage4_w6,mlp_up_gate_all_blocks_stage15_w6,0.0070849271178445895,False,True
224,82,primary_494f26df6416,stage_only,constant,attention_output_all_blocks_stage15_w4,attention_output_all_blocks_stage4_w4,-0.002243055188884596,True,False
224,82,primary_d0adb13a6bdf,stage_only,constant,mlp_up_gate_all_blocks_stage15_w4,mlp_up_gate_all_blocks_stage4_w4,-0.5371969369975176,True,False
301,79,primary_494f26df6416,stage_only,constant,attention_output_all_blocks_stage15_w4,attention_output_all_blocks_stage4_w4,-1.4823460099755685,True,False
301,80,primary_494f26df6416,stage_only,constant,attention_output_all_blocks_stage15_w4,attention_output_all_blocks_stage4_w4,0.1244421481516298,False,True
301,81,primary_d82bcfdaeedc,stage_only,constant,mlp_up_gate_all_blocks_stage4_w6,mlp_up_gate_all_blocks_stage15_w6,1.7436878283908044,False,True
301,82,primary_494f26df6416,stage_only,constant,attention_output_all_blocks_stage15_w4,attention_output_all_blocks_stage4_w4,-1.9733015090159252,True,False
301,82,primary_d0adb13a6bdf,stage_only,constant,mlp_up_gate_all_blocks_stage15_w4,mlp_up_gate_all_blocks_stage4_w4,-1.9668856402270265,True,False
345,79,primary_494f26df6416,stage_only,constant,attention_output_all_blocks_stage15_w4,attention_output_all_blocks_stage4_w4,-0.03684068087152076,True,False
345,79,primary_d82bcfdaeedc,stage_only,constant,mlp_up_gate_all_blocks_stage4_w6,mlp_up_gate_all_blocks_stage15_w6,-0.022213948648314375,True,False
345,80,primary_494f26df6416,stage_only,constant,attention_output_all_blocks_stage15_w4,attention_output_all_blocks_stage4_w4,-0.03394659566669135,True,False
345,81,primary_494f26df6416,stage_only,constant,attention_output_all_blocks_stage10_w4,attention_output_all_blocks_stage4_w4,0.058027758842687405,False,True
345,81,primary_d82bcfdaeedc,stage_only,constant,mlp_up_gate_all_blocks_stage4_w6,mlp_up_gate_all_blocks_stage15_w6,-0.007792187465426533,True,False
345,82,primary_494f26df6416,stage_only,constant,attention_output_all_blocks_stage15_w4,attention_output_all_blocks_stage4_w4,-0.10946995368067292,True,False
384,79,primary_494f26df6416,stage_only,constant,attention_output_all_blocks_stage15_w4,attention_output_all_blocks_stage4_w4,0.13627560553493367,False,True
384,79,primary_d82bcfdaeedc,stage_only,constant,mlp_up_gate_all_blocks_stage4_w6,mlp_up_gate_all_blocks_stage15_w6,-0.016299836045561733,True,False
384,80,primary_494f26df6416,stage_only,constant,attention_output_all_blocks_stage15_w4,attention_output_all_blocks_stage4_w4,0.010477811406019527,False,True
384,81,primary_494f26df6416,stage_only,constant,attention_output_all_blocks_stage15_w4,attention_output_all_blocks_stage4_w4,0.3623123898561608,False,True
384,82,primary_494f26df6416,stage_only,constant,attention_output_all_blocks_stage15_w4,attention_output_all_blocks_stage4_w4,0.013095102885529286,False,True
462,79,primary_494f26df6416,stage_only,constant,attention_output_all_blocks_stage10_w4,attention_output_all_blocks_stage4_w4,0.993742967071441,False,True
462,79,primary_d82bcfdaeedc,stage_only,constant,mlp_up_gate_all_blocks_stage4_w6,mlp_up_gate_all_blocks_stage15_w6,0.0265740462867008,False,True
462,80,primary_494f26df6416,stage_only,constant,attention_output_all_blocks_stage15_w4,attention_output_all_blocks_stage4_w4,0.09877608342262433,False,True
462,81,primary_d82bcfdaeedc,stage_only,constant,mlp_up_gate_all_blocks_stage4_w6,mlp_up_gate_all_blocks_stage15_w6,-0.009908340501905144,True,False
462,82,primary_494f26df6416,stage_only,constant,attention_output_all_blocks_stage15_w4,attention_output_all_blocks_stage4_w4,-0.17747436950787682,True,False
511,79,primary_494f26df6416,stage_only,constant,attention_output_all_blocks_stage15_w4,attention_output_all_blocks_stage4_w4,-2.0895085329072884,True,False
511,79,primary_d82bcfdaeedc,stage_only,constant,mlp_up_gate_all_blocks_stage4_w6,mlp_up_gate_all_blocks_stage15_w6,0.577361785202072,False,True
511,80,primary_d82bcfdaeedc,stage_only,constant,mlp_up_gate_all_blocks_stage4_w6,mlp_up_gate_all_blocks_stage15_w6,-0.02435682142051121,True,False
511,81,primary_d82bcfdaeedc,stage_only,constant,mlp_up_gate_all_blocks_stage4_w6,mlp_up_gate_all_blocks_stage15_w6,-0.005295505022331788,True,False
511,82,primary_494f26df6416,stage_only,constant,attention_output_all_blocks_stage15_w4,attention_output_all_blocks_stage4_w4,-0.04656702885853298,True,False
568,79,primary_494f26df6416,stage_only,constant,attention_output_all_blocks_stage15_w4,attention_output_all_blocks_stage4_w4,-0.024685757716440576,True,False
568,80,primary_494f26df6416,stage_only,constant,attention_output_all_blocks_stage10_w4,attention_output_all_blocks_stage4_w4,0.5868689555115906,False,True
568,81,primary_494f26df6416,stage_only,constant,attention_output_all_blocks_stage10_w4,attention_output_all_blocks_stage4_w4,0.19009782558129013,False,True
568,81,primary_d82bcfdaeedc,stage_only,constant,mlp_up_gate_all_blocks_stage4_w6,mlp_up_gate_all_blocks_stage15_w6,0.0028090310527204634,False,True
568,82,primary_494f26df6416,stage_only,constant,attention_output_all_blocks_stage15_w4,attention_output_all_blocks_stage4_w4,-5.836088148003056,True,False
679,79,primary_d82bcfdaeedc,stage_only,constant,mlp_up_gate_all_blocks_stage4_w6,mlp_up_gate_all_blocks_stage15_w6,2.2640375049313524,False,True
679,80,primary_494f26df6416,stage_only,constant,attention_output_all_blocks_stage10_w4,attention_output_all_blocks_stage4_w4,-0.10891642673902877,True,False
679,81,primary_494f26df6416,stage_only,constant,attention_output_all_blocks_stage15_w4,attention_output_all_blocks_stage4_w4,-0.22206505646619235,True,False
679,81,primary_d82bcfdaeedc,stage_only,constant,mlp_up_gate_all_blocks_stage4_w6,mlp_up_gate_all_blocks_stage15_w6,0.07328541702690929,False,True
679,82,primary_494f26df6416,stage_only,constant,attention_output_all_blocks_stage15_w4,attention_output_all_blocks_stage4_w4,-18.69596083738753,True,False
712,79,primary_d82bcfdaeedc,stage_only,constant,mlp_up_gate_all_blocks_stage4_w6,mlp_up_gate_all_blocks_stage15_w6,-0.03881245265711186,True,False
712,80,primary_494f26df6416,stage_only,constant,attention_output_all_blocks_stage15_w4,attention_output_all_blocks_stage4_w4,-0.026740694452254132,True,False
712,81,primary_494f26df6416,stage_only,constant,attention_output_all_blocks_stage15_w4,attention_output_all_blocks_stage4_w4,0.11756197381990666,False,True
712,81,primary_d82bcfdaeedc,stage_only,constant,mlp_up_gate_all_blocks_stage4_w6,mlp_up_gate_all_blocks_stage15_w6,0.025324734482605755,False,True
712,82,primary_494f26df6416,stage_only,constant,attention_output_all_blocks_stage15_w4,attention_output_all_blocks_stage4_w4,-0.0637920659974611,True,False
780,79,primary_494f26df6416,stage_only,constant,attention_output_all_blocks_stage15_w4,attention_output_all_blocks_stage4_w4,0.12454283687469567,False,True
780,79,primary_d82bcfdaeedc,stage_only,constant,mlp_up_gate_all_blocks_stage4_w6,mlp_up_gate_all_blocks_stage15_w6,-0.010252999725366866,True,False
780,79,primary_da06c09aa41a,stage_only,constant,adaln_conditioning_all_blocks_stage15_w6,adaln_conditioning_all_blocks_stage10_w6,-0.08523167791435068,True,False
780,80,primary_494f26df6416,stage_only,constant,attention_output_all_blocks_stage10_w4,attention_output_all_blocks_stage4_w4,0.36028267065744046,False,True
780,81,primary_494f26df6416,stage_only,constant,attention_output_all_blocks_stage15_w4,attention_output_all_blocks_stage4_w4,-1.7021723518621703,True,False
780,81,primary_d82bcfdaeedc,stage_only,constant,mlp_up_gate_all_blocks_stage4_w6,mlp_up_gate_all_blocks_stage15_w6,0.008352461881312227,False,True
780,82,primary_494f26df6416,stage_only,constant,attention_output_all_blocks_stage15_w4,attention_output_all_blocks_stage4_w4,0.06652160997214196,False,True
780,82,primary_d82bcfdaeedc,stage_only,constant,mlp_up_gate_all_blocks_stage4_w6,mlp_up_gate_all_blocks_stage15_w6,-0.025474626505964437,True,False
870,79,primary_494f26df6416,stage_only,constant,attention_output_all_blocks_stage15_w4,attention_output_all_blocks_stage4_w4,-0.11159841249838104,True,False
870,79,primary_d82bcfdaeedc,stage_only,constant,mlp_up_gate_all_blocks_stage4_w6,mlp_up_gate_all_blocks_stage15_w6,-0.04966059569680682,True,False
870,80,primary_494f26df6416,stage_only,constant,attention_output_all_blocks_stage10_w4,attention_output_all_blocks_stage4_w4,-0.02707233985272238,True,False
870,80,primary_d82bcfdaeedc,stage_only,constant,mlp_up_gate_all_blocks_stage10_w6,mlp_up_gate_all_blocks_stage15_w6,-0.022863779235024136,True,False
870,81,primary_d82bcfdaeedc,stage_only,constant,mlp_up_gate_all_blocks_stage4_w6,mlp_up_gate_all_blocks_stage15_w6,0.0215022672291525,False,True
870,82,primary_d82bcfdaeedc,stage_only,constant,mlp_up_gate_all_blocks_stage4_w6,mlp_up_gate_all_blocks_stage15_w6,0.1201768583923695,False,True
888,79,primary_d82bcfdaeedc,stage_only,constant,mlp_up_gate_all_blocks_stage4_w6,mlp_up_gate_all_blocks_stage15_w6,0.22749623556438797,False,True
888,80,primary_494f26df6416,stage_only,constant,attention_output_all_blocks_stage15_w4,attention_output_all_blocks_stage4_w4,-0.4333080262915558,True,False
888,81,primary_494f26df6416,stage_only,constant,attention_output_all_blocks_stage15_w4,attention_output_all_blocks_stage4_w4,-0.023286106217767638,True,False
888,81,primary_d82bcfdaeedc,stage_only,constant,mlp_up_gate_all_blocks_stage4_w6,mlp_up_gate_all_blocks_stage15_w6,-0.0016076310719910225,True,False
888,82,primary_494f26df6416,stage_only,constant,attention_output_all_blocks_stage15_w4,attention_output_all_blocks_stage4_w4,-0.3702271142291096,True,False
975,79,primary_494f26df6416,stage_only,constant,attention_output_all_blocks_stage15_w4,attention_output_all_blocks_stage4_w4,-1.0786760035800853,True,False
975,80,primary_494f26df6416,stage_only,constant,attention_output_all_blocks_stage15_w4,attention_output_all_blocks_stage4_w4,-11.43344640156147,True,False
975,81,primary_494f26df6416,stage_only,constant,attention_output_all_blocks_stage15_w4,attention_output_all_blocks_stage4_w4,-0.008223255779057567,True,False
975,82,primary_494f26df6416,stage_only,constant,attention_output_all_blocks_stage15_w4,attention_output_all_blocks_stage4_w4,0.02463067434045739,False,True
19,79,primary_d0adb13a6bdf,stage_only,latest_stage,mlp_up_gate_all_blocks_stage4_w4,mlp_up_gate_all_blocks_stage15_w4,0.4070969140494186,False,True
19,79,primary_d82bcfdaeedc,stage_only,latest_stage,mlp_up_gate_all_blocks_stage4_w6,mlp_up_gate_all_blocks_stage15_w6,-0.008799948805005894,True,False
19,79,primary_da06c09aa41a,stage_only,latest_stage,adaln_conditioning_all_blocks_stage10_w6,adaln_conditioning_all_blocks_stage15_w6,-0.06649978278773006,True,False
19,80,primary_494f26df6416,stage_only,latest_stage,attention_output_all_blocks_stage10_w4,attention_output_all_blocks_stage15_w4,-0.06995501372000495,True,False
19,80,primary_d0adb13a6bdf,stage_only,latest_stage,mlp_up_gate_all_blocks_stage4_w4,mlp_up_gate_all_blocks_stage15_w4,-0.9958952094009275,True,False
19,80,primary_d82bcfdaeedc,stage_only,latest_stage,mlp_up_gate_all_blocks_stage4_w6,mlp_up_gate_all_blocks_stage15_w6,-0.025417196992179928,True,False
19,80,primary_da06c09aa41a,stage_only,latest_stage,adaln_conditioning_all_blocks_stage10_w6,adaln_conditioning_all_blocks_stage15_w6,-0.11471052835372575,True,False
19,81,primary_494f26df6416,stage_only,latest_stage,attention_output_all_blocks_stage4_w4,attention_output_all_blocks_stage15_w4,2.240712260634041,False,True
19,81,primary_d0adb13a6bdf,stage_only,latest_stage,mlp_up_gate_all_blocks_stage4_w4,mlp_up_gate_all_blocks_stage15_w4,-0.3949083548275354,True,False
19,81,primary_d82bcfdaeedc,stage_only,latest_stage,mlp_up_gate_all_blocks_stage4_w6,mlp_up_gate_all_blocks_stage15_w6,0.03728428777958471,False,True
19,81,primary_da06c09aa41a,stage_only,latest_stage,adaln_conditioning_all_blocks_stage10_w6,adaln_conditioning_all_blocks_stage15_w6,0.5810441569715294,False,True
19,82,primary_d0adb13a6bdf,stage_only,latest_stage,mlp_up_gate_all_blocks_stage4_w4,mlp_up_gate_all_blocks_stage15_w4,-0.15190737776191554,True,False
19,82,primary_da06c09aa41a,stage_only,latest_stage,adaln_conditioning_all_blocks_stage10_w6,adaln_conditioning_all_blocks_stage15_w6,-0.022306794083078785,True,False
85,79,primary_d0adb13a6bdf,stage_only,latest_stage,mlp_up_gate_all_blocks_stage4_w4,mlp_up_gate_all_blocks_stage15_w4,-0.2940226194886151,True,False
85,79,primary_d82bcfdaeedc,stage_only,latest_stage,mlp_up_gate_all_blocks_stage4_w6,mlp_up_gate_all_blocks_stage15_w6,0.01059591510032477,False,True
85,79,primary_da06c09aa41a,stage_only,latest_stage,adaln_conditioning_all_blocks_stage10_w6,adaln_conditioning_all_blocks_stage15_w6,-9.454350353621521e-05,True,False
85,80,primary_d0adb13a6bdf,stage_only,latest_stage,mlp_up_gate_all_blocks_stage4_w4,mlp_up_gate_all_blocks_stage15_w4,-1.5892297279922898,True,False
85,80,primary_d82bcfdaeedc,stage_only,latest_stage,mlp_up_gate_all_blocks_stage4_w6,mlp_up_gate_all_blocks_stage15_w6,-0.010105926449966773,True,False
85,80,primary_da06c09aa41a,stage_only,latest_stage,adaln_conditioning_all_blocks_stage10_w6,adaln_conditioning_all_blocks_stage15_w6,-0.058017741673452874,True,False
85,81,primary_494f26df6416,stage_only,latest_stage,attention_output_all_blocks_stage10_w4,attention_output_all_blocks_stage15_w4,0.007335493228424694,False,True
85,81,primary_d0adb13a6bdf,stage_only,latest_stage,mlp_up_gate_all_blocks_stage4_w4,mlp_up_gate_all_blocks_stage15_w4,-0.4480675434408249,True,False
85,81,primary_da06c09aa41a,stage_only,latest_stage,adaln_conditioning_all_blocks_stage10_w6,adaln_conditioning_all_blocks_stage15_w6,-0.025983784067932447,True,False
85,82,primary_d0adb13a6bdf,stage_only,latest_stage,mlp_up_gate_all_blocks_stage4_w4,mlp_up_gate_all_blocks_stage15_w4,186.10672442308564,False,True
85,82,primary_da06c09aa41a,stage_only,latest_stage,adaln_conditioning_all_blocks_stage10_w6,adaln_conditioning_all_blocks_stage15_w6,0.001292604890295479,False,True
131,79,primary_494f26df6416,stage_only,latest_stage,attention_output_all_blocks_stage4_w4,attention_output_all_blocks_stage15_w4,0.32297097839028766,False,True
131,79,primary_d0adb13a6bdf,stage_only,latest_stage,mlp_up_gate_all_blocks_stage4_w4,mlp_up_gate_all_blocks_stage15_w4,1.5441052672895235,False,True
131,79,primary_d82bcfdaeedc,stage_only,latest_stage,mlp_up_gate_all_blocks_stage4_w6,mlp_up_gate_all_blocks_stage15_w6,0.03810912699282198,False,True
131,79,primary_da06c09aa41a,stage_only,latest_stage,adaln_conditioning_all_blocks_stage10_w6,adaln_conditioning_all_blocks_stage15_w6,-0.10397168672579937,True,False
131,80,primary_494f26df6416,stage_only,latest_stage,attention_output_all_blocks_stage10_w4,attention_output_all_blocks_stage15_w4,-0.16089950683233667,True,False
131,80,primary_d0adb13a6bdf,stage_only,latest_stage,mlp_up_gate_all_blocks_stage4_w4,mlp_up_gate_all_blocks_stage15_w4,-0.15864905470243684,True,False
131,80,primary_da06c09aa41a,stage_only,latest_stage,adaln_conditioning_all_blocks_stage10_w6,adaln_conditioning_all_blocks_stage15_w6,-0.031669677576928734,True,False
131,81,primary_494f26df6416,stage_only,latest_stage,attention_output_all_blocks_stage10_w4,attention_output_all_blocks_stage15_w4,-0.5186113500022885,True,False
131,81,primary_d0adb13a6bdf,stage_only,latest_stage,mlp_up_gate_all_blocks_stage4_w4,mlp_up_gate_all_blocks_stage15_w4,-0.1715114222385523,True,False
131,81,primary_d82bcfdaeedc,stage_only,latest_stage,mlp_up_gate_all_blocks_stage4_w6,mlp_up_gate_all_blocks_stage15_w6,-0.025989785825061062,True,False
131,81,primary_da06c09aa41a,stage_only,latest_stage,adaln_conditioning_all_blocks_stage10_w6,adaln_conditioning_all_blocks_stage15_w6,-0.08757117996327678,True,False
131,82,primary_d0adb13a6bdf,stage_only,latest_stage,mlp_up_gate_all_blocks_stage4_w4,mlp_up_gate_all_blocks_stage15_w4,0.16109304053911427,False,True
131,82,primary_da06c09aa41a,stage_only,latest_stage,adaln_conditioning_all_blocks_stage10_w6,adaln_conditioning_all_blocks_stage15_w6,-0.02137730303678609,True,False
224,79,primary_494f26df6416,stage_only,latest_stage,attention_output_all_blocks_stage4_w4,attention_output_all_blocks_stage15_w4,0.0902822188083725,False,True
224,79,primary_d0adb13a6bdf,stage_only,latest_stage,mlp_up_gate_all_blocks_stage4_w4,mlp_up_gate_all_blocks_stage15_w4,3.072778260280476,False,True
224,79,primary_d82bcfdaeedc,stage_only,latest_stage,mlp_up_gate_all_blocks_stage4_w6,mlp_up_gate_all_blocks_stage15_w6,-0.0009179913199091026,True,False
224,79,primary_da06c09aa41a,stage_only,latest_stage,adaln_conditioning_all_blocks_stage10_w6,adaln_conditioning_all_blocks_stage15_w6,-0.009195865268566188,True,False
224,80,primary_494f26df6416,stage_only,latest_stage,attention_output_all_blocks_stage10_w4,attention_output_all_blocks_stage15_w4,0.03350821545501505,False,True
224,80,primary_d0adb13a6bdf,stage_only,latest_stage,mlp_up_gate_all_blocks_stage4_w4,mlp_up_gate_all_blocks_stage15_w4,-0.9175077652084269,True,False
224,80,primary_da06c09aa41a,stage_only,latest_stage,adaln_conditioning_all_blocks_stage10_w6,adaln_conditioning_all_blocks_stage15_w6,-0.018002829684235166,True,False
224,81,primary_494f26df6416,stage_only,latest_stage,attention_output_all_blocks_stage4_w4,attention_output_all_blocks_stage15_w4,-0.07375104210977668,True,False
224,81,primary_d0adb13a6bdf,stage_only,latest_stage,mlp_up_gate_all_blocks_stage4_w4,mlp_up_gate_all_blocks_stage15_w4,-0.20886924795283685,True,False
224,81,primary_d82bcfdaeedc,stage_only,latest_stage,mlp_up_gate_all_blocks_stage4_w6,mlp_up_gate_all_blocks_stage15_w6,0.0070849271178445895,False,True
224,81,primary_da06c09aa41a,stage_only,latest_stage,adaln_conditioning_all_blocks_stage10_w6,adaln_conditioning_all_blocks_stage15_w6,-0.008592939597519946,True,False
224,82,primary_da06c09aa41a,stage_only,latest_stage,adaln_conditioning_all_blocks_stage10_w6,adaln_conditioning_all_blocks_stage15_w6,-0.015170154264922072,True,False
301,79,primary_d0adb13a6bdf,stage_only,latest_stage,mlp_up_gate_all_blocks_stage4_w4,mlp_up_gate_all_blocks_stage15_w4,1.4648727671117714,False,True
301,79,primary_da06c09aa41a,stage_only,latest_stage,adaln_conditioning_all_blocks_stage10_w6,adaln_conditioning_all_blocks_stage15_w6,-0.01118871860404623,True,False
301,80,primary_d0adb13a6bdf,stage_only,latest_stage,mlp_up_gate_all_blocks_stage4_w4,mlp_up_gate_all_blocks_stage15_w4,-0.2388444633269984,True,False
301,80,primary_da06c09aa41a,stage_only,latest_stage,adaln_conditioning_all_blocks_stage10_w6,adaln_conditioning_all_blocks_stage15_w6,-0.07933583124219368,True,False
301,81,primary_494f26df6416,stage_only,latest_stage,attention_output_all_blocks_stage4_w4,attention_output_all_blocks_stage15_w4,1.207219104415671,False,True
301,81,primary_d0adb13a6bdf,stage_only,latest_stage,mlp_up_gate_all_blocks_stage4_w4,mlp_up_gate_all_blocks_stage15_w4,18.830651450175523,False,True
301,81,primary_d82bcfdaeedc,stage_only,latest_stage,mlp_up_gate_all_blocks_stage4_w6,mlp_up_gate_all_blocks_stage15_w6,1.7436878283908044,False,True
301,81,primary_da06c09aa41a,stage_only,latest_stage,adaln_conditioning_all_blocks_stage10_w6,adaln_conditioning_all_blocks_stage15_w6,0.16946836049043057,False,True
301,82,primary_da06c09aa41a,stage_only,latest_stage,adaln_conditioning_all_blocks_stage10_w6,adaln_conditioning_all_blocks_stage15_w6,0.015654077588706627,False,True
345,79,primary_d0adb13a6bdf,stage_only,latest_stage,mlp_up_gate_all_blocks_stage4_w4,mlp_up_gate_all_blocks_stage15_w4,-0.7548438759282876,True,False
345,79,primary_d82bcfdaeedc,stage_only,latest_stage,mlp_up_gate_all_blocks_stage4_w6,mlp_up_gate_all_blocks_stage15_w6,-0.022213948648314375,True,False
345,79,primary_da06c09aa41a,stage_only,latest_stage,adaln_conditioning_all_blocks_stage10_w6,adaln_conditioning_all_blocks_stage15_w6,-0.024312330556256243,True,False
345,80,primary_d0adb13a6bdf,stage_only,latest_stage,mlp_up_gate_all_blocks_stage4_w4,mlp_up_gate_all_blocks_stage15_w4,0.11924035051373488,False,True
345,80,primary_da06c09aa41a,stage_only,latest_stage,adaln_conditioning_all_blocks_stage10_w6,adaln_conditioning_all_blocks_stage15_w6,0.0028237730477513948,False,True
345,81,primary_494f26df6416,stage_only,latest_stage,attention_output_all_blocks_stage10_w4,attention_output_all_blocks_stage15_w4,-0.1919243274865145,True,False
345,81,primary_d0adb13a6bdf,stage_only,latest_stage,mlp_up_gate_all_blocks_stage4_w4,mlp_up_gate_all_blocks_stage15_w4,-0.5883217198257285,True,False
345,81,primary_d82bcfdaeedc,stage_only,latest_stage,mlp_up_gate_all_blocks_stage4_w6,mlp_up_gate_all_blocks_stage15_w6,-0.007792187465426533,True,False
345,81,primary_da06c09aa41a,stage_only,latest_stage,adaln_conditioning_all_blocks_stage10_w6,adaln_conditioning_all_blocks_stage15_w6,-0.05853859797365145,True,False
345,82,primary_d0adb13a6bdf,stage_only,latest_stage,mlp_up_gate_all_blocks_stage4_w4,mlp_up_gate_all_blocks_stage15_w4,0.07495892892711353,False,True
345,82,primary_da06c09aa41a,stage_only,latest_stage,adaln_conditioning_all_blocks_stage10_w6,adaln_conditioning_all_blocks_stage15_w6,0.02688838551387107,False,True
384,79,primary_d0adb13a6bdf,stage_only,latest_stage,mlp_up_gate_all_blocks_stage4_w4,mlp_up_gate_all_blocks_stage15_w4,0.007693294577766463,False,True
384,79,primary_d82bcfdaeedc,stage_only,latest_stage,mlp_up_gate_all_blocks_stage4_w6,mlp_up_gate_all_blocks_stage15_w6,-0.016299836045561733,True,False
384,79,primary_da06c09aa41a,stage_only,latest_stage,adaln_conditioning_all_blocks_stage10_w6,adaln_conditioning_all_blocks_stage15_w6,-0.019368207543383417,True,False
384,80,primary_d0adb13a6bdf,stage_only,latest_stage,mlp_up_gate_all_blocks_stage4_w4,mlp_up_gate_all_blocks_stage15_w4,-0.3386806913680402,True,False
384,80,primary_da06c09aa41a,stage_only,latest_stage,adaln_conditioning_all_blocks_stage10_w6,adaln_conditioning_all_blocks_stage15_w6,-0.0023136638123268938,True,False
384,81,primary_d0adb13a6bdf,stage_only,latest_stage,mlp_up_gate_all_blocks_stage4_w4,mlp_up_gate_all_blocks_stage15_w4,-0.1653210659372916,True,False
384,81,primary_da06c09aa41a,stage_only,latest_stage,adaln_conditioning_all_blocks_stage10_w6,adaln_conditioning_all_blocks_stage15_w6,0.019893606942730464,False,True
384,82,primary_d0adb13a6bdf,stage_only,latest_stage,mlp_up_gate_all_blocks_stage4_w4,mlp_up_gate_all_blocks_stage15_w4,0.5279563083001337,False,True
384,82,primary_da06c09aa41a,stage_only,latest_stage,adaln_conditioning_all_blocks_stage10_w6,adaln_conditioning_all_blocks_stage15_w6,0.0147287028679699,False,True
462,79,primary_494f26df6416,stage_only,latest_stage,attention_output_all_blocks_stage10_w4,attention_output_all_blocks_stage15_w4,0.9851420268625477,False,True
462,79,primary_d0adb13a6bdf,stage_only,latest_stage,mlp_up_gate_all_blocks_stage4_w4,mlp_up_gate_all_blocks_stage15_w4,-0.6518285291257941,True,False
462,79,primary_d82bcfdaeedc,stage_only,latest_stage,mlp_up_gate_all_blocks_stage4_w6,mlp_up_gate_all_blocks_stage15_w6,0.0265740462867008,False,True
462,79,primary_da06c09aa41a,stage_only,latest_stage,adaln_conditioning_all_blocks_stage10_w6,adaln_conditioning_all_blocks_stage15_w6,0.026266220974036976,False,True
462,80,primary_d0adb13a6bdf,stage_only,latest_stage,mlp_up_gate_all_blocks_stage4_w4,mlp_up_gate_all_blocks_stage15_w4,-0.5102369044479823,True,False
462,80,primary_da06c09aa41a,stage_only,latest_stage,adaln_conditioning_all_blocks_stage10_w6,adaln_conditioning_all_blocks_stage15_w6,-0.020424106418591492,True,False
462,81,primary_494f26df6416,stage_only,latest_stage,attention_output_all_blocks_stage4_w4,attention_output_all_blocks_stage15_w4,-0.23807898602370517,True,False
462,81,primary_d0adb13a6bdf,stage_only,latest_stage,mlp_up_gate_all_blocks_stage4_w4,mlp_up_gate_all_blocks_stage15_w4,10.17053088827426,False,True
462,81,primary_d82bcfdaeedc,stage_only,latest_stage,mlp_up_gate_all_blocks_stage4_w6,mlp_up_gate_all_blocks_stage15_w6,-0.009908340501905144,True,False
462,81,primary_da06c09aa41a,stage_only,latest_stage,adaln_conditioning_all_blocks_stage10_w6,adaln_conditioning_all_blocks_stage15_w6,0.0383808951960418,False,True
462,82,primary_d0adb13a6bdf,stage_only,latest_stage,mlp_up_gate_all_blocks_stage4_w4,mlp_up_gate_all_blocks_stage15_w4,-0.9067171472428299,True,False
462,82,primary_da06c09aa41a,stage_only,latest_stage,adaln_conditioning_all_blocks_stage10_w6,adaln_conditioning_all_blocks_stage15_w6,-0.12016563225691357,True,False
511,79,primary_d0adb13a6bdf,stage_only,latest_stage,mlp_up_gate_all_blocks_stage4_w4,mlp_up_gate_all_blocks_stage15_w4,0.040187047179230606,False,True
511,79,primary_d82bcfdaeedc,stage_only,latest_stage,mlp_up_gate_all_blocks_stage4_w6,mlp_up_gate_all_blocks_stage15_w6,0.577361785202072,False,True
511,79,primary_da06c09aa41a,stage_only,latest_stage,adaln_conditioning_all_blocks_stage10_w6,adaln_conditioning_all_blocks_stage15_w6,0.05541245288253551,False,True
511,80,primary_494f26df6416,stage_only,latest_stage,attention_output_all_blocks_stage4_w4,attention_output_all_blocks_stage15_w4,-0.2653740473206909,True,False
511,80,primary_d0adb13a6bdf,stage_only,latest_stage,mlp_up_gate_all_blocks_stage4_w4,mlp_up_gate_all_blocks_stage15_w4,1.2953712950404674,False,True
511,80,primary_d82bcfdaeedc,stage_only,latest_stage,mlp_up_gate_all_blocks_stage4_w6,mlp_up_gate_all_blocks_stage15_w6,-0.02435682142051121,True,False
511,80,primary_da06c09aa41a,stage_only,latest_stage,adaln_conditioning_all_blocks_stage10_w6,adaln_conditioning_all_blocks_stage15_w6,0.039295116869947584,False,True
511,81,primary_494f26df6416,stage_only,latest_stage,attention_output_all_blocks_stage4_w4,attention_output_all_blocks_stage15_w4,-0.680440715423984,True,False
511,81,primary_d0adb13a6bdf,stage_only,latest_stage,mlp_up_gate_all_blocks_stage4_w4,mlp_up_gate_all_blocks_stage15_w4,-0.38544762513959085,True,False
511,81,primary_d82bcfdaeedc,stage_only,latest_stage,mlp_up_gate_all_blocks_stage4_w6,mlp_up_gate_all_blocks_stage15_w6,-0.005295505022331788,True,False
511,81,primary_da06c09aa41a,stage_only,latest_stage,adaln_conditioning_all_blocks_stage10_w6,adaln_conditioning_all_blocks_stage15_w6,-0.009967887358186538,True,False
511,82,primary_d0adb13a6bdf,stage_only,latest_stage,mlp_up_gate_all_blocks_stage4_w4,mlp_up_gate_all_blocks_stage15_w4,-0.12113888272953943,True,False
511,82,primary_da06c09aa41a,stage_only,latest_stage,adaln_conditioning_all_blocks_stage10_w6,adaln_conditioning_all_blocks_stage15_w6,0.021289230814375074,False,True
568,79,primary_d0adb13a6bdf,stage_only,latest_stage,mlp_up_gate_all_blocks_stage4_w4,mlp_up_gate_all_blocks_stage15_w4,0.02517840627821505,False,True
568,79,primary_da06c09aa41a,stage_only,latest_stage,adaln_conditioning_all_blocks_stage10_w6,adaln_conditioning_all_blocks_stage15_w6,-0.028656284309818154,True,False
568,80,primary_494f26df6416,stage_only,latest_stage,attention_output_all_blocks_stage10_w4,attention_output_all_blocks_stage15_w4,0.47294418894695045,False,True
568,80,primary_d0adb13a6bdf,stage_only,latest_stage,mlp_up_gate_all_blocks_stage4_w4,mlp_up_gate_all_blocks_stage15_w4,-0.39138698143241524,True,False
568,80,primary_da06c09aa41a,stage_only,latest_stage,adaln_conditioning_all_blocks_stage10_w6,adaln_conditioning_all_blocks_stage15_w6,-0.0647517322609019,True,False
568,81,primary_494f26df6416,stage_only,latest_stage,attention_output_all_blocks_stage10_w4,attention_output_all_blocks_stage15_w4,0.23622342956520012,False,True
568,81,primary_d0adb13a6bdf,stage_only,latest_stage,mlp_up_gate_all_blocks_stage4_w4,mlp_up_gate_all_blocks_stage15_w4,-0.17919951988090696,True,False
568,81,primary_d82bcfdaeedc,stage_only,latest_stage,mlp_up_gate_all_blocks_stage4_w6,mlp_up_gate_all_blocks_stage15_w6,0.0028090310527204634,False,True
568,81,primary_da06c09aa41a,stage_only,latest_stage,adaln_conditioning_all_blocks_stage10_w6,adaln_conditioning_all_blocks_stage15_w6,-0.014270690126579662,True,False
568,82,primary_d0adb13a6bdf,stage_only,latest_stage,mlp_up_gate_all_blocks_stage4_w4,mlp_up_gate_all_blocks_stage15_w4,3.020981883014599,False,True
568,82,primary_da06c09aa41a,stage_only,latest_stage,adaln_conditioning_all_blocks_stage10_w6,adaln_conditioning_all_blocks_stage15_w6,0.2536107929746975,False,True
679,79,primary_494f26df6416,stage_only,latest_stage,attention_output_all_blocks_stage4_w4,attention_output_all_blocks_stage15_w4,5.59857749839296,False,True
679,79,primary_d0adb13a6bdf,stage_only,latest_stage,mlp_up_gate_all_blocks_stage4_w4,mlp_up_gate_all_blocks_stage15_w4,8.76392101464029,False,True
679,79,primary_d82bcfdaeedc,stage_only,latest_stage,mlp_up_gate_all_blocks_stage4_w6,mlp_up_gate_all_blocks_stage15_w6,2.2640375049313524,False,True
679,79,primary_da06c09aa41a,stage_only,latest_stage,adaln_conditioning_all_blocks_stage10_w6,adaln_conditioning_all_blocks_stage15_w6,0.2572143603424592,False,True
679,80,primary_494f26df6416,stage_only,latest_stage,attention_output_all_blocks_stage10_w4,attention_output_all_blocks_stage15_w4,-0.9632182249443169,True,False
679,80,primary_d0adb13a6bdf,stage_only,latest_stage,mlp_up_gate_all_blocks_stage4_w4,mlp_up_gate_all_blocks_stage15_w4,-1.5826517132198885,True,False
679,80,primary_da06c09aa41a,stage_only,latest_stage,adaln_conditioning_all_blocks_stage10_w6,adaln_conditioning_all_blocks_stage15_w6,-0.12755150427324227,True,False
679,81,primary_d0adb13a6bdf,stage_only,latest_stage,mlp_up_gate_all_blocks_stage4_w4,mlp_up_gate_all_blocks_stage15_w4,0.08072546813804138,False,True
679,81,primary_d82bcfdaeedc,stage_only,latest_stage,mlp_up_gate_all_blocks_stage4_w6,mlp_up_gate_all_blocks_stage15_w6,0.07328541702690929,False,True
679,81,primary_da06c09aa41a,stage_only,latest_stage,adaln_conditioning_all_blocks_stage10_w6,adaln_conditioning_all_blocks_stage15_w6,-0.024170927830198252,True,False
679,82,primary_d0adb13a6bdf,stage_only,latest_stage,mlp_up_gate_all_blocks_stage4_w4,mlp_up_gate_all_blocks_stage15_w4,2.471302335264795,False,True
679,82,primary_da06c09aa41a,stage_only,latest_stage,adaln_conditioning_all_blocks_stage10_w6,adaln_conditioning_all_blocks_stage15_w6,-0.010771916954148246,True,False
712,79,primary_494f26df6416,stage_only,latest_stage,attention_output_all_blocks_stage4_w4,attention_output_all_blocks_stage15_w4,0.044172009165606596,False,True
712,79,primary_d0adb13a6bdf,stage_only,latest_stage,mlp_up_gate_all_blocks_stage4_w4,mlp_up_gate_all_blocks_stage15_w4,1.833407624976573,False,True
712,79,primary_d82bcfdaeedc,stage_only,latest_stage,mlp_up_gate_all_blocks_stage4_w6,mlp_up_gate_all_blocks_stage15_w6,-0.03881245265711186,True,False
712,79,primary_da06c09aa41a,stage_only,latest_stage,adaln_conditioning_all_blocks_stage10_w6,adaln_conditioning_all_blocks_stage15_w6,-0.03246678959823156,True,False
712,80,primary_d0adb13a6bdf,stage_only,latest_stage,mlp_up_gate_all_blocks_stage4_w4,mlp_up_gate_all_blocks_stage15_w4,-0.37101567465703056,True,False
712,80,primary_da06c09aa41a,stage_only,latest_stage,adaln_conditioning_all_blocks_stage10_w6,adaln_conditioning_all_blocks_stage15_w6,-0.04352403226755186,True,False
712,81,primary_d0adb13a6bdf,stage_only,latest_stage,mlp_up_gate_all_blocks_stage4_w4,mlp_up_gate_all_blocks_stage15_w4,-0.66831259574062,True,False
712,81,primary_d82bcfdaeedc,stage_only,latest_stage,mlp_up_gate_all_blocks_stage4_w6,mlp_up_gate_all_blocks_stage15_w6,0.025324734482605755,False,True
712,81,primary_da06c09aa41a,stage_only,latest_stage,adaln_conditioning_all_blocks_stage10_w6,adaln_conditioning_all_blocks_stage15_w6,0.03819792654669743,False,True
712,82,primary_d0adb13a6bdf,stage_only,latest_stage,mlp_up_gate_all_blocks_stage4_w4,mlp_up_gate_all_blocks_stage15_w4,1.0981034045078104,False,True
712,82,primary_da06c09aa41a,stage_only,latest_stage,adaln_conditioning_all_blocks_stage10_w6,adaln_conditioning_all_blocks_stage15_w6,0.034931508804675104,False,True
780,79,primary_d0adb13a6bdf,stage_only,latest_stage,mlp_up_gate_all_blocks_stage4_w4,mlp_up_gate_all_blocks_stage15_w4,-0.42689466310493174,True,False
780,79,primary_d82bcfdaeedc,stage_only,latest_stage,mlp_up_gate_all_blocks_stage4_w6,mlp_up_gate_all_blocks_stage15_w6,-0.010252999725366866,True,False
780,80,primary_494f26df6416,stage_only,latest_stage,attention_output_all_blocks_stage10_w4,attention_output_all_blocks_stage15_w4,-0.8441270679809918,True,False
780,80,primary_d0adb13a6bdf,stage_only,latest_stage,mlp_up_gate_all_blocks_stage4_w4,mlp_up_gate_all_blocks_stage15_w4,-2.9701772721567177,True,False
780,80,primary_da06c09aa41a,stage_only,latest_stage,adaln_conditioning_all_blocks_stage10_w6,adaln_conditioning_all_blocks_stage15_w6,-0.09421451641856039,True,False
780,81,primary_d0adb13a6bdf,stage_only,latest_stage,mlp_up_gate_all_blocks_stage4_w4,mlp_up_gate_all_blocks_stage15_w4,0.2152608096987479,False,True
780,81,primary_d82bcfdaeedc,stage_only,latest_stage,mlp_up_gate_all_blocks_stage4_w6,mlp_up_gate_all_blocks_stage15_w6,0.008352461881312227,False,True
780,81,primary_da06c09aa41a,stage_only,latest_stage,adaln_conditioning_all_blocks_stage10_w6,adaln_conditioning_all_blocks_stage15_w6,0.16493956672934473,False,True
780,82,primary_d0adb13a6bdf,stage_only,latest_stage,mlp_up_gate_all_blocks_stage4_w4,mlp_up_gate_all_blocks_stage15_w4,-0.1999252157467595,True,False
780,82,primary_d82bcfdaeedc,stage_only,latest_stage,mlp_up_gate_all_blocks_stage4_w6,mlp_up_gate_all_blocks_stage15_w6,-0.025474626505964437,True,False
780,82,primary_da06c09aa41a,stage_only,latest_stage,adaln_conditioning_all_blocks_stage10_w6,adaln_conditioning_all_blocks_stage15_w6,-0.026223767050197466,True,False
870,79,primary_d0adb13a6bdf,stage_only,latest_stage,mlp_up_gate_all_blocks_stage4_w4,mlp_up_gate_all_blocks_stage15_w4,-0.60117819968616,True,False
870,79,primary_d82bcfdaeedc,stage_only,latest_stage,mlp_up_gate_all_blocks_stage4_w6,mlp_up_gate_all_blocks_stage15_w6,-0.04966059569680682,True,False
870,79,primary_da06c09aa41a,stage_only,latest_stage,adaln_conditioning_all_blocks_stage10_w6,adaln_conditioning_all_blocks_stage15_w6,-0.14709912576722672,True,False
870,80,primary_494f26df6416,stage_only,latest_stage,attention_output_all_blocks_stage10_w4,attention_output_all_blocks_stage15_w4,-0.19428626960483086,True,False
870,80,primary_d0adb13a6bdf,stage_only,latest_stage,mlp_up_gate_all_blocks_stage4_w4,mlp_up_gate_all_blocks_stage15_w4,-0.849609569133964,True,False
870,80,primary_d82bcfdaeedc,stage_only,latest_stage,mlp_up_gate_all_blocks_stage10_w6,mlp_up_gate_all_blocks_stage15_w6,-0.022863779235024136,True,False
870,80,primary_da06c09aa41a,stage_only,latest_stage,adaln_conditioning_all_blocks_stage10_w6,adaln_conditioning_all_blocks_stage15_w6,-0.03900109882125946,True,False
870,81,primary_494f26df6416,stage_only,latest_stage,attention_output_all_blocks_stage4_w4,attention_output_all_blocks_stage15_w4,-0.6258738320557314,True,False
870,81,primary_d0adb13a6bdf,stage_only,latest_stage,mlp_up_gate_all_blocks_stage4_w4,mlp_up_gate_all_blocks_stage15_w4,-0.6693487733336951,True,False
870,81,primary_d82bcfdaeedc,stage_only,latest_stage,mlp_up_gate_all_blocks_stage4_w6,mlp_up_gate_all_blocks_stage15_w6,0.0215022672291525,False,True
870,81,primary_da06c09aa41a,stage_only,latest_stage,adaln_conditioning_all_blocks_stage10_w6,adaln_conditioning_all_blocks_stage15_w6,0.09900345182813906,False,True
870,82,primary_494f26df6416,stage_only,latest_stage,attention_output_all_blocks_stage4_w4,attention_output_all_blocks_stage15_w4,-2.1035272921074153,True,False
870,82,primary_d0adb13a6bdf,stage_only,latest_stage,mlp_up_gate_all_blocks_stage4_w4,mlp_up_gate_all_blocks_stage15_w4,-0.012900385569637018,True,False
870,82,primary_d82bcfdaeedc,stage_only,latest_stage,mlp_up_gate_all_blocks_stage4_w6,mlp_up_gate_all_blocks_stage15_w6,0.1201768583923695,False,True
870,82,primary_da06c09aa41a,stage_only,latest_stage,adaln_conditioning_all_blocks_stage10_w6,adaln_conditioning_all_blocks_stage15_w6,0.12513182774455345,False,True
888,79,primary_494f26df6416,stage_only,latest_stage,attention_output_all_blocks_stage4_w4,attention_output_all_blocks_stage15_w4,1.0282385812698183,False,True
888,79,primary_d0adb13a6bdf,stage_only,latest_stage,mlp_up_gate_all_blocks_stage4_w4,mlp_up_gate_all_blocks_stage15_w4,5.339512851842358,False,True
888,79,primary_d82bcfdaeedc,stage_only,latest_stage,mlp_up_gate_all_blocks_stage4_w6,mlp_up_gate_all_blocks_stage15_w6,0.22749623556438797,False,True
888,79,primary_da06c09aa41a,stage_only,latest_stage,adaln_conditioning_all_blocks_stage10_w6,adaln_conditioning_all_blocks_stage15_w6,0.0211866610397351,False,True
888,80,primary_d0adb13a6bdf,stage_only,latest_stage,mlp_up_gate_all_blocks_stage4_w4,mlp_up_gate_all_blocks_stage15_w4,5.84322444321576,False,True
888,80,primary_da06c09aa41a,stage_only,latest_stage,adaln_conditioning_all_blocks_stage10_w6,adaln_conditioning_all_blocks_stage15_w6,-0.054239788687890936,True,False
888,81,primary_d0adb13a6bdf,stage_only,latest_stage,mlp_up_gate_all_blocks_stage4_w4,mlp_up_gate_all_blocks_stage15_w4,0.1884543487285556,False,True
888,81,primary_d82bcfdaeedc,stage_only,latest_stage,mlp_up_gate_all_blocks_stage4_w6,mlp_up_gate_all_blocks_stage15_w6,-0.0016076310719910225,True,False
888,81,primary_da06c09aa41a,stage_only,latest_stage,adaln_conditioning_all_blocks_stage10_w6,adaln_conditioning_all_blocks_stage15_w6,-0.06045872376375884,True,False
888,82,primary_d0adb13a6bdf,stage_only,latest_stage,mlp_up_gate_all_blocks_stage4_w4,mlp_up_gate_all_blocks_stage15_w4,22.446279263957294,False,True
888,82,primary_da06c09aa41a,stage_only,latest_stage,adaln_conditioning_all_blocks_stage10_w6,adaln_conditioning_all_blocks_stage15_w6,0.20710712799147754,False,True
975,79,primary_d0adb13a6bdf,stage_only,latest_stage,mlp_up_gate_all_blocks_stage4_w4,mlp_up_gate_all_blocks_stage15_w4,18.411051776122804,False,True
975,79,primary_da06c09aa41a,stage_only,latest_stage,adaln_conditioning_all_blocks_stage10_w6,adaln_conditioning_all_blocks_stage15_w6,0.6597996635846357,False,True
975,80,primary_d0adb13a6bdf,stage_only,latest_stage,mlp_up_gate_all_blocks_stage4_w4,mlp_up_gate_all_blocks_stage15_w4,2.4354234454364696,False,True
975,80,primary_da06c09aa41a,stage_only,latest_stage,adaln_conditioning_all_blocks_stage10_w6,adaln_conditioning_all_blocks_stage15_w6,0.3739187026877175,False,True
975,81,primary_d0adb13a6bdf,stage_only,latest_stage,mlp_up_gate_all_blocks_stage4_w4,mlp_up_gate_all_blocks_stage15_w4,-0.17287296852737194,True,False
975,81,primary_da06c09aa41a,stage_only,latest_stage,adaln_conditioning_all_blocks_stage10_w6,adaln_conditioning_all_blocks_stage15_w6,-0.01629593302914145,True,False
975,82,primary_d0adb13a6bdf,stage_only,latest_stage,mlp_up_gate_all_blocks_stage4_w4,mlp_up_gate_all_blocks_stage15_w4,0.41061854899783157,False,True
975,82,primary_da06c09aa41a,stage_only,latest_stage,adaln_conditioning_all_blocks_stage10_w6,adaln_conditioning_all_blocks_stage15_w6,-0.02196624854974516,True,False
19,79,primary_52112c337d08,aligned_actual_source,constant,attention_output_all_blocks_stage4_w6,attention_output_all_blocks_stage15_w6,0.0007670826726666746,False,True
19,79,primary_d82bcfdaeedc,aligned_actual_source,constant,mlp_up_gate_all_blocks_stage4_w6,mlp_up_gate_all_blocks_stage15_w6,-0.008799948805005894,True,False
19,79,primary_da06c09aa41a,aligned_actual_source,constant,adaln_conditioning_all_blocks_stage15_w6,adaln_conditioning_all_blocks_stage10_w6,0.06649978278773006,False,True
19,81,primary_da06c09aa41a,aligned_actual_source,constant,adaln_conditioning_all_blocks_stage15_w6,adaln_conditioning_all_blocks_stage10_w6,-0.5810441569715294,True,False
19,82,primary_494f26df6416,aligned_actual_source,constant,attention_output_all_blocks_stage15_w4,attention_output_all_blocks_stage4_w4,-0.02208407545549565,True,False
85,79,primary_d82bcfdaeedc,aligned_actual_source,constant,mlp_up_gate_all_blocks_stage4_w6,mlp_up_gate_all_blocks_stage15_w6,0.01059591510032477,False,True
85,79,primary_da06c09aa41a,aligned_actual_source,constant,adaln_conditioning_all_blocks_stage15_w6,adaln_conditioning_all_blocks_stage10_w6,9.454350353621521e-05,False,True
85,80,primary_494f26df6416,aligned_actual_source,constant,attention_output_all_blocks_stage15_w4,attention_output_all_blocks_stage4_w4,-0.0010716763266174073,True,False
85,80,primary_d82bcfdaeedc,aligned_actual_source,constant,mlp_up_gate_all_blocks_stage4_w6,mlp_up_gate_all_blocks_stage15_w6,-0.010105926449966773,True,False
85,81,primary_494f26df6416,aligned_actual_source,constant,attention_output_all_blocks_stage15_w4,attention_output_all_blocks_stage4_w4,0.20166889354362633,False,True
85,82,primary_494f26df6416,aligned_actual_source,constant,attention_output_all_blocks_stage15_w4,attention_output_all_blocks_stage4_w4,-1.4858487449220978,True,False
85,82,primary_da06c09aa41a,aligned_actual_source,constant,adaln_conditioning_all_blocks_stage15_w6,adaln_conditioning_all_blocks_stage10_w6,-0.001292604890295479,True,False
131,79,primary_52112c337d08,aligned_actual_source,constant,attention_output_all_blocks_stage4_w6,attention_output_all_blocks_stage15_w6,0.009563111837451286,False,True
131,79,primary_d82bcfdaeedc,aligned_actual_source,constant,mlp_up_gate_all_blocks_stage4_w6,mlp_up_gate_all_blocks_stage15_w6,0.03810912699282198,False,True
131,80,primary_494f26df6416,aligned_actual_source,constant,attention_output_all_blocks_stage15_w4,attention_output_all_blocks_stage4_w4,0.15481966962984473,False,True
131,81,primary_d82bcfdaeedc,aligned_actual_source,constant,mlp_up_gate_all_blocks_stage4_w6,mlp_up_gate_all_blocks_stage15_w6,-0.025989785825061062,True,False
131,82,primary_494f26df6416,aligned_actual_source,constant,attention_output_all_blocks_stage15_w4,attention_output_all_blocks_stage4_w4,0.2132745979447499,False,True
131,82,primary_da06c09aa41a,aligned_actual_source,constant,adaln_conditioning_all_blocks_stage15_w6,adaln_conditioning_all_blocks_stage10_w6,0.02137730303678609,False,True
224,79,primary_d82bcfdaeedc,aligned_actual_source,constant,mlp_up_gate_all_blocks_stage4_w6,mlp_up_gate_all_blocks_stage15_w6,-0.0009179913199091026,True,False
224,79,primary_da06c09aa41a,aligned_actual_source,constant,adaln_conditioning_all_blocks_stage15_w6,adaln_conditioning_all_blocks_stage10_w6,0.009195865268566188,False,True
224,80,primary_494f26df6416,aligned_actual_source,constant,attention_output_all_blocks_stage15_w4,attention_output_all_blocks_stage4_w4,0.11070570637878062,False,True
224,81,primary_52112c337d08,aligned_actual_source,constant,attention_output_all_blocks_stage4_w6,attention_output_all_blocks_stage15_w6,0.0019054242641374222,False,True
224,81,primary_d82bcfdaeedc,aligned_actual_source,constant,mlp_up_gate_all_blocks_stage4_w6,mlp_up_gate_all_blocks_stage15_w6,0.0070849271178445895,False,True
224,81,primary_da06c09aa41a,aligned_actual_source,constant,adaln_conditioning_all_blocks_stage15_w6,adaln_conditioning_all_blocks_stage10_w6,0.008592939597519946,False,True
224,82,primary_494f26df6416,aligned_actual_source,constant,attention_output_all_blocks_stage15_w4,attention_output_all_blocks_stage4_w4,-0.002243055188884596,True,False
224,82,primary_d0adb13a6bdf,aligned_actual_source,constant,mlp_up_gate_all_blocks_stage15_w4,mlp_up_gate_all_blocks_stage4_w4,-0.5371969369975176,True,False
224,82,primary_da06c09aa41a,aligned_actual_source,constant,adaln_conditioning_all_blocks_stage15_w6,adaln_conditioning_all_blocks_stage10_w6,0.015170154264922072,False,True
301,79,primary_52112c337d08,aligned_actual_source,constant,attention_output_all_blocks_stage4_w6,attention_output_all_blocks_stage15_w6,0.083511730195994,False,True
301,79,primary_da06c09aa41a,aligned_actual_source,constant,adaln_conditioning_all_blocks_stage15_w6,adaln_conditioning_all_blocks_stage10_w6,0.01118871860404623,False,True
301,80,primary_494f26df6416,aligned_actual_source,constant,attention_output_all_blocks_stage15_w4,attention_output_all_blocks_stage4_w4,0.1244421481516298,False,True
301,81,primary_52112c337d08,aligned_actual_source,constant,attention_output_all_blocks_stage4_w6,attention_output_all_blocks_stage15_w6,0.7670506094364526,False,True
301,81,primary_d82bcfdaeedc,aligned_actual_source,constant,mlp_up_gate_all_blocks_stage4_w6,mlp_up_gate_all_blocks_stage15_w6,1.7436878283908044,False,True
301,82,primary_494f26df6416,aligned_actual_source,constant,attention_output_all_blocks_stage15_w4,attention_output_all_blocks_stage4_w4,-1.9733015090159252,True,False
301,82,primary_d0adb13a6bdf,aligned_actual_source,constant,mlp_up_gate_all_blocks_stage15_w4,mlp_up_gate_all_blocks_stage4_w4,-1.9668856402270265,True,False
301,82,primary_da06c09aa41a,aligned_actual_source,constant,adaln_conditioning_all_blocks_stage15_w6,adaln_conditioning_all_blocks_stage10_w6,-0.015654077588706627,True,False
345,79,primary_52112c337d08,aligned_actual_source,constant,attention_output_all_blocks_stage4_w6,attention_output_all_blocks_stage15_w6,0.0013217372152780592,False,True
345,79,primary_d82bcfdaeedc,aligned_actual_source,constant,mlp_up_gate_all_blocks_stage4_w6,mlp_up_gate_all_blocks_stage15_w6,-0.022213948648314375,True,False
345,80,primary_494f26df6416,aligned_actual_source,constant,attention_output_all_blocks_stage15_w4,attention_output_all_blocks_stage4_w4,-0.03394659566669135,True,False
345,82,primary_da06c09aa41a,aligned_actual_source,constant,adaln_conditioning_all_blocks_stage15_w6,adaln_conditioning_all_blocks_stage10_w6,-0.02688838551387107,True,False
384,79,primary_d82bcfdaeedc,aligned_actual_source,constant,mlp_up_gate_all_blocks_stage4_w6,mlp_up_gate_all_blocks_stage15_w6,-0.016299836045561733,True,False
384,79,primary_da06c09aa41a,aligned_actual_source,constant,adaln_conditioning_all_blocks_stage15_w6,adaln_conditioning_all_blocks_stage10_w6,0.019368207543383417,False,True
384,80,primary_494f26df6416,aligned_actual_source,constant,attention_output_all_blocks_stage15_w4,attention_output_all_blocks_stage4_w4,0.010477811406019527,False,True
384,80,primary_da06c09aa41a,aligned_actual_source,constant,adaln_conditioning_all_blocks_stage15_w6,adaln_conditioning_all_blocks_stage10_w6,0.0023136638123268938,False,True
384,81,primary_da06c09aa41a,aligned_actual_source,constant,adaln_conditioning_all_blocks_stage15_w6,adaln_conditioning_all_blocks_stage10_w6,-0.019893606942730464,True,False
384,82,primary_d0adb13a6bdf,aligned_actual_source,constant,mlp_up_gate_all_blocks_stage15_w4,mlp_up_gate_all_blocks_stage4_w4,-0.5279563083001337,True,False
384,82,primary_da06c09aa41a,aligned_actual_source,constant,adaln_conditioning_all_blocks_stage15_w6,adaln_conditioning_all_blocks_stage10_w6,-0.0147287028679699,True,False
462,80,primary_494f26df6416,aligned_actual_source,constant,attention_output_all_blocks_stage15_w4,attention_output_all_blocks_stage4_w4,0.09877608342262433,False,True
462,80,primary_da06c09aa41a,aligned_actual_source,constant,adaln_conditioning_all_blocks_stage15_w6,adaln_conditioning_all_blocks_stage10_w6,0.020424106418591492,False,True
462,81,primary_52112c337d08,aligned_actual_source,constant,attention_output_all_blocks_stage4_w6,attention_output_all_blocks_stage15_w6,0.000516195418004628,False,True
462,81,primary_d82bcfdaeedc,aligned_actual_source,constant,mlp_up_gate_all_blocks_stage4_w6,mlp_up_gate_all_blocks_stage15_w6,-0.009908340501905144,True,False
462,81,primary_da06c09aa41a,aligned_actual_source,constant,adaln_conditioning_all_blocks_stage15_w6,adaln_conditioning_all_blocks_stage10_w6,-0.0383808951960418,True,False
511,79,primary_494f26df6416,aligned_actual_source,constant,attention_output_all_blocks_stage15_w4,attention_output_all_blocks_stage4_w4,-2.0895085329072884,True,False
511,79,primary_d82bcfdaeedc,aligned_actual_source,constant,mlp_up_gate_all_blocks_stage4_w6,mlp_up_gate_all_blocks_stage15_w6,0.577361785202072,False,True
511,80,primary_52112c337d08,aligned_actual_source,constant,attention_output_all_blocks_stage4_w6,attention_output_all_blocks_stage15_w6,0.0017178382206992603,False,True
511,80,primary_d82bcfdaeedc,aligned_actual_source,constant,mlp_up_gate_all_blocks_stage4_w6,mlp_up_gate_all_blocks_stage15_w6,-0.02435682142051121,True,False
511,80,primary_da06c09aa41a,aligned_actual_source,constant,adaln_conditioning_all_blocks_stage15_w6,adaln_conditioning_all_blocks_stage10_w6,-0.039295116869947584,True,False
511,81,primary_52112c337d08,aligned_actual_source,constant,attention_output_all_blocks_stage4_w6,attention_output_all_blocks_stage15_w6,-0.0038416307218085456,True,False
511,81,primary_d82bcfdaeedc,aligned_actual_source,constant,mlp_up_gate_all_blocks_stage4_w6,mlp_up_gate_all_blocks_stage15_w6,-0.005295505022331788,True,False
511,81,primary_da06c09aa41a,aligned_actual_source,constant,adaln_conditioning_all_blocks_stage15_w6,adaln_conditioning_all_blocks_stage10_w6,0.009967887358186538,False,True
511,82,primary_494f26df6416,aligned_actual_source,constant,attention_output_all_blocks_stage15_w4,attention_output_all_blocks_stage4_w4,-0.04656702885853298,True,False
511,82,primary_da06c09aa41a,aligned_actual_source,constant,adaln_conditioning_all_blocks_stage15_w6,adaln_conditioning_all_blocks_stage10_w6,-0.021289230814375074,True,False
568,79,primary_494f26df6416,aligned_actual_source,constant,attention_output_all_blocks_stage15_w4,attention_output_all_blocks_stage4_w4,-0.024685757716440576,True,False
568,80,primary_494f26df6416,aligned_actual_source,constant,attention_output_all_blocks_stage15_w4,attention_output_all_blocks_stage4_w4,0.11392476656464015,False,True
568,81,primary_494f26df6416,aligned_actual_source,constant,attention_output_all_blocks_stage15_w4,attention_output_all_blocks_stage4_w4,-0.046125603983909996,True,False
568,81,primary_d82bcfdaeedc,aligned_actual_source,constant,mlp_up_gate_all_blocks_stage4_w6,mlp_up_gate_all_blocks_stage15_w6,0.0028090310527204634,False,True
568,82,primary_494f26df6416,aligned_actual_source,constant,attention_output_all_blocks_stage15_w4,attention_output_all_blocks_stage4_w4,-5.836088148003056,True,False
568,82,primary_da06c09aa41a,aligned_actual_source,constant,adaln_conditioning_all_blocks_stage15_w6,adaln_conditioning_all_blocks_stage10_w6,-0.2536107929746975,True,False
679,79,primary_d82bcfdaeedc,aligned_actual_source,constant,mlp_up_gate_all_blocks_stage4_w6,mlp_up_gate_all_blocks_stage15_w6,2.2640375049313524,False,True
679,80,primary_494f26df6416,aligned_actual_source,constant,attention_output_all_blocks_stage10_w4,attention_output_all_blocks_stage4_w4,-0.10891642673902877,True,False
679,81,primary_d82bcfdaeedc,aligned_actual_source,constant,mlp_up_gate_all_blocks_stage4_w6,mlp_up_gate_all_blocks_stage15_w6,0.07328541702690929,False,True
679,82,primary_494f26df6416,aligned_actual_source,constant,attention_output_all_blocks_stage15_w4,attention_output_all_blocks_stage4_w4,-18.69596083738753,True,False
679,82,primary_da06c09aa41a,aligned_actual_source,constant,adaln_conditioning_all_blocks_stage15_w6,adaln_conditioning_all_blocks_stage10_w6,0.010771916954148246,False,True
712,79,primary_52112c337d08,aligned_actual_source,constant,attention_output_all_blocks_stage4_w6,attention_output_all_blocks_stage15_w6,0.01324761669354757,False,True
712,79,primary_d82bcfdaeedc,aligned_actual_source,constant,mlp_up_gate_all_blocks_stage4_w6,mlp_up_gate_all_blocks_stage15_w6,-0.03881245265711186,True,False
712,80,primary_494f26df6416,aligned_actual_source,constant,attention_output_all_blocks_stage15_w4,attention_output_all_blocks_stage4_w4,-0.026740694452254132,True,False
712,81,primary_d82bcfdaeedc,aligned_actual_source,constant,mlp_up_gate_all_blocks_stage4_w6,mlp_up_gate_all_blocks_stage15_w6,0.025324734482605755,False,True
712,81,primary_da06c09aa41a,aligned_actual_source,constant,adaln_conditioning_all_blocks_stage15_w6,adaln_conditioning_all_blocks_stage10_w6,-0.03819792654669743,True,False
712,82,primary_494f26df6416,aligned_actual_source,constant,attention_output_all_blocks_stage15_w4,attention_output_all_blocks_stage4_w4,-0.0637920659974611,True,False
712,82,primary_da06c09aa41a,aligned_actual_source,constant,adaln_conditioning_all_blocks_stage15_w6,adaln_conditioning_all_blocks_stage10_w6,-0.034931508804675104,True,False
780,79,primary_52112c337d08,aligned_actual_source,constant,attention_output_all_blocks_stage4_w6,attention_output_all_blocks_stage15_w6,0.005148890038924492,False,True
780,79,primary_d82bcfdaeedc,aligned_actual_source,constant,mlp_up_gate_all_blocks_stage4_w6,mlp_up_gate_all_blocks_stage15_w6,-0.010252999725366866,True,False
780,79,primary_da06c09aa41a,aligned_actual_source,constant,adaln_conditioning_all_blocks_stage15_w6,adaln_conditioning_all_blocks_stage10_w6,-0.08523167791435068,True,False
780,80,primary_494f26df6416,aligned_actual_source,constant,attention_output_all_blocks_stage15_w4,attention_output_all_blocks_stage4_w4,1.2044097386384323,False,True
780,81,primary_494f26df6416,aligned_actual_source,constant,attention_output_all_blocks_stage15_w4,attention_output_all_blocks_stage4_w4,-1.7021723518621703,True,False
780,81,primary_da06c09aa41a,aligned_actual_source,constant,adaln_conditioning_all_blocks_stage15_w6,adaln_conditioning_all_blocks_stage10_w6,-0.16493956672934473,True,False
780,82,primary_d82bcfdaeedc,aligned_actual_source,constant,mlp_up_gate_all_blocks_stage4_w6,mlp_up_gate_all_blocks_stage15_w6,-0.025474626505964437,True,False
780,82,primary_da06c09aa41a,aligned_actual_source,constant,adaln_conditioning_all_blocks_stage15_w6,adaln_conditioning_all_blocks_stage10_w6,0.026223767050197466,False,True
870,79,primary_d82bcfdaeedc,aligned_actual_source,constant,mlp_up_gate_all_blocks_stage4_w6,mlp_up_gate_all_blocks_stage15_w6,-0.04966059569680682,True,False
870,80,primary_494f26df6416,aligned_actual_source,constant,attention_output_all_blocks_stage15_w4,attention_output_all_blocks_stage4_w4,0.16721392975210847,False,True
870,81,primary_d82bcfdaeedc,aligned_actual_source,constant,mlp_up_gate_all_blocks_stage4_w6,mlp_up_gate_all_blocks_stage15_w6,0.0215022672291525,False,True
870,81,primary_da06c09aa41a,aligned_actual_source,constant,adaln_conditioning_all_blocks_stage15_w6,adaln_conditioning_all_blocks_stage10_w6,-0.09900345182813906,True,False
870,82,primary_da06c09aa41a,aligned_actual_source,constant,adaln_conditioning_all_blocks_stage15_w6,adaln_conditioning_all_blocks_stage10_w6,-0.12513182774455345,True,False
888,79,primary_52112c337d08,aligned_actual_source,constant,attention_output_all_blocks_stage4_w6,attention_output_all_blocks_stage15_w6,0.015618026738934532,False,True
888,79,primary_d82bcfdaeedc,aligned_actual_source,constant,mlp_up_gate_all_blocks_stage4_w6,mlp_up_gate_all_blocks_stage15_w6,0.22749623556438797,False,True
888,79,primary_da06c09aa41a,aligned_actual_source,constant,adaln_conditioning_all_blocks_stage15_w6,adaln_conditioning_all_blocks_stage10_w6,-0.0211866610397351,True,False
888,80,primary_494f26df6416,aligned_actual_source,constant,attention_output_all_blocks_stage15_w4,attention_output_all_blocks_stage4_w4,-0.4333080262915558,True,False
888,81,primary_494f26df6416,aligned_actual_source,constant,attention_output_all_blocks_stage15_w4,attention_output_all_blocks_stage4_w4,-0.023286106217767638,True,False
888,81,primary_52112c337d08,aligned_actual_source,constant,attention_output_all_blocks_stage4_w6,attention_output_all_blocks_stage15_w6,-0.008459435134454907,True,False
888,82,primary_494f26df6416,aligned_actual_source,constant,attention_output_all_blocks_stage15_w4,attention_output_all_blocks_stage4_w4,-0.3702271142291096,True,False
888,82,primary_da06c09aa41a,aligned_actual_source,constant,adaln_conditioning_all_blocks_stage15_w6,adaln_conditioning_all_blocks_stage10_w6,-0.20710712799147754,True,False
975,79,primary_494f26df6416,aligned_actual_source,constant,attention_output_all_blocks_stage15_w4,attention_output_all_blocks_stage4_w4,-1.0786760035800853,True,False
975,80,primary_494f26df6416,aligned_actual_source,constant,attention_output_all_blocks_stage15_w4,attention_output_all_blocks_stage4_w4,-11.43344640156147,True,False
975,81,primary_494f26df6416,aligned_actual_source,constant,attention_output_all_blocks_stage15_w4,attention_output_all_blocks_stage4_w4,-0.008223255779057567,True,False
975,82,primary_494f26df6416,aligned_actual_source,constant,attention_output_all_blocks_stage15_w4,attention_output_all_blocks_stage4_w4,0.02463067434045739,False,True
975,82,primary_da06c09aa41a,aligned_actual_source,constant,adaln_conditioning_all_blocks_stage15_w6,adaln_conditioning_all_blocks_stage10_w6,0.02196624854974516,False,True
19,79,primary_494f26df6416,aligned_actual_source,latest_stage,attention_output_all_blocks_stage4_w4,attention_output_all_blocks_stage15_w4,-0.045778057647737555,True,False
19,79,primary_52112c337d08,aligned_actual_source,latest_stage,attention_output_all_blocks_stage4_w6,attention_output_all_blocks_stage15_w6,0.0007670826726666746,False,True
19,79,primary_d0adb13a6bdf,aligned_actual_source,latest_stage,mlp_up_gate_all_blocks_stage4_w4,mlp_up_gate_all_blocks_stage15_w4,0.4070969140494186,False,True
19,79,primary_d82bcfdaeedc,aligned_actual_source,latest_stage,mlp_up_gate_all_blocks_stage4_w6,mlp_up_gate_all_blocks_stage15_w6,-0.008799948805005894,True,False
19,80,primary_494f26df6416,aligned_actual_source,latest_stage,attention_output_all_blocks_stage4_w4,attention_output_all_blocks_stage15_w4,-0.1836063537237891,True,False
19,80,primary_d0adb13a6bdf,aligned_actual_source,latest_stage,mlp_up_gate_all_blocks_stage4_w4,mlp_up_gate_all_blocks_stage15_w4,-0.9958952094009275,True,False
19,80,primary_da06c09aa41a,aligned_actual_source,latest_stage,adaln_conditioning_all_blocks_stage10_w6,adaln_conditioning_all_blocks_stage15_w6,-0.11471052835372575,True,False
19,81,primary_494f26df6416,aligned_actual_source,latest_stage,attention_output_all_blocks_stage4_w4,attention_output_all_blocks_stage15_w4,2.240712260634041,False,True
19,81,primary_d0adb13a6bdf,aligned_actual_source,latest_stage,mlp_up_gate_all_blocks_stage4_w4,mlp_up_gate_all_blocks_stage15_w4,-0.3949083548275354,True,False
19,82,primary_d0adb13a6bdf,aligned_actual_source,latest_stage,mlp_up_gate_all_blocks_stage4_w4,mlp_up_gate_all_blocks_stage15_w4,-0.15190737776191554,True,False
19,82,primary_da06c09aa41a,aligned_actual_source,latest_stage,adaln_conditioning_all_blocks_stage10_w6,adaln_conditioning_all_blocks_stage15_w6,-0.022306794083078785,True,False
85,79,primary_494f26df6416,aligned_actual_source,latest_stage,attention_output_all_blocks_stage4_w4,attention_output_all_blocks_stage15_w4,-0.10474052644612183,True,False
85,79,primary_d0adb13a6bdf,aligned_actual_source,latest_stage,mlp_up_gate_all_blocks_stage4_w4,mlp_up_gate_all_blocks_stage15_w4,-0.2940226194886151,True,False
85,79,primary_d82bcfdaeedc,aligned_actual_source,latest_stage,mlp_up_gate_all_blocks_stage4_w6,mlp_up_gate_all_blocks_stage15_w6,0.01059591510032477,False,True
85,80,primary_d0adb13a6bdf,aligned_actual_source,latest_stage,mlp_up_gate_all_blocks_stage4_w4,mlp_up_gate_all_blocks_stage15_w4,-1.5892297279922898,True,False
85,80,primary_d82bcfdaeedc,aligned_actual_source,latest_stage,mlp_up_gate_all_blocks_stage4_w6,mlp_up_gate_all_blocks_stage15_w6,-0.010105926449966773,True,False
85,80,primary_da06c09aa41a,aligned_actual_source,latest_stage,adaln_conditioning_all_blocks_stage10_w6,adaln_conditioning_all_blocks_stage15_w6,-0.058017741673452874,True,False
85,81,primary_d0adb13a6bdf,aligned_actual_source,latest_stage,mlp_up_gate_all_blocks_stage4_w4,mlp_up_gate_all_blocks_stage15_w4,-0.4480675434408249,True,False
85,81,primary_da06c09aa41a,aligned_actual_source,latest_stage,adaln_conditioning_all_blocks_stage10_w6,adaln_conditioning_all_blocks_stage15_w6,-0.025983784067932447,True,False
85,82,primary_d0adb13a6bdf,aligned_actual_source,latest_stage,mlp_up_gate_all_blocks_stage4_w4,mlp_up_gate_all_blocks_stage15_w4,186.10672442308564,False,True
131,79,primary_494f26df6416,aligned_actual_source,latest_stage,attention_output_all_blocks_stage4_w4,attention_output_all_blocks_stage15_w4,0.32297097839028766,False,True
131,79,primary_52112c337d08,aligned_actual_source,latest_stage,attention_output_all_blocks_stage4_w6,attention_output_all_blocks_stage15_w6,0.009563111837451286,False,True
131,79,primary_d0adb13a6bdf,aligned_actual_source,latest_stage,mlp_up_gate_all_blocks_stage4_w4,mlp_up_gate_all_blocks_stage15_w4,1.5441052672895235,False,True
131,79,primary_d82bcfdaeedc,aligned_actual_source,latest_stage,mlp_up_gate_all_blocks_stage4_w6,mlp_up_gate_all_blocks_stage15_w6,0.03810912699282198,False,True
131,79,primary_da06c09aa41a,aligned_actual_source,latest_stage,adaln_conditioning_all_blocks_stage10_w6,adaln_conditioning_all_blocks_stage15_w6,-0.10397168672579937,True,False
131,80,primary_d0adb13a6bdf,aligned_actual_source,latest_stage,mlp_up_gate_all_blocks_stage4_w4,mlp_up_gate_all_blocks_stage15_w4,-0.15864905470243684,True,False
131,80,primary_da06c09aa41a,aligned_actual_source,latest_stage,adaln_conditioning_all_blocks_stage10_w6,adaln_conditioning_all_blocks_stage15_w6,-0.031669677576928734,True,False
131,81,primary_494f26df6416,aligned_actual_source,latest_stage,attention_output_all_blocks_stage4_w4,attention_output_all_blocks_stage15_w4,-0.8863552648900851,True,False
131,81,primary_d0adb13a6bdf,aligned_actual_source,latest_stage,mlp_up_gate_all_blocks_stage4_w4,mlp_up_gate_all_blocks_stage15_w4,-0.1715114222385523,True,False
131,81,primary_d82bcfdaeedc,aligned_actual_source,latest_stage,mlp_up_gate_all_blocks_stage4_w6,mlp_up_gate_all_blocks_stage15_w6,-0.025989785825061062,True,False
131,81,primary_da06c09aa41a,aligned_actual_source,latest_stage,adaln_conditioning_all_blocks_stage10_w6,adaln_conditioning_all_blocks_stage15_w6,-0.08757117996327678,True,False
131,82,primary_d0adb13a6bdf,aligned_actual_source,latest_stage,mlp_up_gate_all_blocks_stage4_w4,mlp_up_gate_all_blocks_stage15_w4,0.16109304053911427,False,True
224,79,primary_494f26df6416,aligned_actual_source,latest_stage,attention_output_all_blocks_stage4_w4,attention_output_all_blocks_stage15_w4,0.0902822188083725,False,True
224,79,primary_d0adb13a6bdf,aligned_actual_source,latest_stage,mlp_up_gate_all_blocks_stage4_w4,mlp_up_gate_all_blocks_stage15_w4,3.072778260280476,False,True
224,79,primary_d82bcfdaeedc,aligned_actual_source,latest_stage,mlp_up_gate_all_blocks_stage4_w6,mlp_up_gate_all_blocks_stage15_w6,-0.0009179913199091026,True,False
224,80,primary_d0adb13a6bdf,aligned_actual_source,latest_stage,mlp_up_gate_all_blocks_stage4_w4,mlp_up_gate_all_blocks_stage15_w4,-0.9175077652084269,True,False
224,80,primary_da06c09aa41a,aligned_actual_source,latest_stage,adaln_conditioning_all_blocks_stage10_w6,adaln_conditioning_all_blocks_stage15_w6,-0.018002829684235166,True,False
224,81,primary_494f26df6416,aligned_actual_source,latest_stage,attention_output_all_blocks_stage4_w4,attention_output_all_blocks_stage15_w4,-0.07375104210977668,True,False
224,81,primary_52112c337d08,aligned_actual_source,latest_stage,attention_output_all_blocks_stage4_w6,attention_output_all_blocks_stage15_w6,0.0019054242641374222,False,True
224,81,primary_d0adb13a6bdf,aligned_actual_source,latest_stage,mlp_up_gate_all_blocks_stage4_w4,mlp_up_gate_all_blocks_stage15_w4,-0.20886924795283685,True,False
224,81,primary_d82bcfdaeedc,aligned_actual_source,latest_stage,mlp_up_gate_all_blocks_stage4_w6,mlp_up_gate_all_blocks_stage15_w6,0.0070849271178445895,False,True
301,79,primary_494f26df6416,aligned_actual_source,latest_stage,attention_output_all_blocks_stage4_w4,attention_output_all_blocks_stage15_w4,1.4823460099755685,False,True
301,79,primary_52112c337d08,aligned_actual_source,latest_stage,attention_output_all_blocks_stage4_w6,attention_output_all_blocks_stage15_w6,0.083511730195994,False,True
301,79,primary_d0adb13a6bdf,aligned_actual_source,latest_stage,mlp_up_gate_all_blocks_stage4_w4,mlp_up_gate_all_blocks_stage15_w4,1.4648727671117714,False,True
301,80,primary_d0adb13a6bdf,aligned_actual_source,latest_stage,mlp_up_gate_all_blocks_stage4_w4,mlp_up_gate_all_blocks_stage15_w4,-0.2388444633269984,True,False
301,80,primary_da06c09aa41a,aligned_actual_source,latest_stage,adaln_conditioning_all_blocks_stage10_w6,adaln_conditioning_all_blocks_stage15_w6,-0.07933583124219368,True,False
301,81,primary_494f26df6416,aligned_actual_source,latest_stage,attention_output_all_blocks_stage4_w4,attention_output_all_blocks_stage15_w4,1.207219104415671,False,True
301,81,primary_52112c337d08,aligned_actual_source,latest_stage,attention_output_all_blocks_stage4_w6,attention_output_all_blocks_stage15_w6,0.7670506094364526,False,True
301,81,primary_d0adb13a6bdf,aligned_actual_source,latest_stage,mlp_up_gate_all_blocks_stage4_w4,mlp_up_gate_all_blocks_stage15_w4,18.830651450175523,False,True
301,81,primary_d82bcfdaeedc,aligned_actual_source,latest_stage,mlp_up_gate_all_blocks_stage4_w6,mlp_up_gate_all_blocks_stage15_w6,1.7436878283908044,False,True
301,81,primary_da06c09aa41a,aligned_actual_source,latest_stage,adaln_conditioning_all_blocks_stage10_w6,adaln_conditioning_all_blocks_stage15_w6,0.16946836049043057,False,True
345,79,primary_494f26df6416,aligned_actual_source,latest_stage,attention_output_all_blocks_stage4_w4,attention_output_all_blocks_stage15_w4,0.03684068087152076,False,True
345,79,primary_52112c337d08,aligned_actual_source,latest_stage,attention_output_all_blocks_stage4_w6,attention_output_all_blocks_stage15_w6,0.0013217372152780592,False,True
345,79,primary_d0adb13a6bdf,aligned_actual_source,latest_stage,mlp_up_gate_all_blocks_stage4_w4,mlp_up_gate_all_blocks_stage15_w4,-0.7548438759282876,True,False
345,79,primary_d82bcfdaeedc,aligned_actual_source,latest_stage,mlp_up_gate_all_blocks_stage4_w6,mlp_up_gate_all_blocks_stage15_w6,-0.022213948648314375,True,False
345,79,primary_da06c09aa41a,aligned_actual_source,latest_stage,adaln_conditioning_all_blocks_stage10_w6,adaln_conditioning_all_blocks_stage15_w6,-0.024312330556256243,True,False
345,80,primary_d0adb13a6bdf,aligned_actual_source,latest_stage,mlp_up_gate_all_blocks_stage4_w4,mlp_up_gate_all_blocks_stage15_w4,0.11924035051373488,False,True
345,80,primary_da06c09aa41a,aligned_actual_source,latest_stage,adaln_conditioning_all_blocks_stage10_w6,adaln_conditioning_all_blocks_stage15_w6,0.0028237730477513948,False,True
345,81,primary_494f26df6416,aligned_actual_source,latest_stage,attention_output_all_blocks_stage4_w4,attention_output_all_blocks_stage15_w4,-0.2499520863292019,True,False
345,81,primary_d0adb13a6bdf,aligned_actual_source,latest_stage,mlp_up_gate_all_blocks_stage4_w4,mlp_up_gate_all_blocks_stage15_w4,-0.5883217198257285,True,False
345,81,primary_da06c09aa41a,aligned_actual_source,latest_stage,adaln_conditioning_all_blocks_stage10_w6,adaln_conditioning_all_blocks_stage15_w6,-0.05853859797365145,True,False
345,82,primary_494f26df6416,aligned_actual_source,latest_stage,attention_output_all_blocks_stage4_w4,attention_output_all_blocks_stage15_w4,0.10946995368067292,False,True
345,82,primary_d0adb13a6bdf,aligned_actual_source,latest_stage,mlp_up_gate_all_blocks_stage4_w4,mlp_up_gate_all_blocks_stage15_w4,0.07495892892711353,False,True
384,79,primary_494f26df6416,aligned_actual_source,latest_stage,attention_output_all_blocks_stage4_w4,attention_output_all_blocks_stage15_w4,-0.13627560553493367,True,False
384,79,primary_d0adb13a6bdf,aligned_actual_source,latest_stage,mlp_up_gate_all_blocks_stage4_w4,mlp_up_gate_all_blocks_stage15_w4,0.007693294577766463,False,True
384,79,primary_d82bcfdaeedc,aligned_actual_source,latest_stage,mlp_up_gate_all_blocks_stage4_w6,mlp_up_gate_all_blocks_stage15_w6,-0.016299836045561733,True,False
384,80,primary_d0adb13a6bdf,aligned_actual_source,latest_stage,mlp_up_gate_all_blocks_stage4_w4,mlp_up_gate_all_blocks_stage15_w4,-0.3386806913680402,True,False
384,81,primary_494f26df6416,aligned_actual_source,latest_stage,attention_output_all_blocks_stage4_w4,attention_output_all_blocks_stage15_w4,-0.3623123898561608,True,False
384,81,primary_d0adb13a6bdf,aligned_actual_source,latest_stage,mlp_up_gate_all_blocks_stage4_w4,mlp_up_gate_all_blocks_stage15_w4,-0.1653210659372916,True,False
384,82,primary_494f26df6416,aligned_actual_source,latest_stage,attention_output_all_blocks_stage4_w4,attention_output_all_blocks_stage15_w4,-0.013095102885529286,True,False
462,79,primary_494f26df6416,aligned_actual_source,latest_stage,attention_output_all_blocks_stage4_w4,attention_output_all_blocks_stage15_w4,-0.008600940208893348,True,False
462,79,primary_d0adb13a6bdf,aligned_actual_source,latest_stage,mlp_up_gate_all_blocks_stage4_w4,mlp_up_gate_all_blocks_stage15_w4,-0.6518285291257941,True,False
462,79,primary_da06c09aa41a,aligned_actual_source,latest_stage,adaln_conditioning_all_blocks_stage10_w6,adaln_conditioning_all_blocks_stage15_w6,0.026266220974036976,False,True
462,80,primary_d0adb13a6bdf,aligned_actual_source,latest_stage,mlp_up_gate_all_blocks_stage4_w4,mlp_up_gate_all_blocks_stage15_w4,-0.5102369044479823,True,False
462,81,primary_494f26df6416,aligned_actual_source,latest_stage,attention_output_all_blocks_stage4_w4,attention_output_all_blocks_stage15_w4,-0.23807898602370517,True,False
462,81,primary_52112c337d08,aligned_actual_source,latest_stage,attention_output_all_blocks_stage4_w6,attention_output_all_blocks_stage15_w6,0.000516195418004628,False,True
462,81,primary_d0adb13a6bdf,aligned_actual_source,latest_stage,mlp_up_gate_all_blocks_stage4_w4,mlp_up_gate_all_blocks_stage15_w4,10.17053088827426,False,True
462,81,primary_d82bcfdaeedc,aligned_actual_source,latest_stage,mlp_up_gate_all_blocks_stage4_w6,mlp_up_gate_all_blocks_stage15_w6,-0.009908340501905144,True,False
462,82,primary_494f26df6416,aligned_actual_source,latest_stage,attention_output_all_blocks_stage4_w4,attention_output_all_blocks_stage15_w4,0.17747436950787682,False,True
462,82,primary_d0adb13a6bdf,aligned_actual_source,latest_stage,mlp_up_gate_all_blocks_stage4_w4,mlp_up_gate_all_blocks_stage15_w4,-0.9067171472428299,True,False
462,82,primary_da06c09aa41a,aligned_actual_source,latest_stage,adaln_conditioning_all_blocks_stage10_w6,adaln_conditioning_all_blocks_stage15_w6,-0.12016563225691357,True,False
511,79,primary_d0adb13a6bdf,aligned_actual_source,latest_stage,mlp_up_gate_all_blocks_stage4_w4,mlp_up_gate_all_blocks_stage15_w4,0.040187047179230606,False,True
511,79,primary_d82bcfdaeedc,aligned_actual_source,latest_stage,mlp_up_gate_all_blocks_stage4_w6,mlp_up_gate_all_blocks_stage15_w6,0.577361785202072,False,True
511,79,primary_da06c09aa41a,aligned_actual_source,latest_stage,adaln_conditioning_all_blocks_stage10_w6,adaln_conditioning_all_blocks_stage15_w6,0.05541245288253551,False,True
511,80,primary_494f26df6416,aligned_actual_source,latest_stage,attention_output_all_blocks_stage4_w4,attention_output_all_blocks_stage15_w4,-0.2653740473206909,True,False
511,80,primary_52112c337d08,aligned_actual_source,latest_stage,attention_output_all_blocks_stage4_w6,attention_output_all_blocks_stage15_w6,0.0017178382206992603,False,True
511,80,primary_d0adb13a6bdf,aligned_actual_source,latest_stage,mlp_up_gate_all_blocks_stage4_w4,mlp_up_gate_all_blocks_stage15_w4,1.2953712950404674,False,True
511,80,primary_d82bcfdaeedc,aligned_actual_source,latest_stage,mlp_up_gate_all_blocks_stage4_w6,mlp_up_gate_all_blocks_stage15_w6,-0.02435682142051121,True,False
511,81,primary_494f26df6416,aligned_actual_source,latest_stage,attention_output_all_blocks_stage4_w4,attention_output_all_blocks_stage15_w4,-0.680440715423984,True,False
511,81,primary_52112c337d08,aligned_actual_source,latest_stage,attention_output_all_blocks_stage4_w6,attention_output_all_blocks_stage15_w6,-0.0038416307218085456,True,False
511,81,primary_d0adb13a6bdf,aligned_actual_source,latest_stage,mlp_up_gate_all_blocks_stage4_w4,mlp_up_gate_all_blocks_stage15_w4,-0.38544762513959085,True,False
511,81,primary_d82bcfdaeedc,aligned_actual_source,latest_stage,mlp_up_gate_all_blocks_stage4_w6,mlp_up_gate_all_blocks_stage15_w6,-0.005295505022331788,True,False
511,82,primary_d0adb13a6bdf,aligned_actual_source,latest_stage,mlp_up_gate_all_blocks_stage4_w4,mlp_up_gate_all_blocks_stage15_w4,-0.12113888272953943,True,False
568,79,primary_d0adb13a6bdf,aligned_actual_source,latest_stage,mlp_up_gate_all_blocks_stage4_w4,mlp_up_gate_all_blocks_stage15_w4,0.02517840627821505,False,True
568,79,primary_da06c09aa41a,aligned_actual_source,latest_stage,adaln_conditioning_all_blocks_stage10_w6,adaln_conditioning_all_blocks_stage15_w6,-0.028656284309818154,True,False
568,80,primary_d0adb13a6bdf,aligned_actual_source,latest_stage,mlp_up_gate_all_blocks_stage4_w4,mlp_up_gate_all_blocks_stage15_w4,-0.39138698143241524,True,False
568,80,primary_da06c09aa41a,aligned_actual_source,latest_stage,adaln_conditioning_all_blocks_stage10_w6,adaln_conditioning_all_blocks_stage15_w6,-0.0647517322609019,True,False
568,81,primary_d0adb13a6bdf,aligned_actual_source,latest_stage,mlp_up_gate_all_blocks_stage4_w4,mlp_up_gate_all_blocks_stage15_w4,-0.17919951988090696,True,False
568,81,primary_d82bcfdaeedc,aligned_actual_source,latest_stage,mlp_up_gate_all_blocks_stage4_w6,mlp_up_gate_all_blocks_stage15_w6,0.0028090310527204634,False,True
568,81,primary_da06c09aa41a,aligned_actual_source,latest_stage,adaln_conditioning_all_blocks_stage10_w6,adaln_conditioning_all_blocks_stage15_w6,-0.014270690126579662,True,False
568,82,primary_d0adb13a6bdf,aligned_actual_source,latest_stage,mlp_up_gate_all_blocks_stage4_w4,mlp_up_gate_all_blocks_stage15_w4,3.020981883014599,False,True
679,79,primary_494f26df6416,aligned_actual_source,latest_stage,attention_output_all_blocks_stage4_w4,attention_output_all_blocks_stage15_w4,5.59857749839296,False,True
679,79,primary_d0adb13a6bdf,aligned_actual_source,latest_stage,mlp_up_gate_all_blocks_stage4_w4,mlp_up_gate_all_blocks_stage15_w4,8.76392101464029,False,True
679,79,primary_d82bcfdaeedc,aligned_actual_source,latest_stage,mlp_up_gate_all_blocks_stage4_w6,mlp_up_gate_all_blocks_stage15_w6,2.2640375049313524,False,True
679,79,primary_da06c09aa41a,aligned_actual_source,latest_stage,adaln_conditioning_all_blocks_stage10_w6,adaln_conditioning_all_blocks_stage15_w6,0.2572143603424592,False,True
679,80,primary_494f26df6416,aligned_actual_source,latest_stage,attention_output_all_blocks_stage10_w4,attention_output_all_blocks_stage15_w4,-0.9632182249443169,True,False
679,80,primary_d0adb13a6bdf,aligned_actual_source,latest_stage,mlp_up_gate_all_blocks_stage4_w4,mlp_up_gate_all_blocks_stage15_w4,-1.5826517132198885,True,False
679,80,primary_da06c09aa41a,aligned_actual_source,latest_stage,adaln_conditioning_all_blocks_stage10_w6,adaln_conditioning_all_blocks_stage15_w6,-0.12755150427324227,True,False
679,81,primary_494f26df6416,aligned_actual_source,latest_stage,attention_output_all_blocks_stage4_w4,attention_output_all_blocks_stage15_w4,0.22206505646619235,False,True
679,81,primary_d0adb13a6bdf,aligned_actual_source,latest_stage,mlp_up_gate_all_blocks_stage4_w4,mlp_up_gate_all_blocks_stage15_w4,0.08072546813804138,False,True
679,81,primary_d82bcfdaeedc,aligned_actual_source,latest_stage,mlp_up_gate_all_blocks_stage4_w6,mlp_up_gate_all_blocks_stage15_w6,0.07328541702690929,False,True
679,81,primary_da06c09aa41a,aligned_actual_source,latest_stage,adaln_conditioning_all_blocks_stage10_w6,adaln_conditioning_all_blocks_stage15_w6,-0.024170927830198252,True,False
679,82,primary_d0adb13a6bdf,aligned_actual_source,latest_stage,mlp_up_gate_all_blocks_stage4_w4,mlp_up_gate_all_blocks_stage15_w4,2.471302335264795,False,True
712,79,primary_494f26df6416,aligned_actual_source,latest_stage,attention_output_all_blocks_stage4_w4,attention_output_all_blocks_stage15_w4,0.044172009165606596,False,True
712,79,primary_52112c337d08,aligned_actual_source,latest_stage,attention_output_all_blocks_stage4_w6,attention_output_all_blocks_stage15_w6,0.01324761669354757,False,True
712,79,primary_d0adb13a6bdf,aligned_actual_source,latest_stage,mlp_up_gate_all_blocks_stage4_w4,mlp_up_gate_all_blocks_stage15_w4,1.833407624976573,False,True
712,79,primary_d82bcfdaeedc,aligned_actual_source,latest_stage,mlp_up_gate_all_blocks_stage4_w6,mlp_up_gate_all_blocks_stage15_w6,-0.03881245265711186,True,False
712,79,primary_da06c09aa41a,aligned_actual_source,latest_stage,adaln_conditioning_all_blocks_stage10_w6,adaln_conditioning_all_blocks_stage15_w6,-0.03246678959823156,True,False
712,80,primary_d0adb13a6bdf,aligned_actual_source,latest_stage,mlp_up_gate_all_blocks_stage4_w4,mlp_up_gate_all_blocks_stage15_w4,-0.37101567465703056,True,False
712,80,primary_da06c09aa41a,aligned_actual_source,latest_stage,adaln_conditioning_all_blocks_stage10_w6,adaln_conditioning_all_blocks_stage15_w6,-0.04352403226755186,True,False
712,81,primary_494f26df6416,aligned_actual_source,latest_stage,attention_output_all_blocks_stage4_w4,attention_output_all_blocks_stage15_w4,-0.11756197381990666,True,False
712,81,primary_d0adb13a6bdf,aligned_actual_source,latest_stage,mlp_up_gate_all_blocks_stage4_w4,mlp_up_gate_all_blocks_stage15_w4,-0.66831259574062,True,False
712,81,primary_d82bcfdaeedc,aligned_actual_source,latest_stage,mlp_up_gate_all_blocks_stage4_w6,mlp_up_gate_all_blocks_stage15_w6,0.025324734482605755,False,True
712,82,primary_d0adb13a6bdf,aligned_actual_source,latest_stage,mlp_up_gate_all_blocks_stage4_w4,mlp_up_gate_all_blocks_stage15_w4,1.0981034045078104,False,True
780,79,primary_494f26df6416,aligned_actual_source,latest_stage,attention_output_all_blocks_stage4_w4,attention_output_all_blocks_stage15_w4,-0.12454283687469567,True,False
780,79,primary_52112c337d08,aligned_actual_source,latest_stage,attention_output_all_blocks_stage4_w6,attention_output_all_blocks_stage15_w6,0.005148890038924492,False,True
780,79,primary_d0adb13a6bdf,aligned_actual_source,latest_stage,mlp_up_gate_all_blocks_stage4_w4,mlp_up_gate_all_blocks_stage15_w4,-0.42689466310493174,True,False
780,79,primary_d82bcfdaeedc,aligned_actual_source,latest_stage,mlp_up_gate_all_blocks_stage4_w6,mlp_up_gate_all_blocks_stage15_w6,-0.010252999725366866,True,False
780,80,primary_d0adb13a6bdf,aligned_actual_source,latest_stage,mlp_up_gate_all_blocks_stage4_w4,mlp_up_gate_all_blocks_stage15_w4,-2.9701772721567177,True,False
780,80,primary_da06c09aa41a,aligned_actual_source,latest_stage,adaln_conditioning_all_blocks_stage10_w6,adaln_conditioning_all_blocks_stage15_w6,-0.09421451641856039,True,False
780,81,primary_d0adb13a6bdf,aligned_actual_source,latest_stage,mlp_up_gate_all_blocks_stage4_w4,mlp_up_gate_all_blocks_stage15_w4,0.2152608096987479,False,True
780,82,primary_494f26df6416,aligned_actual_source,latest_stage,attention_output_all_blocks_stage4_w4,attention_output_all_blocks_stage15_w4,-0.06652160997214196,True,False
780,82,primary_d0adb13a6bdf,aligned_actual_source,latest_stage,mlp_up_gate_all_blocks_stage4_w4,mlp_up_gate_all_blocks_stage15_w4,-0.1999252157467595,True,False
780,82,primary_d82bcfdaeedc,aligned_actual_source,latest_stage,mlp_up_gate_all_blocks_stage4_w6,mlp_up_gate_all_blocks_stage15_w6,-0.025474626505964437,True,False
870,79,primary_494f26df6416,aligned_actual_source,latest_stage,attention_output_all_blocks_stage4_w4,attention_output_all_blocks_stage15_w4,0.11159841249838104,False,True
870,79,primary_d0adb13a6bdf,aligned_actual_source,latest_stage,mlp_up_gate_all_blocks_stage4_w4,mlp_up_gate_all_blocks_stage15_w4,-0.60117819968616,True,False
870,79,primary_d82bcfdaeedc,aligned_actual_source,latest_stage,mlp_up_gate_all_blocks_stage4_w6,mlp_up_gate_all_blocks_stage15_w6,-0.04966059569680682,True,False
870,79,primary_da06c09aa41a,aligned_actual_source,latest_stage,adaln_conditioning_all_blocks_stage10_w6,adaln_conditioning_all_blocks_stage15_w6,-0.14709912576722672,True,False
870,80,primary_d0adb13a6bdf,aligned_actual_source,latest_stage,mlp_up_gate_all_blocks_stage4_w4,mlp_up_gate_all_blocks_stage15_w4,-0.849609569133964,True,False
870,80,primary_da06c09aa41a,aligned_actual_source,latest_stage,adaln_conditioning_all_blocks_stage10_w6,adaln_conditioning_all_blocks_stage15_w6,-0.03900109882125946,True,False
870,81,primary_494f26df6416,aligned_actual_source,latest_stage,attention_output_all_blocks_stage4_w4,attention_output_all_blocks_stage15_w4,-0.6258738320557314,True,False
870,81,primary_d0adb13a6bdf,aligned_actual_source,latest_stage,mlp_up_gate_all_blocks_stage4_w4,mlp_up_gate_all_blocks_stage15_w4,-0.6693487733336951,True,False
870,81,primary_d82bcfdaeedc,aligned_actual_source,latest_stage,mlp_up_gate_all_blocks_stage4_w6,mlp_up_gate_all_blocks_stage15_w6,0.0215022672291525,False,True
870,82,primary_494f26df6416,aligned_actual_source,latest_stage,attention_output_all_blocks_stage4_w4,attention_output_all_blocks_stage15_w4,-2.1035272921074153,True,False
870,82,primary_d0adb13a6bdf,aligned_actual_source,latest_stage,mlp_up_gate_all_blocks_stage4_w4,mlp_up_gate_all_blocks_stage15_w4,-0.012900385569637018,True,False
888,79,primary_494f26df6416,aligned_actual_source,latest_stage,attention_output_all_blocks_stage4_w4,attention_output_all_blocks_stage15_w4,1.0282385812698183,False,True
888,79,primary_52112c337d08,aligned_actual_source,latest_stage,attention_output_all_blocks_stage4_w6,attention_output_all_blocks_stage15_w6,0.015618026738934532,False,True
888,79,primary_d0adb13a6bdf,aligned_actual_source,latest_stage,mlp_up_gate_all_blocks_stage4_w4,mlp_up_gate_all_blocks_stage15_w4,5.339512851842358,False,True
888,79,primary_d82bcfdaeedc,aligned_actual_source,latest_stage,mlp_up_gate_all_blocks_stage4_w6,mlp_up_gate_all_blocks_stage15_w6,0.22749623556438797,False,True
888,80,primary_d0adb13a6bdf,aligned_actual_source,latest_stage,mlp_up_gate_all_blocks_stage4_w4,mlp_up_gate_all_blocks_stage15_w4,5.84322444321576,False,True
888,80,primary_da06c09aa41a,aligned_actual_source,latest_stage,adaln_conditioning_all_blocks_stage10_w6,adaln_conditioning_all_blocks_stage15_w6,-0.054239788687890936,True,False
888,81,primary_52112c337d08,aligned_actual_source,latest_stage,attention_output_all_blocks_stage4_w6,attention_output_all_blocks_stage15_w6,-0.008459435134454907,True,False
888,81,primary_d0adb13a6bdf,aligned_actual_source,latest_stage,mlp_up_gate_all_blocks_stage4_w4,mlp_up_gate_all_blocks_stage15_w4,0.1884543487285556,False,True
888,81,primary_da06c09aa41a,aligned_actual_source,latest_stage,adaln_conditioning_all_blocks_stage10_w6,adaln_conditioning_all_blocks_stage15_w6,-0.06045872376375884,True,False
888,82,primary_d0adb13a6bdf,aligned_actual_source,latest_stage,mlp_up_gate_all_blocks_stage4_w4,mlp_up_gate_all_blocks_stage15_w4,22.446279263957294,False,True
975,79,primary_d0adb13a6bdf,aligned_actual_source,latest_stage,mlp_up_gate_all_blocks_stage4_w4,mlp_up_gate_all_blocks_stage15_w4,18.411051776122804,False,True
975,79,primary_da06c09aa41a,aligned_actual_source,latest_stage,adaln_conditioning_all_blocks_stage10_w6,adaln_conditioning_all_blocks_stage15_w6,0.6597996635846357,False,True
975,80,primary_d0adb13a6bdf,aligned_actual_source,latest_stage,mlp_up_gate_all_blocks_stage4_w4,mlp_up_gate_all_blocks_stage15_w4,2.4354234454364696,False,True
975,80,primary_da06c09aa41a,aligned_actual_source,latest_stage,adaln_conditioning_all_blocks_stage10_w6,adaln_conditioning_all_blocks_stage15_w6,0.3739187026877175,False,True
975,81,primary_d0adb13a6bdf,aligned_actual_source,latest_stage,mlp_up_gate_all_blocks_stage4_w4,mlp_up_gate_all_blocks_stage15_w4,-0.17287296852737194,True,False
975,81,primary_da06c09aa41a,aligned_actual_source,latest_stage,adaln_conditioning_all_blocks_stage10_w6,adaln_conditioning_all_blocks_stage15_w6,-0.01629593302914145,True,False
975,82,primary_d0adb13a6bdf,aligned_actual_source,latest_stage,mlp_up_gate_all_blocks_stage4_w4,mlp_up_gate_all_blocks_stage15_w4,0.41061854899783157,False,True
19,79,primary_494f26df6416,aligned_donor_source,constant,attention_output_all_blocks_stage15_w4,attention_output_all_blocks_stage4_w4,0.045778057647737555,False,True
19,80,primary_494f26df6416,aligned_donor_source,constant,attention_output_all_blocks_stage10_w4,attention_output_all_blocks_stage4_w4,0.11365134000378416,False,True
19,80,primary_52112c337d08,aligned_donor_source,constant,attention_output_all_blocks_stage10_w6,attention_output_all_blocks_stage15_w6,-0.009518136101974047,True,False
19,80,primary_d0adb13a6bdf,aligned_donor_source,constant,mlp_up_gate_all_blocks_stage10_w4,mlp_up_gate_all_blocks_stage4_w4,6.578613025248031,False,True
19,80,primary_d82bcfdaeedc,aligned_donor_source,constant,mlp_up_gate_all_blocks_stage10_w6,mlp_up_gate_all_blocks_stage15_w6,0.08037819898294173,False,True
19,80,primary_ec9365fcc9ef,aligned_donor_source,constant,adaln_conditioning_all_blocks_stage10_w4,adaln_conditioning_all_blocks_stage15_w4,0.17626023112677558,False,True
19,81,primary_494f26df6416,aligned_donor_source,constant,attention_output_all_blocks_stage15_w4,attention_output_all_blocks_stage4_w4,-2.240712260634041,True,False
19,82,primary_494f26df6416,aligned_donor_source,constant,attention_output_all_blocks_stage15_w4,attention_output_all_blocks_stage4_w4,-0.02208407545549565,True,False
19,82,primary_d0adb13a6bdf,aligned_donor_source,constant,mlp_up_gate_all_blocks_stage10_w4,mlp_up_gate_all_blocks_stage4_w4,0.7099660443965945,False,True
19,82,primary_d82bcfdaeedc,aligned_donor_source,constant,mlp_up_gate_all_blocks_stage10_w6,mlp_up_gate_all_blocks_stage15_w6,-0.0009753067779030289,True,False
85,79,primary_494f26df6416,aligned_donor_source,constant,attention_output_all_blocks_stage15_w4,attention_output_all_blocks_stage4_w4,0.10474052644612183,False,True
85,80,primary_494f26df6416,aligned_donor_source,constant,attention_output_all_blocks_stage10_w4,attention_output_all_blocks_stage4_w4,0.06122530068311961,False,True
85,80,primary_d0adb13a6bdf,aligned_donor_source,constant,mlp_up_gate_all_blocks_stage10_w4,mlp_up_gate_all_blocks_stage4_w4,0.21090993912025624,False,True
85,80,primary_d82bcfdaeedc,aligned_donor_source,constant,mlp_up_gate_all_blocks_stage10_w6,mlp_up_gate_all_blocks_stage15_w6,-0.003606509765404553,True,False
85,81,primary_494f26df6416,aligned_donor_source,constant,attention_output_all_blocks_stage10_w4,attention_output_all_blocks_stage4_w4,0.20900438677205102,False,True
85,81,primary_d0adb13a6bdf,aligned_donor_source,constant,mlp_up_gate_all_blocks_stage10_w4,mlp_up_gate_all_blocks_stage4_w4,0.15496773171130587,False,True
85,81,primary_ec9365fcc9ef,aligned_donor_source,constant,adaln_conditioning_all_blocks_stage10_w4,adaln_conditioning_all_blocks_stage15_w4,-0.044311560516973686,True,False
85,82,primary_494f26df6416,aligned_donor_source,constant,attention_output_all_blocks_stage15_w4,attention_output_all_blocks_stage4_w4,-1.4858487449220978,True,False
85,82,primary_d0adb13a6bdf,aligned_donor_source,constant,mlp_up_gate_all_blocks_stage10_w4,mlp_up_gate_all_blocks_stage4_w4,-186.50799487293583,True,False
131,79,primary_494f26df6416,aligned_donor_source,constant,attention_output_all_blocks_stage15_w4,attention_output_all_blocks_stage4_w4,-0.32297097839028766,True,False
131,80,primary_494f26df6416,aligned_donor_source,constant,attention_output_all_blocks_stage10_w4,attention_output_all_blocks_stage4_w4,-0.006079837202491958,True,False
131,80,primary_d0adb13a6bdf,aligned_donor_source,constant,mlp_up_gate_all_blocks_stage10_w4,mlp_up_gate_all_blocks_stage4_w4,0.19358531966406647,False,True
131,80,primary_ec9365fcc9ef,aligned_donor_source,constant,adaln_conditioning_all_blocks_stage10_w4,adaln_conditioning_all_blocks_stage15_w4,-0.03365127105992727,True,False
131,81,primary_494f26df6416,aligned_donor_source,constant,attention_output_all_blocks_stage10_w4,attention_output_all_blocks_stage4_w4,0.36774391488779656,False,True
131,81,primary_52112c337d08,aligned_donor_source,constant,attention_output_all_blocks_stage10_w6,attention_output_all_blocks_stage15_w6,-0.021415451301947996,True,False
131,81,primary_d0adb13a6bdf,aligned_donor_source,constant,mlp_up_gate_all_blocks_stage10_w4,mlp_up_gate_all_blocks_stage4_w4,-0.07292947046693149,True,False
131,81,primary_d82bcfdaeedc,aligned_donor_source,constant,mlp_up_gate_all_blocks_stage10_w6,mlp_up_gate_all_blocks_stage15_w6,-0.024316049995547935,True,False
131,81,primary_ec9365fcc9ef,aligned_donor_source,constant,adaln_conditioning_all_blocks_stage10_w4,adaln_conditioning_all_blocks_stage15_w4,1.271972005814007,False,True
131,82,primary_494f26df6416,aligned_donor_source,constant,attention_output_all_blocks_stage15_w4,attention_output_all_blocks_stage4_w4,0.2132745979447499,False,True
131,82,primary_d0adb13a6bdf,aligned_donor_source,constant,mlp_up_gate_all_blocks_stage15_w4,mlp_up_gate_all_blocks_stage4_w4,-0.16109304053911427,True,False
131,82,primary_ec9365fcc9ef,aligned_donor_source,constant,adaln_conditioning_all_blocks_stage10_w4,adaln_conditioning_all_blocks_stage15_w4,0.021314206520173698,False,True
224,79,primary_494f26df6416,aligned_donor_source,constant,attention_output_all_blocks_stage10_w4,attention_output_all_blocks_stage4_w4,-0.0867687392677573,True,False
224,79,primary_d0adb13a6bdf,aligned_donor_source,constant,mlp_up_gate_all_blocks_stage10_w4,mlp_up_gate_all_blocks_stage4_w4,-1.2005866811177728,True,False
224,80,primary_494f26df6416,aligned_donor_source,constant,attention_output_all_blocks_stage10_w4,attention_output_all_blocks_stage4_w4,0.14421392183379567,False,True
224,80,primary_52112c337d08,aligned_donor_source,constant,attention_output_all_blocks_stage10_w6,attention_output_all_blocks_stage15_w6,0.01099431918065363,False,True
224,80,primary_d0adb13a6bdf,aligned_donor_source,constant,mlp_up_gate_all_blocks_stage10_w4,mlp_up_gate_all_blocks_stage4_w4,1.1092268536692134,False,True
224,80,primary_d82bcfdaeedc,aligned_donor_source,constant,mlp_up_gate_all_blocks_stage10_w6,mlp_up_gate_all_blocks_stage15_w6,-0.0037790339372918424,True,False
224,80,primary_ec9365fcc9ef,aligned_donor_source,constant,adaln_conditioning_all_blocks_stage10_w4,adaln_conditioning_all_blocks_stage15_w4,0.2828893840886196,False,True
224,81,primary_494f26df6416,aligned_donor_source,constant,attention_output_all_blocks_stage15_w4,attention_output_all_blocks_stage4_w4,0.07375104210977668,False,True
224,82,primary_494f26df6416,aligned_donor_source,constant,attention_output_all_blocks_stage15_w4,attention_output_all_blocks_stage4_w4,-0.002243055188884596,True,False
224,82,primary_d0adb13a6bdf,aligned_donor_source,constant,mlp_up_gate_all_blocks_stage15_w4,mlp_up_gate_all_blocks_stage4_w4,-0.5371969369975176,True,False
301,79,primary_494f26df6416,aligned_donor_source,constant,attention_output_all_blocks_stage15_w4,attention_output_all_blocks_stage4_w4,-1.4823460099755685,True,False
301,79,primary_903cdd7eae0a,aligned_donor_source,constant,attention_output_all_blocks_stage10_w8,attention_output_all_blocks_stage15_w8,0.0026810546436877307,False,True
301,79,primary_d0adb13a6bdf,aligned_donor_source,constant,mlp_up_gate_all_blocks_stage15_w4,mlp_up_gate_all_blocks_stage4_w4,-1.4648727671117714,True,False
301,79,primary_d82bcfdaeedc,aligned_donor_source,constant,mlp_up_gate_all_blocks_stage10_w6,mlp_up_gate_all_blocks_stage15_w6,0.0033185415244929573,False,True
301,80,primary_494f26df6416,aligned_donor_source,constant,attention_output_all_blocks_stage10_w4,attention_output_all_blocks_stage4_w4,0.03192348560264689,False,True
301,80,primary_52112c337d08,aligned_donor_source,constant,attention_output_all_blocks_stage10_w6,attention_output_all_blocks_stage15_w6,-0.00032878512934076017,True,False
301,80,primary_d0adb13a6bdf,aligned_donor_source,constant,mlp_up_gate_all_blocks_stage10_w4,mlp_up_gate_all_blocks_stage4_w4,0.3931546142625848,False,True
301,80,primary_ec9365fcc9ef,aligned_donor_source,constant,adaln_conditioning_all_blocks_stage10_w4,adaln_conditioning_all_blocks_stage15_w4,-0.14286733580762245,True,False
301,81,primary_494f26df6416,aligned_donor_source,constant,attention_output_all_blocks_stage10_w4,attention_output_all_blocks_stage4_w4,3.292729681880478,False,True
301,81,primary_d0adb13a6bdf,aligned_donor_source,constant,mlp_up_gate_all_blocks_stage15_w4,mlp_up_gate_all_blocks_stage4_w4,-18.830651450175523,True,False
301,81,primary_d82bcfdaeedc,aligned_donor_source,constant,mlp_up_gate_all_blocks_stage10_w6,mlp_up_gate_all_blocks_stage15_w6,0.2422232435032931,False,True
301,82,primary_494f26df6416,aligned_donor_source,constant,attention_output_all_blocks_stage15_w4,attention_output_all_blocks_stage4_w4,-1.9733015090159252,True,False
301,82,primary_d0adb13a6bdf,aligned_donor_source,constant,mlp_up_gate_all_blocks_stage15_w4,mlp_up_gate_all_blocks_stage4_w4,-1.9668856402270265,True,False
345,79,primary_494f26df6416,aligned_donor_source,constant,attention_output_all_blocks_stage15_w4,attention_output_all_blocks_stage4_w4,-0.03684068087152076,True,False
345,79,primary_52112c337d08,aligned_donor_source,constant,attention_output_all_blocks_stage10_w6,attention_output_all_blocks_stage15_w6,-0.001139376328239912,True,False
345,79,primary_d0adb13a6bdf,aligned_donor_source,constant,mlp_up_gate_all_blocks_stage10_w4,mlp_up_gate_all_blocks_stage4_w4,0.6933836013242145,False,True
345,79,primary_d82bcfdaeedc,aligned_donor_source,constant,mlp_up_gate_all_blocks_stage10_w6,mlp_up_gate_all_blocks_stage15_w6,0.024552596301347773,False,True
345,79,primary_ec9365fcc9ef,aligned_donor_source,constant,adaln_conditioning_all_blocks_stage10_w4,adaln_conditioning_all_blocks_stage15_w4,-0.00937094820896786,True,False
345,80,primary_494f26df6416,aligned_donor_source,constant,attention_output_all_blocks_stage10_w4,attention_output_all_blocks_stage4_w4,-0.13935999634247764,True,False
345,80,primary_d0adb13a6bdf,aligned_donor_source,constant,mlp_up_gate_all_blocks_stage10_w4,mlp_up_gate_all_blocks_stage4_w4,-0.15853379840893567,True,False
345,80,primary_ec9365fcc9ef,aligned_donor_source,constant,adaln_conditioning_all_blocks_stage10_w4,adaln_conditioning_all_blocks_stage15_w4,0.13981227461056278,False,True
345,81,primary_494f26df6416,aligned_donor_source,constant,attention_output_all_blocks_stage10_w4,attention_output_all_blocks_stage4_w4,0.058027758842687405,False,True
345,81,primary_d0adb13a6bdf,aligned_donor_source,constant,mlp_up_gate_all_blocks_stage10_w4,mlp_up_gate_all_blocks_stage4_w4,0.028541902618542336,False,True
345,81,primary_d82bcfdaeedc,aligned_donor_source,constant,mlp_up_gate_all_blocks_stage10_w6,mlp_up_gate_all_blocks_stage15_w6,0.08985908617103176,False,True
345,82,primary_494f26df6416,aligned_donor_source,constant,attention_output_all_blocks_stage15_w4,attention_output_all_blocks_stage4_w4,-0.10946995368067292,True,False
345,82,primary_d0adb13a6bdf,aligned_donor_source,constant,mlp_up_gate_all_blocks_stage15_w4,mlp_up_gate_all_blocks_stage4_w4,-0.07495892892711353,True,False
384,79,primary_494f26df6416,aligned_donor_source,constant,attention_output_all_blocks_stage15_w4,attention_output_all_blocks_stage4_w4,0.13627560553493367,False,True
384,79,primary_d0adb13a6bdf,aligned_donor_source,constant,mlp_up_gate_all_blocks_stage15_w4,mlp_up_gate_all_blocks_stage4_w4,-0.007693294577766463,True,False
384,80,primary_494f26df6416,aligned_donor_source,constant,attention_output_all_blocks_stage10_w4,attention_output_all_blocks_stage4_w4,0.15253310220488814,False,True
384,80,primary_d0adb13a6bdf,aligned_donor_source,constant,mlp_up_gate_all_blocks_stage10_w4,mlp_up_gate_all_blocks_stage4_w4,0.241036468966076,False,True
384,80,primary_ec9365fcc9ef,aligned_donor_source,constant,adaln_conditioning_all_blocks_stage10_w4,adaln_conditioning_all_blocks_stage15_w4,0.22167957299186364,False,True
384,81,primary_494f26df6416,aligned_donor_source,constant,attention_output_all_blocks_stage10_w4,attention_output_all_blocks_stage4_w4,0.056961037126768574,False,True
384,81,primary_d0adb13a6bdf,aligned_donor_source,constant,mlp_up_gate_all_blocks_stage10_w4,mlp_up_gate_all_blocks_stage4_w4,0.24173054534799113,False,True
384,81,primary_ec9365fcc9ef,aligned_donor_source,constant,adaln_conditioning_all_blocks_stage10_w4,adaln_conditioning_all_blocks_stage15_w4,-0.0002678671211242545,True,False
384,82,primary_494f26df6416,aligned_donor_source,constant,attention_output_all_blocks_stage15_w4,attention_output_all_blocks_stage4_w4,0.013095102885529286,False,True
384,82,primary_d0adb13a6bdf,aligned_donor_source,constant,mlp_up_gate_all_blocks_stage15_w4,mlp_up_gate_all_blocks_stage4_w4,-0.5279563083001337,True,False
462,79,primary_494f26df6416,aligned_donor_source,constant,attention_output_all_blocks_stage10_w4,attention_output_all_blocks_stage4_w4,0.993742967071441,False,True
462,79,primary_52112c337d08,aligned_donor_source,constant,attention_output_all_blocks_stage10_w6,attention_output_all_blocks_stage15_w6,0.05191719594045807,False,True
462,79,primary_d0adb13a6bdf,aligned_donor_source,constant,mlp_up_gate_all_blocks_stage10_w4,mlp_up_gate_all_blocks_stage4_w4,4.0772748345916625,False,True
462,79,primary_d82bcfdaeedc,aligned_donor_source,constant,mlp_up_gate_all_blocks_stage10_w6,mlp_up_gate_all_blocks_stage15_w6,0.09566110977920061,False,True
462,80,primary_494f26df6416,aligned_donor_source,constant,attention_output_all_blocks_stage10_w4,attention_output_all_blocks_stage4_w4,0.16403023315159254,False,True
462,80,primary_d0adb13a6bdf,aligned_donor_source,constant,mlp_up_gate_all_blocks_stage10_w4,mlp_up_gate_all_blocks_stage4_w4,0.5746428556398512,False,True
462,80,primary_ec9365fcc9ef,aligned_donor_source,constant,adaln_conditioning_all_blocks_stage10_w4,adaln_conditioning_all_blocks_stage15_w4,0.2748161109549834,False,True
462,81,primary_52112c337d08,aligned_donor_source,constant,attention_output_all_blocks_stage4_w6,attention_output_all_blocks_stage15_w6,0.000516195418004628,False,True
462,81,primary_d0adb13a6bdf,aligned_donor_source,constant,mlp_up_gate_all_blocks_stage15_w4,mlp_up_gate_all_blocks_stage4_w4,-10.17053088827426,True,False
462,81,primary_d82bcfdaeedc,aligned_donor_source,constant,mlp_up_gate_all_blocks_stage4_w6,mlp_up_gate_all_blocks_stage15_w6,-0.009908340501905144,True,False
462,82,primary_494f26df6416,aligned_donor_source,constant,attention_output_all_blocks_stage10_w4,attention_output_all_blocks_stage4_w4,-0.24383871817367725,True,False
462,82,primary_d0adb13a6bdf,aligned_donor_source,constant,mlp_up_gate_all_blocks_stage10_w4,mlp_up_gate_all_blocks_stage4_w4,1.741884112331704,False,True
462,82,primary_d82bcfdaeedc,aligned_donor_source,constant,mlp_up_gate_all_blocks_stage10_w6,mlp_up_gate_all_blocks_stage15_w6,-0.0036714817829448486,True,False
462,82,primary_ec9365fcc9ef,aligned_donor_source,constant,adaln_conditioning_all_blocks_stage10_w4,adaln_conditioning_all_blocks_stage15_w4,0.0861178375455296,False,True
511,79,primary_494f26df6416,aligned_donor_source,constant,attention_output_all_blocks_stage10_w4,attention_output_all_blocks_stage4_w4,-0.9483459347177359,True,False
511,79,primary_d0adb13a6bdf,aligned_donor_source,constant,mlp_up_gate_all_blocks_stage15_w4,mlp_up_gate_all_blocks_stage4_w4,-0.040187047179230606,True,False
511,79,primary_d82bcfdaeedc,aligned_donor_source,constant,mlp_up_gate_all_blocks_stage10_w6,mlp_up_gate_all_blocks_stage15_w6,0.07317169413425975,False,True
511,80,primary_494f26df6416,aligned_donor_source,constant,attention_output_all_blocks_stage10_w4,attention_output_all_blocks_stage4_w4,8.057706158493886,False,True
511,80,primary_52112c337d08,aligned_donor_source,constant,attention_output_all_blocks_stage10_w6,attention_output_all_blocks_stage15_w6,-0.003053650958122491,True,False
511,80,primary_d82bcfdaeedc,aligned_donor_source,constant,mlp_up_gate_all_blocks_stage10_w6,mlp_up_gate_all_blocks_stage15_w6,0.10918909764397708,False,True
511,80,primary_ec9365fcc9ef,aligned_donor_source,constant,adaln_conditioning_all_blocks_stage10_w4,adaln_conditioning_all_blocks_stage15_w4,0.12373073463548678,False,True
511,81,primary_52112c337d08,aligned_donor_source,constant,attention_output_all_blocks_stage4_w6,attention_output_all_blocks_stage15_w6,-0.0038416307218085456,True,False
511,81,primary_d82bcfdaeedc,aligned_donor_source,constant,mlp_up_gate_all_blocks_stage4_w6,mlp_up_gate_all_blocks_stage15_w6,-0.005295505022331788,True,False
511,82,primary_494f26df6416,aligned_donor_source,constant,attention_output_all_blocks_stage10_w4,attention_output_all_blocks_stage4_w4,0.633697623471452,False,True
511,82,primary_d0adb13a6bdf,aligned_donor_source,constant,mlp_up_gate_all_blocks_stage15_w4,mlp_up_gate_all_blocks_stage4_w4,0.12113888272953943,False,True
511,82,primary_d82bcfdaeedc,aligned_donor_source,constant,mlp_up_gate_all_blocks_stage10_w6,mlp_up_gate_all_blocks_stage15_w6,-0.010608118838195672,True,False
568,79,primary_494f26df6416,aligned_donor_source,constant,attention_output_all_blocks_stage10_w4,attention_output_all_blocks_stage4_w4,-0.06891129992368408,True,False
568,79,primary_d0adb13a6bdf,aligned_donor_source,constant,mlp_up_gate_all_blocks_stage15_w4,mlp_up_gate_all_blocks_stage4_w4,-0.02517840627821505,True,False
568,79,primary_ec9365fcc9ef,aligned_donor_source,constant,adaln_conditioning_all_blocks_stage10_w4,adaln_conditioning_all_blocks_stage15_w4,-0.012678529639970307,True,False
568,80,primary_494f26df6416,aligned_donor_source,constant,attention_output_all_blocks_stage10_w4,attention_output_all_blocks_stage4_w4,0.5868689555115906,False,True
568,80,primary_d0adb13a6bdf,aligned_donor_source,constant,mlp_up_gate_all_blocks_stage10_w4,mlp_up_gate_all_blocks_stage4_w4,0.7836160399450414,False,True
568,80,primary_ec9365fcc9ef,aligned_donor_source,constant,adaln_conditioning_all_blocks_stage10_w4,adaln_conditioning_all_blocks_stage15_w4,0.42535885975394194,False,True
568,81,primary_494f26df6416,aligned_donor_source,constant,attention_output_all_blocks_stage10_w4,attention_output_all_blocks_stage4_w4,0.19009782558129013,False,True
568,81,primary_52112c337d08,aligned_donor_source,constant,attention_output_all_blocks_stage10_w6,attention_output_all_blocks_stage15_w6,-0.003518669223296911,True,False
568,81,primary_d0adb13a6bdf,aligned_donor_source,constant,mlp_up_gate_all_blocks_stage10_w4,mlp_up_gate_all_blocks_stage4_w4,0.9997600731372209,False,True
568,81,primary_d82bcfdaeedc,aligned_donor_source,constant,mlp_up_gate_all_blocks_stage10_w6,mlp_up_gate_all_blocks_stage15_w6,0.020785043067235165,False,True
568,82,primary_494f26df6416,aligned_donor_source,constant,attention_output_all_blocks_stage15_w4,attention_output_all_blocks_stage4_w4,-5.836088148003056,True,False
568,82,primary_d0adb13a6bdf,aligned_donor_source,constant,mlp_up_gate_all_blocks_stage15_w4,mlp_up_gate_all_blocks_stage4_w4,-3.020981883014599,True,False
679,79,primary_494f26df6416,aligned_donor_source,constant,attention_output_all_blocks_stage10_w4,attention_output_all_blocks_stage4_w4,-2.1769387703696497,True,False
679,79,primary_d0adb13a6bdf,aligned_donor_source,constant,mlp_up_gate_all_blocks_stage15_w4,mlp_up_gate_all_blocks_stage4_w4,-8.76392101464029,True,False
679,79,primary_ec9365fcc9ef,aligned_donor_source,constant,adaln_conditioning_all_blocks_stage10_w4,adaln_conditioning_all_blocks_stage15_w4,1.2200067133134667,False,True
679,80,primary_494f26df6416,aligned_donor_source,constant,attention_output_all_blocks_stage10_w4,attention_output_all_blocks_stage4_w4,-0.10891642673902877,True,False
679,80,primary_52112c337d08,aligned_donor_source,constant,attention_output_all_blocks_stage10_w6,attention_output_all_blocks_stage15_w6,-0.015575487951593914,True,False
679,80,primary_d0adb13a6bdf,aligned_donor_source,constant,mlp_up_gate_all_blocks_stage10_w4,mlp_up_gate_all_blocks_stage4_w4,4.42736541266379,False,True
679,80,primary_d82bcfdaeedc,aligned_donor_source,constant,mlp_up_gate_all_blocks_stage10_w6,mlp_up_gate_all_blocks_stage15_w6,-0.00882387130360484,True,False
679,80,primary_ec9365fcc9ef,aligned_donor_source,constant,adaln_conditioning_all_blocks_stage10_w4,adaln_conditioning_all_blocks_stage15_w4,1.5648060785726443,False,True
679,81,primary_494f26df6416,aligned_donor_source,constant,attention_output_all_blocks_stage10_w4,attention_output_all_blocks_stage4_w4,0.5586441986993123,False,True
679,81,primary_d0adb13a6bdf,aligned_donor_source,constant,mlp_up_gate_all_blocks_stage15_w4,mlp_up_gate_all_blocks_stage4_w4,-0.08072546813804138,True,False
679,82,primary_494f26df6416,aligned_donor_source,constant,attention_output_all_blocks_stage15_w4,attention_output_all_blocks_stage4_w4,-18.69596083738753,True,False
679,82,primary_d0adb13a6bdf,aligned_donor_source,constant,mlp_up_gate_all_blocks_stage15_w4,mlp_up_gate_all_blocks_stage4_w4,-2.471302335264795,True,False
712,79,primary_494f26df6416,aligned_donor_source,constant,attention_output_all_blocks_stage10_w4,attention_output_all_blocks_stage4_w4,0.2941447791058067,False,True
712,79,primary_52112c337d08,aligned_donor_source,constant,attention_output_all_blocks_stage10_w6,attention_output_all_blocks_stage15_w6,0.03913789116286637,False,True
712,79,primary_903cdd7eae0a,aligned_donor_source,constant,attention_output_all_blocks_stage10_w8,attention_output_all_blocks_stage15_w8,0.005539363119396512,False,True
712,79,primary_d0adb13a6bdf,aligned_donor_source,constant,mlp_up_gate_all_blocks_stage15_w4,mlp_up_gate_all_blocks_stage4_w4,-1.833407624976573,True,False
712,79,primary_d82bcfdaeedc,aligned_donor_source,constant,mlp_up_gate_all_blocks_stage10_w6,mlp_up_gate_all_blocks_stage15_w6,-0.025624290495727564,True,False
712,80,primary_494f26df6416,aligned_donor_source,constant,attention_output_all_blocks_stage10_w4,attention_output_all_blocks_stage4_w4,0.22385162925128904,False,True
712,80,primary_d0adb13a6bdf,aligned_donor_source,constant,mlp_up_gate_all_blocks_stage10_w4,mlp_up_gate_all_blocks_stage4_w4,0.867689792895252,False,True
712,81,primary_494f26df6416,aligned_donor_source,constant,attention_output_all_blocks_stage10_w4,attention_output_all_blocks_stage4_w4,0.21047359110872318,False,True
712,81,primary_d0adb13a6bdf,aligned_donor_source,constant,mlp_up_gate_all_blocks_stage10_w4,mlp_up_gate_all_blocks_stage4_w4,0.46280638955938963,False,True
712,81,primary_d82bcfdaeedc,aligned_donor_source,constant,mlp_up_gate_all_blocks_stage10_w6,mlp_up_gate_all_blocks_stage15_w6,0.0067489877409592156,False,True
712,82,primary_494f26df6416,aligned_donor_source,constant,attention_output_all_blocks_stage15_w4,attention_output_all_blocks_stage4_w4,-0.0637920659974611,True,False
712,82,primary_d0adb13a6bdf,aligned_donor_source,constant,mlp_up_gate_all_blocks_stage15_w4,mlp_up_gate_all_blocks_stage4_w4,-1.0981034045078104,True,False
780,79,primary_494f26df6416,aligned_donor_source,constant,attention_output_all_blocks_stage15_w4,attention_output_all_blocks_stage4_w4,0.12454283687469567,False,True
780,79,primary_d82bcfdaeedc,aligned_donor_source,constant,mlp_up_gate_all_blocks_stage10_w6,mlp_up_gate_all_blocks_stage15_w6,0.02777753532166116,False,True
780,80,primary_494f26df6416,aligned_donor_source,constant,attention_output_all_blocks_stage10_w4,attention_output_all_blocks_stage4_w4,0.36028267065744046,False,True
780,80,primary_d0adb13a6bdf,aligned_donor_source,constant,mlp_up_gate_all_blocks_stage10_w4,mlp_up_gate_all_blocks_stage4_w4,1.3083086263173416,False,True
780,80,primary_d82bcfdaeedc,aligned_donor_source,constant,mlp_up_gate_all_blocks_stage10_w6,mlp_up_gate_all_blocks_stage15_w6,0.019789610084867362,False,True
780,81,primary_494f26df6416,aligned_donor_source,constant,attention_output_all_blocks_stage15_w4,attention_output_all_blocks_stage4_w4,-1.7021723518621703,True,False
780,81,primary_d0adb13a6bdf,aligned_donor_source,constant,mlp_up_gate_all_blocks_stage15_w4,mlp_up_gate_all_blocks_stage4_w4,-0.2152608096987479,True,False
780,82,primary_494f26df6416,aligned_donor_source,constant,attention_output_all_blocks_stage15_w4,attention_output_all_blocks_stage4_w4,0.06652160997214196,False,True
780,82,primary_d0adb13a6bdf,aligned_donor_source,constant,mlp_up_gate_all_blocks_stage15_w4,mlp_up_gate_all_blocks_stage4_w4,0.1999252157467595,False,True
870,79,primary_494f26df6416,aligned_donor_source,constant,attention_output_all_blocks_stage10_w4,attention_output_all_blocks_stage4_w4,0.11604011786278079,False,True
870,79,primary_52112c337d08,aligned_donor_source,constant,attention_output_all_blocks_stage10_w6,attention_output_all_blocks_stage15_w6,0.07053994416071419,False,True
870,79,primary_d0adb13a6bdf,aligned_donor_source,constant,mlp_up_gate_all_blocks_stage10_w4,mlp_up_gate_all_blocks_stage4_w4,14.72990208394424,False,True
870,79,primary_d82bcfdaeedc,aligned_donor_source,constant,mlp_up_gate_all_blocks_stage10_w6,mlp_up_gate_all_blocks_stage15_w6,0.038844688991730436,False,True
870,79,primary_ec9365fcc9ef,aligned_donor_source,constant,adaln_conditioning_all_blocks_stage10_w4,adaln_conditioning_all_blocks_stage15_w4,-0.45709897282490897,True,False
870,80,primary_494f26df6416,aligned_donor_source,constant,attention_output_all_blocks_stage10_w4,attention_output_all_blocks_stage4_w4,-0.02707233985272238,True,False
870,80,primary_52112c337d08,aligned_donor_source,constant,attention_output_all_blocks_stage10_w6,attention_output_all_blocks_stage15_w6,-0.012561961682237666,True,False
870,80,primary_d0adb13a6bdf,aligned_donor_source,constant,mlp_up_gate_all_blocks_stage10_w4,mlp_up_gate_all_blocks_stage4_w4,0.20597667766629965,False,True
870,80,primary_d82bcfdaeedc,aligned_donor_source,constant,mlp_up_gate_all_blocks_stage10_w6,mlp_up_gate_all_blocks_stage15_w6,-0.022863779235024136,True,False
870,80,primary_ec9365fcc9ef,aligned_donor_source,constant,adaln_conditioning_all_blocks_stage10_w4,adaln_conditioning_all_blocks_stage15_w4,-0.04991294897925515,True,False
870,81,primary_494f26df6416,aligned_donor_source,constant,attention_output_all_blocks_stage10_w4,attention_output_all_blocks_stage4_w4,1.4929283564243294,False,True
870,81,primary_52112c337d08,aligned_donor_source,constant,attention_output_all_blocks_stage10_w6,attention_output_all_blocks_stage15_w6,0.0342413091252638,False,True
870,81,primary_d82bcfdaeedc,aligned_donor_source,constant,mlp_up_gate_all_blocks_stage10_w6,mlp_up_gate_all_blocks_stage15_w6,0.09054359253895328,False,True
870,81,primary_ec9365fcc9ef,aligned_donor_source,constant,adaln_conditioning_all_blocks_stage10_w4,adaln_conditioning_all_blocks_stage15_w4,-0.0315760132964442,True,False
870,82,primary_494f26df6416,aligned_donor_source,constant,attention_output_all_blocks_stage10_w4,attention_output_all_blocks_stage4_w4,0.6281719520907246,False,True
888,79,primary_494f26df6416,aligned_donor_source,constant,attention_output_all_blocks_stage15_w4,attention_output_all_blocks_stage4_w4,-1.0282385812698183,True,False
888,80,primary_494f26df6416,aligned_donor_source,constant,attention_output_all_blocks_stage15_w4,attention_output_all_blocks_stage4_w4,-0.4333080262915558,True,False
888,80,primary_52112c337d08,aligned_donor_source,constant,attention_output_all_blocks_stage10_w6,attention_output_all_blocks_stage15_w6,-0.0010387141036396503,True,False
888,80,primary_d0adb13a6bdf,aligned_donor_source,constant,mlp_up_gate_all_blocks_stage15_w4,mlp_up_gate_all_blocks_stage4_w4,-5.84322444321576,True,False
888,80,primary_ec9365fcc9ef,aligned_donor_source,constant,adaln_conditioning_all_blocks_stage10_w4,adaln_conditioning_all_blocks_stage15_w4,0.33147933275779806,False,True
888,81,primary_494f26df6416,aligned_donor_source,constant,attention_output_all_blocks_stage15_w4,attention_output_all_blocks_stage4_w4,-0.023286106217767638,True,False
888,81,primary_52112c337d08,aligned_donor_source,constant,attention_output_all_blocks_stage10_w6,attention_output_all_blocks_stage15_w6,-0.011094896419137967,True,False
888,81,primary_d0adb13a6bdf,aligned_donor_source,constant,mlp_up_gate_all_blocks_stage10_w4,mlp_up_gate_all_blocks_stage4_w4,1.9422763001969692,False,True
888,81,primary_d82bcfdaeedc,aligned_donor_source,constant,mlp_up_gate_all_blocks_stage10_w6,mlp_up_gate_all_blocks_stage15_w6,-0.007262399752690383,True,False
888,82,primary_494f26df6416,aligned_donor_source,constant,attention_output_all_blocks_stage15_w4,attention_output_all_blocks_stage4_w4,-0.3702271142291096,True,False
888,82,primary_d0adb13a6bdf,aligned_donor_source,constant,mlp_up_gate_all_blocks_stage15_w4,mlp_up_gate_all_blocks_stage4_w4,-22.446279263957294,True,False
975,79,primary_494f26df6416,aligned_donor_source,constant,attention_output_all_blocks_stage15_w4,attention_output_all_blocks_stage4_w4,-1.0786760035800853,True,False
975,79,primary_d0adb13a6bdf,aligned_donor_source,constant,mlp_up_gate_all_blocks_stage15_w4,mlp_up_gate_all_blocks_stage4_w4,-18.411051776122804,True,False
975,80,primary_494f26df6416,aligned_donor_source,constant,attention_output_all_blocks_stage10_w4,attention_output_all_blocks_stage4_w4,-10.175477373150217,True,False
975,80,primary_d0adb13a6bdf,aligned_donor_source,constant,mlp_up_gate_all_blocks_stage15_w4,mlp_up_gate_all_blocks_stage4_w4,-2.4354234454364696,True,False
975,80,primary_ec9365fcc9ef,aligned_donor_source,constant,adaln_conditioning_all_blocks_stage10_w4,adaln_conditioning_all_blocks_stage15_w4,0.032083201580974226,False,True
975,81,primary_494f26df6416,aligned_donor_source,constant,attention_output_all_blocks_stage15_w4,attention_output_all_blocks_stage4_w4,-0.008223255779057567,True,False
975,81,primary_d0adb13a6bdf,aligned_donor_source,constant,mlp_up_gate_all_blocks_stage15_w4,mlp_up_gate_all_blocks_stage4_w4,0.17287296852737194,False,True
975,82,primary_494f26df6416,aligned_donor_source,constant,attention_output_all_blocks_stage15_w4,attention_output_all_blocks_stage4_w4,0.02463067434045739,False,True
975,82,primary_d0adb13a6bdf,aligned_donor_source,constant,mlp_up_gate_all_blocks_stage15_w4,mlp_up_gate_all_blocks_stage4_w4,-0.41061854899783157,True,False
975,82,primary_ec9365fcc9ef,aligned_donor_source,constant,adaln_conditioning_all_blocks_stage10_w4,adaln_conditioning_all_blocks_stage15_w4,-0.031453668239294075,True,False
19,79,primary_d0adb13a6bdf,aligned_donor_source,latest_stage,mlp_up_gate_all_blocks_stage4_w4,mlp_up_gate_all_blocks_stage15_w4,0.4070969140494186,False,True
19,79,primary_da06c09aa41a,aligned_donor_source,latest_stage,adaln_conditioning_all_blocks_stage10_w6,adaln_conditioning_all_blocks_stage15_w6,-0.06649978278773006,True,False
19,80,primary_494f26df6416,aligned_donor_source,latest_stage,attention_output_all_blocks_stage10_w4,attention_output_all_blocks_stage15_w4,-0.06995501372000495,True,False
19,80,primary_52112c337d08,aligned_donor_source,latest_stage,attention_output_all_blocks_stage10_w6,attention_output_all_blocks_stage15_w6,-0.009518136101974047,True,False
19,80,primary_d0adb13a6bdf,aligned_donor_source,latest_stage,mlp_up_gate_all_blocks_stage10_w4,mlp_up_gate_all_blocks_stage15_w4,5.582717815847103,False,True
19,80,primary_d82bcfdaeedc,aligned_donor_source,latest_stage,mlp_up_gate_all_blocks_stage10_w6,mlp_up_gate_all_blocks_stage15_w6,0.08037819898294173,False,True
19,80,primary_da06c09aa41a,aligned_donor_source,latest_stage,adaln_conditioning_all_blocks_stage10_w6,adaln_conditioning_all_blocks_stage15_w6,-0.11471052835372575,True,False
19,80,primary_ec9365fcc9ef,aligned_donor_source,latest_stage,adaln_conditioning_all_blocks_stage10_w4,adaln_conditioning_all_blocks_stage15_w4,0.17626023112677558,False,True
19,81,primary_d0adb13a6bdf,aligned_donor_source,latest_stage,mlp_up_gate_all_blocks_stage4_w4,mlp_up_gate_all_blocks_stage15_w4,-0.3949083548275354,True,False
19,81,primary_da06c09aa41a,aligned_donor_source,latest_stage,adaln_conditioning_all_blocks_stage10_w6,adaln_conditioning_all_blocks_stage15_w6,0.5810441569715294,False,True
19,82,primary_d0adb13a6bdf,aligned_donor_source,latest_stage,mlp_up_gate_all_blocks_stage10_w4,mlp_up_gate_all_blocks_stage15_w4,0.558058666634679,False,True
19,82,primary_d82bcfdaeedc,aligned_donor_source,latest_stage,mlp_up_gate_all_blocks_stage10_w6,mlp_up_gate_all_blocks_stage15_w6,-0.0009753067779030289,True,False
19,82,primary_da06c09aa41a,aligned_donor_source,latest_stage,adaln_conditioning_all_blocks_stage10_w6,adaln_conditioning_all_blocks_stage15_w6,-0.022306794083078785,True,False
85,79,primary_d0adb13a6bdf,aligned_donor_source,latest_stage,mlp_up_gate_all_blocks_stage4_w4,mlp_up_gate_all_blocks_stage15_w4,-0.2940226194886151,True,False
85,79,primary_da06c09aa41a,aligned_donor_source,latest_stage,adaln_conditioning_all_blocks_stage10_w6,adaln_conditioning_all_blocks_stage15_w6,-9.454350353621521e-05,True,False
85,80,primary_494f26df6416,aligned_donor_source,latest_stage,attention_output_all_blocks_stage10_w4,attention_output_all_blocks_stage15_w4,0.06229697700973702,False,True
85,80,primary_d0adb13a6bdf,aligned_donor_source,latest_stage,mlp_up_gate_all_blocks_stage10_w4,mlp_up_gate_all_blocks_stage15_w4,-1.3783197888720335,True,False
85,80,primary_d82bcfdaeedc,aligned_donor_source,latest_stage,mlp_up_gate_all_blocks_stage10_w6,mlp_up_gate_all_blocks_stage15_w6,-0.003606509765404553,True,False
85,80,primary_da06c09aa41a,aligned_donor_source,latest_stage,adaln_conditioning_all_blocks_stage10_w6,adaln_conditioning_all_blocks_stage15_w6,-0.058017741673452874,True,False
85,81,primary_494f26df6416,aligned_donor_source,latest_stage,attention_output_all_blocks_stage10_w4,attention_output_all_blocks_stage15_w4,0.007335493228424694,False,True
85,81,primary_d0adb13a6bdf,aligned_donor_source,latest_stage,mlp_up_gate_all_blocks_stage10_w4,mlp_up_gate_all_blocks_stage15_w4,-0.29309981172951904,True,False
85,81,primary_da06c09aa41a,aligned_donor_source,latest_stage,adaln_conditioning_all_blocks_stage10_w6,adaln_conditioning_all_blocks_stage15_w6,-0.025983784067932447,True,False
85,81,primary_ec9365fcc9ef,aligned_donor_source,latest_stage,adaln_conditioning_all_blocks_stage10_w4,adaln_conditioning_all_blocks_stage15_w4,-0.044311560516973686,True,False
85,82,primary_d0adb13a6bdf,aligned_donor_source,latest_stage,mlp_up_gate_all_blocks_stage10_w4,mlp_up_gate_all_blocks_stage15_w4,-0.40127044985018756,True,False
85,82,primary_da06c09aa41a,aligned_donor_source,latest_stage,adaln_conditioning_all_blocks_stage10_w6,adaln_conditioning_all_blocks_stage15_w6,0.001292604890295479,False,True
131,79,primary_d0adb13a6bdf,aligned_donor_source,latest_stage,mlp_up_gate_all_blocks_stage4_w4,mlp_up_gate_all_blocks_stage15_w4,1.5441052672895235,False,True
131,79,primary_da06c09aa41a,aligned_donor_source,latest_stage,adaln_conditioning_all_blocks_stage10_w6,adaln_conditioning_all_blocks_stage15_w6,-0.10397168672579937,True,False
131,80,primary_494f26df6416,aligned_donor_source,latest_stage,attention_output_all_blocks_stage10_w4,attention_output_all_blocks_stage15_w4,-0.16089950683233667,True,False
131,80,primary_d0adb13a6bdf,aligned_donor_source,latest_stage,mlp_up_gate_all_blocks_stage10_w4,mlp_up_gate_all_blocks_stage15_w4,0.03493626496162963,False,True
131,80,primary_da06c09aa41a,aligned_donor_source,latest_stage,adaln_conditioning_all_blocks_stage10_w6,adaln_conditioning_all_blocks_stage15_w6,-0.031669677576928734,True,False
131,80,primary_ec9365fcc9ef,aligned_donor_source,latest_stage,adaln_conditioning_all_blocks_stage10_w4,adaln_conditioning_all_blocks_stage15_w4,-0.03365127105992727,True,False
131,81,primary_494f26df6416,aligned_donor_source,latest_stage,attention_output_all_blocks_stage10_w4,attention_output_all_blocks_stage15_w4,-0.5186113500022885,True,False
131,81,primary_52112c337d08,aligned_donor_source,latest_stage,attention_output_all_blocks_stage10_w6,attention_output_all_blocks_stage15_w6,-0.021415451301947996,True,False
131,81,primary_d0adb13a6bdf,aligned_donor_source,latest_stage,mlp_up_gate_all_blocks_stage10_w4,mlp_up_gate_all_blocks_stage15_w4,-0.2444408927054838,True,False
131,81,primary_d82bcfdaeedc,aligned_donor_source,latest_stage,mlp_up_gate_all_blocks_stage10_w6,mlp_up_gate_all_blocks_stage15_w6,-0.024316049995547935,True,False
131,81,primary_da06c09aa41a,aligned_donor_source,latest_stage,adaln_conditioning_all_blocks_stage10_w6,adaln_conditioning_all_blocks_stage15_w6,-0.08757117996327678,True,False
131,81,primary_ec9365fcc9ef,aligned_donor_source,latest_stage,adaln_conditioning_all_blocks_stage10_w4,adaln_conditioning_all_blocks_stage15_w4,1.271972005814007,False,True
131,82,primary_da06c09aa41a,aligned_donor_source,latest_stage,adaln_conditioning_all_blocks_stage10_w6,adaln_conditioning_all_blocks_stage15_w6,-0.02137730303678609,True,False
131,82,primary_ec9365fcc9ef,aligned_donor_source,latest_stage,adaln_conditioning_all_blocks_stage10_w4,adaln_conditioning_all_blocks_stage15_w4,0.021314206520173698,False,True
224,79,primary_494f26df6416,aligned_donor_source,latest_stage,attention_output_all_blocks_stage10_w4,attention_output_all_blocks_stage15_w4,0.0035134795406152053,False,True
224,79,primary_d0adb13a6bdf,aligned_donor_source,latest_stage,mlp_up_gate_all_blocks_stage10_w4,mlp_up_gate_all_blocks_stage15_w4,1.872191579162703,False,True
224,79,primary_da06c09aa41a,aligned_donor_source,latest_stage,adaln_conditioning_all_blocks_stage10_w6,adaln_conditioning_all_blocks_stage15_w6,-0.009195865268566188,True,False
224,80,primary_494f26df6416,aligned_donor_source,latest_stage,attention_output_all_blocks_stage10_w4,attention_output_all_blocks_stage15_w4,0.03350821545501505,False,True
224,80,primary_52112c337d08,aligned_donor_source,latest_stage,attention_output_all_blocks_stage10_w6,attention_output_all_blocks_stage15_w6,0.01099431918065363,False,True
224,80,primary_d0adb13a6bdf,aligned_donor_source,latest_stage,mlp_up_gate_all_blocks_stage10_w4,mlp_up_gate_all_blocks_stage15_w4,0.19171908846078645,False,True
224,80,primary_d82bcfdaeedc,aligned_donor_source,latest_stage,mlp_up_gate_all_blocks_stage10_w6,mlp_up_gate_all_blocks_stage15_w6,-0.0037790339372918424,True,False
224,80,primary_da06c09aa41a,aligned_donor_source,latest_stage,adaln_conditioning_all_blocks_stage10_w6,adaln_conditioning_all_blocks_stage15_w6,-0.018002829684235166,True,False
224,80,primary_ec9365fcc9ef,aligned_donor_source,latest_stage,adaln_conditioning_all_blocks_stage10_w4,adaln_conditioning_all_blocks_stage15_w4,0.2828893840886196,False,True
224,81,primary_d0adb13a6bdf,aligned_donor_source,latest_stage,mlp_up_gate_all_blocks_stage4_w4,mlp_up_gate_all_blocks_stage15_w4,-0.20886924795283685,True,False
224,81,primary_da06c09aa41a,aligned_donor_source,latest_stage,adaln_conditioning_all_blocks_stage10_w6,adaln_conditioning_all_blocks_stage15_w6,-0.008592939597519946,True,False
224,82,primary_da06c09aa41a,aligned_donor_source,latest_stage,adaln_conditioning_all_blocks_stage10_w6,adaln_conditioning_all_blocks_stage15_w6,-0.015170154264922072,True,False
301,79,primary_903cdd7eae0a,aligned_donor_source,latest_stage,attention_output_all_blocks_stage10_w8,attention_output_all_blocks_stage15_w8,0.0026810546436877307,False,True
301,79,primary_d82bcfdaeedc,aligned_donor_source,latest_stage,mlp_up_gate_all_blocks_stage10_w6,mlp_up_gate_all_blocks_stage15_w6,0.0033185415244929573,False,True
301,79,primary_da06c09aa41a,aligned_donor_source,latest_stage,adaln_conditioning_all_blocks_stage10_w6,adaln_conditioning_all_blocks_stage15_w6,-0.01118871860404623,True,False
301,80,primary_494f26df6416,aligned_donor_source,latest_stage,attention_output_all_blocks_stage10_w4,attention_output_all_blocks_stage15_w4,-0.0925186625489829,True,False
301,80,primary_52112c337d08,aligned_donor_source,latest_stage,attention_output_all_blocks_stage10_w6,attention_output_all_blocks_stage15_w6,-0.00032878512934076017,True,False
301,80,primary_d0adb13a6bdf,aligned_donor_source,latest_stage,mlp_up_gate_all_blocks_stage10_w4,mlp_up_gate_all_blocks_stage15_w4,0.1543101509355864,False,True
301,80,primary_da06c09aa41a,aligned_donor_source,latest_stage,adaln_conditioning_all_blocks_stage10_w6,adaln_conditioning_all_blocks_stage15_w6,-0.07933583124219368,True,False
301,80,primary_ec9365fcc9ef,aligned_donor_source,latest_stage,adaln_conditioning_all_blocks_stage10_w4,adaln_conditioning_all_blocks_stage15_w4,-0.14286733580762245,True,False
301,81,primary_494f26df6416,aligned_donor_source,latest_stage,attention_output_all_blocks_stage10_w4,attention_output_all_blocks_stage15_w4,4.499948786296149,False,True
301,81,primary_d82bcfdaeedc,aligned_donor_source,latest_stage,mlp_up_gate_all_blocks_stage10_w6,mlp_up_gate_all_blocks_stage15_w6,0.2422232435032931,False,True
301,81,primary_da06c09aa41a,aligned_donor_source,latest_stage,adaln_conditioning_all_blocks_stage10_w6,adaln_conditioning_all_blocks_stage15_w6,0.16946836049043057,False,True
301,82,primary_da06c09aa41a,aligned_donor_source,latest_stage,adaln_conditioning_all_blocks_stage10_w6,adaln_conditioning_all_blocks_stage15_w6,0.015654077588706627,False,True
345,79,primary_52112c337d08,aligned_donor_source,latest_stage,attention_output_all_blocks_stage10_w6,attention_output_all_blocks_stage15_w6,-0.001139376328239912,True,False
345,79,primary_d0adb13a6bdf,aligned_donor_source,latest_stage,mlp_up_gate_all_blocks_stage10_w4,mlp_up_gate_all_blocks_stage15_w4,-0.061460274604073106,True,False
345,79,primary_d82bcfdaeedc,aligned_donor_source,latest_stage,mlp_up_gate_all_blocks_stage10_w6,mlp_up_gate_all_blocks_stage15_w6,0.024552596301347773,False,True
345,79,primary_da06c09aa41a,aligned_donor_source,latest_stage,adaln_conditioning_all_blocks_stage10_w6,adaln_conditioning_all_blocks_stage15_w6,-0.024312330556256243,True,False
345,79,primary_ec9365fcc9ef,aligned_donor_source,latest_stage,adaln_conditioning_all_blocks_stage10_w4,adaln_conditioning_all_blocks_stage15_w4,-0.00937094820896786,True,False
345,80,primary_494f26df6416,aligned_donor_source,latest_stage,attention_output_all_blocks_stage10_w4,attention_output_all_blocks_stage15_w4,-0.10541340067578629,True,False
345,80,primary_d0adb13a6bdf,aligned_donor_source,latest_stage,mlp_up_gate_all_blocks_stage10_w4,mlp_up_gate_all_blocks_stage15_w4,-0.039293447895200784,True,False
345,80,primary_da06c09aa41a,aligned_donor_source,latest_stage,adaln_conditioning_all_blocks_stage10_w6,adaln_conditioning_all_blocks_stage15_w6,0.0028237730477513948,False,True
345,80,primary_ec9365fcc9ef,aligned_donor_source,latest_stage,adaln_conditioning_all_blocks_stage10_w4,adaln_conditioning_all_blocks_stage15_w4,0.13981227461056278,False,True
345,81,primary_494f26df6416,aligned_donor_source,latest_stage,attention_output_all_blocks_stage10_w4,attention_output_all_blocks_stage15_w4,-0.1919243274865145,True,False
345,81,primary_d0adb13a6bdf,aligned_donor_source,latest_stage,mlp_up_gate_all_blocks_stage10_w4,mlp_up_gate_all_blocks_stage15_w4,-0.5597798172071862,True,False
345,81,primary_d82bcfdaeedc,aligned_donor_source,latest_stage,mlp_up_gate_all_blocks_stage10_w6,mlp_up_gate_all_blocks_stage15_w6,0.08985908617103176,False,True
345,81,primary_da06c09aa41a,aligned_donor_source,latest_stage,adaln_conditioning_all_blocks_stage10_w6,adaln_conditioning_all_blocks_stage15_w6,-0.05853859797365145,True,False
345,82,primary_da06c09aa41a,aligned_donor_source,latest_stage,adaln_conditioning_all_blocks_stage10_w6,adaln_conditioning_all_blocks_stage15_w6,0.02688838551387107,False,True
384,79,primary_da06c09aa41a,aligned_donor_source,latest_stage,adaln_conditioning_all_blocks_stage10_w6,adaln_conditioning_all_blocks_stage15_w6,-0.019368207543383417,True,False
384,80,primary_494f26df6416,aligned_donor_source,latest_stage,attention_output_all_blocks_stage10_w4,attention_output_all_blocks_stage15_w4,0.1420552907988686,False,True
384,80,primary_d0adb13a6bdf,aligned_donor_source,latest_stage,mlp_up_gate_all_blocks_stage10_w4,mlp_up_gate_all_blocks_stage15_w4,-0.09764422240196419,True,False
384,80,primary_da06c09aa41a,aligned_donor_source,latest_stage,adaln_conditioning_all_blocks_stage10_w6,adaln_conditioning_all_blocks_stage15_w6,-0.0023136638123268938,True,False
384,80,primary_ec9365fcc9ef,aligned_donor_source,latest_stage,adaln_conditioning_all_blocks_stage10_w4,adaln_conditioning_all_blocks_stage15_w4,0.22167957299186364,False,True
384,81,primary_494f26df6416,aligned_donor_source,latest_stage,attention_output_all_blocks_stage10_w4,attention_output_all_blocks_stage15_w4,-0.30535135272939223,True,False
384,81,primary_d0adb13a6bdf,aligned_donor_source,latest_stage,mlp_up_gate_all_blocks_stage10_w4,mlp_up_gate_all_blocks_stage15_w4,0.07640947941069953,False,True
384,81,primary_da06c09aa41a,aligned_donor_source,latest_stage,adaln_conditioning_all_blocks_stage10_w6,adaln_conditioning_all_blocks_stage15_w6,0.019893606942730464,False,True
384,81,primary_ec9365fcc9ef,aligned_donor_source,latest_stage,adaln_conditioning_all_blocks_stage10_w4,adaln_conditioning_all_blocks_stage15_w4,-0.0002678671211242545,True,False
384,82,primary_da06c09aa41a,aligned_donor_source,latest_stage,adaln_conditioning_all_blocks_stage10_w6,adaln_conditioning_all_blocks_stage15_w6,0.0147287028679699,False,True
462,79,primary_494f26df6416,aligned_donor_source,latest_stage,attention_output_all_blocks_stage10_w4,attention_output_all_blocks_stage15_w4,0.9851420268625477,False,True
462,79,primary_52112c337d08,aligned_donor_source,latest_stage,attention_output_all_blocks_stage10_w6,attention_output_all_blocks_stage15_w6,0.05191719594045807,False,True
462,79,primary_d0adb13a6bdf,aligned_donor_source,latest_stage,mlp_up_gate_all_blocks_stage10_w4,mlp_up_gate_all_blocks_stage15_w4,3.4254463054658686,False,True
462,79,primary_d82bcfdaeedc,aligned_donor_source,latest_stage,mlp_up_gate_all_blocks_stage10_w6,mlp_up_gate_all_blocks_stage15_w6,0.09566110977920061,False,True
462,79,primary_da06c09aa41a,aligned_donor_source,latest_stage,adaln_conditioning_all_blocks_stage10_w6,adaln_conditioning_all_blocks_stage15_w6,0.026266220974036976,False,True
462,80,primary_494f26df6416,aligned_donor_source,latest_stage,attention_output_all_blocks_stage10_w4,attention_output_all_blocks_stage15_w4,0.06525414972896822,False,True
462,80,primary_d0adb13a6bdf,aligned_donor_source,latest_stage,mlp_up_gate_all_blocks_stage10_w4,mlp_up_gate_all_blocks_stage15_w4,0.06440595119186887,False,True
462,80,primary_da06c09aa41a,aligned_donor_source,latest_stage,adaln_conditioning_all_blocks_stage10_w6,adaln_conditioning_all_blocks_stage15_w6,-0.020424106418591492,True,False
462,80,primary_ec9365fcc9ef,aligned_donor_source,latest_stage,adaln_conditioning_all_blocks_stage10_w4,adaln_conditioning_all_blocks_stage15_w4,0.2748161109549834,False,True
462,81,primary_494f26df6416,aligned_donor_source,latest_stage,attention_output_all_blocks_stage4_w4,attention_output_all_blocks_stage15_w4,-0.23807898602370517,True,False
462,81,primary_52112c337d08,aligned_donor_source,latest_stage,attention_output_all_blocks_stage4_w6,attention_output_all_blocks_stage15_w6,0.000516195418004628,False,True
462,81,primary_d82bcfdaeedc,aligned_donor_source,latest_stage,mlp_up_gate_all_blocks_stage4_w6,mlp_up_gate_all_blocks_stage15_w6,-0.009908340501905144,True,False
462,81,primary_da06c09aa41a,aligned_donor_source,latest_stage,adaln_conditioning_all_blocks_stage10_w6,adaln_conditioning_all_blocks_stage15_w6,0.0383808951960418,False,True
462,82,primary_494f26df6416,aligned_donor_source,latest_stage,attention_output_all_blocks_stage10_w4,attention_output_all_blocks_stage15_w4,-0.06636434866580043,True,False
462,82,primary_d0adb13a6bdf,aligned_donor_source,latest_stage,mlp_up_gate_all_blocks_stage10_w4,mlp_up_gate_all_blocks_stage15_w4,0.835166965088874,False,True
462,82,primary_d82bcfdaeedc,aligned_donor_source,latest_stage,mlp_up_gate_all_blocks_stage10_w6,mlp_up_gate_all_blocks_stage15_w6,-0.0036714817829448486,True,False
462,82,primary_da06c09aa41a,aligned_donor_source,latest_stage,adaln_conditioning_all_blocks_stage10_w6,adaln_conditioning_all_blocks_stage15_w6,-0.12016563225691357,True,False
462,82,primary_ec9365fcc9ef,aligned_donor_source,latest_stage,adaln_conditioning_all_blocks_stage10_w4,adaln_conditioning_all_blocks_stage15_w4,0.0861178375455296,False,True
511,79,primary_494f26df6416,aligned_donor_source,latest_stage,attention_output_all_blocks_stage10_w4,attention_output_all_blocks_stage15_w4,1.1411625981895526,False,True
511,79,primary_d82bcfdaeedc,aligned_donor_source,latest_stage,mlp_up_gate_all_blocks_stage10_w6,mlp_up_gate_all_blocks_stage15_w6,0.07317169413425975,False,True
511,79,primary_da06c09aa41a,aligned_donor_source,latest_stage,adaln_conditioning_all_blocks_stage10_w6,adaln_conditioning_all_blocks_stage15_w6,0.05541245288253551,False,True
511,80,primary_494f26df6416,aligned_donor_source,latest_stage,attention_output_all_blocks_stage10_w4,attention_output_all_blocks_stage15_w4,7.792332111173195,False,True
511,80,primary_52112c337d08,aligned_donor_source,latest_stage,attention_output_all_blocks_stage10_w6,attention_output_all_blocks_stage15_w6,-0.003053650958122491,True,False
511,80,primary_d0adb13a6bdf,aligned_donor_source,latest_stage,mlp_up_gate_all_blocks_stage4_w4,mlp_up_gate_all_blocks_stage15_w4,1.2953712950404674,False,True
511,80,primary_d82bcfdaeedc,aligned_donor_source,latest_stage,mlp_up_gate_all_blocks_stage10_w6,mlp_up_gate_all_blocks_stage15_w6,0.10918909764397708,False,True
511,80,primary_da06c09aa41a,aligned_donor_source,latest_stage,adaln_conditioning_all_blocks_stage10_w6,adaln_conditioning_all_blocks_stage15_w6,0.039295116869947584,False,True
511,80,primary_ec9365fcc9ef,aligned_donor_source,latest_stage,adaln_conditioning_all_blocks_stage10_w4,adaln_conditioning_all_blocks_stage15_w4,0.12373073463548678,False,True
511,81,primary_494f26df6416,aligned_donor_source,latest_stage,attention_output_all_blocks_stage4_w4,attention_output_all_blocks_stage15_w4,-0.680440715423984,True,False
511,81,primary_52112c337d08,aligned_donor_source,latest_stage,attention_output_all_blocks_stage4_w6,attention_output_all_blocks_stage15_w6,-0.0038416307218085456,True,False
511,81,primary_d0adb13a6bdf,aligned_donor_source,latest_stage,mlp_up_gate_all_blocks_stage4_w4,mlp_up_gate_all_blocks_stage15_w4,-0.38544762513959085,True,False
511,81,primary_d82bcfdaeedc,aligned_donor_source,latest_stage,mlp_up_gate_all_blocks_stage4_w6,mlp_up_gate_all_blocks_stage15_w6,-0.005295505022331788,True,False
511,81,primary_da06c09aa41a,aligned_donor_source,latest_stage,adaln_conditioning_all_blocks_stage10_w6,adaln_conditioning_all_blocks_stage15_w6,-0.009967887358186538,True,False
511,82,primary_494f26df6416,aligned_donor_source,latest_stage,attention_output_all_blocks_stage10_w4,attention_output_all_blocks_stage15_w4,0.6802646523299849,False,True
511,82,primary_d82bcfdaeedc,aligned_donor_source,latest_stage,mlp_up_gate_all_blocks_stage10_w6,mlp_up_gate_all_blocks_stage15_w6,-0.010608118838195672,True,False
511,82,primary_da06c09aa41a,aligned_donor_source,latest_stage,adaln_conditioning_all_blocks_stage10_w6,adaln_conditioning_all_blocks_stage15_w6,0.021289230814375074,False,True
568,79,primary_494f26df6416,aligned_donor_source,latest_stage,attention_output_all_blocks_stage10_w4,attention_output_all_blocks_stage15_w4,-0.04422554220724351,True,False
568,79,primary_da06c09aa41a,aligned_donor_source,latest_stage,adaln_conditioning_all_blocks_stage10_w6,adaln_conditioning_all_blocks_stage15_w6,-0.028656284309818154,True,False
568,79,primary_ec9365fcc9ef,aligned_donor_source,latest_stage,adaln_conditioning_all_blocks_stage10_w4,adaln_conditioning_all_blocks_stage15_w4,-0.012678529639970307,True,False
568,80,primary_494f26df6416,aligned_donor_source,latest_stage,attention_output_all_blocks_stage10_w4,attention_output_all_blocks_stage15_w4,0.47294418894695045,False,True
568,80,primary_d0adb13a6bdf,aligned_donor_source,latest_stage,mlp_up_gate_all_blocks_stage10_w4,mlp_up_gate_all_blocks_stage15_w4,0.3922290585126261,False,True
568,80,primary_da06c09aa41a,aligned_donor_source,latest_stage,adaln_conditioning_all_blocks_stage10_w6,adaln_conditioning_all_blocks_stage15_w6,-0.0647517322609019,True,False
568,80,primary_ec9365fcc9ef,aligned_donor_source,latest_stage,adaln_conditioning_all_blocks_stage10_w4,adaln_conditioning_all_blocks_stage15_w4,0.42535885975394194,False,True
568,81,primary_494f26df6416,aligned_donor_source,latest_stage,attention_output_all_blocks_stage10_w4,attention_output_all_blocks_stage15_w4,0.23622342956520012,False,True
568,81,primary_52112c337d08,aligned_donor_source,latest_stage,attention_output_all_blocks_stage10_w6,attention_output_all_blocks_stage15_w6,-0.003518669223296911,True,False
568,81,primary_d0adb13a6bdf,aligned_donor_source,latest_stage,mlp_up_gate_all_blocks_stage10_w4,mlp_up_gate_all_blocks_stage15_w4,0.8205605532563139,False,True
568,81,primary_d82bcfdaeedc,aligned_donor_source,latest_stage,mlp_up_gate_all_blocks_stage10_w6,mlp_up_gate_all_blocks_stage15_w6,0.020785043067235165,False,True
568,81,primary_da06c09aa41a,aligned_donor_source,latest_stage,adaln_conditioning_all_blocks_stage10_w6,adaln_conditioning_all_blocks_stage15_w6,-0.014270690126579662,True,False
568,82,primary_da06c09aa41a,aligned_donor_source,latest_stage,adaln_conditioning_all_blocks_stage10_w6,adaln_conditioning_all_blocks_stage15_w6,0.2536107929746975,False,True
679,79,primary_494f26df6416,aligned_donor_source,latest_stage,attention_output_all_blocks_stage10_w4,attention_output_all_blocks_stage15_w4,3.4216387280233107,False,True
679,79,primary_da06c09aa41a,aligned_donor_source,latest_stage,adaln_conditioning_all_blocks_stage10_w6,adaln_conditioning_all_blocks_stage15_w6,0.2572143603424592,False,True
679,79,primary_ec9365fcc9ef,aligned_donor_source,latest_stage,adaln_conditioning_all_blocks_stage10_w4,adaln_conditioning_all_blocks_stage15_w4,1.2200067133134667,False,True
679,80,primary_494f26df6416,aligned_donor_source,latest_stage,attention_output_all_blocks_stage10_w4,attention_output_all_blocks_stage15_w4,-0.9632182249443169,True,False
679,80,primary_52112c337d08,aligned_donor_source,latest_stage,attention_output_all_blocks_stage10_w6,attention_output_all_blocks_stage15_w6,-0.015575487951593914,True,False
679,80,primary_d0adb13a6bdf,aligned_donor_source,latest_stage,mlp_up_gate_all_blocks_stage10_w4,mlp_up_gate_all_blocks_stage15_w4,2.8447136994439015,False,True
679,80,primary_d82bcfdaeedc,aligned_donor_source,latest_stage,mlp_up_gate_all_blocks_stage10_w6,mlp_up_gate_all_blocks_stage15_w6,-0.00882387130360484,True,False
679,80,primary_da06c09aa41a,aligned_donor_source,latest_stage,adaln_conditioning_all_blocks_stage10_w6,adaln_conditioning_all_blocks_stage15_w6,-0.12755150427324227,True,False
679,80,primary_ec9365fcc9ef,aligned_donor_source,latest_stage,adaln_conditioning_all_blocks_stage10_w4,adaln_conditioning_all_blocks_stage15_w4,1.5648060785726443,False,True
679,81,primary_494f26df6416,aligned_donor_source,latest_stage,attention_output_all_blocks_stage10_w4,attention_output_all_blocks_stage15_w4,0.7807092551655046,False,True
679,81,primary_da06c09aa41a,aligned_donor_source,latest_stage,adaln_conditioning_all_blocks_stage10_w6,adaln_conditioning_all_blocks_stage15_w6,-0.024170927830198252,True,False
679,82,primary_da06c09aa41a,aligned_donor_source,latest_stage,adaln_conditioning_all_blocks_stage10_w6,adaln_conditioning_all_blocks_stage15_w6,-0.010771916954148246,True,False
712,79,primary_494f26df6416,aligned_donor_source,latest_stage,attention_output_all_blocks_stage10_w4,attention_output_all_blocks_stage15_w4,0.3383167882714133,False,True
712,79,primary_52112c337d08,aligned_donor_source,latest_stage,attention_output_all_blocks_stage10_w6,attention_output_all_blocks_stage15_w6,0.03913789116286637,False,True
712,79,primary_903cdd7eae0a,aligned_donor_source,latest_stage,attention_output_all_blocks_stage10_w8,attention_output_all_blocks_stage15_w8,0.005539363119396512,False,True
712,79,primary_d82bcfdaeedc,aligned_donor_source,latest_stage,mlp_up_gate_all_blocks_stage10_w6,mlp_up_gate_all_blocks_stage15_w6,-0.025624290495727564,True,False
712,79,primary_da06c09aa41a,aligned_donor_source,latest_stage,adaln_conditioning_all_blocks_stage10_w6,adaln_conditioning_all_blocks_stage15_w6,-0.03246678959823156,True,False
712,80,primary_494f26df6416,aligned_donor_source,latest_stage,attention_output_all_blocks_stage10_w4,attention_output_all_blocks_stage15_w4,0.2505923237035432,False,True
712,80,primary_d0adb13a6bdf,aligned_donor_source,latest_stage,mlp_up_gate_all_blocks_stage10_w4,mlp_up_gate_all_blocks_stage15_w4,0.4966741182382215,False,True
712,80,primary_da06c09aa41a,aligned_donor_source,latest_stage,adaln_conditioning_all_blocks_stage10_w6,adaln_conditioning_all_blocks_stage15_w6,-0.04352403226755186,True,False
712,81,primary_494f26df6416,aligned_donor_source,latest_stage,attention_output_all_blocks_stage10_w4,attention_output_all_blocks_stage15_w4,0.09291161728881653,False,True
712,81,primary_d0adb13a6bdf,aligned_donor_source,latest_stage,mlp_up_gate_all_blocks_stage10_w4,mlp_up_gate_all_blocks_stage15_w4,-0.20550620618123033,True,False
712,81,primary_d82bcfdaeedc,aligned_donor_source,latest_stage,mlp_up_gate_all_blocks_stage10_w6,mlp_up_gate_all_blocks_stage15_w6,0.0067489877409592156,False,True
712,81,primary_da06c09aa41a,aligned_donor_source,latest_stage,adaln_conditioning_all_blocks_stage10_w6,adaln_conditioning_all_blocks_stage15_w6,0.03819792654669743,False,True
712,82,primary_da06c09aa41a,aligned_donor_source,latest_stage,adaln_conditioning_all_blocks_stage10_w6,adaln_conditioning_all_blocks_stage15_w6,0.034931508804675104,False,True
780,79,primary_d0adb13a6bdf,aligned_donor_source,latest_stage,mlp_up_gate_all_blocks_stage4_w4,mlp_up_gate_all_blocks_stage15_w4,-0.42689466310493174,True,False
780,79,primary_d82bcfdaeedc,aligned_donor_source,latest_stage,mlp_up_gate_all_blocks_stage10_w6,mlp_up_gate_all_blocks_stage15_w6,0.02777753532166116,False,True
780,79,primary_da06c09aa41a,aligned_donor_source,latest_stage,adaln_conditioning_all_blocks_stage10_w6,adaln_conditioning_all_blocks_stage15_w6,0.08523167791435068,False,True
780,80,primary_494f26df6416,aligned_donor_source,latest_stage,attention_output_all_blocks_stage10_w4,attention_output_all_blocks_stage15_w4,-0.8441270679809918,True,False
780,80,primary_d0adb13a6bdf,aligned_donor_source,latest_stage,mlp_up_gate_all_blocks_stage10_w4,mlp_up_gate_all_blocks_stage15_w4,-1.661868645839376,True,False
780,80,primary_d82bcfdaeedc,aligned_donor_source,latest_stage,mlp_up_gate_all_blocks_stage10_w6,mlp_up_gate_all_blocks_stage15_w6,0.019789610084867362,False,True
780,80,primary_da06c09aa41a,aligned_donor_source,latest_stage,adaln_conditioning_all_blocks_stage10_w6,adaln_conditioning_all_blocks_stage15_w6,-0.09421451641856039,True,False
780,81,primary_da06c09aa41a,aligned_donor_source,latest_stage,adaln_conditioning_all_blocks_stage10_w6,adaln_conditioning_all_blocks_stage15_w6,0.16493956672934473,False,True
780,82,primary_da06c09aa41a,aligned_donor_source,latest_stage,adaln_conditioning_all_blocks_stage10_w6,adaln_conditioning_all_blocks_stage15_w6,-0.026223767050197466,True,False
870,79,primary_494f26df6416,aligned_donor_source,latest_stage,attention_output_all_blocks_stage10_w4,attention_output_all_blocks_stage15_w4,0.22763853036116183,False,True
870,79,primary_52112c337d08,aligned_donor_source,latest_stage,attention_output_all_blocks_stage10_w6,attention_output_all_blocks_stage15_w6,0.07053994416071419,False,True
870,79,primary_d0adb13a6bdf,aligned_donor_source,latest_stage,mlp_up_gate_all_blocks_stage10_w4,mlp_up_gate_all_blocks_stage15_w4,14.12872388425808,False,True
870,79,primary_d82bcfdaeedc,aligned_donor_source,latest_stage,mlp_up_gate_all_blocks_stage10_w6,mlp_up_gate_all_blocks_stage15_w6,0.038844688991730436,False,True
870,79,primary_da06c09aa41a,aligned_donor_source,latest_stage,adaln_conditioning_all_blocks_stage10_w6,adaln_conditioning_all_blocks_stage15_w6,-0.14709912576722672,True,False
870,79,primary_ec9365fcc9ef,aligned_donor_source,latest_stage,adaln_conditioning_all_blocks_stage10_w4,adaln_conditioning_all_blocks_stage15_w4,-0.45709897282490897,True,False
870,80,primary_494f26df6416,aligned_donor_source,latest_stage,attention_output_all_blocks_stage10_w4,attention_output_all_blocks_stage15_w4,-0.19428626960483086,True,False
870,80,primary_52112c337d08,aligned_donor_source,latest_stage,attention_output_all_blocks_stage10_w6,attention_output_all_blocks_stage15_w6,-0.012561961682237666,True,False
870,80,primary_d0adb13a6bdf,aligned_donor_source,latest_stage,mlp_up_gate_all_blocks_stage10_w4,mlp_up_gate_all_blocks_stage15_w4,-0.6436328914676643,True,False
870,80,primary_d82bcfdaeedc,aligned_donor_source,latest_stage,mlp_up_gate_all_blocks_stage10_w6,mlp_up_gate_all_blocks_stage15_w6,-0.022863779235024136,True,False
870,80,primary_da06c09aa41a,aligned_donor_source,latest_stage,adaln_conditioning_all_blocks_stage10_w6,adaln_conditioning_all_blocks_stage15_w6,-0.03900109882125946,True,False
870,80,primary_ec9365fcc9ef,aligned_donor_source,latest_stage,adaln_conditioning_all_blocks_stage10_w4,adaln_conditioning_all_blocks_stage15_w4,-0.04991294897925515,True,False
870,81,primary_494f26df6416,aligned_donor_source,latest_stage,attention_output_all_blocks_stage10_w4,attention_output_all_blocks_stage15_w4,0.867054524368598,False,True
870,81,primary_52112c337d08,aligned_donor_source,latest_stage,attention_output_all_blocks_stage10_w6,attention_output_all_blocks_stage15_w6,0.0342413091252638,False,True
870,81,primary_d0adb13a6bdf,aligned_donor_source,latest_stage,mlp_up_gate_all_blocks_stage4_w4,mlp_up_gate_all_blocks_stage15_w4,-0.6693487733336951,True,False
870,81,primary_d82bcfdaeedc,aligned_donor_source,latest_stage,mlp_up_gate_all_blocks_stage10_w6,mlp_up_gate_all_blocks_stage15_w6,0.09054359253895328,False,True
870,81,primary_da06c09aa41a,aligned_donor_source,latest_stage,adaln_conditioning_all_blocks_stage10_w6,adaln_conditioning_all_blocks_stage15_w6,0.09900345182813906,False,True
870,81,primary_ec9365fcc9ef,aligned_donor_source,latest_stage,adaln_conditioning_all_blocks_stage10_w4,adaln_conditioning_all_blocks_stage15_w4,-0.0315760132964442,True,False
870,82,primary_494f26df6416,aligned_donor_source,latest_stage,attention_output_all_blocks_stage10_w4,attention_output_all_blocks_stage15_w4,-1.4753553400166908,True,False
870,82,primary_d0adb13a6bdf,aligned_donor_source,latest_stage,mlp_up_gate_all_blocks_stage4_w4,mlp_up_gate_all_blocks_stage15_w4,-0.012900385569637018,True,False
870,82,primary_da06c09aa41a,aligned_donor_source,latest_stage,adaln_conditioning_all_blocks_stage10_w6,adaln_conditioning_all_blocks_stage15_w6,0.12513182774455345,False,True
888,79,primary_d0adb13a6bdf,aligned_donor_source,latest_stage,mlp_up_gate_all_blocks_stage4_w4,mlp_up_gate_all_blocks_stage15_w4,5.339512851842358,False,True
888,79,primary_da06c09aa41a,aligned_donor_source,latest_stage,adaln_conditioning_all_blocks_stage10_w6,adaln_conditioning_all_blocks_stage15_w6,0.0211866610397351,False,True
888,80,primary_52112c337d08,aligned_donor_source,latest_stage,attention_output_all_blocks_stage10_w6,attention_output_all_blocks_stage15_w6,-0.0010387141036396503,True,False
888,80,primary_da06c09aa41a,aligned_donor_source,latest_stage,adaln_conditioning_all_blocks_stage10_w6,adaln_conditioning_all_blocks_stage15_w6,-0.054239788687890936,True,False
888,80,primary_ec9365fcc9ef,aligned_donor_source,latest_stage,adaln_conditioning_all_blocks_stage10_w4,adaln_conditioning_all_blocks_stage15_w4,0.33147933275779806,False,True
888,81,primary_52112c337d08,aligned_donor_source,latest_stage,attention_output_all_blocks_stage10_w6,attention_output_all_blocks_stage15_w6,-0.011094896419137967,True,False
888,81,primary_d0adb13a6bdf,aligned_donor_source,latest_stage,mlp_up_gate_all_blocks_stage10_w4,mlp_up_gate_all_blocks_stage15_w4,2.1307306489255247,False,True
888,81,primary_d82bcfdaeedc,aligned_donor_source,latest_stage,mlp_up_gate_all_blocks_stage10_w6,mlp_up_gate_all_blocks_stage15_w6,-0.007262399752690383,True,False
888,81,primary_da06c09aa41a,aligned_donor_source,latest_stage,adaln_conditioning_all_blocks_stage10_w6,adaln_conditioning_all_blocks_stage15_w6,-0.06045872376375884,True,False
888,82,primary_da06c09aa41a,aligned_donor_source,latest_stage,adaln_conditioning_all_blocks_stage10_w6,adaln_conditioning_all_blocks_stage15_w6,0.20710712799147754,False,True
975,79,primary_da06c09aa41a,aligned_donor_source,latest_stage,adaln_conditioning_all_blocks_stage10_w6,adaln_conditioning_all_blocks_stage15_w6,0.6597996635846357,False,True
975,80,primary_494f26df6416,aligned_donor_source,latest_stage,attention_output_all_blocks_stage10_w4,attention_output_all_blocks_stage15_w4,1.2579690284112528,False,True
975,80,primary_da06c09aa41a,aligned_donor_source,latest_stage,adaln_conditioning_all_blocks_stage10_w6,adaln_conditioning_all_blocks_stage15_w6,0.3739187026877175,False,True
975,80,primary_ec9365fcc9ef,aligned_donor_source,latest_stage,adaln_conditioning_all_blocks_stage10_w4,adaln_conditioning_all_blocks_stage15_w4,0.032083201580974226,False,True
975,81,primary_da06c09aa41a,aligned_donor_source,latest_stage,adaln_conditioning_all_blocks_stage10_w6,adaln_conditioning_all_blocks_stage15_w6,-0.01629593302914145,True,False
975,82,primary_da06c09aa41a,aligned_donor_source,latest_stage,adaln_conditioning_all_blocks_stage10_w6,adaln_conditioning_all_blocks_stage15_w6,-0.02196624854974516,True,False
975,82,primary_ec9365fcc9ef,aligned_donor_source,latest_stage,adaln_conditioning_all_blocks_stage10_w4,adaln_conditioning_all_blocks_stage15_w4,-0.031453668239294075,True,False
19,79,primary_d82bcfdaeedc,aligned_isotropic_source,constant,mlp_up_gate_all_blocks_stage4_w6,mlp_up_gate_all_blocks_stage15_w6,-0.008799948805005894,True,False
19,79,primary_ec9365fcc9ef,aligned_isotropic_source,constant,adaln_conditioning_all_blocks_stage10_w4,adaln_conditioning_all_blocks_stage15_w4,0.059451381035444256,False,True
19,80,primary_494f26df6416,aligned_isotropic_source,constant,attention_output_all_blocks_stage10_w4,attention_output_all_blocks_stage4_w4,0.11365134000378416,False,True
19,80,primary_52112c337d08,aligned_isotropic_source,constant,attention_output_all_blocks_stage10_w6,attention_output_all_blocks_stage15_w6,-0.009518136101974047,True,False
19,80,primary_d82bcfdaeedc,aligned_isotropic_source,constant,mlp_up_gate_all_blocks_stage10_w6,mlp_up_gate_all_blocks_stage15_w6,0.08037819898294173,False,True
19,80,primary_ec9365fcc9ef,aligned_isotropic_source,constant,adaln_conditioning_all_blocks_stage10_w4,adaln_conditioning_all_blocks_stage15_w4,0.17626023112677558,False,True
19,81,primary_494f26df6416,aligned_isotropic_source,constant,attention_output_all_blocks_stage10_w4,attention_output_all_blocks_stage4_w4,25.991012580694022,False,True
19,81,primary_d82bcfdaeedc,aligned_isotropic_source,constant,mlp_up_gate_all_blocks_stage4_w6,mlp_up_gate_all_blocks_stage15_w6,0.03728428777958471,False,True
19,82,primary_494f26df6416,aligned_isotropic_source,constant,attention_output_all_blocks_stage10_w4,attention_output_all_blocks_stage4_w4,-0.06629481470008614,True,False
19,82,primary_d82bcfdaeedc,aligned_isotropic_source,constant,mlp_up_gate_all_blocks_stage10_w6,mlp_up_gate_all_blocks_stage15_w6,-0.0009753067779030289,True,False
19,82,primary_ec9365fcc9ef,aligned_isotropic_source,constant,adaln_conditioning_all_blocks_stage10_w4,adaln_conditioning_all_blocks_stage15_w4,0.44154421949067674,False,True
85,79,primary_494f26df6416,aligned_isotropic_source,constant,attention_output_all_blocks_stage10_w4,attention_output_all_blocks_stage4_w4,0.8458249032296264,False,True
85,79,primary_d82bcfdaeedc,aligned_isotropic_source,constant,mlp_up_gate_all_blocks_stage4_w6,mlp_up_gate_all_blocks_stage15_w6,0.01059591510032477,False,True
85,80,primary_494f26df6416,aligned_isotropic_source,constant,attention_output_all_blocks_stage10_w4,attention_output_all_blocks_stage4_w4,0.06122530068311961,False,True
85,80,primary_52112c337d08,aligned_isotropic_source,constant,attention_output_all_blocks_stage10_w6,attention_output_all_blocks_stage15_w6,-0.001107497693769945,True,False
85,80,primary_d82bcfdaeedc,aligned_isotropic_source,constant,mlp_up_gate_all_blocks_stage10_w6,mlp_up_gate_all_blocks_stage15_w6,-0.003606509765404553,True,False
85,80,primary_ec9365fcc9ef,aligned_isotropic_source,constant,adaln_conditioning_all_blocks_stage10_w4,adaln_conditioning_all_blocks_stage15_w4,0.017475333128857087,False,True
85,81,primary_494f26df6416,aligned_isotropic_source,constant,attention_output_all_blocks_stage10_w4,attention_output_all_blocks_stage4_w4,0.20900438677205102,False,True
85,81,primary_52112c337d08,aligned_isotropic_source,constant,attention_output_all_blocks_stage10_w6,attention_output_all_blocks_stage15_w6,-0.001963647758159933,True,False
85,81,primary_d82bcfdaeedc,aligned_isotropic_source,constant,mlp_up_gate_all_blocks_stage10_w6,mlp_up_gate_all_blocks_stage15_w6,0.044592272545799005,False,True
85,81,primary_ec9365fcc9ef,aligned_isotropic_source,constant,adaln_conditioning_all_blocks_stage10_w4,adaln_conditioning_all_blocks_stage15_w4,-0.044311560516973686,True,False
85,82,primary_494f26df6416,aligned_isotropic_source,constant,attention_output_all_blocks_stage10_w4,attention_output_all_blocks_stage4_w4,-1.4838016712667785,True,False
85,82,primary_ec9365fcc9ef,aligned_isotropic_source,constant,adaln_conditioning_all_blocks_stage10_w4,adaln_conditioning_all_blocks_stage15_w4,0.2327482352036973,False,True
131,79,primary_494f26df6416,aligned_isotropic_source,constant,attention_output_all_blocks_stage10_w4,attention_output_all_blocks_stage4_w4,4.734601925947743,False,True
131,79,primary_52112c337d08,aligned_isotropic_source,constant,attention_output_all_blocks_stage10_w6,attention_output_all_blocks_stage15_w6,1.1831261161614748,False,True
131,79,primary_d82bcfdaeedc,aligned_isotropic_source,constant,mlp_up_gate_all_blocks_stage4_w6,mlp_up_gate_all_blocks_stage15_w6,0.03810912699282198,False,True
131,79,primary_ec9365fcc9ef,aligned_isotropic_source,constant,adaln_conditioning_all_blocks_stage10_w4,adaln_conditioning_all_blocks_stage15_w4,0.15132964468807591,False,True
131,80,primary_494f26df6416,aligned_isotropic_source,constant,attention_output_all_blocks_stage10_w4,attention_output_all_blocks_stage4_w4,-0.006079837202491958,True,False
131,80,primary_52112c337d08,aligned_isotropic_source,constant,attention_output_all_blocks_stage10_w6,attention_output_all_blocks_stage15_w6,0.005673815331636687,False,True
131,80,primary_d82bcfdaeedc,aligned_isotropic_source,constant,mlp_up_gate_all_blocks_stage10_w6,mlp_up_gate_all_blocks_stage15_w6,0.011386674960704115,False,True
131,80,primary_ec9365fcc9ef,aligned_isotropic_source,constant,adaln_conditioning_all_blocks_stage10_w4,adaln_conditioning_all_blocks_stage15_w4,-0.03365127105992727,True,False
131,81,primary_494f26df6416,aligned_isotropic_source,constant,attention_output_all_blocks_stage10_w4,attention_output_all_blocks_stage4_w4,0.36774391488779656,False,True
131,81,primary_52112c337d08,aligned_isotropic_source,constant,attention_output_all_blocks_stage10_w6,attention_output_all_blocks_stage15_w6,-0.021415451301947996,True,False
131,81,primary_d0adb13a6bdf,aligned_isotropic_source,constant,mlp_up_gate_all_blocks_stage10_w4,mlp_up_gate_all_blocks_stage4_w4,-0.07292947046693149,True,False
131,81,primary_d82bcfdaeedc,aligned_isotropic_source,constant,mlp_up_gate_all_blocks_stage10_w6,mlp_up_gate_all_blocks_stage15_w6,-0.024316049995547935,True,False
131,81,primary_ec9365fcc9ef,aligned_isotropic_source,constant,adaln_conditioning_all_blocks_stage10_w4,adaln_conditioning_all_blocks_stage15_w4,1.271972005814007,False,True
131,82,primary_494f26df6416,aligned_isotropic_source,constant,attention_output_all_blocks_stage10_w4,attention_output_all_blocks_stage4_w4,0.33076875753636154,False,True
131,82,primary_52112c337d08,aligned_isotropic_source,constant,attention_output_all_blocks_stage10_w6,attention_output_all_blocks_stage15_w6,0.020875895282244983,False,True
131,82,primary_d82bcfdaeedc,aligned_isotropic_source,constant,mlp_up_gate_all_blocks_stage10_w6,mlp_up_gate_all_blocks_stage15_w6,0.0037258106864470585,False,True
131,82,primary_ec9365fcc9ef,aligned_isotropic_source,constant,adaln_conditioning_all_blocks_stage10_w4,adaln_conditioning_all_blocks_stage15_w4,0.021314206520173698,False,True
224,79,primary_494f26df6416,aligned_isotropic_source,constant,attention_output_all_blocks_stage10_w4,attention_output_all_blocks_stage4_w4,-0.0867687392677573,True,False
224,79,primary_52112c337d08,aligned_isotropic_source,constant,attention_output_all_blocks_stage10_w6,attention_output_all_blocks_stage15_w6,0.04236687310213938,False,True
224,79,primary_d82bcfdaeedc,aligned_isotropic_source,constant,mlp_up_gate_all_blocks_stage4_w6,mlp_up_gate_all_blocks_stage15_w6,-0.0009179913199091026,True,False
224,80,primary_494f26df6416,aligned_isotropic_source,constant,attention_output_all_blocks_stage10_w4,attention_output_all_blocks_stage4_w4,0.14421392183379567,False,True
224,80,primary_52112c337d08,aligned_isotropic_source,constant,attention_output_all_blocks_stage10_w6,attention_output_all_blocks_stage15_w6,0.01099431918065363,False,True
224,80,primary_d82bcfdaeedc,aligned_isotropic_source,constant,mlp_up_gate_all_blocks_stage10_w6,mlp_up_gate_all_blocks_stage15_w6,-0.0037790339372918424,True,False
224,80,primary_ec9365fcc9ef,aligned_isotropic_source,constant,adaln_conditioning_all_blocks_stage10_w4,adaln_conditioning_all_blocks_stage15_w4,0.2828893840886196,False,True
224,81,primary_52112c337d08,aligned_isotropic_source,constant,attention_output_all_blocks_stage10_w6,attention_output_all_blocks_stage15_w6,0.007397512260070015,False,True
224,81,primary_d82bcfdaeedc,aligned_isotropic_source,constant,mlp_up_gate_all_blocks_stage4_w6,mlp_up_gate_all_blocks_stage15_w6,0.0070849271178445895,False,True
224,82,primary_494f26df6416,aligned_isotropic_source,constant,attention_output_all_blocks_stage10_w4,attention_output_all_blocks_stage4_w4,0.20029108192767708,False,True
224,82,primary_d82bcfdaeedc,aligned_isotropic_source,constant,mlp_up_gate_all_blocks_stage10_w6,mlp_up_gate_all_blocks_stage15_w6,-0.0015996152149142535,True,False
224,82,primary_ec9365fcc9ef,aligned_isotropic_source,constant,adaln_conditioning_all_blocks_stage10_w4,adaln_conditioning_all_blocks_stage15_w4,0.014121683954996918,False,True
301,79,primary_494f26df6416,aligned_isotropic_source,constant,attention_output_all_blocks_stage10_w4,attention_output_all_blocks_stage4_w4,-0.814877644405467,True,False
301,79,primary_52112c337d08,aligned_isotropic_source,constant,attention_output_all_blocks_stage10_w6,attention_output_all_blocks_stage15_w6,0.058422137261629814,False,True
301,79,primary_903cdd7eae0a,aligned_isotropic_source,constant,attention_output_all_blocks_stage10_w8,attention_output_all_blocks_stage15_w8,0.0026810546436877307,False,True
301,79,primary_d82bcfdaeedc,aligned_isotropic_source,constant,mlp_up_gate_all_blocks_stage10_w6,mlp_up_gate_all_blocks_stage15_w6,0.0033185415244929573,False,True
301,80,primary_494f26df6416,aligned_isotropic_source,constant,attention_output_all_blocks_stage10_w4,attention_output_all_blocks_stage4_w4,0.03192348560264689,False,True
301,80,primary_52112c337d08,aligned_isotropic_source,constant,attention_output_all_blocks_stage10_w6,attention_output_all_blocks_stage15_w6,-0.00032878512934076017,True,False
301,80,primary_d82bcfdaeedc,aligned_isotropic_source,constant,mlp_up_gate_all_blocks_stage10_w6,mlp_up_gate_all_blocks_stage15_w6,0.013596047714926843,False,True
301,80,primary_ec9365fcc9ef,aligned_isotropic_source,constant,adaln_conditioning_all_blocks_stage10_w4,adaln_conditioning_all_blocks_stage15_w4,-0.14286733580762245,True,False
301,81,primary_494f26df6416,aligned_isotropic_source,constant,attention_output_all_blocks_stage10_w4,attention_output_all_blocks_stage4_w4,3.292729681880478,False,True
301,81,primary_52112c337d08,aligned_isotropic_source,constant,attention_output_all_blocks_stage10_w6,attention_output_all_blocks_stage15_w6,0.9249663789766949,False,True
301,81,primary_d82bcfdaeedc,aligned_isotropic_source,constant,mlp_up_gate_all_blocks_stage10_w6,mlp_up_gate_all_blocks_stage15_w6,0.2422232435032931,False,True
301,81,primary_ec9365fcc9ef,aligned_isotropic_source,constant,adaln_conditioning_all_blocks_stage10_w4,adaln_conditioning_all_blocks_stage15_w4,0.22741186811167674,False,True
301,82,primary_019d7c31a48b,aligned_isotropic_source,constant,mlp_up_gate_all_blocks_stage10_w8,mlp_up_gate_all_blocks_stage15_w8,0.007363636860887368,False,True
301,82,primary_494f26df6416,aligned_isotropic_source,constant,attention_output_all_blocks_stage10_w4,attention_output_all_blocks_stage4_w4,-1.5995237819904413,True,False
301,82,primary_903cdd7eae0a,aligned_isotropic_source,constant,attention_output_all_blocks_stage10_w8,attention_output_all_blocks_stage15_w8,0.0016995968305764109,False,True
301,82,primary_d82bcfdaeedc,aligned_isotropic_source,constant,mlp_up_gate_all_blocks_stage10_w6,mlp_up_gate_all_blocks_stage15_w6,0.01654994519198283,False,True
301,82,primary_ec9365fcc9ef,aligned_isotropic_source,constant,adaln_conditioning_all_blocks_stage10_w4,adaln_conditioning_all_blocks_stage15_w4,0.49103291907933055,False,True
345,79,primary_52112c337d08,aligned_isotropic_source,constant,attention_output_all_blocks_stage10_w6,attention_output_all_blocks_stage15_w6,-0.001139376328239912,True,False
345,79,primary_d82bcfdaeedc,aligned_isotropic_source,constant,mlp_up_gate_all_blocks_stage10_w6,mlp_up_gate_all_blocks_stage15_w6,0.024552596301347773,False,True
345,79,primary_ec9365fcc9ef,aligned_isotropic_source,constant,adaln_conditioning_all_blocks_stage10_w4,adaln_conditioning_all_blocks_stage15_w4,-0.00937094820896786,True,False
345,80,primary_494f26df6416,aligned_isotropic_source,constant,attention_output_all_blocks_stage10_w4,attention_output_all_blocks_stage4_w4,-0.13935999634247764,True,False
345,80,primary_52112c337d08,aligned_isotropic_source,constant,attention_output_all_blocks_stage10_w6,attention_output_all_blocks_stage15_w6,-0.0014283079059040924,True,False
345,80,primary_d82bcfdaeedc,aligned_isotropic_source,constant,mlp_up_gate_all_blocks_stage10_w6,mlp_up_gate_all_blocks_stage15_w6,0.12330298044267352,False,True
345,80,primary_ec9365fcc9ef,aligned_isotropic_source,constant,adaln_conditioning_all_blocks_stage10_w4,adaln_conditioning_all_blocks_stage15_w4,0.13981227461056278,False,True
345,81,primary_494f26df6416,aligned_isotropic_source,constant,attention_output_all_blocks_stage10_w4,attention_output_all_blocks_stage4_w4,0.058027758842687405,False,True
345,81,primary_52112c337d08,aligned_isotropic_source,constant,attention_output_all_blocks_stage10_w6,attention_output_all_blocks_stage15_w6,0.03261959277459425,False,True
345,81,primary_d82bcfdaeedc,aligned_isotropic_source,constant,mlp_up_gate_all_blocks_stage10_w6,mlp_up_gate_all_blocks_stage15_w6,0.08985908617103176,False,True
345,81,primary_ec9365fcc9ef,aligned_isotropic_source,constant,adaln_conditioning_all_blocks_stage10_w4,adaln_conditioning_all_blocks_stage15_w4,0.6568801623326975,False,True
345,82,primary_494f26df6416,aligned_isotropic_source,constant,attention_output_all_blocks_stage10_w4,attention_output_all_blocks_stage4_w4,0.34177472222660293,False,True
345,82,primary_d82bcfdaeedc,aligned_isotropic_source,constant,mlp_up_gate_all_blocks_stage10_w6,mlp_up_gate_all_blocks_stage15_w6,0.09733415494446261,False,True
345,82,primary_ec9365fcc9ef,aligned_isotropic_source,constant,adaln_conditioning_all_blocks_stage10_w4,adaln_conditioning_all_blocks_stage15_w4,1.4745416125817314,False,True
384,79,primary_d82bcfdaeedc,aligned_isotropic_source,constant,mlp_up_gate_all_blocks_stage4_w6,mlp_up_gate_all_blocks_stage15_w6,-0.016299836045561733,True,False
384,80,primary_494f26df6416,aligned_isotropic_source,constant,attention_output_all_blocks_stage10_w4,attention_output_all_blocks_stage4_w4,0.15253310220488814,False,True
384,80,primary_52112c337d08,aligned_isotropic_source,constant,attention_output_all_blocks_stage10_w6,attention_output_all_blocks_stage15_w6,-0.0014884518204887325,True,False
384,80,primary_d0adb13a6bdf,aligned_isotropic_source,constant,mlp_up_gate_all_blocks_stage10_w4,mlp_up_gate_all_blocks_stage4_w4,0.241036468966076,False,True
384,80,primary_d82bcfdaeedc,aligned_isotropic_source,constant,mlp_up_gate_all_blocks_stage10_w6,mlp_up_gate_all_blocks_stage15_w6,0.03976365527437055,False,True
384,80,primary_ec9365fcc9ef,aligned_isotropic_source,constant,adaln_conditioning_all_blocks_stage10_w4,adaln_conditioning_all_blocks_stage15_w4,0.22167957299186364,False,True
384,81,primary_494f26df6416,aligned_isotropic_source,constant,attention_output_all_blocks_stage10_w4,attention_output_all_blocks_stage4_w4,0.056961037126768574,False,True
384,81,primary_52112c337d08,aligned_isotropic_source,constant,attention_output_all_blocks_stage10_w6,attention_output_all_blocks_stage15_w6,5.455627473338609e-05,False,True
384,81,primary_d82bcfdaeedc,aligned_isotropic_source,constant,mlp_up_gate_all_blocks_stage10_w6,mlp_up_gate_all_blocks_stage15_w6,0.008709095416747914,False,True
384,81,primary_ec9365fcc9ef,aligned_isotropic_source,constant,adaln_conditioning_all_blocks_stage10_w4,adaln_conditioning_all_blocks_stage15_w4,-0.0002678671211242545,True,False
384,82,primary_494f26df6416,aligned_isotropic_source,constant,attention_output_all_blocks_stage10_w4,attention_output_all_blocks_stage4_w4,0.30731685502339096,False,True
384,82,primary_52112c337d08,aligned_isotropic_source,constant,attention_output_all_blocks_stage10_w6,attention_output_all_blocks_stage15_w6,0.01816514620976761,False,True
384,82,primary_d82bcfdaeedc,aligned_isotropic_source,constant,mlp_up_gate_all_blocks_stage10_w6,mlp_up_gate_all_blocks_stage15_w6,0.015816847402476245,False,True
384,82,primary_ec9365fcc9ef,aligned_isotropic_source,constant,adaln_conditioning_all_blocks_stage10_w4,adaln_conditioning_all_blocks_stage15_w4,0.23116541213256875,False,True
462,79,primary_494f26df6416,aligned_isotropic_source,constant,attention_output_all_blocks_stage10_w4,attention_output_all_blocks_stage4_w4,0.993742967071441,False,True
462,79,primary_52112c337d08,aligned_isotropic_source,constant,attention_output_all_blocks_stage10_w6,attention_output_all_blocks_stage15_w6,0.05191719594045807,False,True
462,79,primary_d82bcfdaeedc,aligned_isotropic_source,constant,mlp_up_gate_all_blocks_stage10_w6,mlp_up_gate_all_blocks_stage15_w6,0.09566110977920061,False,True
462,79,primary_ec9365fcc9ef,aligned_isotropic_source,constant,adaln_conditioning_all_blocks_stage10_w4,adaln_conditioning_all_blocks_stage15_w4,1.0959357418162623,False,True
462,80,primary_494f26df6416,aligned_isotropic_source,constant,attention_output_all_blocks_stage10_w4,attention_output_all_blocks_stage4_w4,0.16403023315159254,False,True
462,80,primary_52112c337d08,aligned_isotropic_source,constant,attention_output_all_blocks_stage10_w6,attention_output_all_blocks_stage15_w6,0.021457211455125243,False,True
462,80,primary_d0adb13a6bdf,aligned_isotropic_source,constant,mlp_up_gate_all_blocks_stage10_w4,mlp_up_gate_all_blocks_stage4_w4,0.5746428556398512,False,True
462,80,primary_d82bcfdaeedc,aligned_isotropic_source,constant,mlp_up_gate_all_blocks_stage10_w6,mlp_up_gate_all_blocks_stage15_w6,0.004747716723908727,False,True
462,80,primary_ec9365fcc9ef,aligned_isotropic_source,constant,adaln_conditioning_all_blocks_stage10_w4,adaln_conditioning_all_blocks_stage15_w4,0.2748161109549834,False,True
462,81,primary_d82bcfdaeedc,aligned_isotropic_source,constant,mlp_up_gate_all_blocks_stage4_w6,mlp_up_gate_all_blocks_stage15_w6,-0.009908340501905144,True,False
462,82,primary_494f26df6416,aligned_isotropic_source,constant,attention_output_all_blocks_stage10_w4,attention_output_all_blocks_stage4_w4,-0.24383871817367725,True,False
462,82,primary_52112c337d08,aligned_isotropic_source,constant,attention_output_all_blocks_stage10_w6,attention_output_all_blocks_stage15_w6,0.0007462449182042974,False,True
462,82,primary_d82bcfdaeedc,aligned_isotropic_source,constant,mlp_up_gate_all_blocks_stage10_w6,mlp_up_gate_all_blocks_stage15_w6,-0.0036714817829448486,True,False
462,82,primary_ec9365fcc9ef,aligned_isotropic_source,constant,adaln_conditioning_all_blocks_stage10_w4,adaln_conditioning_all_blocks_stage15_w4,0.0861178375455296,False,True
511,79,primary_494f26df6416,aligned_isotropic_source,constant,attention_output_all_blocks_stage10_w4,attention_output_all_blocks_stage4_w4,-0.9483459347177359,True,False
511,79,primary_52112c337d08,aligned_isotropic_source,constant,attention_output_all_blocks_stage10_w6,attention_output_all_blocks_stage15_w6,0.3350038447661064,False,True
511,79,primary_d82bcfdaeedc,aligned_isotropic_source,constant,mlp_up_gate_all_blocks_stage10_w6,mlp_up_gate_all_blocks_stage15_w6,0.07317169413425975,False,True
511,79,primary_ec9365fcc9ef,aligned_isotropic_source,constant,adaln_conditioning_all_blocks_stage10_w4,adaln_conditioning_all_blocks_stage15_w4,1.325837890434929,False,True
511,80,primary_494f26df6416,aligned_isotropic_source,constant,attention_output_all_blocks_stage10_w4,attention_output_all_blocks_stage4_w4,8.057706158493886,False,True
511,80,primary_52112c337d08,aligned_isotropic_source,constant,attention_output_all_blocks_stage10_w6,attention_output_all_blocks_stage15_w6,-0.003053650958122491,True,False
511,80,primary_d82bcfdaeedc,aligned_isotropic_source,constant,mlp_up_gate_all_blocks_stage10_w6,mlp_up_gate_all_blocks_stage15_w6,0.10918909764397708,False,True
511,80,primary_ec9365fcc9ef,aligned_isotropic_source,constant,adaln_conditioning_all_blocks_stage10_w4,adaln_conditioning_all_blocks_stage15_w4,0.12373073463548678,False,True
511,81,primary_52112c337d08,aligned_isotropic_source,constant,attention_output_all_blocks_stage10_w6,attention_output_all_blocks_stage15_w6,0.007496537045653895,False,True
511,81,primary_d82bcfdaeedc,aligned_isotropic_source,constant,mlp_up_gate_all_blocks_stage4_w6,mlp_up_gate_all_blocks_stage15_w6,-0.005295505022331788,True,False
511,82,primary_494f26df6416,aligned_isotropic_source,constant,attention_output_all_blocks_stage10_w4,attention_output_all_blocks_stage4_w4,0.633697623471452,False,True
511,82,primary_52112c337d08,aligned_isotropic_source,constant,attention_output_all_blocks_stage10_w6,attention_output_all_blocks_stage15_w6,0.04766683022155859,False,True
511,82,primary_d82bcfdaeedc,aligned_isotropic_source,constant,mlp_up_gate_all_blocks_stage10_w6,mlp_up_gate_all_blocks_stage15_w6,-0.010608118838195672,True,False
511,82,primary_ec9365fcc9ef,aligned_isotropic_source,constant,adaln_conditioning_all_blocks_stage10_w4,adaln_conditioning_all_blocks_stage15_w4,0.9018102858371437,False,True
568,79,primary_494f26df6416,aligned_isotropic_source,constant,attention_output_all_blocks_stage10_w4,attention_output_all_blocks_stage4_w4,-0.06891129992368408,True,False
568,79,primary_52112c337d08,aligned_isotropic_source,constant,attention_output_all_blocks_stage10_w6,attention_output_all_blocks_stage15_w6,0.012806241191356097,False,True
568,79,primary_d82bcfdaeedc,aligned_isotropic_source,constant,mlp_up_gate_all_blocks_stage10_w6,mlp_up_gate_all_blocks_stage15_w6,0.04303488096871888,False,True
568,79,primary_ec9365fcc9ef,aligned_isotropic_source,constant,adaln_conditioning_all_blocks_stage10_w4,adaln_conditioning_all_blocks_stage15_w4,-0.012678529639970307,True,False
568,80,primary_494f26df6416,aligned_isotropic_source,constant,attention_output_all_blocks_stage10_w4,attention_output_all_blocks_stage4_w4,0.5868689555115906,False,True
568,80,primary_52112c337d08,aligned_isotropic_source,constant,attention_output_all_blocks_stage10_w6,attention_output_all_blocks_stage15_w6,0.007476563104035,False,True
568,80,primary_d82bcfdaeedc,aligned_isotropic_source,constant,mlp_up_gate_all_blocks_stage10_w6,mlp_up_gate_all_blocks_stage15_w6,0.5983779473193068,False,True
568,80,primary_ec9365fcc9ef,aligned_isotropic_source,constant,adaln_conditioning_all_blocks_stage10_w4,adaln_conditioning_all_blocks_stage15_w4,0.42535885975394194,False,True
568,81,primary_494f26df6416,aligned_isotropic_source,constant,attention_output_all_blocks_stage10_w4,attention_output_all_blocks_stage4_w4,0.19009782558129013,False,True
568,81,primary_52112c337d08,aligned_isotropic_source,constant,attention_output_all_blocks_stage10_w6,attention_output_all_blocks_stage15_w6,-0.003518669223296911,True,False
568,81,primary_d82bcfdaeedc,aligned_isotropic_source,constant,mlp_up_gate_all_blocks_stage10_w6,mlp_up_gate_all_blocks_stage15_w6,0.020785043067235165,False,True
568,81,primary_ec9365fcc9ef,aligned_isotropic_source,constant,adaln_conditioning_all_blocks_stage10_w4,adaln_conditioning_all_blocks_stage15_w4,0.04300348543165458,False,True
568,82,primary_494f26df6416,aligned_isotropic_source,constant,attention_output_all_blocks_stage15_w4,attention_output_all_blocks_stage4_w4,-5.836088148003056,True,False
568,82,primary_d82bcfdaeedc,aligned_isotropic_source,constant,mlp_up_gate_all_blocks_stage10_w6,mlp_up_gate_all_blocks_stage15_w6,0.04837483144444832,False,True
568,82,primary_ec9365fcc9ef,aligned_isotropic_source,constant,adaln_conditioning_all_blocks_stage10_w4,adaln_conditioning_all_blocks_stage15_w4,0.4376981532675899,False,True
679,79,primary_494f26df6416,aligned_isotropic_source,constant,attention_output_all_blocks_stage10_w4,attention_output_all_blocks_stage4_w4,-2.1769387703696497,True,False
679,79,primary_52112c337d08,aligned_isotropic_source,constant,attention_output_all_blocks_stage10_w6,attention_output_all_blocks_stage15_w6,0.23468596231475658,False,True
679,79,primary_d82bcfdaeedc,aligned_isotropic_source,constant,mlp_up_gate_all_blocks_stage10_w6,mlp_up_gate_all_blocks_stage15_w6,0.769251894850683,False,True
679,79,primary_ec9365fcc9ef,aligned_isotropic_source,constant,adaln_conditioning_all_blocks_stage10_w4,adaln_conditioning_all_blocks_stage15_w4,1.2200067133134667,False,True
679,80,primary_494f26df6416,aligned_isotropic_source,constant,attention_output_all_blocks_stage10_w4,attention_output_all_blocks_stage4_w4,-0.10891642673902877,True,False
679,80,primary_52112c337d08,aligned_isotropic_source,constant,attention_output_all_blocks_stage10_w6,attention_output_all_blocks_stage15_w6,-0.015575487951593914,True,False
679,80,primary_d82bcfdaeedc,aligned_isotropic_source,constant,mlp_up_gate_all_blocks_stage10_w6,mlp_up_gate_all_blocks_stage15_w6,-0.00882387130360484,True,False
679,80,primary_ec9365fcc9ef,aligned_isotropic_source,constant,adaln_conditioning_all_blocks_stage10_w4,adaln_conditioning_all_blocks_stage15_w4,1.5648060785726443,False,True
679,81,primary_494f26df6416,aligned_isotropic_source,constant,attention_output_all_blocks_stage10_w4,attention_output_all_blocks_stage4_w4,0.5586441986993123,False,True
679,81,primary_52112c337d08,aligned_isotropic_source,constant,attention_output_all_blocks_stage10_w6,attention_output_all_blocks_stage15_w6,0.10191602079908436,False,True
679,81,primary_d82bcfdaeedc,aligned_isotropic_source,constant,mlp_up_gate_all_blocks_stage10_w6,mlp_up_gate_all_blocks_stage15_w6,0.15064684170268094,False,True
679,81,primary_ec9365fcc9ef,aligned_isotropic_source,constant,adaln_conditioning_all_blocks_stage10_w4,adaln_conditioning_all_blocks_stage15_w4,0.980942135624943,False,True
679,82,primary_494f26df6416,aligned_isotropic_source,constant,attention_output_all_blocks_stage10_w4,attention_output_all_blocks_stage4_w4,-17.258603647959767,True,False
679,82,primary_d82bcfdaeedc,aligned_isotropic_source,constant,mlp_up_gate_all_blocks_stage10_w6,mlp_up_gate_all_blocks_stage15_w6,-0.003191936934140223,True,False
712,79,primary_019d7c31a48b,aligned_isotropic_source,constant,mlp_up_gate_all_blocks_stage10_w8,mlp_up_gate_all_blocks_stage15_w8,0.0026766717631971906,False,True
712,79,primary_494f26df6416,aligned_isotropic_source,constant,attention_output_all_blocks_stage10_w4,attention_output_all_blocks_stage4_w4,0.2941447791058067,False,True
712,79,primary_52112c337d08,aligned_isotropic_source,constant,attention_output_all_blocks_stage10_w6,attention_output_all_blocks_stage15_w6,0.03913789116286637,False,True
712,79,primary_903cdd7eae0a,aligned_isotropic_source,constant,attention_output_all_blocks_stage10_w8,attention_output_all_blocks_stage15_w8,0.005539363119396512,False,True
712,79,primary_d82bcfdaeedc,aligned_isotropic_source,constant,mlp_up_gate_all_blocks_stage10_w6,mlp_up_gate_all_blocks_stage15_w6,-0.025624290495727564,True,False
712,79,primary_ec9365fcc9ef,aligned_isotropic_source,constant,adaln_conditioning_all_blocks_stage10_w4,adaln_conditioning_all_blocks_stage15_w4,0.1491328852015954,False,True
712,80,primary_494f26df6416,aligned_isotropic_source,constant,attention_output_all_blocks_stage10_w4,attention_output_all_blocks_stage4_w4,0.22385162925128904,False,True
712,80,primary_52112c337d08,aligned_isotropic_source,constant,attention_output_all_blocks_stage10_w6,attention_output_all_blocks_stage15_w6,0.026738208643738652,False,True
712,80,primary_d82bcfdaeedc,aligned_isotropic_source,constant,mlp_up_gate_all_blocks_stage10_w6,mlp_up_gate_all_blocks_stage15_w6,0.04296095633191399,False,True
712,81,primary_494f26df6416,aligned_isotropic_source,constant,attention_output_all_blocks_stage10_w4,attention_output_all_blocks_stage4_w4,0.21047359110872318,False,True
712,81,primary_52112c337d08,aligned_isotropic_source,constant,attention_output_all_blocks_stage10_w6,attention_output_all_blocks_stage15_w6,0.014784416970567092,False,True
712,81,primary_d82bcfdaeedc,aligned_isotropic_source,constant,mlp_up_gate_all_blocks_stage10_w6,mlp_up_gate_all_blocks_stage15_w6,0.0067489877409592156,False,True
712,82,primary_494f26df6416,aligned_isotropic_source,constant,attention_output_all_blocks_stage10_w4,attention_output_all_blocks_stage4_w4,0.07882364643637624,False,True
712,82,primary_d82bcfdaeedc,aligned_isotropic_source,constant,mlp_up_gate_all_blocks_stage4_w6,mlp_up_gate_all_blocks_stage15_w6,0.013127869924403509,False,True
780,79,primary_494f26df6416,aligned_isotropic_source,constant,attention_output_all_blocks_stage10_w4,attention_output_all_blocks_stage4_w4,1.52065110284849,False,True
780,79,primary_52112c337d08,aligned_isotropic_source,constant,attention_output_all_blocks_stage10_w6,attention_output_all_blocks_stage15_w6,0.03626261263150354,False,True
780,79,primary_d82bcfdaeedc,aligned_isotropic_source,constant,mlp_up_gate_all_blocks_stage10_w6,mlp_up_gate_all_blocks_stage15_w6,0.02777753532166116,False,True
780,80,primary_494f26df6416,aligned_isotropic_source,constant,attention_output_all_blocks_stage10_w4,attention_output_all_blocks_stage4_w4,0.36028267065744046,False,True
780,80,primary_52112c337d08,aligned_isotropic_source,constant,attention_output_all_blocks_stage10_w6,attention_output_all_blocks_stage15_w6,0.011553982584814555,False,True
780,80,primary_d82bcfdaeedc,aligned_isotropic_source,constant,mlp_up_gate_all_blocks_stage10_w6,mlp_up_gate_all_blocks_stage15_w6,0.019789610084867362,False,True
780,80,primary_ec9365fcc9ef,aligned_isotropic_source,constant,adaln_conditioning_all_blocks_stage10_w4,adaln_conditioning_all_blocks_stage15_w4,-0.02416345271718956,True,False
780,81,primary_494f26df6416,aligned_isotropic_source,constant,attention_output_all_blocks_stage10_w4,attention_output_all_blocks_stage4_w4,8.130801373857764,False,True
780,81,primary_52112c337d08,aligned_isotropic_source,constant,attention_output_all_blocks_stage10_w6,attention_output_all_blocks_stage15_w6,0.07525764724715599,False,True
780,81,primary_d82bcfdaeedc,aligned_isotropic_source,constant,mlp_up_gate_all_blocks_stage10_w6,mlp_up_gate_all_blocks_stage15_w6,0.5181104443418542,False,True
780,82,primary_d82bcfdaeedc,aligned_isotropic_source,constant,mlp_up_gate_all_blocks_stage4_w6,mlp_up_gate_all_blocks_stage15_w6,-0.025474626505964437,True,False
780,82,primary_ec9365fcc9ef,aligned_isotropic_source,constant,adaln_conditioning_all_blocks_stage10_w4,adaln_conditioning_all_blocks_stage15_w4,0.002570682657719231,False,True
870,79,primary_494f26df6416,aligned_isotropic_source,constant,attention_output_all_blocks_stage10_w4,attention_output_all_blocks_stage4_w4,0.11604011786278079,False,True
870,79,primary_52112c337d08,aligned_isotropic_source,constant,attention_output_all_blocks_stage10_w6,attention_output_all_blocks_stage15_w6,0.07053994416071419,False,True
870,79,primary_d82bcfdaeedc,aligned_isotropic_source,constant,mlp_up_gate_all_blocks_stage10_w6,mlp_up_gate_all_blocks_stage15_w6,0.038844688991730436,False,True
870,79,primary_ec9365fcc9ef,aligned_isotropic_source,constant,adaln_conditioning_all_blocks_stage10_w4,adaln_conditioning_all_blocks_stage15_w4,-0.45709897282490897,True,False
870,80,primary_494f26df6416,aligned_isotropic_source,constant,attention_output_all_blocks_stage10_w4,attention_output_all_blocks_stage4_w4,-0.02707233985272238,True,False
870,80,primary_52112c337d08,aligned_isotropic_source,constant,attention_output_all_blocks_stage10_w6,attention_output_all_blocks_stage15_w6,-0.012561961682237666,True,False
870,80,primary_d82bcfdaeedc,aligned_isotropic_source,constant,mlp_up_gate_all_blocks_stage10_w6,mlp_up_gate_all_blocks_stage15_w6,-0.022863779235024136,True,False
870,80,primary_ec9365fcc9ef,aligned_isotropic_source,constant,adaln_conditioning_all_blocks_stage10_w4,adaln_conditioning_all_blocks_stage15_w4,-0.04991294897925515,True,False
870,81,primary_494f26df6416,aligned_isotropic_source,constant,attention_output_all_blocks_stage10_w4,attention_output_all_blocks_stage4_w4,1.4929283564243294,False,True
870,81,primary_52112c337d08,aligned_isotropic_source,constant,attention_output_all_blocks_stage10_w6,attention_output_all_blocks_stage15_w6,0.0342413091252638,False,True
870,81,primary_d82bcfdaeedc,aligned_isotropic_source,constant,mlp_up_gate_all_blocks_stage10_w6,mlp_up_gate_all_blocks_stage15_w6,0.09054359253895328,False,True
870,81,primary_ec9365fcc9ef,aligned_isotropic_source,constant,adaln_conditioning_all_blocks_stage10_w4,adaln_conditioning_all_blocks_stage15_w4,-0.0315760132964442,True,False
870,82,primary_494f26df6416,aligned_isotropic_source,constant,attention_output_all_blocks_stage10_w4,attention_output_all_blocks_stage4_w4,0.6281719520907246,False,True
870,82,primary_52112c337d08,aligned_isotropic_source,constant,attention_output_all_blocks_stage10_w6,attention_output_all_blocks_stage15_w6,0.0447545128101865,False,True
870,82,primary_d82bcfdaeedc,aligned_isotropic_source,constant,mlp_up_gate_all_blocks_stage10_w6,mlp_up_gate_all_blocks_stage15_w6,0.19815307548810776,False,True
870,82,primary_ec9365fcc9ef,aligned_isotropic_source,constant,adaln_conditioning_all_blocks_stage10_w4,adaln_conditioning_all_blocks_stage15_w4,3.321853571573669,False,True
888,79,primary_494f26df6416,aligned_isotropic_source,constant,attention_output_all_blocks_stage10_w4,attention_output_all_blocks_stage4_w4,4.379818251953509,False,True
888,79,primary_d82bcfdaeedc,aligned_isotropic_source,constant,mlp_up_gate_all_blocks_stage4_w6,mlp_up_gate_all_blocks_stage15_w6,0.22749623556438797,False,True
888,80,primary_494f26df6416,aligned_isotropic_source,constant,attention_output_all_blocks_stage10_w4,attention_output_all_blocks_stage4_w4,0.5790284960822201,False,True
888,80,primary_52112c337d08,aligned_isotropic_source,constant,attention_output_all_blocks_stage10_w6,attention_output_all_blocks_stage15_w6,-0.0010387141036396503,True,False
888,80,primary_d82bcfdaeedc,aligned_isotropic_source,constant,mlp_up_gate_all_blocks_stage10_w6,mlp_up_gate_all_blocks_stage15_w6,0.0029986105030488375,False,True
888,80,primary_ec9365fcc9ef,aligned_isotropic_source,constant,adaln_conditioning_all_blocks_stage10_w4,adaln_conditioning_all_blocks_stage15_w4,0.33147933275779806,False,True
888,81,primary_494f26df6416,aligned_isotropic_source,constant,attention_output_all_blocks_stage10_w4,attention_output_all_blocks_stage4_w4,0.30822951182211955,False,True
888,81,primary_52112c337d08,aligned_isotropic_source,constant,attention_output_all_blocks_stage10_w6,attention_output_all_blocks_stage15_w6,-0.011094896419137967,True,False
888,81,primary_d82bcfdaeedc,aligned_isotropic_source,constant,mlp_up_gate_all_blocks_stage10_w6,mlp_up_gate_all_blocks_stage15_w6,-0.007262399752690383,True,False
888,81,primary_ec9365fcc9ef,aligned_isotropic_source,constant,adaln_conditioning_all_blocks_stage10_w4,adaln_conditioning_all_blocks_stage15_w4,-0.07828465028039489,True,False
888,82,primary_494f26df6416,aligned_isotropic_source,constant,attention_output_all_blocks_stage10_w4,attention_output_all_blocks_stage4_w4,5.771255750594777,False,True
888,82,primary_d82bcfdaeedc,aligned_isotropic_source,constant,mlp_up_gate_all_blocks_stage10_w6,mlp_up_gate_all_blocks_stage15_w6,0.4813058838408182,False,True
888,82,primary_ec9365fcc9ef,aligned_isotropic_source,constant,adaln_conditioning_all_blocks_stage10_w4,adaln_conditioning_all_blocks_stage15_w4,1.0963351297195205,False,True
975,79,primary_494f26df6416,aligned_isotropic_source,constant,attention_output_all_blocks_stage10_w4,attention_output_all_blocks_stage4_w4,31.845436441642043,False,True
975,79,primary_52112c337d08,aligned_isotropic_source,constant,attention_output_all_blocks_stage10_w6,attention_output_all_blocks_stage15_w6,0.1270218475522142,False,True
975,79,primary_d82bcfdaeedc,aligned_isotropic_source,constant,mlp_up_gate_all_blocks_stage10_w6,mlp_up_gate_all_blocks_stage15_w6,1.5722867806953216,False,True
975,79,primary_ec9365fcc9ef,aligned_isotropic_source,constant,adaln_conditioning_all_blocks_stage10_w4,adaln_conditioning_all_blocks_stage15_w4,0.13314649711014678,False,True
975,80,primary_494f26df6416,aligned_isotropic_source,constant,attention_output_all_blocks_stage10_w4,attention_output_all_blocks_stage4_w4,-10.175477373150217,True,False
975,80,primary_52112c337d08,aligned_isotropic_source,constant,attention_output_all_blocks_stage10_w6,attention_output_all_blocks_stage15_w6,0.20333430243431394,False,True
975,80,primary_d82bcfdaeedc,aligned_isotropic_source,constant,mlp_up_gate_all_blocks_stage10_w6,mlp_up_gate_all_blocks_stage15_w6,0.017942628064474775,False,True
975,80,primary_ec9365fcc9ef,aligned_isotropic_source,constant,adaln_conditioning_all_blocks_stage10_w4,adaln_conditioning_all_blocks_stage15_w4,0.032083201580974226,False,True
975,81,primary_494f26df6416,aligned_isotropic_source,constant,attention_output_all_blocks_stage10_w4,attention_output_all_blocks_stage4_w4,0.11010364358099878,False,True
975,81,primary_d82bcfdaeedc,aligned_isotropic_source,constant,mlp_up_gate_all_blocks_stage10_w6,mlp_up_gate_all_blocks_stage15_w6,0.008967150756916452,False,True
975,81,primary_ec9365fcc9ef,aligned_isotropic_source,constant,adaln_conditioning_all_blocks_stage10_w4,adaln_conditioning_all_blocks_stage15_w4,0.1392155218417237,False,True
975,82,primary_494f26df6416,aligned_isotropic_source,constant,attention_output_all_blocks_stage15_w4,attention_output_all_blocks_stage4_w4,0.02463067434045739,False,True
975,82,primary_d82bcfdaeedc,aligned_isotropic_source,constant,mlp_up_gate_all_blocks_stage10_w6,mlp_up_gate_all_blocks_stage15_w6,0.01007623486708553,False,True
975,82,primary_ec9365fcc9ef,aligned_isotropic_source,constant,adaln_conditioning_all_blocks_stage10_w4,adaln_conditioning_all_blocks_stage15_w4,-0.031453668239294075,True,False
19,79,primary_494f26df6416,aligned_isotropic_source,latest_stage,attention_output_all_blocks_stage4_w4,attention_output_all_blocks_stage15_w4,-0.045778057647737555,True,False
19,79,primary_d0adb13a6bdf,aligned_isotropic_source,latest_stage,mlp_up_gate_all_blocks_stage4_w4,mlp_up_gate_all_blocks_stage15_w4,0.4070969140494186,False,True
19,79,primary_d82bcfdaeedc,aligned_isotropic_source,latest_stage,mlp_up_gate_all_blocks_stage4_w6,mlp_up_gate_all_blocks_stage15_w6,-0.008799948805005894,True,False
19,79,primary_da06c09aa41a,aligned_isotropic_source,latest_stage,adaln_conditioning_all_blocks_stage10_w6,adaln_conditioning_all_blocks_stage15_w6,-0.06649978278773006,True,False
19,79,primary_ec9365fcc9ef,aligned_isotropic_source,latest_stage,adaln_conditioning_all_blocks_stage10_w4,adaln_conditioning_all_blocks_stage15_w4,0.059451381035444256,False,True
19,80,primary_494f26df6416,aligned_isotropic_source,latest_stage,attention_output_all_blocks_stage10_w4,attention_output_all_blocks_stage15_w4,-0.06995501372000495,True,False
19,80,primary_52112c337d08,aligned_isotropic_source,latest_stage,attention_output_all_blocks_stage10_w6,attention_output_all_blocks_stage15_w6,-0.009518136101974047,True,False
19,80,primary_d0adb13a6bdf,aligned_isotropic_source,latest_stage,mlp_up_gate_all_blocks_stage4_w4,mlp_up_gate_all_blocks_stage15_w4,-0.9958952094009275,True,False
19,80,primary_d82bcfdaeedc,aligned_isotropic_source,latest_stage,mlp_up_gate_all_blocks_stage10_w6,mlp_up_gate_all_blocks_stage15_w6,0.08037819898294173,False,True
19,80,primary_da06c09aa41a,aligned_isotropic_source,latest_stage,adaln_conditioning_all_blocks_stage10_w6,adaln_conditioning_all_blocks_stage15_w6,-0.11471052835372575,True,False
19,80,primary_ec9365fcc9ef,aligned_isotropic_source,latest_stage,adaln_conditioning_all_blocks_stage10_w4,adaln_conditioning_all_blocks_stage15_w4,0.17626023112677558,False,True
19,81,primary_494f26df6416,aligned_isotropic_source,latest_stage,attention_output_all_blocks_stage10_w4,attention_output_all_blocks_stage15_w4,28.231724841328063,False,True
19,81,primary_d0adb13a6bdf,aligned_isotropic_source,latest_stage,mlp_up_gate_all_blocks_stage4_w4,mlp_up_gate_all_blocks_stage15_w4,-0.3949083548275354,True,False
19,81,primary_d82bcfdaeedc,aligned_isotropic_source,latest_stage,mlp_up_gate_all_blocks_stage4_w6,mlp_up_gate_all_blocks_stage15_w6,0.03728428777958471,False,True
19,81,primary_da06c09aa41a,aligned_isotropic_source,latest_stage,adaln_conditioning_all_blocks_stage10_w6,adaln_conditioning_all_blocks_stage15_w6,0.5810441569715294,False,True
19,82,primary_494f26df6416,aligned_isotropic_source,latest_stage,attention_output_all_blocks_stage10_w4,attention_output_all_blocks_stage15_w4,-0.044210739244590486,True,False
19,82,primary_d0adb13a6bdf,aligned_isotropic_source,latest_stage,mlp_up_gate_all_blocks_stage4_w4,mlp_up_gate_all_blocks_stage15_w4,-0.15190737776191554,True,False
19,82,primary_d82bcfdaeedc,aligned_isotropic_source,latest_stage,mlp_up_gate_all_blocks_stage10_w6,mlp_up_gate_all_blocks_stage15_w6,-0.0009753067779030289,True,False
19,82,primary_da06c09aa41a,aligned_isotropic_source,latest_stage,adaln_conditioning_all_blocks_stage10_w6,adaln_conditioning_all_blocks_stage15_w6,-0.022306794083078785,True,False
19,82,primary_ec9365fcc9ef,aligned_isotropic_source,latest_stage,adaln_conditioning_all_blocks_stage10_w4,adaln_conditioning_all_blocks_stage15_w4,0.44154421949067674,False,True
85,79,primary_494f26df6416,aligned_isotropic_source,latest_stage,attention_output_all_blocks_stage10_w4,attention_output_all_blocks_stage15_w4,0.7410843767835046,False,True
85,79,primary_d0adb13a6bdf,aligned_isotropic_source,latest_stage,mlp_up_gate_all_blocks_stage4_w4,mlp_up_gate_all_blocks_stage15_w4,-0.2940226194886151,True,False
85,79,primary_d82bcfdaeedc,aligned_isotropic_source,latest_stage,mlp_up_gate_all_blocks_stage4_w6,mlp_up_gate_all_blocks_stage15_w6,0.01059591510032477,False,True
85,79,primary_da06c09aa41a,aligned_isotropic_source,latest_stage,adaln_conditioning_all_blocks_stage10_w6,adaln_conditioning_all_blocks_stage15_w6,-9.454350353621521e-05,True,False
85,80,primary_494f26df6416,aligned_isotropic_source,latest_stage,attention_output_all_blocks_stage10_w4,attention_output_all_blocks_stage15_w4,0.06229697700973702,False,True
85,80,primary_52112c337d08,aligned_isotropic_source,latest_stage,attention_output_all_blocks_stage10_w6,attention_output_all_blocks_stage15_w6,-0.001107497693769945,True,False
85,80,primary_d0adb13a6bdf,aligned_isotropic_source,latest_stage,mlp_up_gate_all_blocks_stage4_w4,mlp_up_gate_all_blocks_stage15_w4,-1.5892297279922898,True,False
85,80,primary_d82bcfdaeedc,aligned_isotropic_source,latest_stage,mlp_up_gate_all_blocks_stage10_w6,mlp_up_gate_all_blocks_stage15_w6,-0.003606509765404553,True,False
85,80,primary_da06c09aa41a,aligned_isotropic_source,latest_stage,adaln_conditioning_all_blocks_stage10_w6,adaln_conditioning_all_blocks_stage15_w6,-0.058017741673452874,True,False
85,80,primary_ec9365fcc9ef,aligned_isotropic_source,latest_stage,adaln_conditioning_all_blocks_stage10_w4,adaln_conditioning_all_blocks_stage15_w4,0.017475333128857087,False,True
85,81,primary_494f26df6416,aligned_isotropic_source,latest_stage,attention_output_all_blocks_stage10_w4,attention_output_all_blocks_stage15_w4,0.007335493228424694,False,True
85,81,primary_52112c337d08,aligned_isotropic_source,latest_stage,attention_output_all_blocks_stage10_w6,attention_output_all_blocks_stage15_w6,-0.001963647758159933,True,False
85,81,primary_d0adb13a6bdf,aligned_isotropic_source,latest_stage,mlp_up_gate_all_blocks_stage4_w4,mlp_up_gate_all_blocks_stage15_w4,-0.4480675434408249,True,False
85,81,primary_d82bcfdaeedc,aligned_isotropic_source,latest_stage,mlp_up_gate_all_blocks_stage10_w6,mlp_up_gate_all_blocks_stage15_w6,0.044592272545799005,False,True
85,81,primary_da06c09aa41a,aligned_isotropic_source,latest_stage,adaln_conditioning_all_blocks_stage10_w6,adaln_conditioning_all_blocks_stage15_w6,-0.025983784067932447,True,False
85,81,primary_ec9365fcc9ef,aligned_isotropic_source,latest_stage,adaln_conditioning_all_blocks_stage10_w4,adaln_conditioning_all_blocks_stage15_w4,-0.044311560516973686,True,False
85,82,primary_494f26df6416,aligned_isotropic_source,latest_stage,attention_output_all_blocks_stage10_w4,attention_output_all_blocks_stage15_w4,0.002047073655319309,False,True
85,82,primary_d0adb13a6bdf,aligned_isotropic_source,latest_stage,mlp_up_gate_all_blocks_stage4_w4,mlp_up_gate_all_blocks_stage15_w4,186.10672442308564,False,True
85,82,primary_da06c09aa41a,aligned_isotropic_source,latest_stage,adaln_conditioning_all_blocks_stage10_w6,adaln_conditioning_all_blocks_stage15_w6,0.001292604890295479,False,True
85,82,primary_ec9365fcc9ef,aligned_isotropic_source,latest_stage,adaln_conditioning_all_blocks_stage10_w4,adaln_conditioning_all_blocks_stage15_w4,0.2327482352036973,False,True
131,79,primary_494f26df6416,aligned_isotropic_source,latest_stage,attention_output_all_blocks_stage10_w4,attention_output_all_blocks_stage15_w4,5.057572904338031,False,True
131,79,primary_52112c337d08,aligned_isotropic_source,latest_stage,attention_output_all_blocks_stage10_w6,attention_output_all_blocks_stage15_w6,1.1831261161614748,False,True
131,79,primary_d0adb13a6bdf,aligned_isotropic_source,latest_stage,mlp_up_gate_all_blocks_stage4_w4,mlp_up_gate_all_blocks_stage15_w4,1.5441052672895235,False,True
131,79,primary_d82bcfdaeedc,aligned_isotropic_source,latest_stage,mlp_up_gate_all_blocks_stage4_w6,mlp_up_gate_all_blocks_stage15_w6,0.03810912699282198,False,True
131,79,primary_da06c09aa41a,aligned_isotropic_source,latest_stage,adaln_conditioning_all_blocks_stage10_w6,adaln_conditioning_all_blocks_stage15_w6,-0.10397168672579937,True,False
131,79,primary_ec9365fcc9ef,aligned_isotropic_source,latest_stage,adaln_conditioning_all_blocks_stage10_w4,adaln_conditioning_all_blocks_stage15_w4,0.15132964468807591,False,True
131,80,primary_494f26df6416,aligned_isotropic_source,latest_stage,attention_output_all_blocks_stage10_w4,attention_output_all_blocks_stage15_w4,-0.16089950683233667,True,False
131,80,primary_52112c337d08,aligned_isotropic_source,latest_stage,attention_output_all_blocks_stage10_w6,attention_output_all_blocks_stage15_w6,0.005673815331636687,False,True
131,80,primary_d0adb13a6bdf,aligned_isotropic_source,latest_stage,mlp_up_gate_all_blocks_stage4_w4,mlp_up_gate_all_blocks_stage15_w4,-0.15864905470243684,True,False
131,80,primary_d82bcfdaeedc,aligned_isotropic_source,latest_stage,mlp_up_gate_all_blocks_stage10_w6,mlp_up_gate_all_blocks_stage15_w6,0.011386674960704115,False,True
131,80,primary_da06c09aa41a,aligned_isotropic_source,latest_stage,adaln_conditioning_all_blocks_stage10_w6,adaln_conditioning_all_blocks_stage15_w6,-0.031669677576928734,True,False
131,80,primary_ec9365fcc9ef,aligned_isotropic_source,latest_stage,adaln_conditioning_all_blocks_stage10_w4,adaln_conditioning_all_blocks_stage15_w4,-0.03365127105992727,True,False
131,81,primary_494f26df6416,aligned_isotropic_source,latest_stage,attention_output_all_blocks_stage10_w4,attention_output_all_blocks_stage15_w4,-0.5186113500022885,True,False
131,81,primary_52112c337d08,aligned_isotropic_source,latest_stage,attention_output_all_blocks_stage10_w6,attention_output_all_blocks_stage15_w6,-0.021415451301947996,True,False
131,81,primary_d0adb13a6bdf,aligned_isotropic_source,latest_stage,mlp_up_gate_all_blocks_stage10_w4,mlp_up_gate_all_blocks_stage15_w4,-0.2444408927054838,True,False
131,81,primary_d82bcfdaeedc,aligned_isotropic_source,latest_stage,mlp_up_gate_all_blocks_stage10_w6,mlp_up_gate_all_blocks_stage15_w6,-0.024316049995547935,True,False
131,81,primary_da06c09aa41a,aligned_isotropic_source,latest_stage,adaln_conditioning_all_blocks_stage10_w6,adaln_conditioning_all_blocks_stage15_w6,-0.08757117996327678,True,False
131,81,primary_ec9365fcc9ef,aligned_isotropic_source,latest_stage,adaln_conditioning_all_blocks_stage10_w4,adaln_conditioning_all_blocks_stage15_w4,1.271972005814007,False,True
131,82,primary_494f26df6416,aligned_isotropic_source,latest_stage,attention_output_all_blocks_stage10_w4,attention_output_all_blocks_stage15_w4,0.11749415959161164,False,True
131,82,primary_52112c337d08,aligned_isotropic_source,latest_stage,attention_output_all_blocks_stage10_w6,attention_output_all_blocks_stage15_w6,0.020875895282244983,False,True
131,82,primary_d0adb13a6bdf,aligned_isotropic_source,latest_stage,mlp_up_gate_all_blocks_stage4_w4,mlp_up_gate_all_blocks_stage15_w4,0.16109304053911427,False,True
131,82,primary_d82bcfdaeedc,aligned_isotropic_source,latest_stage,mlp_up_gate_all_blocks_stage10_w6,mlp_up_gate_all_blocks_stage15_w6,0.0037258106864470585,False,True
131,82,primary_da06c09aa41a,aligned_isotropic_source,latest_stage,adaln_conditioning_all_blocks_stage10_w6,adaln_conditioning_all_blocks_stage15_w6,-0.02137730303678609,True,False
131,82,primary_ec9365fcc9ef,aligned_isotropic_source,latest_stage,adaln_conditioning_all_blocks_stage10_w4,adaln_conditioning_all_blocks_stage15_w4,0.021314206520173698,False,True
224,79,primary_494f26df6416,aligned_isotropic_source,latest_stage,attention_output_all_blocks_stage10_w4,attention_output_all_blocks_stage15_w4,0.0035134795406152053,False,True
224,79,primary_52112c337d08,aligned_isotropic_source,latest_stage,attention_output_all_blocks_stage10_w6,attention_output_all_blocks_stage15_w6,0.04236687310213938,False,True
224,79,primary_d0adb13a6bdf,aligned_isotropic_source,latest_stage,mlp_up_gate_all_blocks_stage4_w4,mlp_up_gate_all_blocks_stage15_w4,3.072778260280476,False,True
224,79,primary_d82bcfdaeedc,aligned_isotropic_source,latest_stage,mlp_up_gate_all_blocks_stage4_w6,mlp_up_gate_all_blocks_stage15_w6,-0.0009179913199091026,True,False
224,79,primary_da06c09aa41a,aligned_isotropic_source,latest_stage,adaln_conditioning_all_blocks_stage10_w6,adaln_conditioning_all_blocks_stage15_w6,-0.009195865268566188,True,False
224,80,primary_494f26df6416,aligned_isotropic_source,latest_stage,attention_output_all_blocks_stage10_w4,attention_output_all_blocks_stage15_w4,0.03350821545501505,False,True
224,80,primary_52112c337d08,aligned_isotropic_source,latest_stage,attention_output_all_blocks_stage10_w6,attention_output_all_blocks_stage15_w6,0.01099431918065363,False,True
224,80,primary_d0adb13a6bdf,aligned_isotropic_source,latest_stage,mlp_up_gate_all_blocks_stage4_w4,mlp_up_gate_all_blocks_stage15_w4,-0.9175077652084269,True,False
224,80,primary_d82bcfdaeedc,aligned_isotropic_source,latest_stage,mlp_up_gate_all_blocks_stage10_w6,mlp_up_gate_all_blocks_stage15_w6,-0.0037790339372918424,True,False
224,80,primary_da06c09aa41a,aligned_isotropic_source,latest_stage,adaln_conditioning_all_blocks_stage10_w6,adaln_conditioning_all_blocks_stage15_w6,-0.018002829684235166,True,False
224,80,primary_ec9365fcc9ef,aligned_isotropic_source,latest_stage,adaln_conditioning_all_blocks_stage10_w4,adaln_conditioning_all_blocks_stage15_w4,0.2828893840886196,False,True
224,81,primary_494f26df6416,aligned_isotropic_source,latest_stage,attention_output_all_blocks_stage4_w4,attention_output_all_blocks_stage15_w4,-0.07375104210977668,True,False
224,81,primary_52112c337d08,aligned_isotropic_source,latest_stage,attention_output_all_blocks_stage10_w6,attention_output_all_blocks_stage15_w6,0.007397512260070015,False,True
224,81,primary_d0adb13a6bdf,aligned_isotropic_source,latest_stage,mlp_up_gate_all_blocks_stage4_w4,mlp_up_gate_all_blocks_stage15_w4,-0.20886924795283685,True,False
224,81,primary_d82bcfdaeedc,aligned_isotropic_source,latest_stage,mlp_up_gate_all_blocks_stage4_w6,mlp_up_gate_all_blocks_stage15_w6,0.0070849271178445895,False,True
224,81,primary_da06c09aa41a,aligned_isotropic_source,latest_stage,adaln_conditioning_all_blocks_stage10_w6,adaln_conditioning_all_blocks_stage15_w6,-0.008592939597519946,True,False
224,82,primary_494f26df6416,aligned_isotropic_source,latest_stage,attention_output_all_blocks_stage10_w4,attention_output_all_blocks_stage15_w4,0.20253413711656168,False,True
224,82,primary_d0adb13a6bdf,aligned_isotropic_source,latest_stage,mlp_up_gate_all_blocks_stage4_w4,mlp_up_gate_all_blocks_stage15_w4,0.5371969369975176,False,True
224,82,primary_d82bcfdaeedc,aligned_isotropic_source,latest_stage,mlp_up_gate_all_blocks_stage10_w6,mlp_up_gate_all_blocks_stage15_w6,-0.0015996152149142535,True,False
224,82,primary_da06c09aa41a,aligned_isotropic_source,latest_stage,adaln_conditioning_all_blocks_stage10_w6,adaln_conditioning_all_blocks_stage15_w6,-0.015170154264922072,True,False
224,82,primary_ec9365fcc9ef,aligned_isotropic_source,latest_stage,adaln_conditioning_all_blocks_stage10_w4,adaln_conditioning_all_blocks_stage15_w4,0.014121683954996918,False,True
301,79,primary_494f26df6416,aligned_isotropic_source,latest_stage,attention_output_all_blocks_stage10_w4,attention_output_all_blocks_stage15_w4,0.6674683655701016,False,True
301,79,primary_52112c337d08,aligned_isotropic_source,latest_stage,attention_output_all_blocks_stage10_w6,attention_output_all_blocks_stage15_w6,0.058422137261629814,False,True
301,79,primary_903cdd7eae0a,aligned_isotropic_source,latest_stage,attention_output_all_blocks_stage10_w8,attention_output_all_blocks_stage15_w8,0.0026810546436877307,False,True
301,79,primary_d0adb13a6bdf,aligned_isotropic_source,latest_stage,mlp_up_gate_all_blocks_stage4_w4,mlp_up_gate_all_blocks_stage15_w4,1.4648727671117714,False,True
301,79,primary_d82bcfdaeedc,aligned_isotropic_source,latest_stage,mlp_up_gate_all_blocks_stage10_w6,mlp_up_gate_all_blocks_stage15_w6,0.0033185415244929573,False,True
301,79,primary_da06c09aa41a,aligned_isotropic_source,latest_stage,adaln_conditioning_all_blocks_stage10_w6,adaln_conditioning_all_blocks_stage15_w6,-0.01118871860404623,True,False
301,80,primary_494f26df6416,aligned_isotropic_source,latest_stage,attention_output_all_blocks_stage10_w4,attention_output_all_blocks_stage15_w4,-0.0925186625489829,True,False
301,80,primary_52112c337d08,aligned_isotropic_source,latest_stage,attention_output_all_blocks_stage10_w6,attention_output_all_blocks_stage15_w6,-0.00032878512934076017,True,False
301,80,primary_d0adb13a6bdf,aligned_isotropic_source,latest_stage,mlp_up_gate_all_blocks_stage4_w4,mlp_up_gate_all_blocks_stage15_w4,-0.2388444633269984,True,False
301,80,primary_d82bcfdaeedc,aligned_isotropic_source,latest_stage,mlp_up_gate_all_blocks_stage10_w6,mlp_up_gate_all_blocks_stage15_w6,0.013596047714926843,False,True
301,80,primary_da06c09aa41a,aligned_isotropic_source,latest_stage,adaln_conditioning_all_blocks_stage10_w6,adaln_conditioning_all_blocks_stage15_w6,-0.07933583124219368,True,False
301,80,primary_ec9365fcc9ef,aligned_isotropic_source,latest_stage,adaln_conditioning_all_blocks_stage10_w4,adaln_conditioning_all_blocks_stage15_w4,-0.14286733580762245,True,False
301,81,primary_494f26df6416,aligned_isotropic_source,latest_stage,attention_output_all_blocks_stage10_w4,attention_output_all_blocks_stage15_w4,4.499948786296149,False,True
301,81,primary_52112c337d08,aligned_isotropic_source,latest_stage,attention_output_all_blocks_stage10_w6,attention_output_all_blocks_stage15_w6,0.9249663789766949,False,True
301,81,primary_d0adb13a6bdf,aligned_isotropic_source,latest_stage,mlp_up_gate_all_blocks_stage4_w4,mlp_up_gate_all_blocks_stage15_w4,18.830651450175523,False,True
301,81,primary_d82bcfdaeedc,aligned_isotropic_source,latest_stage,mlp_up_gate_all_blocks_stage10_w6,mlp_up_gate_all_blocks_stage15_w6,0.2422232435032931,False,True
301,81,primary_da06c09aa41a,aligned_isotropic_source,latest_stage,adaln_conditioning_all_blocks_stage10_w6,adaln_conditioning_all_blocks_stage15_w6,0.16946836049043057,False,True
301,81,primary_ec9365fcc9ef,aligned_isotropic_source,latest_stage,adaln_conditioning_all_blocks_stage10_w4,adaln_conditioning_all_blocks_stage15_w4,0.22741186811167674,False,True
301,82,primary_019d7c31a48b,aligned_isotropic_source,latest_stage,mlp_up_gate_all_blocks_stage10_w8,mlp_up_gate_all_blocks_stage15_w8,0.007363636860887368,False,True
301,82,primary_494f26df6416,aligned_isotropic_source,latest_stage,attention_output_all_blocks_stage10_w4,attention_output_all_blocks_stage15_w4,0.37377772702548395,False,True
301,82,primary_903cdd7eae0a,aligned_isotropic_source,latest_stage,attention_output_all_blocks_stage10_w8,attention_output_all_blocks_stage15_w8,0.0016995968305764109,False,True
301,82,primary_d0adb13a6bdf,aligned_isotropic_source,latest_stage,mlp_up_gate_all_blocks_stage4_w4,mlp_up_gate_all_blocks_stage15_w4,1.9668856402270265,False,True
301,82,primary_d82bcfdaeedc,aligned_isotropic_source,latest_stage,mlp_up_gate_all_blocks_stage10_w6,mlp_up_gate_all_blocks_stage15_w6,0.01654994519198283,False,True
301,82,primary_da06c09aa41a,aligned_isotropic_source,latest_stage,adaln_conditioning_all_blocks_stage10_w6,adaln_conditioning_all_blocks_stage15_w6,0.015654077588706627,False,True
301,82,primary_ec9365fcc9ef,aligned_isotropic_source,latest_stage,adaln_conditioning_all_blocks_stage10_w4,adaln_conditioning_all_blocks_stage15_w4,0.49103291907933055,False,True
345,79,primary_494f26df6416,aligned_isotropic_source,latest_stage,attention_output_all_blocks_stage4_w4,attention_output_all_blocks_stage15_w4,0.03684068087152076,False,True
345,79,primary_52112c337d08,aligned_isotropic_source,latest_stage,attention_output_all_blocks_stage10_w6,attention_output_all_blocks_stage15_w6,-0.001139376328239912,True,False
345,79,primary_d0adb13a6bdf,aligned_isotropic_source,latest_stage,mlp_up_gate_all_blocks_stage4_w4,mlp_up_gate_all_blocks_stage15_w4,-0.7548438759282876,True,False
345,79,primary_d82bcfdaeedc,aligned_isotropic_source,latest_stage,mlp_up_gate_all_blocks_stage10_w6,mlp_up_gate_all_blocks_stage15_w6,0.024552596301347773,False,True
345,79,primary_da06c09aa41a,aligned_isotropic_source,latest_stage,adaln_conditioning_all_blocks_stage10_w6,adaln_conditioning_all_blocks_stage15_w6,-0.024312330556256243,True,False
345,79,primary_ec9365fcc9ef,aligned_isotropic_source,latest_stage,adaln_conditioning_all_blocks_stage10_w4,adaln_conditioning_all_blocks_stage15_w4,-0.00937094820896786,True,False
345,80,primary_494f26df6416,aligned_isotropic_source,latest_stage,attention_output_all_blocks_stage10_w4,attention_output_all_blocks_stage15_w4,-0.10541340067578629,True,False
345,80,primary_52112c337d08,aligned_isotropic_source,latest_stage,attention_output_all_blocks_stage10_w6,attention_output_all_blocks_stage15_w6,-0.0014283079059040924,True,False
345,80,primary_d0adb13a6bdf,aligned_isotropic_source,latest_stage,mlp_up_gate_all_blocks_stage4_w4,mlp_up_gate_all_blocks_stage15_w4,0.11924035051373488,False,True
345,80,primary_d82bcfdaeedc,aligned_isotropic_source,latest_stage,mlp_up_gate_all_blocks_stage10_w6,mlp_up_gate_all_blocks_stage15_w6,0.12330298044267352,False,True
345,80,primary_da06c09aa41a,aligned_isotropic_source,latest_stage,adaln_conditioning_all_blocks_stage10_w6,adaln_conditioning_all_blocks_stage15_w6,0.0028237730477513948,False,True
345,80,primary_ec9365fcc9ef,aligned_isotropic_source,latest_stage,adaln_conditioning_all_blocks_stage10_w4,adaln_conditioning_all_blocks_stage15_w4,0.13981227461056278,False,True
345,81,primary_494f26df6416,aligned_isotropic_source,latest_stage,attention_output_all_blocks_stage10_w4,attention_output_all_blocks_stage15_w4,-0.1919243274865145,True,False
345,81,primary_52112c337d08,aligned_isotropic_source,latest_stage,attention_output_all_blocks_stage10_w6,attention_output_all_blocks_stage15_w6,0.03261959277459425,False,True
345,81,primary_d0adb13a6bdf,aligned_isotropic_source,latest_stage,mlp_up_gate_all_blocks_stage4_w4,mlp_up_gate_all_blocks_stage15_w4,-0.5883217198257285,True,False
345,81,primary_d82bcfdaeedc,aligned_isotropic_source,latest_stage,mlp_up_gate_all_blocks_stage10_w6,mlp_up_gate_all_blocks_stage15_w6,0.08985908617103176,False,True
345,81,primary_da06c09aa41a,aligned_isotropic_source,latest_stage,adaln_conditioning_all_blocks_stage10_w6,adaln_conditioning_all_blocks_stage15_w6,-0.05853859797365145,True,False
345,81,primary_ec9365fcc9ef,aligned_isotropic_source,latest_stage,adaln_conditioning_all_blocks_stage10_w4,adaln_conditioning_all_blocks_stage15_w4,0.6568801623326975,False,True
345,82,primary_494f26df6416,aligned_isotropic_source,latest_stage,attention_output_all_blocks_stage10_w4,attention_output_all_blocks_stage15_w4,0.45124467590727585,False,True
345,82,primary_d0adb13a6bdf,aligned_isotropic_source,latest_stage,mlp_up_gate_all_blocks_stage4_w4,mlp_up_gate_all_blocks_stage15_w4,0.07495892892711353,False,True
345,82,primary_d82bcfdaeedc,aligned_isotropic_source,latest_stage,mlp_up_gate_all_blocks_stage10_w6,mlp_up_gate_all_blocks_stage15_w6,0.09733415494446261,False,True
345,82,primary_da06c09aa41a,aligned_isotropic_source,latest_stage,adaln_conditioning_all_blocks_stage10_w6,adaln_conditioning_all_blocks_stage15_w6,0.02688838551387107,False,True
345,82,primary_ec9365fcc9ef,aligned_isotropic_source,latest_stage,adaln_conditioning_all_blocks_stage10_w4,adaln_conditioning_all_blocks_stage15_w4,1.4745416125817314,False,True
384,79,primary_494f26df6416,aligned_isotropic_source,latest_stage,attention_output_all_blocks_stage4_w4,attention_output_all_blocks_stage15_w4,-0.13627560553493367,True,False
384,79,primary_d0adb13a6bdf,aligned_isotropic_source,latest_stage,mlp_up_gate_all_blocks_stage4_w4,mlp_up_gate_all_blocks_stage15_w4,0.007693294577766463,False,True
384,79,primary_d82bcfdaeedc,aligned_isotropic_source,latest_stage,mlp_up_gate_all_blocks_stage4_w6,mlp_up_gate_all_blocks_stage15_w6,-0.016299836045561733,True,False
384,79,primary_da06c09aa41a,aligned_isotropic_source,latest_stage,adaln_conditioning_all_blocks_stage10_w6,adaln_conditioning_all_blocks_stage15_w6,-0.019368207543383417,True,False
384,80,primary_494f26df6416,aligned_isotropic_source,latest_stage,attention_output_all_blocks_stage10_w4,attention_output_all_blocks_stage15_w4,0.1420552907988686,False,True
384,80,primary_52112c337d08,aligned_isotropic_source,latest_stage,attention_output_all_blocks_stage10_w6,attention_output_all_blocks_stage15_w6,-0.0014884518204887325,True,False
384,80,primary_d0adb13a6bdf,aligned_isotropic_source,latest_stage,mlp_up_gate_all_blocks_stage10_w4,mlp_up_gate_all_blocks_stage15_w4,-0.09764422240196419,True,False
384,80,primary_d82bcfdaeedc,aligned_isotropic_source,latest_stage,mlp_up_gate_all_blocks_stage10_w6,mlp_up_gate_all_blocks_stage15_w6,0.03976365527437055,False,True
384,80,primary_da06c09aa41a,aligned_isotropic_source,latest_stage,adaln_conditioning_all_blocks_stage10_w6,adaln_conditioning_all_blocks_stage15_w6,-0.0023136638123268938,True,False
384,80,primary_ec9365fcc9ef,aligned_isotropic_source,latest_stage,adaln_conditioning_all_blocks_stage10_w4,adaln_conditioning_all_blocks_stage15_w4,0.22167957299186364,False,True
384,81,primary_494f26df6416,aligned_isotropic_source,latest_stage,attention_output_all_blocks_stage10_w4,attention_output_all_blocks_stage15_w4,-0.30535135272939223,True,False
384,81,primary_52112c337d08,aligned_isotropic_source,latest_stage,attention_output_all_blocks_stage10_w6,attention_output_all_blocks_stage15_w6,5.455627473338609e-05,False,True
384,81,primary_d0adb13a6bdf,aligned_isotropic_source,latest_stage,mlp_up_gate_all_blocks_stage4_w4,mlp_up_gate_all_blocks_stage15_w4,-0.1653210659372916,True,False
384,81,primary_d82bcfdaeedc,aligned_isotropic_source,latest_stage,mlp_up_gate_all_blocks_stage10_w6,mlp_up_gate_all_blocks_stage15_w6,0.008709095416747914,False,True
384,81,primary_da06c09aa41a,aligned_isotropic_source,latest_stage,adaln_conditioning_all_blocks_stage10_w6,adaln_conditioning_all_blocks_stage15_w6,0.019893606942730464,False,True
384,81,primary_ec9365fcc9ef,aligned_isotropic_source,latest_stage,adaln_conditioning_all_blocks_stage10_w4,adaln_conditioning_all_blocks_stage15_w4,-0.0002678671211242545,True,False
384,82,primary_494f26df6416,aligned_isotropic_source,latest_stage,attention_output_all_blocks_stage10_w4,attention_output_all_blocks_stage15_w4,0.29422175213786167,False,True
384,82,primary_52112c337d08,aligned_isotropic_source,latest_stage,attention_output_all_blocks_stage10_w6,attention_output_all_blocks_stage15_w6,0.01816514620976761,False,True
384,82,primary_d0adb13a6bdf,aligned_isotropic_source,latest_stage,mlp_up_gate_all_blocks_stage4_w4,mlp_up_gate_all_blocks_stage15_w4,0.5279563083001337,False,True
384,82,primary_d82bcfdaeedc,aligned_isotropic_source,latest_stage,mlp_up_gate_all_blocks_stage10_w6,mlp_up_gate_all_blocks_stage15_w6,0.015816847402476245,False,True
384,82,primary_da06c09aa41a,aligned_isotropic_source,latest_stage,adaln_conditioning_all_blocks_stage10_w6,adaln_conditioning_all_blocks_stage15_w6,0.0147287028679699,False,True
384,82,primary_ec9365fcc9ef,aligned_isotropic_source,latest_stage,adaln_conditioning_all_blocks_stage10_w4,adaln_conditioning_all_blocks_stage15_w4,0.23116541213256875,False,True
462,79,primary_494f26df6416,aligned_isotropic_source,latest_stage,attention_output_all_blocks_stage10_w4,attention_output_all_blocks_stage15_w4,0.9851420268625477,False,True
462,79,primary_52112c337d08,aligned_isotropic_source,latest_stage,attention_output_all_blocks_stage10_w6,attention_output_all_blocks_stage15_w6,0.05191719594045807,False,True
462,79,primary_d0adb13a6bdf,aligned_isotropic_source,latest_stage,mlp_up_gate_all_blocks_stage4_w4,mlp_up_gate_all_blocks_stage15_w4,-0.6518285291257941,True,False
462,79,primary_d82bcfdaeedc,aligned_isotropic_source,latest_stage,mlp_up_gate_all_blocks_stage10_w6,mlp_up_gate_all_blocks_stage15_w6,0.09566110977920061,False,True
462,79,primary_da06c09aa41a,aligned_isotropic_source,latest_stage,adaln_conditioning_all_blocks_stage10_w6,adaln_conditioning_all_blocks_stage15_w6,0.026266220974036976,False,True
462,79,primary_ec9365fcc9ef,aligned_isotropic_source,latest_stage,adaln_conditioning_all_blocks_stage10_w4,adaln_conditioning_all_blocks_stage15_w4,1.0959357418162623,False,True
462,80,primary_494f26df6416,aligned_isotropic_source,latest_stage,attention_output_all_blocks_stage10_w4,attention_output_all_blocks_stage15_w4,0.06525414972896822,False,True
462,80,primary_52112c337d08,aligned_isotropic_source,latest_stage,attention_output_all_blocks_stage10_w6,attention_output_all_blocks_stage15_w6,0.021457211455125243,False,True
462,80,primary_d0adb13a6bdf,aligned_isotropic_source,latest_stage,mlp_up_gate_all_blocks_stage10_w4,mlp_up_gate_all_blocks_stage15_w4,0.06440595119186887,False,True
462,80,primary_d82bcfdaeedc,aligned_isotropic_source,latest_stage,mlp_up_gate_all_blocks_stage10_w6,mlp_up_gate_all_blocks_stage15_w6,0.004747716723908727,False,True
462,80,primary_da06c09aa41a,aligned_isotropic_source,latest_stage,adaln_conditioning_all_blocks_stage10_w6,adaln_conditioning_all_blocks_stage15_w6,-0.020424106418591492,True,False
462,80,primary_ec9365fcc9ef,aligned_isotropic_source,latest_stage,adaln_conditioning_all_blocks_stage10_w4,adaln_conditioning_all_blocks_stage15_w4,0.2748161109549834,False,True
462,81,primary_494f26df6416,aligned_isotropic_source,latest_stage,attention_output_all_blocks_stage4_w4,attention_output_all_blocks_stage15_w4,-0.23807898602370517,True,False
462,81,primary_d0adb13a6bdf,aligned_isotropic_source,latest_stage,mlp_up_gate_all_blocks_stage4_w4,mlp_up_gate_all_blocks_stage15_w4,10.17053088827426,False,True
462,81,primary_d82bcfdaeedc,aligned_isotropic_source,latest_stage,mlp_up_gate_all_blocks_stage4_w6,mlp_up_gate_all_blocks_stage15_w6,-0.009908340501905144,True,False
462,81,primary_da06c09aa41a,aligned_isotropic_source,latest_stage,adaln_conditioning_all_blocks_stage10_w6,adaln_conditioning_all_blocks_stage15_w6,0.0383808951960418,False,True
462,82,primary_494f26df6416,aligned_isotropic_source,latest_stage,attention_output_all_blocks_stage10_w4,attention_output_all_blocks_stage15_w4,-0.06636434866580043,True,False
462,82,primary_52112c337d08,aligned_isotropic_source,latest_stage,attention_output_all_blocks_stage10_w6,attention_output_all_blocks_stage15_w6,0.0007462449182042974,False,True
462,82,primary_d0adb13a6bdf,aligned_isotropic_source,latest_stage,mlp_up_gate_all_blocks_stage4_w4,mlp_up_gate_all_blocks_stage15_w4,-0.9067171472428299,True,False
462,82,primary_d82bcfdaeedc,aligned_isotropic_source,latest_stage,mlp_up_gate_all_blocks_stage10_w6,mlp_up_gate_all_blocks_stage15_w6,-0.0036714817829448486,True,False
462,82,primary_da06c09aa41a,aligned_isotropic_source,latest_stage,adaln_conditioning_all_blocks_stage10_w6,adaln_conditioning_all_blocks_stage15_w6,-0.12016563225691357,True,False
462,82,primary_ec9365fcc9ef,aligned_isotropic_source,latest_stage,adaln_conditioning_all_blocks_stage10_w4,adaln_conditioning_all_blocks_stage15_w4,0.0861178375455296,False,True
511,79,primary_494f26df6416,aligned_isotropic_source,latest_stage,attention_output_all_blocks_stage10_w4,attention_output_all_blocks_stage15_w4,1.1411625981895526,False,True
511,79,primary_52112c337d08,aligned_isotropic_source,latest_stage,attention_output_all_blocks_stage10_w6,attention_output_all_blocks_stage15_w6,0.3350038447661064,False,True
511,79,primary_d0adb13a6bdf,aligned_isotropic_source,latest_stage,mlp_up_gate_all_blocks_stage4_w4,mlp_up_gate_all_blocks_stage15_w4,0.040187047179230606,False,True
511,79,primary_d82bcfdaeedc,aligned_isotropic_source,latest_stage,mlp_up_gate_all_blocks_stage10_w6,mlp_up_gate_all_blocks_stage15_w6,0.07317169413425975,False,True
511,79,primary_da06c09aa41a,aligned_isotropic_source,latest_stage,adaln_conditioning_all_blocks_stage10_w6,adaln_conditioning_all_blocks_stage15_w6,0.05541245288253551,False,True
511,79,primary_ec9365fcc9ef,aligned_isotropic_source,latest_stage,adaln_conditioning_all_blocks_stage10_w4,adaln_conditioning_all_blocks_stage15_w4,1.325837890434929,False,True
511,80,primary_494f26df6416,aligned_isotropic_source,latest_stage,attention_output_all_blocks_stage10_w4,attention_output_all_blocks_stage15_w4,7.792332111173195,False,True
511,80,primary_52112c337d08,aligned_isotropic_source,latest_stage,attention_output_all_blocks_stage10_w6,attention_output_all_blocks_stage15_w6,-0.003053650958122491,True,False
511,80,primary_d0adb13a6bdf,aligned_isotropic_source,latest_stage,mlp_up_gate_all_blocks_stage4_w4,mlp_up_gate_all_blocks_stage15_w4,1.2953712950404674,False,True
511,80,primary_d82bcfdaeedc,aligned_isotropic_source,latest_stage,mlp_up_gate_all_blocks_stage10_w6,mlp_up_gate_all_blocks_stage15_w6,0.10918909764397708,False,True
511,80,primary_da06c09aa41a,aligned_isotropic_source,latest_stage,adaln_conditioning_all_blocks_stage10_w6,adaln_conditioning_all_blocks_stage15_w6,0.039295116869947584,False,True
511,80,primary_ec9365fcc9ef,aligned_isotropic_source,latest_stage,adaln_conditioning_all_blocks_stage10_w4,adaln_conditioning_all_blocks_stage15_w4,0.12373073463548678,False,True
511,81,primary_494f26df6416,aligned_isotropic_source,latest_stage,attention_output_all_blocks_stage4_w4,attention_output_all_blocks_stage15_w4,-0.680440715423984,True,False
511,81,primary_52112c337d08,aligned_isotropic_source,latest_stage,attention_output_all_blocks_stage10_w6,attention_output_all_blocks_stage15_w6,0.007496537045653895,False,True
511,81,primary_d0adb13a6bdf,aligned_isotropic_source,latest_stage,mlp_up_gate_all_blocks_stage4_w4,mlp_up_gate_all_blocks_stage15_w4,-0.38544762513959085,True,False
511,81,primary_d82bcfdaeedc,aligned_isotropic_source,latest_stage,mlp_up_gate_all_blocks_stage4_w6,mlp_up_gate_all_blocks_stage15_w6,-0.005295505022331788,True,False
511,81,primary_da06c09aa41a,aligned_isotropic_source,latest_stage,adaln_conditioning_all_blocks_stage10_w6,adaln_conditioning_all_blocks_stage15_w6,-0.009967887358186538,True,False
511,82,primary_494f26df6416,aligned_isotropic_source,latest_stage,attention_output_all_blocks_stage10_w4,attention_output_all_blocks_stage15_w4,0.6802646523299849,False,True
511,82,primary_52112c337d08,aligned_isotropic_source,latest_stage,attention_output_all_blocks_stage10_w6,attention_output_all_blocks_stage15_w6,0.04766683022155859,False,True
511,82,primary_d0adb13a6bdf,aligned_isotropic_source,latest_stage,mlp_up_gate_all_blocks_stage4_w4,mlp_up_gate_all_blocks_stage15_w4,-0.12113888272953943,True,False
511,82,primary_d82bcfdaeedc,aligned_isotropic_source,latest_stage,mlp_up_gate_all_blocks_stage10_w6,mlp_up_gate_all_blocks_stage15_w6,-0.010608118838195672,True,False
511,82,primary_da06c09aa41a,aligned_isotropic_source,latest_stage,adaln_conditioning_all_blocks_stage10_w6,adaln_conditioning_all_blocks_stage15_w6,0.021289230814375074,False,True
511,82,primary_ec9365fcc9ef,aligned_isotropic_source,latest_stage,adaln_conditioning_all_blocks_stage10_w4,adaln_conditioning_all_blocks_stage15_w4,0.9018102858371437,False,True
568,79,primary_494f26df6416,aligned_isotropic_source,latest_stage,attention_output_all_blocks_stage10_w4,attention_output_all_blocks_stage15_w4,-0.04422554220724351,True,False
568,79,primary_52112c337d08,aligned_isotropic_source,latest_stage,attention_output_all_blocks_stage10_w6,attention_output_all_blocks_stage15_w6,0.012806241191356097,False,True
568,79,primary_d0adb13a6bdf,aligned_isotropic_source,latest_stage,mlp_up_gate_all_blocks_stage4_w4,mlp_up_gate_all_blocks_stage15_w4,0.02517840627821505,False,True
568,79,primary_d82bcfdaeedc,aligned_isotropic_source,latest_stage,mlp_up_gate_all_blocks_stage10_w6,mlp_up_gate_all_blocks_stage15_w6,0.04303488096871888,False,True
568,79,primary_da06c09aa41a,aligned_isotropic_source,latest_stage,adaln_conditioning_all_blocks_stage10_w6,adaln_conditioning_all_blocks_stage15_w6,-0.028656284309818154,True,False
568,79,primary_ec9365fcc9ef,aligned_isotropic_source,latest_stage,adaln_conditioning_all_blocks_stage10_w4,adaln_conditioning_all_blocks_stage15_w4,-0.012678529639970307,True,False
568,80,primary_494f26df6416,aligned_isotropic_source,latest_stage,attention_output_all_blocks_stage10_w4,attention_output_all_blocks_stage15_w4,0.47294418894695045,False,True
568,80,primary_52112c337d08,aligned_isotropic_source,latest_stage,attention_output_all_blocks_stage10_w6,attention_output_all_blocks_stage15_w6,0.007476563104035,False,True
568,80,primary_d0adb13a6bdf,aligned_isotropic_source,latest_stage,mlp_up_gate_all_blocks_stage4_w4,mlp_up_gate_all_blocks_stage15_w4,-0.39138698143241524,True,False
568,80,primary_d82bcfdaeedc,aligned_isotropic_source,latest_stage,mlp_up_gate_all_blocks_stage10_w6,mlp_up_gate_all_blocks_stage15_w6,0.5983779473193068,False,True
568,80,primary_da06c09aa41a,aligned_isotropic_source,latest_stage,adaln_conditioning_all_blocks_stage10_w6,adaln_conditioning_all_blocks_stage15_w6,-0.0647517322609019,True,False
568,80,primary_ec9365fcc9ef,aligned_isotropic_source,latest_stage,adaln_conditioning_all_blocks_stage10_w4,adaln_conditioning_all_blocks_stage15_w4,0.42535885975394194,False,True
568,81,primary_494f26df6416,aligned_isotropic_source,latest_stage,attention_output_all_blocks_stage10_w4,attention_output_all_blocks_stage15_w4,0.23622342956520012,False,True
568,81,primary_52112c337d08,aligned_isotropic_source,latest_stage,attention_output_all_blocks_stage10_w6,attention_output_all_blocks_stage15_w6,-0.003518669223296911,True,False
568,81,primary_d0adb13a6bdf,aligned_isotropic_source,latest_stage,mlp_up_gate_all_blocks_stage4_w4,mlp_up_gate_all_blocks_stage15_w4,-0.17919951988090696,True,False
568,81,primary_d82bcfdaeedc,aligned_isotropic_source,latest_stage,mlp_up_gate_all_blocks_stage10_w6,mlp_up_gate_all_blocks_stage15_w6,0.020785043067235165,False,True
568,81,primary_da06c09aa41a,aligned_isotropic_source,latest_stage,adaln_conditioning_all_blocks_stage10_w6,adaln_conditioning_all_blocks_stage15_w6,-0.014270690126579662,True,False
568,81,primary_ec9365fcc9ef,aligned_isotropic_source,latest_stage,adaln_conditioning_all_blocks_stage10_w4,adaln_conditioning_all_blocks_stage15_w4,0.04300348543165458,False,True
568,82,primary_d0adb13a6bdf,aligned_isotropic_source,latest_stage,mlp_up_gate_all_blocks_stage4_w4,mlp_up_gate_all_blocks_stage15_w4,3.020981883014599,False,True
568,82,primary_d82bcfdaeedc,aligned_isotropic_source,latest_stage,mlp_up_gate_all_blocks_stage10_w6,mlp_up_gate_all_blocks_stage15_w6,0.04837483144444832,False,True
568,82,primary_da06c09aa41a,aligned_isotropic_source,latest_stage,adaln_conditioning_all_blocks_stage10_w6,adaln_conditioning_all_blocks_stage15_w6,0.2536107929746975,False,True
568,82,primary_ec9365fcc9ef,aligned_isotropic_source,latest_stage,adaln_conditioning_all_blocks_stage10_w4,adaln_conditioning_all_blocks_stage15_w4,0.4376981532675899,False,True
679,79,primary_494f26df6416,aligned_isotropic_source,latest_stage,attention_output_all_blocks_stage10_w4,attention_output_all_blocks_stage15_w4,3.4216387280233107,False,True
679,79,primary_52112c337d08,aligned_isotropic_source,latest_stage,attention_output_all_blocks_stage10_w6,attention_output_all_blocks_stage15_w6,0.23468596231475658,False,True
679,79,primary_d0adb13a6bdf,aligned_isotropic_source,latest_stage,mlp_up_gate_all_blocks_stage4_w4,mlp_up_gate_all_blocks_stage15_w4,8.76392101464029,False,True
679,79,primary_d82bcfdaeedc,aligned_isotropic_source,latest_stage,mlp_up_gate_all_blocks_stage10_w6,mlp_up_gate_all_blocks_stage15_w6,0.769251894850683,False,True
679,79,primary_da06c09aa41a,aligned_isotropic_source,latest_stage,adaln_conditioning_all_blocks_stage10_w6,adaln_conditioning_all_blocks_stage15_w6,0.2572143603424592,False,True
679,79,primary_ec9365fcc9ef,aligned_isotropic_source,latest_stage,adaln_conditioning_all_blocks_stage10_w4,adaln_conditioning_all_blocks_stage15_w4,1.2200067133134667,False,True
679,80,primary_494f26df6416,aligned_isotropic_source,latest_stage,attention_output_all_blocks_stage10_w4,attention_output_all_blocks_stage15_w4,-0.9632182249443169,True,False
679,80,primary_52112c337d08,aligned_isotropic_source,latest_stage,attention_output_all_blocks_stage10_w6,attention_output_all_blocks_stage15_w6,-0.015575487951593914,True,False
679,80,primary_d0adb13a6bdf,aligned_isotropic_source,latest_stage,mlp_up_gate_all_blocks_stage4_w4,mlp_up_gate_all_blocks_stage15_w4,-1.5826517132198885,True,False
679,80,primary_d82bcfdaeedc,aligned_isotropic_source,latest_stage,mlp_up_gate_all_blocks_stage10_w6,mlp_up_gate_all_blocks_stage15_w6,-0.00882387130360484,True,False
679,80,primary_da06c09aa41a,aligned_isotropic_source,latest_stage,adaln_conditioning_all_blocks_stage10_w6,adaln_conditioning_all_blocks_stage15_w6,-0.12755150427324227,True,False
679,80,primary_ec9365fcc9ef,aligned_isotropic_source,latest_stage,adaln_conditioning_all_blocks_stage10_w4,adaln_conditioning_all_blocks_stage15_w4,1.5648060785726443,False,True
679,81,primary_494f26df6416,aligned_isotropic_source,latest_stage,attention_output_all_blocks_stage10_w4,attention_output_all_blocks_stage15_w4,0.7807092551655046,False,True
679,81,primary_52112c337d08,aligned_isotropic_source,latest_stage,attention_output_all_blocks_stage10_w6,attention_output_all_blocks_stage15_w6,0.10191602079908436,False,True
679,81,primary_d0adb13a6bdf,aligned_isotropic_source,latest_stage,mlp_up_gate_all_blocks_stage4_w4,mlp_up_gate_all_blocks_stage15_w4,0.08072546813804138,False,True
679,81,primary_d82bcfdaeedc,aligned_isotropic_source,latest_stage,mlp_up_gate_all_blocks_stage10_w6,mlp_up_gate_all_blocks_stage15_w6,0.15064684170268094,False,True
679,81,primary_da06c09aa41a,aligned_isotropic_source,latest_stage,adaln_conditioning_all_blocks_stage10_w6,adaln_conditioning_all_blocks_stage15_w6,-0.024170927830198252,True,False
679,81,primary_ec9365fcc9ef,aligned_isotropic_source,latest_stage,adaln_conditioning_all_blocks_stage10_w4,adaln_conditioning_all_blocks_stage15_w4,0.980942135624943,False,True
679,82,primary_494f26df6416,aligned_isotropic_source,latest_stage,attention_output_all_blocks_stage10_w4,attention_output_all_blocks_stage15_w4,1.4373571894277646,False,True
679,82,primary_d0adb13a6bdf,aligned_isotropic_source,latest_stage,mlp_up_gate_all_blocks_stage4_w4,mlp_up_gate_all_blocks_stage15_w4,2.471302335264795,False,True
679,82,primary_d82bcfdaeedc,aligned_isotropic_source,latest_stage,mlp_up_gate_all_blocks_stage10_w6,mlp_up_gate_all_blocks_stage15_w6,-0.003191936934140223,True,False
679,82,primary_da06c09aa41a,aligned_isotropic_source,latest_stage,adaln_conditioning_all_blocks_stage10_w6,adaln_conditioning_all_blocks_stage15_w6,-0.010771916954148246,True,False
712,79,primary_019d7c31a48b,aligned_isotropic_source,latest_stage,mlp_up_gate_all_blocks_stage10_w8,mlp_up_gate_all_blocks_stage15_w8,0.0026766717631971906,False,True
712,79,primary_494f26df6416,aligned_isotropic_source,latest_stage,attention_output_all_blocks_stage10_w4,attention_output_all_blocks_stage15_w4,0.3383167882714133,False,True
712,79,primary_52112c337d08,aligned_isotropic_source,latest_stage,attention_output_all_blocks_stage10_w6,attention_output_all_blocks_stage15_w6,0.03913789116286637,False,True
712,79,primary_903cdd7eae0a,aligned_isotropic_source,latest_stage,attention_output_all_blocks_stage10_w8,attention_output_all_blocks_stage15_w8,0.005539363119396512,False,True
712,79,primary_d0adb13a6bdf,aligned_isotropic_source,latest_stage,mlp_up_gate_all_blocks_stage4_w4,mlp_up_gate_all_blocks_stage15_w4,1.833407624976573,False,True
712,79,primary_d82bcfdaeedc,aligned_isotropic_source,latest_stage,mlp_up_gate_all_blocks_stage10_w6,mlp_up_gate_all_blocks_stage15_w6,-0.025624290495727564,True,False
712,79,primary_da06c09aa41a,aligned_isotropic_source,latest_stage,adaln_conditioning_all_blocks_stage10_w6,adaln_conditioning_all_blocks_stage15_w6,-0.03246678959823156,True,False
712,79,primary_ec9365fcc9ef,aligned_isotropic_source,latest_stage,adaln_conditioning_all_blocks_stage10_w4,adaln_conditioning_all_blocks_stage15_w4,0.1491328852015954,False,True
712,80,primary_494f26df6416,aligned_isotropic_source,latest_stage,attention_output_all_blocks_stage10_w4,attention_output_all_blocks_stage15_w4,0.2505923237035432,False,True
712,80,primary_52112c337d08,aligned_isotropic_source,latest_stage,attention_output_all_blocks_stage10_w6,attention_output_all_blocks_stage15_w6,0.026738208643738652,False,True
712,80,primary_d0adb13a6bdf,aligned_isotropic_source,latest_stage,mlp_up_gate_all_blocks_stage4_w4,mlp_up_gate_all_blocks_stage15_w4,-0.37101567465703056,True,False
712,80,primary_d82bcfdaeedc,aligned_isotropic_source,latest_stage,mlp_up_gate_all_blocks_stage10_w6,mlp_up_gate_all_blocks_stage15_w6,0.04296095633191399,False,True
712,80,primary_da06c09aa41a,aligned_isotropic_source,latest_stage,adaln_conditioning_all_blocks_stage10_w6,adaln_conditioning_all_blocks_stage15_w6,-0.04352403226755186,True,False
712,81,primary_494f26df6416,aligned_isotropic_source,latest_stage,attention_output_all_blocks_stage10_w4,attention_output_all_blocks_stage15_w4,0.09291161728881653,False,True
712,81,primary_52112c337d08,aligned_isotropic_source,latest_stage,attention_output_all_blocks_stage10_w6,attention_output_all_blocks_stage15_w6,0.014784416970567092,False,True
712,81,primary_d0adb13a6bdf,aligned_isotropic_source,latest_stage,mlp_up_gate_all_blocks_stage4_w4,mlp_up_gate_all_blocks_stage15_w4,-0.66831259574062,True,False
712,81,primary_d82bcfdaeedc,aligned_isotropic_source,latest_stage,mlp_up_gate_all_blocks_stage10_w6,mlp_up_gate_all_blocks_stage15_w6,0.0067489877409592156,False,True
712,81,primary_da06c09aa41a,aligned_isotropic_source,latest_stage,adaln_conditioning_all_blocks_stage10_w6,adaln_conditioning_all_blocks_stage15_w6,0.03819792654669743,False,True
712,82,primary_494f26df6416,aligned_isotropic_source,latest_stage,attention_output_all_blocks_stage10_w4,attention_output_all_blocks_stage15_w4,0.14261571243383733,False,True
712,82,primary_d0adb13a6bdf,aligned_isotropic_source,latest_stage,mlp_up_gate_all_blocks_stage4_w4,mlp_up_gate_all_blocks_stage15_w4,1.0981034045078104,False,True
712,82,primary_d82bcfdaeedc,aligned_isotropic_source,latest_stage,mlp_up_gate_all_blocks_stage4_w6,mlp_up_gate_all_blocks_stage15_w6,0.013127869924403509,False,True
712,82,primary_da06c09aa41a,aligned_isotropic_source,latest_stage,adaln_conditioning_all_blocks_stage10_w6,adaln_conditioning_all_blocks_stage15_w6,0.034931508804675104,False,True
780,79,primary_494f26df6416,aligned_isotropic_source,latest_stage,attention_output_all_blocks_stage10_w4,attention_output_all_blocks_stage15_w4,1.3961082659737942,False,True
780,79,primary_52112c337d08,aligned_isotropic_source,latest_stage,attention_output_all_blocks_stage10_w6,attention_output_all_blocks_stage15_w6,0.03626261263150354,False,True
780,79,primary_d0adb13a6bdf,aligned_isotropic_source,latest_stage,mlp_up_gate_all_blocks_stage4_w4,mlp_up_gate_all_blocks_stage15_w4,-0.42689466310493174,True,False
780,79,primary_d82bcfdaeedc,aligned_isotropic_source,latest_stage,mlp_up_gate_all_blocks_stage10_w6,mlp_up_gate_all_blocks_stage15_w6,0.02777753532166116,False,True
780,79,primary_da06c09aa41a,aligned_isotropic_source,latest_stage,adaln_conditioning_all_blocks_stage10_w6,adaln_conditioning_all_blocks_stage15_w6,0.08523167791435068,False,True
780,80,primary_494f26df6416,aligned_isotropic_source,latest_stage,attention_output_all_blocks_stage10_w4,attention_output_all_blocks_stage15_w4,-0.8441270679809918,True,False
780,80,primary_52112c337d08,aligned_isotropic_source,latest_stage,attention_output_all_blocks_stage10_w6,attention_output_all_blocks_stage15_w6,0.011553982584814555,False,True
780,80,primary_d0adb13a6bdf,aligned_isotropic_source,latest_stage,mlp_up_gate_all_blocks_stage4_w4,mlp_up_gate_all_blocks_stage15_w4,-2.9701772721567177,True,False
780,80,primary_d82bcfdaeedc,aligned_isotropic_source,latest_stage,mlp_up_gate_all_blocks_stage10_w6,mlp_up_gate_all_blocks_stage15_w6,0.019789610084867362,False,True
780,80,primary_da06c09aa41a,aligned_isotropic_source,latest_stage,adaln_conditioning_all_blocks_stage10_w6,adaln_conditioning_all_blocks_stage15_w6,-0.09421451641856039,True,False
780,80,primary_ec9365fcc9ef,aligned_isotropic_source,latest_stage,adaln_conditioning_all_blocks_stage10_w4,adaln_conditioning_all_blocks_stage15_w4,-0.02416345271718956,True,False
780,81,primary_494f26df6416,aligned_isotropic_source,latest_stage,attention_output_all_blocks_stage10_w4,attention_output_all_blocks_stage15_w4,9.832973725719935,False,True
780,81,primary_52112c337d08,aligned_isotropic_source,latest_stage,attention_output_all_blocks_stage10_w6,attention_output_all_blocks_stage15_w6,0.07525764724715599,False,True
780,81,primary_d0adb13a6bdf,aligned_isotropic_source,latest_stage,mlp_up_gate_all_blocks_stage4_w4,mlp_up_gate_all_blocks_stage15_w4,0.2152608096987479,False,True
780,81,primary_d82bcfdaeedc,aligned_isotropic_source,latest_stage,mlp_up_gate_all_blocks_stage10_w6,mlp_up_gate_all_blocks_stage15_w6,0.5181104443418542,False,True
780,81,primary_da06c09aa41a,aligned_isotropic_source,latest_stage,adaln_conditioning_all_blocks_stage10_w6,adaln_conditioning_all_blocks_stage15_w6,0.16493956672934473,False,True
780,82,primary_494f26df6416,aligned_isotropic_source,latest_stage,attention_output_all_blocks_stage4_w4,attention_output_all_blocks_stage15_w4,-0.06652160997214196,True,False
780,82,primary_d0adb13a6bdf,aligned_isotropic_source,latest_stage,mlp_up_gate_all_blocks_stage4_w4,mlp_up_gate_all_blocks_stage15_w4,-0.1999252157467595,True,False
780,82,primary_d82bcfdaeedc,aligned_isotropic_source,latest_stage,mlp_up_gate_all_blocks_stage4_w6,mlp_up_gate_all_blocks_stage15_w6,-0.025474626505964437,True,False
780,82,primary_da06c09aa41a,aligned_isotropic_source,latest_stage,adaln_conditioning_all_blocks_stage10_w6,adaln_conditioning_all_blocks_stage15_w6,-0.026223767050197466,True,False
780,82,primary_ec9365fcc9ef,aligned_isotropic_source,latest_stage,adaln_conditioning_all_blocks_stage10_w4,adaln_conditioning_all_blocks_stage15_w4,0.002570682657719231,False,True
870,79,primary_494f26df6416,aligned_isotropic_source,latest_stage,attention_output_all_blocks_stage10_w4,attention_output_all_blocks_stage15_w4,0.22763853036116183,False,True
870,79,primary_52112c337d08,aligned_isotropic_source,latest_stage,attention_output_all_blocks_stage10_w6,attention_output_all_blocks_stage15_w6,0.07053994416071419,False,True
870,79,primary_d0adb13a6bdf,aligned_isotropic_source,latest_stage,mlp_up_gate_all_blocks_stage4_w4,mlp_up_gate_all_blocks_stage15_w4,-0.60117819968616,True,False
870,79,primary_d82bcfdaeedc,aligned_isotropic_source,latest_stage,mlp_up_gate_all_blocks_stage10_w6,mlp_up_gate_all_blocks_stage15_w6,0.038844688991730436,False,True
870,79,primary_da06c09aa41a,aligned_isotropic_source,latest_stage,adaln_conditioning_all_blocks_stage10_w6,adaln_conditioning_all_blocks_stage15_w6,-0.14709912576722672,True,False
870,79,primary_ec9365fcc9ef,aligned_isotropic_source,latest_stage,adaln_conditioning_all_blocks_stage10_w4,adaln_conditioning_all_blocks_stage15_w4,-0.45709897282490897,True,False
870,80,primary_494f26df6416,aligned_isotropic_source,latest_stage,attention_output_all_blocks_stage10_w4,attention_output_all_blocks_stage15_w4,-0.19428626960483086,True,False
870,80,primary_52112c337d08,aligned_isotropic_source,latest_stage,attention_output_all_blocks_stage10_w6,attention_output_all_blocks_stage15_w6,-0.012561961682237666,True,False
870,80,primary_d0adb13a6bdf,aligned_isotropic_source,latest_stage,mlp_up_gate_all_blocks_stage4_w4,mlp_up_gate_all_blocks_stage15_w4,-0.849609569133964,True,False
870,80,primary_d82bcfdaeedc,aligned_isotropic_source,latest_stage,mlp_up_gate_all_blocks_stage10_w6,mlp_up_gate_all_blocks_stage15_w6,-0.022863779235024136,True,False
870,80,primary_da06c09aa41a,aligned_isotropic_source,latest_stage,adaln_conditioning_all_blocks_stage10_w6,adaln_conditioning_all_blocks_stage15_w6,-0.03900109882125946,True,False
870,80,primary_ec9365fcc9ef,aligned_isotropic_source,latest_stage,adaln_conditioning_all_blocks_stage10_w4,adaln_conditioning_all_blocks_stage15_w4,-0.04991294897925515,True,False
870,81,primary_494f26df6416,aligned_isotropic_source,latest_stage,attention_output_all_blocks_stage10_w4,attention_output_all_blocks_stage15_w4,0.867054524368598,False,True
870,81,primary_52112c337d08,aligned_isotropic_source,latest_stage,attention_output_all_blocks_stage10_w6,attention_output_all_blocks_stage15_w6,0.0342413091252638,False,True
870,81,primary_d0adb13a6bdf,aligned_isotropic_source,latest_stage,mlp_up_gate_all_blocks_stage4_w4,mlp_up_gate_all_blocks_stage15_w4,-0.6693487733336951,True,False
870,81,primary_d82bcfdaeedc,aligned_isotropic_source,latest_stage,mlp_up_gate_all_blocks_stage10_w6,mlp_up_gate_all_blocks_stage15_w6,0.09054359253895328,False,True
870,81,primary_da06c09aa41a,aligned_isotropic_source,latest_stage,adaln_conditioning_all_blocks_stage10_w6,adaln_conditioning_all_blocks_stage15_w6,0.09900345182813906,False,True
870,81,primary_ec9365fcc9ef,aligned_isotropic_source,latest_stage,adaln_conditioning_all_blocks_stage10_w4,adaln_conditioning_all_blocks_stage15_w4,-0.0315760132964442,True,False
870,82,primary_494f26df6416,aligned_isotropic_source,latest_stage,attention_output_all_blocks_stage10_w4,attention_output_all_blocks_stage15_w4,-1.4753553400166908,True,False
870,82,primary_52112c337d08,aligned_isotropic_source,latest_stage,attention_output_all_blocks_stage10_w6,attention_output_all_blocks_stage15_w6,0.0447545128101865,False,True
870,82,primary_d0adb13a6bdf,aligned_isotropic_source,latest_stage,mlp_up_gate_all_blocks_stage4_w4,mlp_up_gate_all_blocks_stage15_w4,-0.012900385569637018,True,False
870,82,primary_d82bcfdaeedc,aligned_isotropic_source,latest_stage,mlp_up_gate_all_blocks_stage10_w6,mlp_up_gate_all_blocks_stage15_w6,0.19815307548810776,False,True
870,82,primary_da06c09aa41a,aligned_isotropic_source,latest_stage,adaln_conditioning_all_blocks_stage10_w6,adaln_conditioning_all_blocks_stage15_w6,0.12513182774455345,False,True
870,82,primary_ec9365fcc9ef,aligned_isotropic_source,latest_stage,adaln_conditioning_all_blocks_stage10_w4,adaln_conditioning_all_blocks_stage15_w4,3.321853571573669,False,True
888,79,primary_494f26df6416,aligned_isotropic_source,latest_stage,attention_output_all_blocks_stage10_w4,attention_output_all_blocks_stage15_w4,5.408056833223327,False,True
888,79,primary_d0adb13a6bdf,aligned_isotropic_source,latest_stage,mlp_up_gate_all_blocks_stage4_w4,mlp_up_gate_all_blocks_stage15_w4,5.339512851842358,False,True
888,79,primary_d82bcfdaeedc,aligned_isotropic_source,latest_stage,mlp_up_gate_all_blocks_stage4_w6,mlp_up_gate_all_blocks_stage15_w6,0.22749623556438797,False,True
888,79,primary_da06c09aa41a,aligned_isotropic_source,latest_stage,adaln_conditioning_all_blocks_stage10_w6,adaln_conditioning_all_blocks_stage15_w6,0.0211866610397351,False,True
888,80,primary_494f26df6416,aligned_isotropic_source,latest_stage,attention_output_all_blocks_stage10_w4,attention_output_all_blocks_stage15_w4,1.012336522373776,False,True
888,80,primary_52112c337d08,aligned_isotropic_source,latest_stage,attention_output_all_blocks_stage10_w6,attention_output_all_blocks_stage15_w6,-0.0010387141036396503,True,False
888,80,primary_d0adb13a6bdf,aligned_isotropic_source,latest_stage,mlp_up_gate_all_blocks_stage4_w4,mlp_up_gate_all_blocks_stage15_w4,5.84322444321576,False,True
888,80,primary_d82bcfdaeedc,aligned_isotropic_source,latest_stage,mlp_up_gate_all_blocks_stage10_w6,mlp_up_gate_all_blocks_stage15_w6,0.0029986105030488375,False,True
888,80,primary_da06c09aa41a,aligned_isotropic_source,latest_stage,adaln_conditioning_all_blocks_stage10_w6,adaln_conditioning_all_blocks_stage15_w6,-0.054239788687890936,True,False
888,80,primary_ec9365fcc9ef,aligned_isotropic_source,latest_stage,adaln_conditioning_all_blocks_stage10_w4,adaln_conditioning_all_blocks_stage15_w4,0.33147933275779806,False,True
888,81,primary_494f26df6416,aligned_isotropic_source,latest_stage,attention_output_all_blocks_stage10_w4,attention_output_all_blocks_stage15_w4,0.3315156180398872,False,True
888,81,primary_52112c337d08,aligned_isotropic_source,latest_stage,attention_output_all_blocks_stage10_w6,attention_output_all_blocks_stage15_w6,-0.011094896419137967,True,False
888,81,primary_d0adb13a6bdf,aligned_isotropic_source,latest_stage,mlp_up_gate_all_blocks_stage4_w4,mlp_up_gate_all_blocks_stage15_w4,0.1884543487285556,False,True
888,81,primary_d82bcfdaeedc,aligned_isotropic_source,latest_stage,mlp_up_gate_all_blocks_stage10_w6,mlp_up_gate_all_blocks_stage15_w6,-0.007262399752690383,True,False
888,81,primary_da06c09aa41a,aligned_isotropic_source,latest_stage,adaln_conditioning_all_blocks_stage10_w6,adaln_conditioning_all_blocks_stage15_w6,-0.06045872376375884,True,False
888,81,primary_ec9365fcc9ef,aligned_isotropic_source,latest_stage,adaln_conditioning_all_blocks_stage10_w4,adaln_conditioning_all_blocks_stage15_w4,-0.07828465028039489,True,False
888,82,primary_494f26df6416,aligned_isotropic_source,latest_stage,attention_output_all_blocks_stage10_w4,attention_output_all_blocks_stage15_w4,6.141482864823886,False,True
888,82,primary_d0adb13a6bdf,aligned_isotropic_source,latest_stage,mlp_up_gate_all_blocks_stage4_w4,mlp_up_gate_all_blocks_stage15_w4,22.446279263957294,False,True
888,82,primary_d82bcfdaeedc,aligned_isotropic_source,latest_stage,mlp_up_gate_all_blocks_stage10_w6,mlp_up_gate_all_blocks_stage15_w6,0.4813058838408182,False,True
888,82,primary_da06c09aa41a,aligned_isotropic_source,latest_stage,adaln_conditioning_all_blocks_stage10_w6,adaln_conditioning_all_blocks_stage15_w6,0.20710712799147754,False,True
888,82,primary_ec9365fcc9ef,aligned_isotropic_source,latest_stage,adaln_conditioning_all_blocks_stage10_w4,adaln_conditioning_all_blocks_stage15_w4,1.0963351297195205,False,True
975,79,primary_494f26df6416,aligned_isotropic_source,latest_stage,attention_output_all_blocks_stage10_w4,attention_output_all_blocks_stage15_w4,32.92411244522213,False,True
975,79,primary_52112c337d08,aligned_isotropic_source,latest_stage,attention_output_all_blocks_stage10_w6,attention_output_all_blocks_stage15_w6,0.1270218475522142,False,True
975,79,primary_d0adb13a6bdf,aligned_isotropic_source,latest_stage,mlp_up_gate_all_blocks_stage4_w4,mlp_up_gate_all_blocks_stage15_w4,18.411051776122804,False,True
975,79,primary_d82bcfdaeedc,aligned_isotropic_source,latest_stage,mlp_up_gate_all_blocks_stage10_w6,mlp_up_gate_all_blocks_stage15_w6,1.5722867806953216,False,True
975,79,primary_da06c09aa41a,aligned_isotropic_source,latest_stage,adaln_conditioning_all_blocks_stage10_w6,adaln_conditioning_all_blocks_stage15_w6,0.6597996635846357,False,True
975,79,primary_ec9365fcc9ef,aligned_isotropic_source,latest_stage,adaln_conditioning_all_blocks_stage10_w4,adaln_conditioning_all_blocks_stage15_w4,0.13314649711014678,False,True
975,80,primary_494f26df6416,aligned_isotropic_source,latest_stage,attention_output_all_blocks_stage10_w4,attention_output_all_blocks_stage15_w4,1.2579690284112528,False,True
975,80,primary_52112c337d08,aligned_isotropic_source,latest_stage,attention_output_all_blocks_stage10_w6,attention_output_all_blocks_stage15_w6,0.20333430243431394,False,True
975,80,primary_d0adb13a6bdf,aligned_isotropic_source,latest_stage,mlp_up_gate_all_blocks_stage4_w4,mlp_up_gate_all_blocks_stage15_w4,2.4354234454364696,False,True
975,80,primary_d82bcfdaeedc,aligned_isotropic_source,latest_stage,mlp_up_gate_all_blocks_stage10_w6,mlp_up_gate_all_blocks_stage15_w6,0.017942628064474775,False,True
975,80,primary_da06c09aa41a,aligned_isotropic_source,latest_stage,adaln_conditioning_all_blocks_stage10_w6,adaln_conditioning_all_blocks_stage15_w6,0.3739187026877175,False,True
975,80,primary_ec9365fcc9ef,aligned_isotropic_source,latest_stage,adaln_conditioning_all_blocks_stage10_w4,adaln_conditioning_all_blocks_stage15_w4,0.032083201580974226,False,True
975,81,primary_494f26df6416,aligned_isotropic_source,latest_stage,attention_output_all_blocks_stage10_w4,attention_output_all_blocks_stage15_w4,0.11832689936005635,False,True
975,81,primary_d0adb13a6bdf,aligned_isotropic_source,latest_stage,mlp_up_gate_all_blocks_stage4_w4,mlp_up_gate_all_blocks_stage15_w4,-0.17287296852737194,True,False
975,81,primary_d82bcfdaeedc,aligned_isotropic_source,latest_stage,mlp_up_gate_all_blocks_stage10_w6,mlp_up_gate_all_blocks_stage15_w6,0.008967150756916452,False,True
975,81,primary_da06c09aa41a,aligned_isotropic_source,latest_stage,adaln_conditioning_all_blocks_stage10_w6,adaln_conditioning_all_blocks_stage15_w6,-0.01629593302914145,True,False
975,81,primary_ec9365fcc9ef,aligned_isotropic_source,latest_stage,adaln_conditioning_all_blocks_stage10_w4,adaln_conditioning_all_blocks_stage15_w4,0.1392155218417237,False,True
975,82,primary_d0adb13a6bdf,aligned_isotropic_source,latest_stage,mlp_up_gate_all_blocks_stage4_w4,mlp_up_gate_all_blocks_stage15_w4,0.41061854899783157,False,True
975,82,primary_d82bcfdaeedc,aligned_isotropic_source,latest_stage,mlp_up_gate_all_blocks_stage10_w6,mlp_up_gate_all_blocks_stage15_w6,0.01007623486708553,False,True
975,82,primary_da06c09aa41a,aligned_isotropic_source,latest_stage,adaln_conditioning_all_blocks_stage10_w6,adaln_conditioning_all_blocks_stage15_w6,-0.02196624854974516,True,False
975,82,primary_ec9365fcc9ef,aligned_isotropic_source,latest_stage,adaln_conditioning_all_blocks_stage10_w4,adaln_conditioning_all_blocks_stage15_w4,-0.031453668239294075,True,False
